cell_id	donor_id	cytotoxicity	treg_activation	central_memory	scaled_age	sex	scaled_log_nUMI	percent_mito	gPC1	gPC2	gPC3	gPC4	gPC5	ePC1	ePC2	ePC3	ePC4	ePC5
cell_000001	donor_001	1.065980	0.157049	-0.158635	-0.217768	M	1.914101	0.03313	-0.01355	-0.016571	-0.015669	0.029854	-0.004875	1.863265	-0.66974	2.691575	1.241924	0.832115
cell_000002	donor_001	-1.035654	-1.674683	-0.486308	-0.217768	M	2.191788	0.05775	-0.01355	-0.016571	-0.015669	0.029854	-0.004875	-1.040478	0.909682	0.603938	-2.11961	-1.4046
cell_000003	donor_001	-0.053783	1.767930	0.130275	-0.217768	M	1.435865	0.05612	-0.01355	-0.016571	-0.015669	0.029854	-0.004875	0.357628	-0.1333	-0.516478	1.078949	-0.883779
cell_000004	donor_001	0.982740	-0.499296	-1.184944	-0.217768	M	2.317291	0.05306	-0.01355	-0.016571	-0.015669	0.029854	-0.004875	-0.455241	-0.64703	0.510169	-1.719458	-0.497672
cell_000005	donor_001	-0.965117	-0.725226	2.128470	-0.217768	M	2.082424	0.01742	-0.01355	-0.016571	-0.015669	0.029854	-0.004875	-1.722765	-0.312875	0.723049	0.740896	-0.727598
cell_000006	donor_001	-0.821387	0.838489	-0.902927	-0.217768	M	2.060877	0.01026	-0.01355	-0.016571	-0.015669	0.029854	-0.004875	0.533322	-0.185163	1.361085	-0.129963	-2.973047
cell_000007	donor_001	0.931573	0.384951	-0.156638	-0.217768	M	2.780091	0.04522	-0.01355	-0.016571	-0.015669	0.029854	-0.004875	0.894681	-0.459099	-0.2742	0.335923	-1.424708
cell_000008	donor_001	-0.040763	-0.654788	0.446072	-0.217768	M	1.847007	0.05754	-0.01355	-0.016571	-0.015669	0.029854	-0.004875	0.074654	0.534497	0.364064	-0.598931	0.991932
cell_000009	donor_001	-0.454983	-1.225606	-1.277938	-0.217768	M	2.136906	0.05326	-0.01355	-0.016571	-0.015669	0.029854	-0.004875	-0.997496	-0.625522	-0.136001	0.295468	-0.324543
cell_000010	donor_001	0.172588	1.579091	0.159992	-0.217768	M	2.040108	0.03026	-0.01355	-0.016571	-0.015669	0.029854	-0.004875	1.228587	0.295286	0.075658	0.260136	0.732906
cell_000011	donor_002	-0.118638	0.285826	1.306002	2.923643	F	2.079216	0.04456	-0.00223	0.015488	-0.033271	0.001053	-0.021937	0.240775	-1.809517	1.089509	0.119675	0.684853
cell_000012	donor_002	0.219383	-0.410927	1.106289	2.923643	F	2.888722	0.04491	-0.00223	0.015488	-0.033271	0.001053	-0.021937	-0.405944	-1.826717	-2.27891	-0.944368	0.517294
cell_000013	donor_002	0.428756	1.535756	0.183234	2.923643	F	2.025523	0.03298	-0.00223	0.015488	-0.033271	0.001053	-0.021937	1.297891	0.301971	-1.052227	-0.784124	1.360783
cell_000014	donor_002	-1.224469	-1.368159	1.650928	2.923643	F	1.773088	0.03385	-0.00223	0.015488	-0.033271	0.001053	-0.021937	-1.310781	2.101773	1.876038	2.134722	0.380701
cell_000015	donor_002	1.723666	-0.179519	-0.383187	2.923643	F	2.748361	0.03196	-0.00223	0.015488	-0.033271	0.001053	-0.021937	-0.341525	0.356346	0.908585	-0.650776	-1.101203
cell_000016	donor_002	1.461444	-1.107046	-0.894727	2.923643	F	1.876924	0.01424	-0.00223	0.015488	-0.033271	0.001053	-0.021937	-0.283936	-0.772308	1.240886	-0.61643	0.095641
cell_000017	donor_002	0.643327	-0.394605	-0.005122	2.923643	F	1.357929	0.01628	-0.00223	0.015488	-0.033271	0.001053	-0.021937	0.983041	1.279842	0.208559	0.384296	-1.016991
cell_000018	donor_002	-0.163443	0.337575	1.407482	2.923643	F	1.703663	0.01597	-0.00223	0.015488	-0.033271	0.001053	-0.021937	1.023057	1.263523	-1.870353	1.762946	-0.700659
cell_000019	donor_002	0.090585	0.643939	-2.050172	2.923643	F	1.501365	0.00198	-0.00223	0.015488	-0.033271	0.001053	-0.021937	0.594631	0.077562	-0.060376	-0.206518	-0.992563
cell_000020	donor_002	-0.048718	-0.843230	-1.218813	2.923643	F	1.280014	0.03286	-0.00223	0.015488	-0.033271	0.001053	-0.021937	0.523828	-0.286045	-1.309422	-1.035005	-1.292446
cell_000021	donor_002	-0.878152	-0.334123	0.915903	2.923643	F	1.854794	0.02919	-0.00223	0.015488	-0.033271	0.001053	-0.021937	-0.524591	0.485099	-0.711118	0.975442	-0.119214
cell_000022	donor_002	-1.326393	0.030631	-0.484169	2.923643	F	1.971914	0.04524	-0.00223	0.015488	-0.033271	0.001053	-0.021937	-0.289405	0.016765	1.395155	-1.371339	1.656367
cell_000023	donor_002	-0.327673	1.002758	0.538115	2.923643	F	2.472211	0.05521	-0.00223	0.015488	-0.033271	0.001053	-0.021937	0.96016	-0.021656	1.183026	-0.322473	0.285678
cell_000024	donor_002	1.337398	-0.154506	-0.695943	2.923643	F	2.251761	0.05649	-0.00223	0.015488	-0.033271	0.001053	-0.021937	-0.541415	0.966475	-0.707256	-0.051368	0.679139
cell_000025	donor_002	-0.223859	0.242497	0.176573	2.923643	F	2.233534	0.05837	-0.00223	0.015488	-0.033271	0.001053	-0.021937	1.04819	-0.821155	0.753138	-0.981985	-2.150331
cell_000026	donor_002	-1.084388	0.090490	0.228228	2.923643	F	1.642716	0.01486	-0.00223	0.015488	-0.033271	0.001053	-0.021937	-0.748064	0.83466	-0.012217	-0.534998	0.055478
cell_000027	donor_003	2.517474	1.876845	-0.853243	1.717804	M	2.353973	0.00136	-0.005888	-0.011728	-0.01276	0.004512	0.004424	0.0224	0.621899	-1.61171	-0.102353	0.124277
cell_000028	donor_003	-0.287383	-1.463442	-0.590707	1.717804	M	2.556493	0.04861	-0.005888	-0.011728	-0.01276	0.004512	0.004424	-1.36537	-1.379082	-0.364708	0.008524	0.012046
cell_000029	donor_003	0.315605	1.205854	-0.729084	1.717804	M	2.157828	0.05764	-0.005888	-0.011728	-0.01276	0.004512	0.004424	-0.556348	-0.597335	-0.395176	0.298522	1.244621
cell_000030	donor_003	-0.654146	-2.147289	-0.162666	1.717804	M	2.169007	0.06112	-0.005888	-0.011728	-0.01276	0.004512	0.004424	-2.220397	0.623002	-0.111152	0.525722	1.185543
cell_000031	donor_003	-1.062414	-0.529439	-0.876861	1.717804	M	1.494123	0.0397	-0.005888	-0.011728	-0.01276	0.004512	0.004424	-0.755126	0.944305	-1.254043	0.127599	-0.242517
cell_000032	donor_003	-0.094263	-1.757728	-1.467045	1.717804	M	2.421774	0.00993	-0.005888	-0.011728	-0.01276	0.004512	0.004424	0.046279	-0.989034	0.436883	1.586287	-0.971857
cell_000033	donor_003	2.129247	-1.287423	-1.096786	1.717804	M	2.712332	0.03731	-0.005888	-0.011728	-0.01276	0.004512	0.004424	0.189646	0.855873	-0.296741	1.360393	-0.429688
cell_000034	donor_003	1.836914	2.905067	-1.171567	1.717804	M	2.129181	0.04111	-0.005888	-0.011728	-0.01276	0.004512	0.004424	-0.116295	-0.993154	0.12659	0.003023	0.635901
cell_000035	donor_003	-0.368249	0.341556	1.728698	1.717804	M	1.762257	0.05504	-0.005888	-0.011728	-0.01276	0.004512	0.004424	-0.636206	-0.681996	0.462492	1.39719	0.62901
cell_000036	donor_003	-0.986857	-0.245278	0.777338	1.717804	M	1.935202	0.05859	-0.005888	-0.011728	-0.01276	0.004512	0.004424	1.847412	0.555307	0.519293	0.679293	1.488171
cell_000037	donor_003	0.434766	-0.376156	-0.133823	1.717804	M	1.831832	0.04819	-0.005888	-0.011728	-0.01276	0.004512	0.004424	1.23757	-1.084878	0.800582	0.265357	-0.194035
cell_000038	donor_003	-1.374896	-0.238174	-0.266387	1.717804	M	1.85582	0.01825	-0.005888	-0.011728	-0.01276	0.004512	0.004424	-1.772929	-1.540161	-0.364467	-1.464592	-0.343757
cell_000039	donor_003	0.232170	-0.555327	0.471539	1.717804	M	2.259193	0.00942	-0.005888	-0.011728	-0.01276	0.004512	0.004424	0.714341	-0.580956	0.083463	-1.069952	0.298767
cell_000040	donor_003	1.012716	0.155429	0.351756	1.717804	M	2.111786	0.04068	-0.005888	-0.011728	-0.01276	0.004512	0.004424	0.508135	-1.422934	-0.751886	-1.26717	0.509215
cell_000041	donor_003	0.053155	0.000084	-0.721558	1.717804	M	2.401575	0.01415	-0.005888	-0.011728	-0.01276	0.004512	0.004424	0.164007	-0.049712	-0.128282	0.322835	0.342851
cell_000042	donor_004	0.316494	-0.097287	2.093168	-1.439448	M	2.148361	0.0595	-0.004396	0.007414	-0.017372	0.013632	-0.004124	-0.495577	-0.635597	-0.058995	-0.189735	2.060682
cell_000043	donor_004	1.573355	0.385847	-0.763057	-1.439448	M	1.654365	0.00409	-0.004396	0.007414	-0.017372	0.013632	-0.004124	-0.383895	0.289665	0.465926	1.400524	-0.811185
cell_000044	donor_004	-1.112411	1.191143	0.262749	-1.439448	M	1.799723	0.04134	-0.004396	0.007414	-0.017372	0.013632	-0.004124	1.339648	-0.147396	2.501345	0.362602	-1.228929
cell_000045	donor_004	0.480143	-1.744586	0.927438	-1.439448	M	1.774864	0.03639	-0.004396	0.007414	-0.017372	0.013632	-0.004124	-0.197159	1.336269	0.081541	-0.059625	0.718997
cell_000046	donor_004	0.454420	-1.110431	-0.471525	-1.439448	M	1.925412	0.02586	-0.004396	0.007414	-0.017372	0.013632	-0.004124	-0.344998	-0.210733	-0.944675	1.728821	-1.222611
cell_000047	donor_004	0.263717	0.052467	-0.292171	-1.439448	M	2.717885	0.0115	-0.004396	0.007414	-0.017372	0.013632	-0.004124	0.169467	0.479885	-0.013651	-1.253863	-0.998764
cell_000048	donor_004	-0.103488	-0.251977	0.152563	-1.439448	M	2.78196	0.01124	-0.004396	0.007414	-0.017372	0.013632	-0.004124	0.522517	-0.779879	-2.072017	0.386978	-0.872495
cell_000049	donor_004	1.471492	-2.566658	-0.236850	-1.439448	M	2.33464	0.01937	-0.004396	0.007414	-0.017372	0.013632	-0.004124	0.631219	-0.201621	-0.249812	0.052238	-1.138493
cell_000050	donor_004	0.176512	0.295994	-0.371915	-1.439448	M	2.047506	0.01972	-0.004396	0.007414	-0.017372	0.013632	-0.004124	-0.825453	-0.259924	-1.144343	0.713818	-0.307379
cell_000051	donor_004	-1.756722	0.327995	1.727350	-1.439448	M	1.455339	0.05223	-0.004396	0.007414	-0.017372	0.013632	-0.004124	-1.449437	-0.559029	0.101203	-0.44609	0.399816
cell_000052	donor_004	-1.533861	0.863828	-0.328525	-1.439448	M	2.088003	0.01434	-0.004396	0.007414	-0.017372	0.013632	-0.004124	0.574036	2.4017	1.150644	-1.63637	-0.360232
cell_000053	donor_004	-0.061324	-1.052899	-0.334456	-1.439448	M	1.683997	0.03906	-0.004396	0.007414	-0.017372	0.013632	-0.004124	-0.266641	0.575071	-0.933586	-0.531252	-1.244412
cell_000054	donor_004	1.300045	0.582655	1.732312	-1.439448	M	2.652209	0.00416	-0.004396	0.007414	-0.017372	0.013632	-0.004124	-0.602266	-0.564966	-0.313006	-1.186513	0.982026
cell_000055	donor_005	1.177412	0.439087	1.743935	0.555738	F	1.357558	0.0396	-0.009673	-0.015895	-0.004828	0.037413	-0.001266	0.472214	-1.44883	0.025973	-1.565255	1.342256
cell_000056	donor_005	0.438993	0.827988	-0.296571	0.555738	F	2.153794	0.01475	-0.009673	-0.015895	-0.004828	0.037413	-0.001266	1.614108	-0.055737	-0.852645	-0.664269	-0.453742
cell_000057	donor_005	0.066546	-0.697424	0.989584	0.555738	F	1.650304	0.07191	-0.009673	-0.015895	-0.004828	0.037413	-0.001266	-0.106827	1.37047	0.955602	0.971005	0.170578
cell_000058	donor_005	-1.178304	0.782350	-0.190651	0.555738	F	1.996194	0.02718	-0.009673	-0.015895	-0.004828	0.037413	-0.001266	-1.153612	-0.770057	0.060721	-1.2011	0.303983
cell_000059	donor_005	1.171247	0.750869	1.820646	0.555738	F	2.266427	0.02589	-0.009673	-0.015895	-0.004828	0.037413	-0.001266	0.805124	0.545345	0.505189	-1.866283	1.333356
cell_000060	donor_005	0.730775	-1.572040	-0.066953	0.555738	F	2.408787	0.01565	-0.009673	-0.015895	-0.004828	0.037413	-0.001266	-1.567385	-0.152749	0.618544	0.358598	-1.277836
cell_000061	donor_005	-1.172007	-0.518280	1.511228	0.555738	F	1.975724	0.01249	-0.009673	-0.015895	-0.004828	0.037413	-0.001266	-1.098326	0.287072	0.510845	-1.107204	0.392593
cell_000062	donor_005	0.637534	-0.698930	-1.013717	0.555738	F	2.304487	0.01688	-0.009673	-0.015895	-0.004828	0.037413	-0.001266	-1.515273	0.624389	-0.883842	0.080513	-0.087398
cell_000063	donor_005	0.032782	-1.216560	-0.671140	0.555738	F	1.735012	0.02271	-0.009673	-0.015895	-0.004828	0.037413	-0.001266	1.160657	0.24213	-0.599102	0.359593	2.142413
cell_000064	donor_005	0.312009	1.155312	0.608761	0.555738	F	2.098215	0.01675	-0.009673	-0.015895	-0.004828	0.037413	-0.001266	0.740123	-0.059167	-0.833613	-0.616492	0.679993
cell_000065	donor_005	-2.291290	0.304367	0.072034	0.555738	F	2.400883	0.01367	-0.009673	-0.015895	-0.004828	0.037413	-0.001266	-0.885803	0.002689	1.437619	0.150392	-1.079132
cell_000066	donor_005	0.413890	1.616210	-2.063238	0.555738	F	2.13284	0.00683	-0.009673	-0.015895	-0.004828	0.037413	-0.001266	2.177848	1.762448	0.501177	1.275755	-0.26698
cell_000067	donor_005	-0.591103	0.590906	-1.581594	0.555738	F	1.788263	0.04644	-0.009673	-0.015895	-0.004828	0.037413	-0.001266	0.724454	-0.42354	-1.355415	2.591923	-1.406538
cell_000068	donor_006	1.475949	0.368357	0.846584	0.798931	M	1.888383	0.05402	-0.022888	0.018376	-0.009439	0.005675	-0.012113	0.297558	0.285877	0.516006	-0.089684	-0.07925
cell_000069	donor_006	-0.570944	0.813764	1.068472	0.798931	M	2.406262	0.02491	-0.022888	0.018376	-0.009439	0.005675	-0.012113	0.138412	0.479868	-0.001816	-0.068361	-1.32111
cell_000070	donor_006	0.232878	0.234401	0.270343	0.798931	M	1.563262	0.02965	-0.022888	0.018376	-0.009439	0.005675	-0.012113	2.013682	0.535699	0.208907	-0.624467	-1.003614
cell_000071	donor_006	-0.863345	-0.147529	-0.152523	0.798931	M	1.622274	0.00747	-0.022888	0.018376	-0.009439	0.005675	-0.012113	0.859986	-0.159862	0.621065	-1.35215	1.546855
cell_000072	donor_006	0.383394	0.999824	-1.058536	0.798931	M	2.240636	0.03142	-0.022888	0.018376	-0.009439	0.005675	-0.012113	0.901377	-0.081063	0.467625	0.741004	-1.336981
cell_000073	donor_006	-0.125009	1.481456	-0.743588	0.798931	M	1.824343	0.0346	-0.022888	0.018376	-0.009439	0.005675	-0.012113	1.677827	0.483261	-0.704102	-1.096592	0.987098
cell_000074	donor_006	-0.822250	0.202306	0.844385	0.798931	M	1.418777	0.02561	-0.022888	0.018376	-0.009439	0.005675	-0.012113	0.211159	0.482601	0.026665	-1.002744	0.508618
cell_000075	donor_006	0.011426	1.328961	0.856794	0.798931	M	2.540327	0.03792	-0.022888	0.018376	-0.009439	0.005675	-0.012113	-0.197535	-0.021691	2.377003	0.869069	0.926765
cell_000076	donor_006	0.841820	0.554117	2.327653	0.798931	M	1.56016	0.03617	-0.022888	0.018376	-0.009439	0.005675	-0.012113	2.720523	0.384574	0.119708	-0.679207	-0.452552
cell_000077	donor_006	-0.205162	-2.003522	1.604254	0.798931	M	1.920228	0.00892	-0.022888	0.018376	-0.009439	0.005675	-0.012113	-2.047104	0.790423	-1.266921	0.902736	-0.043026
cell_000078	donor_006	-0.457699	0.107880	1.309551	0.798931	M	1.752192	0.05386	-0.022888	0.018376	-0.009439	0.005675	-0.012113	0.128059	-0.042368	1.386074	1.209442	-0.028891
cell_000079	donor_006	-1.602260	-1.251647	-1.601278	0.798931	M	1.880927	0.02585	-0.022888	0.018376	-0.009439	0.005675	-0.012113	-0.899004	0.923889	-0.974575	-1.554861	0.49835
cell_000080	donor_006	-0.794136	0.439637	0.524188	0.798931	M	1.646152	0.06351	-0.022888	0.018376	-0.009439	0.005675	-0.012113	1.21849	-0.405085	0.404518	-0.415674	0.721993
cell_000081	donor_006	0.276274	-1.412766	-2.310103	0.798931	M	2.285712	0.03841	-0.022888	0.018376	-0.009439	0.005675	-0.012113	1.09503	-0.262865	-1.027603	-1.457031	0.925688
cell_000082	donor_006	0.054354	-0.471776	0.459386	0.798931	M	2.044329	0.06942	-0.022888	0.018376	-0.009439	0.005675	-0.012113	-1.136566	0.372024	0.777407	-0.501302	-0.166211
cell_000083	donor_006	0.701954	0.138241	0.760133	0.798931	M	2.393461	0.05351	-0.022888	0.018376	-0.009439	0.005675	-0.012113	0.999043	-0.808194	-0.909712	-0.234391	1.277913
cell_000084	donor_007	0.229211	0.530065	-0.704673	-0.337897	M	1.756333	0.03454	0.025615	-0.011815	0.027957	-0.020985	-0.005858	1.610731	-0.098783	-0.712122	1.064115	-1.669296
cell_000085	donor_007	-0.179611	0.196776	0.820528	-0.337897	M	2.853209	0.01554	0.025615	-0.011815	0.027957	-0.020985	-0.005858	0.247611	-0.043914	1.293828	1.395019	-0.942529
cell_000086	donor_007	-0.393741	0.521167	-0.265839	-0.337897	M	1.23814	0.01597	0.025615	-0.011815	0.027957	-0.020985	-0.005858	0.167678	-0.570604	-0.293327	0.617388	-0.334894
cell_000087	donor_007	-0.117542	0.829519	-1.993060	-0.337897	M	1.365946	0.04066	0.025615	-0.011815	0.027957	-0.020985	-0.005858	0.193925	0.957272	1.515162	0.28868	0.117765
cell_000088	donor_007	-1.296472	-1.482185	-2.333616	-0.337897	M	2.701234	0.03286	0.025615	-0.011815	0.027957	-0.020985	-0.005858	-1.10729	1.585798	0.495701	0.136225	0.085049
cell_000089	donor_007	-0.678264	0.749434	-0.284884	-0.337897	M	2.189617	0.01822	0.025615	-0.011815	0.027957	-0.020985	-0.005858	0.360653	0.77179	0.895551	1.610802	0.242689
cell_000090	donor_007	0.197790	1.089217	1.327686	-0.337897	M	2.136554	0.04666	0.025615	-0.011815	0.027957	-0.020985	-0.005858	1.754201	1.057723	-0.060131	-1.667374	0.085562
cell_000091	donor_007	-0.069138	1.353586	0.092127	-0.337897	M	2.17251	0.03078	0.025615	-0.011815	0.027957	-0.020985	-0.005858	1.558478	-0.775263	0.082463	0.165219	0.942127
cell_000092	donor_007	-0.837398	-0.594400	-1.480537	-0.337897	M	2.228483	0.04678	0.025615	-0.011815	0.027957	-0.020985	-0.005858	-0.387812	-0.869384	0.570002	-0.743387	-1.835505
cell_000093	donor_007	-0.888134	-0.358017	0.803585	-0.337897	M	2.119907	0.01049	0.025615	-0.011815	0.027957	-0.020985	-0.005858	1.840372	0.927031	1.883388	0.874013	0.680365
cell_000094	donor_008	1.720770	-1.382182	0.392827	0.178308	M	1.613638	0.04999	0.028	0.003363	0.045429	-0.005383	0.005141	0.369536	-0.186028	0.512107	-0.553232	-1.069229
cell_000095	donor_008	-1.040544	0.474697	-0.131087	0.178308	M	2.327276	0.04002	0.028	0.003363	0.045429	-0.005383	0.005141	-0.332226	1.291492	-1.232407	-1.216517	0.591309
cell_000096	donor_008	-1.830906	0.928297	-0.605001	0.178308	M	2.264271	0.05395	0.028	0.003363	0.045429	-0.005383	0.005141	-0.415079	0.485495	0.989857	0.461532	-0.632246
cell_000097	donor_008	-0.533900	-1.069752	-0.654283	0.178308	M	2.571372	0.04955	0.028	0.003363	0.045429	-0.005383	0.005141	1.282934	0.742123	0.026828	-0.021583	0.373993
cell_000098	donor_008	0.427890	-0.189244	0.328662	0.178308	M	2.705696	0.0283	0.028	0.003363	0.045429	-0.005383	0.005141	-0.311984	-1.631205	0.750158	0.690743	-2.301066
cell_000099	donor_008	0.361922	1.320662	-0.342786	0.178308	M	2.13219	0.02669	0.028	0.003363	0.045429	-0.005383	0.005141	0.510676	1.756484	-1.127638	-0.073291	-0.181982
cell_000100	donor_008	-1.476858	1.067222	-0.331488	0.178308	M	1.50898	0.06566	0.028	0.003363	0.045429	-0.005383	0.005141	1.660412	1.120947	-0.878416	0.342119	2.302672
cell_000101	donor_008	1.114592	0.383377	-0.131138	0.178308	M	2.709009	0.02419	0.028	0.003363	0.045429	-0.005383	0.005141	-0.624708	-0.011154	0.513507	-0.610055	1.763203
cell_000102	donor_008	0.348776	1.951013	2.076981	0.178308	M	1.59274	0.04497	0.028	0.003363	0.045429	-0.005383	0.005141	-0.472668	-1.389035	-0.524982	0.65302	-0.798174
cell_000103	donor_008	0.069381	0.160191	1.076240	0.178308	M	2.135186	0.02237	0.028	0.003363	0.045429	-0.005383	0.005141	0.302199	0.56255	-1.208934	-0.563702	0.348971
cell_000104	donor_008	-0.845661	0.333070	-0.025863	0.178308	M	1.897306	0.00724	0.028	0.003363	0.045429	-0.005383	0.005141	0.702412	-0.538784	0.151772	-0.283936	0.72785
cell_000105	donor_008	0.313908	-0.833369	-1.589567	0.178308	M	1.82775	0.00545	0.028	0.003363	0.045429	-0.005383	0.005141	0.519414	-0.373483	0.478444	-0.412598	0.457362
cell_000106	donor_008	-2.072983	-1.117384	-0.458675	0.178308	M	2.30572	0.03812	0.028	0.003363	0.045429	-0.005383	0.005141	0.471295	2.371047	-0.336262	-0.141268	-0.647232
cell_000107	donor_008	-0.293192	1.937231	1.105993	0.178308	M	2.097784	0.04402	0.028	0.003363	0.045429	-0.005383	0.005141	-1.032824	-0.45646	0.665101	0.737462	0.29568
cell_000108	donor_008	-0.962091	0.347708	-0.407078	0.178308	M	2.205297	0.03818	0.028	0.003363	0.045429	-0.005383	0.005141	-0.295765	-0.493375	-0.916831	-0.556888	-1.295128
cell_000109	donor_009	-0.284364	0.185326	0.619171	0.275982	F	1.673725	0.05292	0.038103	-0.030278	-0.032755	-0.01591	0.016267	1.357858	1.837151	-1.935863	0.289264	0.272692
cell_000110	donor_009	-0.339258	1.063852	-1.141938	0.275982	F	1.93037	0.03783	0.038103	-0.030278	-0.032755	-0.01591	0.016267	0.208809	-0.592744	1.022514	0.410477	1.034122
cell_000111	donor_009	0.006339	2.597674	0.223080	0.275982	F	1.692186	0.0145	0.038103	-0.030278	-0.032755	-0.01591	0.016267	-0.737512	-1.383183	0.434906	-0.962944	1.0546
cell_000112	donor_009	1.433215	0.091520	0.580777	0.275982	F	1.920371	0.04189	0.038103	-0.030278	-0.032755	-0.01591	0.016267	-2.126621	-0.46854	-0.615922	-0.332377	0.261099
cell_000113	donor_009	-0.056783	-0.170408	-0.779482	0.275982	F	1.952495	0.03339	0.038103	-0.030278	-0.032755	-0.01591	0.016267	0.396236	0.639738	0.754986	-0.171526	2.108704
cell_000114	donor_009	0.430301	-0.851537	0.665585	0.275982	F	2.737722	0.01849	0.038103	-0.030278	-0.032755	-0.01591	0.016267	1.38709	-0.311988	-0.136874	-0.333048	0.363299
cell_000115	donor_009	1.085287	0.366531	-0.286249	0.275982	F	1.896245	0.03945	0.038103	-0.030278	-0.032755	-0.01591	0.016267	-0.971938	-0.789537	-2.167366	-0.39866	1.064759
cell_000116	donor_009	0.453966	-0.308673	0.935547	0.275982	F	1.149761	0.03159	0.038103	-0.030278	-0.032755	-0.01591	0.016267	-0.152101	-0.096162	0.278159	-1.002237	0.025286
cell_000117	donor_009	-1.831406	-0.335607	-1.990812	0.275982	F	2.558037	0.0179	0.038103	-0.030278	-0.032755	-0.01591	0.016267	0.890329	0.306563	0.978165	1.264132	0.66259
cell_000118	donor_009	-1.495061	1.363862	0.895185	0.275982	F	2.179704	0.02644	0.038103	-0.030278	-0.032755	-0.01591	0.016267	-0.713367	-0.344135	1.931489	0.314169	0.180957
cell_000119	donor_009	-0.719480	-1.502503	-2.964529	0.275982	F	1.947596	0.05827	0.038103	-0.030278	-0.032755	-0.01591	0.016267	-0.859959	-0.091461	0.716374	0.014846	-0.519378
cell_000120	donor_010	-0.543496	2.420415	0.434884	-1.346611	M	1.825114	0.05762	-0.032197	0.011941	0.010534	0.040288	0.02091	-0.287386	1.191825	0.667781	0.53404	0.440882
cell_000121	donor_010	-0.559572	0.465080	-1.560958	-1.346611	M	1.62123	0.03376	-0.032197	0.011941	0.010534	0.040288	0.02091	-1.18303	0.272349	1.068007	-0.260922	0.977428
cell_000122	donor_010	-0.297323	0.099477	-0.086101	-1.346611	M	2.775219	0.03115	-0.032197	0.011941	0.010534	0.040288	0.02091	0.545227	0.827673	0.050936	0.886586	-1.464682
cell_000123	donor_010	0.790806	0.344645	0.668326	-1.346611	M	2.020738	0.00134	-0.032197	0.011941	0.010534	0.040288	0.02091	0.033146	0.713015	0.2963	1.095624	-0.157099
cell_000124	donor_010	-0.688372	0.897815	1.628937	-1.346611	M	1.3049	0.06439	-0.032197	0.011941	0.010534	0.040288	0.02091	-0.547455	-1.639075	-0.272967	0.516875	0.761009
cell_000125	donor_010	-0.970150	-0.887696	1.335784	-1.346611	M	2.131096	0.05073	-0.032197	0.011941	0.010534	0.040288	0.02091	-1.399186	1.175325	-0.974421	-0.121148	-0.568816
cell_000126	donor_010	-0.191344	1.403821	-0.442536	-1.346611	M	2.482469	0.04504	-0.032197	0.011941	0.010534	0.040288	0.02091	0.41725	0.094075	0.677969	1.843805	0.397852
cell_000127	donor_010	1.455046	0.131486	0.258229	-1.346611	M	2.062574	0.01549	-0.032197	0.011941	0.010534	0.040288	0.02091	-0.57668	0.461069	1.945139	0.65634	0.945694
cell_000128	donor_010	1.564718	-0.361770	-0.941122	-1.346611	M	1.639363	0.03082	-0.032197	0.011941	0.010534	0.040288	0.02091	-1.593576	0.386879	-0.268018	-0.680125	-0.022317
cell_000129	donor_010	-0.448564	0.452334	-1.565759	-1.346611	M	1.60357	0.02746	-0.032197	0.011941	0.010534	0.040288	0.02091	0.108634	-0.624392	0.188464	-0.173487	0.702439
cell_000130	donor_011	0.637471	-0.538771	1.147813	-1.031329	M	1.633072	0.04366	0.007281	0.027183	0.010778	-0.009201	-0.022892	0.227575	0.375923	0.979388	0.554956	-0.006084
cell_000131	donor_011	-2.394260	-0.786566	-1.686468	-1.031329	M	2.608663	0.02098	0.007281	0.027183	0.010778	-0.009201	-0.022892	-2.086925	0.513728	-0.911923	-0.086238	0.371047
cell_000132	donor_011	-0.826229	0.247666	-0.179227	-1.031329	M	1.971334	0.02537	0.007281	0.027183	0.010778	-0.009201	-0.022892	1.333029	1.842323	-0.921218	-1.315863	0.325717
cell_000133	donor_011	-0.253378	-0.159185	0.203388	-1.031329	M	1.32851	0.04239	0.007281	0.027183	0.010778	-0.009201	-0.022892	0.242428	-1.201876	-0.016603	0.597541	-1.230152
cell_000134	donor_011	-1.008536	0.706850	0.662666	-1.031329	M	2.153654	0.01453	0.007281	0.027183	0.010778	-0.009201	-0.022892	-0.994585	-0.64416	-0.21226	0.693972	-0.326481
cell_000135	donor_011	0.385038	0.556533	0.296418	-1.031329	M	2.056415	0.01852	0.007281	0.027183	0.010778	-0.009201	-0.022892	0.055317	2.246178	-0.95631	-0.652993	0.678089
cell_000136	donor_011	2.035073	-0.087094	-0.307083	-1.031329	M	1.820442	0.03387	0.007281	0.027183	0.010778	-0.009201	-0.022892	0.988043	0.414801	1.808968	0.317456	-1.976104
cell_000137	donor_011	-0.753528	-1.032263	-1.244472	-1.031329	M	1.591837	0.05677	0.007281	0.027183	0.010778	-0.009201	-0.022892	0.096996	-0.570984	1.383812	0.964624	-1.589691
cell_000138	donor_011	-0.888797	-0.070680	0.334295	-1.031329	M	1.574442	0.04617	0.007281	0.027183	0.010778	-0.009201	-0.022892	1.350318	0.939368	-0.324462	-0.078442	1.392177
cell_000139	donor_011	0.051142	-0.765535	0.900185	-1.031329	M	2.434654	0.05151	0.007281	0.027183	0.010778	-0.009201	-0.022892	-1.971512	0.445398	1.09341	-0.088713	0.64791
cell_000140	donor_011	0.739413	-0.159648	-0.652916	-1.031329	M	2.099005	0.03127	0.007281	0.027183	0.010778	-0.009201	-0.022892	0.103155	-0.784039	-0.80903	0.711929	-0.635707
cell_000141	donor_011	0.548428	0.187974	-1.448127	-1.031329	M	2.191457	0.0599	0.007281	0.027183	0.010778	-0.009201	-0.022892	-1.524581	0.122399	-0.513081	-1.199108	0.071747
cell_000142	donor_011	-0.067980	0.262036	-0.899695	-1.031329	M	2.097904	0.00482	0.007281	0.027183	0.010778	-0.009201	-0.022892	0.767277	0.02015	-1.066241	0.481804	1.035156
cell_000143	donor_011	0.189843	-1.454822	1.336186	-1.031329	M	2.131075	0.07044	0.007281	0.027183	0.010778	-0.009201	-0.022892	2.213034	1.441844	-1.005358	0.858083	0.256524
cell_000144	donor_012	1.247950	-0.252517	0.363454	0.172297	F	1.812642	0.07304	-0.011387	-0.000801	0.0035	-0.042704	-0.004391	-1.152099	0.283795	1.918677	1.195864	-1.01345
cell_000145	donor_012	-2.409922	-1.156348	-0.293779	0.172297	F	1.917668	0.03913	-0.011387	-0.000801	0.0035	-0.042704	-0.004391	0.013717	0.491674	-1.729904	-1.695438	0.154628
cell_000146	donor_012	-1.072133	0.714396	1.997297	0.172297	F	2.465965	0.04665	-0.011387	-0.000801	0.0035	-0.042704	-0.004391	0.167675	-1.838819	0.387974	1.086963	-0.218302
cell_000147	donor_012	-1.176615	-0.837463	0.235448	0.172297	F	2.565836	0.02924	-0.011387	-0.000801	0.0035	-0.042704	-0.004391	0.059812	0.571412	0.439029	-1.668623	-0.905121
cell_000148	donor_012	1.611116	-1.222374	0.249036	0.172297	F	1.511163	0.02581	-0.011387	-0.000801	0.0035	-0.042704	-0.004391	-0.395853	-0.860827	1.466968	0.634476	-1.109725
cell_000149	donor_012	1.821299	-1.651759	-1.281069	0.172297	F	1.916696	0.01778	-0.011387	-0.000801	0.0035	-0.042704	-0.004391	-0.214336	1.130392	-0.646239	0.851584	1.38318
cell_000150	donor_012	-0.423607	-0.520588	0.812601	0.172297	F	2.335714	0.02902	-0.011387	-0.000801	0.0035	-0.042704	-0.004391	1.216141	0.180404	1.251025	-0.522238	2.485881
cell_000151	donor_012	0.241660	-1.774962	0.515410	0.172297	F	2.752832	0.04112	-0.011387	-0.000801	0.0035	-0.042704	-0.004391	0.24085	1.146794	-0.362009	0.499415	0.543463
cell_000152	donor_012	-0.577539	1.274447	-0.627588	0.172297	F	2.712784	0.0384	-0.011387	-0.000801	0.0035	-0.042704	-0.004391	-0.928834	-0.958443	-0.204503	1.105333	-1.831428
cell_000153	donor_012	-0.636615	0.541132	0.762926	0.172297	F	1.681697	0.06973	-0.011387	-0.000801	0.0035	-0.042704	-0.004391	-0.362849	1.309873	-1.232129	1.253901	-1.127793
cell_000154	donor_012	0.448099	-1.685597	0.538034	0.172297	F	2.510018	0.03201	-0.011387	-0.000801	0.0035	-0.042704	-0.004391	-0.916542	-0.147222	1.873459	-0.640007	-1.732963
cell_000155	donor_012	-1.034308	0.235276	-1.423734	0.172297	F	2.023455	0.00022	-0.011387	-0.000801	0.0035	-0.042704	-0.004391	-1.401936	0.931948	-1.35474	1.187965	0.069791
cell_000156	donor_012	0.446322	-0.806599	-1.282635	0.172297	F	2.417767	0.06289	-0.011387	-0.000801	0.0035	-0.042704	-0.004391	-0.032271	0.297304	-0.80092	0.137872	-1.193073
cell_000157	donor_012	0.713820	0.241645	-0.613977	0.172297	F	2.315311	0.00558	-0.011387	-0.000801	0.0035	-0.042704	-0.004391	1.348891	-1.027295	0.438881	-1.03475	-0.533205
cell_000158	donor_012	1.451179	-0.440652	0.032108	0.172297	F	1.494414	0.01881	-0.011387	-0.000801	0.0035	-0.042704	-0.004391	-0.373832	2.981348	-0.014446	-0.82153	-0.444556
cell_000159	donor_012	0.268913	-0.619666	0.471136	0.172297	F	2.21999	0.03543	-0.011387	-0.000801	0.0035	-0.042704	-0.004391	-1.504673	-0.162786	1.851087	0.33604	0.903401
cell_000160	donor_012	-0.533452	-0.411638	1.362643	0.172297	F	2.402279	0.03834	-0.011387	-0.000801	0.0035	-0.042704	-0.004391	-0.909944	-0.203342	0.203903	-0.725307	0.400007
cell_000161	donor_013	-1.040586	-2.412780	1.610937	0.099403	M	1.991938	0.00109	0.000572	0.010951	0.032536	0.003713	-0.018191	0.615428	0.542848	-0.151083	1.090911	-0.257617
cell_000162	donor_013	2.549328	-0.405269	-1.936838	0.099403	M	1.901473	0.01507	0.000572	0.010951	0.032536	0.003713	-0.018191	-0.348821	1.441539	-1.106966	-1.702969	-0.867816
cell_000163	donor_013	-0.310484	-0.286223	-0.189924	0.099403	M	1.371334	0.00038	0.000572	0.010951	0.032536	0.003713	-0.018191	0.387242	1.283591	-0.660519	1.814838	0.027197
cell_000164	donor_013	-1.113388	0.579561	0.524507	0.099403	M	2.273447	0.04243	0.000572	0.010951	0.032536	0.003713	-0.018191	-0.11553	-0.849938	1.951355	-0.150289	-1.331988
cell_000165	donor_013	-1.494406	0.699197	2.052685	0.099403	M	2.083499	0.05367	0.000572	0.010951	0.032536	0.003713	-0.018191	2.457669	0.39367	0.79883	1.68156	0.614463
cell_000166	donor_013	0.171960	-0.337325	-0.142003	0.099403	M	1.631126	0.00556	0.000572	0.010951	0.032536	0.003713	-0.018191	0.974889	0.054325	0.733732	-0.034158	-0.02021
cell_000167	donor_013	0.615257	-1.730672	0.164391	0.099403	M	1.869664	0.04991	0.000572	0.010951	0.032536	0.003713	-0.018191	0.119717	-0.396815	0.504378	0.501845	0.818917
cell_000168	donor_013	-0.390464	1.847825	-0.174173	0.099403	M	2.061801	0.04862	0.000572	0.010951	0.032536	0.003713	-0.018191	0.639607	2.000043	1.05263	-0.207252	0.453072
cell_000169	donor_013	1.667888	-1.103741	0.587259	0.099403	M	1.776546	0.01682	0.000572	0.010951	0.032536	0.003713	-0.018191	1.412698	-0.949973	2.014242	-0.774639	0.900275
cell_000170	donor_013	0.319400	-0.869047	0.177396	0.099403	M	2.001071	0.00965	0.000572	0.010951	0.032536	0.003713	-0.018191	0.0066	-0.050932	-1.302913	0.9075	-1.288358
cell_000171	donor_013	1.212519	-0.323792	-1.691963	0.099403	M	1.300027	0.00857	0.000572	0.010951	0.032536	0.003713	-0.018191	-1.44277	1.159703	1.789606	-0.667246	1.003109
cell_000172	donor_013	-0.017563	-0.902423	-0.342341	0.099403	M	2.539769	0.01809	0.000572	0.010951	0.032536	0.003713	-0.018191	0.796526	-0.091519	1.335817	-0.163622	0.517534
cell_000173	donor_013	-0.081588	-1.705652	-1.615658	0.099403	M	2.006364	0.06083	0.000572	0.010951	0.032536	0.003713	-0.018191	-1.25377	-1.21103	1.169045	0.551205	-0.142457
cell_000174	donor_013	0.482067	-0.522719	-2.564744	0.099403	M	1.560259	0.02763	0.000572	0.010951	0.032536	0.003713	-0.018191	1.907845	1.897316	0.439168	-1.455655	-0.111599
cell_000175	donor_013	0.784844	0.272370	-0.713875	0.099403	M	1.016116	0.00986	0.000572	0.010951	0.032536	0.003713	-0.018191	-0.832582	0.089514	-0.936297	-1.196226	-2.262613
cell_000176	donor_014	-1.316830	0.835808	0.349351	-0.708563	F	2.411654	0.03296	-0.036362	0.01374	-0.017382	0.017337	0.027948	0.167257	-2.298763	-0.320241	0.694397	-0.722096
cell_000177	donor_014	2.382602	0.420189	0.387703	-0.708563	F	2.223237	0.00409	-0.036362	0.01374	-0.017382	0.017337	0.027948	-1.084829	-0.067847	-0.828606	0.185658	-1.03283
cell_000178	donor_014	-0.166928	0.816776	0.625085	-0.708563	F	2.084274	0.04029	-0.036362	0.01374	-0.017382	0.017337	0.027948	-0.104494	-0.346421	-0.011522	1.635152	0.199811
cell_000179	donor_014	1.251725	-0.521323	-0.435407	-0.708563	F	2.345459	0.01045	-0.036362	0.01374	-0.017382	0.017337	0.027948	0.504444	-0.624793	0.223256	-0.274803	0.029656
cell_000180	donor_014	-0.479103	0.790802	1.498374	-0.708563	F	2.344359	0.01335	-0.036362	0.01374	-0.017382	0.017337	0.027948	0.648946	-0.500234	-0.398045	-0.486415	-0.50572
cell_000181	donor_014	-0.458840	-0.424774	0.314077	-0.708563	F	2.077775	0.03751	-0.036362	0.01374	-0.017382	0.017337	0.027948	0.173235	-0.363982	1.497956	2.679163	-0.567942
cell_000182	donor_014	-0.245762	0.952054	-2.251777	-0.708563	F	1.898314	0.065	-0.036362	0.01374	-0.017382	0.017337	0.027948	0.294003	1.038008	-0.265749	-0.994391	1.738173
cell_000183	donor_014	-0.826705	-0.782416	-2.320356	-0.708563	F	1.833143	0.07396	-0.036362	0.01374	-0.017382	0.017337	0.027948	0.686157	0.31869	1.450522	0.770233	-0.047935
cell_000184	donor_014	-0.963638	-0.915156	-0.201105	-0.708563	F	2.168377	0.0092	-0.036362	0.01374	-0.017382	0.017337	0.027948	-0.976631	-0.493332	1.204823	0.682086	-0.186667
cell_000185	donor_014	1.112966	-0.245061	-1.030814	-0.708563	F	2.558813	0.01807	-0.036362	0.01374	-0.017382	0.017337	0.027948	1.766563	-0.157221	0.987518	0.220039	1.932953
cell_000186	donor_014	-0.056955	1.049174	-0.975959	-0.708563	F	1.958839	0.04031	-0.036362	0.01374	-0.017382	0.017337	0.027948	0.753045	0.046159	-0.178801	-0.015373	-0.725397
cell_000187	donor_014	-0.910575	0.558549	-0.221536	-0.708563	F	2.590591	0.05338	-0.036362	0.01374	-0.017382	0.017337	0.027948	-1.366703	0.308735	-0.533519	-0.536175	-0.08884
cell_000188	donor_014	0.647485	-0.013647	0.701664	-0.708563	F	2.149261	0.01328	-0.036362	0.01374	-0.017382	0.017337	0.027948	0.052223	0.007376	1.738295	0.662379	2.107816
cell_000189	donor_014	-1.035078	-0.012085	-0.210690	-0.708563	F	2.152276	0.03175	-0.036362	0.01374	-0.017382	0.017337	0.027948	-0.43899	0.783721	-0.383413	-0.561132	2.145543
cell_000190	donor_014	-1.215891	-1.563478	0.685749	-0.708563	F	2.962044	0.02026	-0.036362	0.01374	-0.017382	0.017337	0.027948	-0.768148	-2.231734	-0.707949	-2.008324	-0.951325
cell_000191	donor_014	-0.350952	-1.022280	-0.096179	-0.708563	F	2.661071	0.00848	-0.036362	0.01374	-0.017382	0.017337	0.027948	-0.858666	0.035282	-2.049597	1.195952	-1.875769
cell_000192	donor_015	1.128019	-2.280738	-1.496639	-0.794376	M	2.671444	0.00326	-0.030881	0.011078	0.025852	0.020381	-0.041928	-0.127751	-0.324155	0.82535	0.351543	1.186873
cell_000193	donor_015	-0.922886	1.461179	0.282587	-0.794376	M	1.680955	0.01864	-0.030881	0.011078	0.025852	0.020381	-0.041928	-0.361453	-0.464747	0.412791	1.029202	0.825069
cell_000194	donor_015	0.767317	-1.140161	-1.119536	-0.794376	M	2.876873	0.03118	-0.030881	0.011078	0.025852	0.020381	-0.041928	0.321814	0.232663	-0.036289	0.40993	2.034934
cell_000195	donor_015	0.447814	0.058274	0.548739	-0.794376	M	1.967113	0.05016	-0.030881	0.011078	0.025852	0.020381	-0.041928	-0.242573	-0.36449	-0.441056	0.389373	-2.121745
cell_000196	donor_015	-0.187671	0.278144	0.158119	-0.794376	M	1.909004	0.03709	-0.030881	0.011078	0.025852	0.020381	-0.041928	-0.135062	0.880647	-0.526231	0.186705	2.109335
cell_000197	donor_015	0.777767	0.807008	-1.619872	-0.794376	M	1.136301	0.04895	-0.030881	0.011078	0.025852	0.020381	-0.041928	0.3316	-2.239227	-1.409884	-0.251003	-0.803826
cell_000198	donor_015	-2.247269	1.001745	1.187725	-0.794376	M	2.130516	0.03053	-0.030881	0.011078	0.025852	0.020381	-0.041928	0.103383	-0.294576	1.166072	-1.091331	-0.207499
cell_000199	donor_015	-1.020623	-1.859835	0.099035	-0.794376	M	1.566658	0.0159	-0.030881	0.011078	0.025852	0.020381	-0.041928	0.217258	0.341134	0.146805	-2.411273	0.083292
cell_000200	donor_015	0.930838	1.797595	0.516298	-0.794376	M	2.163302	0.02633	-0.030881	0.011078	0.025852	0.020381	-0.041928	-0.150754	0.86411	0.72297	0.240845	0.313164
cell_000201	donor_015	-0.371717	-0.893131	0.011451	-0.794376	M	1.535374	0.04391	-0.030881	0.011078	0.025852	0.020381	-0.041928	1.352383	1.150296	0.275332	2.145418	-0.628196
cell_000202	donor_015	-0.299265	-1.015068	2.048756	-0.794376	M	2.71908	0.05065	-0.030881	0.011078	0.025852	0.020381	-0.041928	-1.185443	-0.010838	-0.37381	-2.465341	-0.652381
cell_000203	donor_015	1.785168	1.136049	-0.920850	-0.794376	M	2.22063	0.02704	-0.030881	0.011078	0.025852	0.020381	-0.041928	0.343585	-0.058028	-0.776461	0.042326	0.123072
cell_000204	donor_015	0.855019	0.639626	0.442546	-0.794376	M	2.911949	0.01142	-0.030881	0.011078	0.025852	0.020381	-0.041928	0.715074	-0.641501	0.873857	-1.090643	-0.503377
cell_000205	donor_015	1.249665	0.635371	0.740014	-0.794376	M	1.59079	0.03671	-0.030881	0.011078	0.025852	0.020381	-0.041928	1.698993	-1.023878	-0.658767	-1.253111	-0.827266
cell_000206	donor_015	0.636906	0.340791	-1.783611	-0.794376	M	2.619672	0.03956	-0.030881	0.011078	0.025852	0.020381	-0.041928	0.138363	0.706542	-0.018638	-0.32469	-1.242774
cell_000207	donor_016	0.083621	-0.556192	-1.279841	-0.089779	F	1.278915	0.05465	-0.017073	-0.025604	0.010469	0.008267	-0.053958	-0.72713	-1.546036	0.73656	0.806073	-0.040448
cell_000208	donor_016	1.681817	1.728995	1.359221	-0.089779	F	2.08323	0.01642	-0.017073	-0.025604	0.010469	0.008267	-0.053958	0.441451	0.876233	0.101209	1.393611	-1.023793
cell_000209	donor_016	0.255213	1.350625	0.012053	-0.089779	F	1.747351	0.01664	-0.017073	-0.025604	0.010469	0.008267	-0.053958	-0.34867	-0.467742	0.647238	-1.434141	1.447975
cell_000210	donor_016	0.202797	-1.093471	0.396991	-0.089779	F	1.820817	0.04512	-0.017073	-0.025604	0.010469	0.008267	-0.053958	0.561774	1.750294	-0.040571	-0.550319	0.657106
cell_000211	donor_016	0.060386	-1.302652	-0.051197	-0.089779	F	1.793401	0.02185	-0.017073	-0.025604	0.010469	0.008267	-0.053958	1.030565	-0.714421	-1.997597	-1.826265	0.261385
cell_000212	donor_016	-0.079730	1.797561	0.894213	-0.089779	F	1.634114	0.02101	-0.017073	-0.025604	0.010469	0.008267	-0.053958	1.540189	-1.300839	-0.272366	-0.34845	1.920532
cell_000213	donor_016	0.011445	0.248787	0.044212	-0.089779	F	1.496125	0.05508	-0.017073	-0.025604	0.010469	0.008267	-0.053958	2.258696	0.424453	0.898	0.870199	-1.280322
cell_000214	donor_016	-0.202914	-1.082427	-0.151052	-0.089779	F	1.823029	0.00258	-0.017073	-0.025604	0.010469	0.008267	-0.053958	0.698523	-1.019606	-0.171536	1.139737	0.080933
cell_000215	donor_016	-0.746098	-1.250316	0.511222	-0.089779	F	2.046411	0.07112	-0.017073	-0.025604	0.010469	0.008267	-0.053958	1.102496	1.299263	-1.756934	-2.177698	1.162092
cell_000216	donor_016	0.391265	-1.786708	-0.122685	-0.089779	F	2.465478	0.01775	-0.017073	-0.025604	0.010469	0.008267	-0.053958	1.202407	0.256595	0.392216	0.893048	0.874409
cell_000217	donor_016	0.995701	1.059224	1.025837	-0.089779	F	2.11814	0.04733	-0.017073	-0.025604	0.010469	0.008267	-0.053958	-0.304184	0.95585	-0.346473	0.243551	0.200022
cell_000218	donor_016	0.038913	-0.845045	-1.083699	-0.089779	F	2.466616	0.02782	-0.017073	-0.025604	0.010469	0.008267	-0.053958	-0.859439	-0.742987	2.234109	-0.891886	0.369959
cell_000219	donor_016	0.344605	0.379280	1.287331	-0.089779	F	1.408729	0.03543	-0.017073	-0.025604	0.010469	0.008267	-0.053958	0.579799	-0.054216	0.67149	0.328983	-0.870252
cell_000220	donor_016	1.099980	-0.132229	-1.244206	-0.089779	F	1.826812	0.02474	-0.017073	-0.025604	0.010469	0.008267	-0.053958	0.536817	-0.544706	1.740669	0.429125	-0.700154
cell_000221	donor_016	-0.319107	0.217231	-0.202083	-0.089779	F	2.284402	0.04713	-0.017073	-0.025604	0.010469	0.008267	-0.053958	0.34229	-0.924854	0.257779	-0.225698	-0.826871
cell_000222	donor_016	-0.577894	0.252885	-0.503958	-0.089779	F	2.137276	0.02305	-0.017073	-0.025604	0.010469	0.008267	-0.053958	-0.839441	2.434934	0.091392	-0.431739	-0.604919
cell_000223	donor_017	-0.628066	0.311453	-0.401993	0.886151	F	1.65553	0.01854	-0.006017	0.016014	0.00296	0.002925	-0.0073	0.471166	-0.638496	-1.094618	-0.032414	-0.039969
cell_000224	donor_017	0.244104	0.273204	-1.139429	0.886151	F	2.373628	0.06627	-0.006017	0.016014	0.00296	0.002925	-0.0073	-0.417035	-0.891292	-0.390972	-0.469637	-0.608364
cell_000225	donor_017	-0.481241	1.437777	-1.162080	0.886151	F	1.787491	0.03059	-0.006017	0.016014	0.00296	0.002925	-0.0073	0.2765	2.226228	1.331765	1.941919	-0.567691
cell_000226	donor_017	-2.116654	-1.861845	0.029110	0.886151	F	1.689055	0.01649	-0.006017	0.016014	0.00296	0.002925	-0.0073	1.674688	0.227276	0.986363	0.457704	-0.343267
cell_000227	donor_017	0.030917	-0.117611	1.214190	0.886151	F	2.194779	0.00019	-0.006017	0.016014	0.00296	0.002925	-0.0073	0.719498	0.484931	-1.768186	-0.124124	0.872404
cell_000228	donor_017	-2.672834	0.395934	1.561438	0.886151	F	2.002468	0.06731	-0.006017	0.016014	0.00296	0.002925	-0.0073	0.277422	0.469471	-0.751424	0.256211	-0.096343
cell_000229	donor_017	-1.127781	-0.379807	-0.752892	0.886151	F	1.790835	0.01896	-0.006017	0.016014	0.00296	0.002925	-0.0073	-0.203453	-0.679256	0.914862	0.345469	0.244548
cell_000230	donor_017	-0.894346	-0.326262	1.427485	0.886151	F	1.777253	0.07124	-0.006017	0.016014	0.00296	0.002925	-0.0073	2.050785	0.473799	1.200497	0.272933	-0.353164
cell_000231	donor_017	1.837387	-0.335939	1.905060	0.886151	F	1.572081	0.03798	-0.006017	0.016014	0.00296	0.002925	-0.0073	-1.059137	0.24139	-2.66349	0.272467	0.315398
cell_000232	donor_017	0.035576	1.753691	-0.093299	0.886151	F	1.841701	0.03286	-0.006017	0.016014	0.00296	0.002925	-0.0073	-0.217568	-0.092366	-1.25117	1.385604	-0.337251
cell_000233	donor_017	0.131058	0.365474	3.178854	0.886151	F	2.440004	0.0334	-0.006017	0.016014	0.00296	0.002925	-0.0073	-0.972093	0.544661	0.110756	-0.358335	-0.464033
cell_000234	donor_017	0.851286	-0.707265	0.968998	0.886151	F	2.09782	0.07432	-0.006017	0.016014	0.00296	0.002925	-0.0073	-0.005639	1.345816	0.469546	-0.034408	0.852434
cell_000235	donor_017	-0.361833	-0.489750	0.908601	0.886151	F	2.383438	0.01384	-0.006017	0.016014	0.00296	0.002925	-0.0073	0.027532	0.401552	0.151128	0.58978	-0.444144
cell_000236	donor_017	0.031086	0.278576	0.013985	0.886151	F	2.206427	0.03429	-0.006017	0.016014	0.00296	0.002925	-0.0073	-1.139343	0.906848	1.504928	-1.091881	0.179292
cell_000237	donor_018	0.336583	0.424966	-1.936967	-0.076486	M	1.755102	0.0247	-0.021179	-0.000341	0.001042	0.012305	0.01393	-0.44887	0.883379	0.246646	3.327472	-0.301433
cell_000238	donor_018	0.666573	-0.982019	-1.442299	-0.076486	M	1.340343	0.02574	-0.021179	-0.000341	0.001042	0.012305	0.01393	1.537292	1.634631	0.533597	0.037083	0.094838
cell_000239	donor_018	-0.058411	0.083981	-0.693506	-0.076486	M	1.629258	0.03299	-0.021179	-0.000341	0.001042	0.012305	0.01393	0.010205	1.1333	-0.872636	-0.160984	-0.282186
cell_000240	donor_018	0.831032	-1.342175	-0.406944	-0.076486	M	1.731506	0.02467	-0.021179	-0.000341	0.001042	0.012305	0.01393	-1.726194	0.858915	1.062919	-0.634218	1.030132
cell_000241	donor_018	-0.584874	-0.046587	0.278864	-0.076486	M	1.700567	0.03376	-0.021179	-0.000341	0.001042	0.012305	0.01393	-1.583658	0.023955	-0.126258	0.087749	0.082545
cell_000242	donor_018	-1.007893	0.724283	0.063002	-0.076486	M	2.392408	0.02953	-0.021179	-0.000341	0.001042	0.012305	0.01393	-0.077042	-0.387773	-0.108706	1.363221	-0.578719
cell_000243	donor_018	-1.891946	-1.958591	-0.012319	-0.076486	M	2.388235	0.00373	-0.021179	-0.000341	0.001042	0.012305	0.01393	2.25534	-0.635164	0.240059	0.571207	-0.291756
cell_000244	donor_018	-0.220967	-0.103420	-0.027982	-0.076486	M	2.884752	0.03763	-0.021179	-0.000341	0.001042	0.012305	0.01393	1.382363	0.545212	-0.204902	1.371265	-1.015492
cell_000245	donor_018	0.225560	0.947650	-1.111105	-0.076486	M	1.694512	0.04432	-0.021179	-0.000341	0.001042	0.012305	0.01393	-0.565484	0.56257	0.801466	0.322622	-0.127192
cell_000246	donor_018	-1.171972	-1.093324	0.288917	-0.076486	M	2.638979	0.01916	-0.021179	-0.000341	0.001042	0.012305	0.01393	-0.251444	1.131401	0.240395	-0.872239	-0.929902
cell_000247	donor_018	1.244947	-0.431339	-2.501700	-0.076486	M	2.636507	0.06736	-0.021179	-0.000341	0.001042	0.012305	0.01393	1.513461	-0.718762	0.272731	1.350906	0.542107
cell_000248	donor_019	-1.703993	-0.833037	-0.557729	1.622731	F	1.907094	0.05671	0.001717	0.021898	-0.007498	-0.02888	0.009541	-0.757642	-1.015694	1.869888	-1.041165	-0.553269
cell_000249	donor_019	-0.408389	0.038581	-0.311746	1.622731	F	2.189422	0.04688	0.001717	0.021898	-0.007498	-0.02888	0.009541	0.372504	-0.218878	0.573805	-1.467772	-0.210399
cell_000250	donor_019	1.049340	-0.676017	-0.862318	1.622731	F	2.496293	0.04664	0.001717	0.021898	-0.007498	-0.02888	0.009541	0.677689	0.681073	-0.572453	-1.02171	0.213713
cell_000251	donor_019	0.478876	-1.535642	0.389692	1.622731	F	1.97643	0.0306	0.001717	0.021898	-0.007498	-0.02888	0.009541	-1.312463	1.284271	0.157409	-0.696812	-1.054501
cell_000252	donor_019	0.102553	-0.147442	1.588276	1.622731	F	1.945443	0.05283	0.001717	0.021898	-0.007498	-0.02888	0.009541	-0.633057	-1.561931	0.494779	-0.802847	0.399672
cell_000253	donor_019	-0.622207	2.060298	-0.225431	1.622731	F	1.749065	0.06142	0.001717	0.021898	-0.007498	-0.02888	0.009541	0.537546	0.965997	0.251848	1.125234	1.38611
cell_000254	donor_019	-1.277016	0.069920	-1.076245	1.622731	F	1.055985	0.04616	0.001717	0.021898	-0.007498	-0.02888	0.009541	0.258215	0.318527	-0.557474	-0.987625	1.282075
cell_000255	donor_019	-0.751756	0.397033	0.555582	1.622731	F	2.028189	0.01859	0.001717	0.021898	-0.007498	-0.02888	0.009541	0.605744	0.686829	-0.59071	1.623922	-0.228614
cell_000256	donor_019	-0.622168	0.987405	1.157508	1.622731	F	1.716052	0.02921	0.001717	0.021898	-0.007498	-0.02888	0.009541	-0.801841	-0.573674	1.571192	-1.111048	-0.751123
cell_000257	donor_019	1.436302	0.529413	1.363429	1.622731	F	1.569861	0.04147	0.001717	0.021898	-0.007498	-0.02888	0.009541	2.898509	0.941038	-0.733056	-1.081447	-1.672697
cell_000258	donor_019	-1.880798	-0.317907	-0.867005	1.622731	F	2.168877	0.04675	0.001717	0.021898	-0.007498	-0.02888	0.009541	0.097114	0.72802	1.518798	-1.893984	-1.325382
cell_000259	donor_019	0.119226	-0.571449	-0.166158	1.622731	F	1.419475	0.02845	0.001717	0.021898	-0.007498	-0.02888	0.009541	-0.119551	2.78767	0.885903	0.3728	-1.224924
cell_000260	donor_019	1.882175	-0.169720	0.413792	1.622731	F	2.322432	0.01866	0.001717	0.021898	-0.007498	-0.02888	0.009541	-2.119985	0.03885	-0.099369	-0.267808	-0.380434
cell_000261	donor_019	-0.232269	0.075713	0.006017	1.622731	F	2.19344	0.06168	0.001717	0.021898	-0.007498	-0.02888	0.009541	-0.748354	-0.977642	1.389508	-0.886528	-0.276148
cell_000262	donor_019	0.448324	1.165308	1.647394	1.622731	F	1.839923	0.00855	0.001717	0.021898	-0.007498	-0.02888	0.009541	-0.039078	0.70628	-0.85183	0.978068	-0.579666
cell_000263	donor_019	0.309620	0.589547	-1.150865	1.622731	F	1.974676	0.01117	0.001717	0.021898	-0.007498	-0.02888	0.009541	-0.161897	1.643099	-0.969228	0.720905	1.004611
cell_000264	donor_020	-0.087877	0.940289	0.865969	-0.695821	F	1.523912	0.00346	0.002528	0.009939	-0.025289	0.035816	0.01421	0.309898	-0.117531	2.125704	-0.013845	0.204078
cell_000265	donor_020	0.211610	0.886394	0.490767	-0.695821	F	2.300135	0.01113	0.002528	0.009939	-0.025289	0.035816	0.01421	-0.336527	0.151082	0.964118	-0.275305	-2.10853
cell_000266	donor_020	1.200306	0.289359	-0.355698	-0.695821	F	2.074946	0.05495	0.002528	0.009939	-0.025289	0.035816	0.01421	0.51357	-1.078334	0.741876	-0.001325	0.943109
cell_000267	donor_020	0.335841	-2.930594	0.382886	-0.695821	F	2.10474	0.05562	0.002528	0.009939	-0.025289	0.035816	0.01421	-0.948344	-0.535221	-0.340036	-1.482282	1.11142
cell_000268	donor_020	-3.648413	-1.723463	0.451769	-0.695821	F	2.200756	0.02852	0.002528	0.009939	-0.025289	0.035816	0.01421	-1.625423	1.097314	0.424398	-0.198867	0.345116
cell_000269	donor_020	0.477529	-1.162429	-0.712102	-0.695821	F	1.743034	0.03993	0.002528	0.009939	-0.025289	0.035816	0.01421	0.317733	-0.400428	0.29815	0.731183	-0.944683
cell_000270	donor_020	1.370541	-0.484030	2.242920	-0.695821	F	1.392377	0.02979	0.002528	0.009939	-0.025289	0.035816	0.01421	0.346195	-2.626325	-1.9296	0.564527	-0.417829
cell_000271	donor_020	-0.001920	0.408036	1.616874	-0.695821	F	2.382927	0.00616	0.002528	0.009939	-0.025289	0.035816	0.01421	-0.853438	-0.053025	-0.395952	-0.988608	-1.639049
cell_000272	donor_020	0.131027	-1.002344	-0.109727	-0.695821	F	2.275487	0.07436	0.002528	0.009939	-0.025289	0.035816	0.01421	-1.968157	0.738792	-0.4225	0.969549	-0.43265
cell_000273	donor_020	-0.035611	-1.364742	-0.255832	-0.695821	F	1.785856	0.05749	0.002528	0.009939	-0.025289	0.035816	0.01421	0.35497	-0.125404	0.044447	0.093037	-0.445707
cell_000274	donor_020	-0.742192	0.924358	0.034612	-0.695821	F	2.163644	0.03709	0.002528	0.009939	-0.025289	0.035816	0.01421	-1.229622	0.766132	1.593547	1.659215	-0.55327
cell_000275	donor_020	-0.282796	-0.106182	0.223122	-0.695821	F	2.503189	0.01288	0.002528	0.009939	-0.025289	0.035816	0.01421	-0.733171	-0.554282	-0.175837	-0.052461	-0.997928
cell_000276	donor_020	0.616814	-0.999712	-1.041588	-0.695821	F	2.45548	0.0255	0.002528	0.009939	-0.025289	0.035816	0.01421	-1.479736	0.049942	-3.530409	-0.100657	-0.944748
cell_000277	donor_021	1.104679	-0.412337	-1.416842	0.19311	M	1.774176	0.01615	-0.00576	-0.018709	0.021543	-0.022035	0.045227	0.780155	1.047635	1.071246	-0.346447	-1.135144
cell_000278	donor_021	0.443813	0.463370	-1.530715	0.19311	M	1.404496	0.03195	-0.00576	-0.018709	0.021543	-0.022035	0.045227	-0.814592	0.287611	-1.645864	1.393549	-0.33063
cell_000279	donor_021	0.229482	0.735583	0.374386	0.19311	M	1.473114	0.0362	-0.00576	-0.018709	0.021543	-0.022035	0.045227	0.500174	-1.781426	-0.925982	-1.905679	1.021189
cell_000280	donor_021	0.631981	-1.404269	0.331040	0.19311	M	1.87531	0.02318	-0.00576	-0.018709	0.021543	-0.022035	0.045227	-0.160205	0.571305	0.063414	0.468475	-0.337442
cell_000281	donor_021	-0.302620	-0.482790	0.870556	0.19311	M	2.584927	0.00091	-0.00576	-0.018709	0.021543	-0.022035	0.045227	-0.203546	-0.091732	0.405632	0.432118	2.811437
cell_000282	donor_021	1.479275	1.794370	1.314808	0.19311	M	1.708622	0.07264	-0.00576	-0.018709	0.021543	-0.022035	0.045227	1.681602	-1.778759	-0.143105	-0.405896	1.28013
cell_000283	donor_021	-0.109734	0.352720	0.766823	0.19311	M	1.761469	0.03475	-0.00576	-0.018709	0.021543	-0.022035	0.045227	-0.315748	0.464289	-2.337062	-1.513601	2.092293
cell_000284	donor_021	0.121178	0.130764	0.823753	0.19311	M	1.753236	0.03913	-0.00576	-0.018709	0.021543	-0.022035	0.045227	0.050244	-0.99846	0.242871	-1.053059	-0.283374
cell_000285	donor_021	-0.059283	-0.729287	-0.414473	0.19311	M	1.787308	0.02155	-0.00576	-0.018709	0.021543	-0.022035	0.045227	-1.452618	-0.788721	-0.416337	1.120699	0.464046
cell_000286	donor_021	0.633910	0.002993	0.340210	0.19311	M	1.995509	0.00124	-0.00576	-0.018709	0.021543	-0.022035	0.045227	0.638524	-0.025775	0.822849	-0.873519	-0.732706
cell_000287	donor_021	0.670079	-0.374841	0.756248	0.19311	M	1.48798	0.02833	-0.00576	-0.018709	0.021543	-0.022035	0.045227	0.407591	-0.279147	-0.013846	-0.164135	1.25345
cell_000288	donor_021	0.378843	-1.234813	1.442305	0.19311	M	2.433744	0.02354	-0.00576	-0.018709	0.021543	-0.022035	0.045227	1.305553	-0.626166	-1.759869	-0.711497	-0.89696
cell_000289	donor_021	-0.500745	-1.655095	-1.045044	0.19311	M	1.942072	0.04419	-0.00576	-0.018709	0.021543	-0.022035	0.045227	0.831748	0.920497	-1.031074	-0.754505	-1.479011
cell_000290	donor_021	-1.021045	0.052173	-0.273851	0.19311	M	2.991654	0.04812	-0.00576	-0.018709	0.021543	-0.022035	0.045227	0.134379	-0.044916	0.789122	0.497131	0.610203
cell_000291	donor_022	-0.336832	0.619702	0.339875	-0.354295	M	1.530572	0.0453	-0.012264	0.03441	-0.003689	0.031615	-0.014697	-1.542002	-0.626326	0.948897	-0.538576	-1.627566
cell_000292	donor_022	0.316048	0.409828	0.616135	-0.354295	M	2.635946	0.04977	-0.012264	0.03441	-0.003689	0.031615	-0.014697	0.80799	-0.577265	1.062637	-0.018415	-0.277219
cell_000293	donor_022	-2.107953	-0.364438	-2.180210	-0.354295	M	2.556538	0.06607	-0.012264	0.03441	-0.003689	0.031615	-0.014697	1.363191	-1.302656	1.434221	-0.639356	0.16237
cell_000294	donor_022	0.036060	-0.004633	1.045532	-0.354295	M	1.835326	0.0378	-0.012264	0.03441	-0.003689	0.031615	-0.014697	0.17182	-0.42712	-0.762113	-0.369822	-1.014563
cell_000295	donor_022	1.187634	0.202775	-0.500361	-0.354295	M	1.841976	0.05198	-0.012264	0.03441	-0.003689	0.031615	-0.014697	1.961961	-0.481131	1.158947	1.027173	0.36293
cell_000296	donor_022	0.485161	-0.527918	-0.001393	-0.354295	M	1.631481	0.03988	-0.012264	0.03441	-0.003689	0.031615	-0.014697	-0.135679	0.193782	0.57217	0.100468	-1.566749
cell_000297	donor_022	0.986136	-0.557771	0.805679	-0.354295	M	1.636071	0.008	-0.012264	0.03441	-0.003689	0.031615	-0.014697	-1.818311	1.508988	-2.634714	0.195685	-0.234978
cell_000298	donor_022	0.677401	-0.954792	0.973894	-0.354295	M	1.999758	0.02691	-0.012264	0.03441	-0.003689	0.031615	-0.014697	0.160801	-1.139967	0.350677	0.206016	2.761012
cell_000299	donor_022	0.698566	0.101926	-0.762323	-0.354295	M	2.008278	0.01265	-0.012264	0.03441	-0.003689	0.031615	-0.014697	0.12998	1.348235	-1.498686	1.020095	0.226273
cell_000300	donor_022	-0.859206	-0.537663	0.542594	-0.354295	M	1.359058	0.03463	-0.012264	0.03441	-0.003689	0.031615	-0.014697	0.269739	0.283569	1.706338	0.255104	-0.784122
cell_000301	donor_022	-0.955625	0.437512	-1.241756	-0.354295	M	2.917402	0.01418	-0.012264	0.03441	-0.003689	0.031615	-0.014697	-0.615938	0.817127	0.447455	-1.530474	0.514642
cell_000302	donor_022	-0.204069	0.109648	2.445130	-0.354295	M	1.896193	0.04211	-0.012264	0.03441	-0.003689	0.031615	-0.014697	-1.082342	0.438258	-0.805554	-0.281482	-0.544808
cell_000303	donor_023	-1.377316	1.472015	0.149842	0.587961	M	2.026245	0.04962	0.000377	0.016095	0.013242	0.022015	-0.009749	1.518913	0.401848	1.261113	2.895213	0.046805
cell_000304	donor_023	0.411172	0.118348	0.444727	0.587961	M	1.749505	0.05407	0.000377	0.016095	0.013242	0.022015	-0.009749	1.50199	-0.699456	1.254878	-0.807509	-0.018415
cell_000305	donor_023	-0.153685	1.454050	-0.456471	0.587961	M	1.893196	0.06239	0.000377	0.016095	0.013242	0.022015	-0.009749	0.536878	0.694231	-1.272552	-0.867022	0.61145
cell_000306	donor_023	1.132235	-0.644367	-0.060252	0.587961	M	1.856849	0.00352	0.000377	0.016095	0.013242	0.022015	-0.009749	-0.367717	-1.397349	-0.070977	-0.118972	0.176915
cell_000307	donor_023	-1.071963	0.455024	1.445126	0.587961	M	1.998828	0.00602	0.000377	0.016095	0.013242	0.022015	-0.009749	0.529241	0.465651	-0.768173	-0.410828	0.927789
cell_000308	donor_023	-0.077356	-0.196886	-1.114617	0.587961	M	1.994164	0.08856	0.000377	0.016095	0.013242	0.022015	-0.009749	-0.543185	-0.395092	-1.504269	-0.02868	0.34527
cell_000309	donor_023	-0.229293	-1.592794	-0.912878	0.587961	M	2.321947	0.05019	0.000377	0.016095	0.013242	0.022015	-0.009749	-1.975493	-1.07025	-1.421728	0.788352	-1.912351
cell_000310	donor_023	0.226786	1.319013	2.809211	0.587961	M	2.090888	0.03449	0.000377	0.016095	0.013242	0.022015	-0.009749	-0.078685	0.717862	0.187822	-0.439959	0.346468
cell_000311	donor_023	-0.586585	1.435300	0.243752	0.587961	M	2.281713	0.03064	0.000377	0.016095	0.013242	0.022015	-0.009749	1.036973	-0.107612	-2.238937	1.147733	0.400265
cell_000312	donor_023	-0.151248	0.432594	0.061916	0.587961	M	1.996076	0.02886	0.000377	0.016095	0.013242	0.022015	-0.009749	-0.033076	-1.980372	-0.298309	-0.875477	-1.216279
cell_000313	donor_023	0.110396	-0.408333	-1.398110	0.587961	M	2.092501	0.00867	0.000377	0.016095	0.013242	0.022015	-0.009749	-0.136449	-0.535967	-0.470099	0.739626	0.255572
cell_000314	donor_024	-1.543625	0.653245	-0.276700	-0.781588	M	1.903478	0.01455	0.001696	0.024968	-0.014105	0.011451	-0.004383	-0.495515	-0.622381	-0.454859	-0.247444	0.58405
cell_000315	donor_024	-0.596089	0.008506	0.794932	-0.781588	M	2.401245	0.02776	0.001696	0.024968	-0.014105	0.011451	-0.004383	-1.04256	1.458439	0.584772	-2.737928	0.085349
cell_000316	donor_024	0.180364	-0.656055	1.226293	-0.781588	M	2.129049	0.01568	0.001696	0.024968	-0.014105	0.011451	-0.004383	1.040737	0.388706	-0.412341	-0.061092	0.17832
cell_000317	donor_024	1.579186	0.494557	0.973664	-0.781588	M	1.93677	0.0183	0.001696	0.024968	-0.014105	0.011451	-0.004383	0.769588	-1.415095	-0.605018	1.638578	0.032947
cell_000318	donor_024	1.241960	1.130099	0.614099	-0.781588	M	1.924836	0.08117	0.001696	0.024968	-0.014105	0.011451	-0.004383	1.527902	2.985593	-0.492035	-1.197281	-0.265531
cell_000319	donor_024	0.598347	0.519661	-1.097338	-0.781588	M	1.956304	0.02497	0.001696	0.024968	-0.014105	0.011451	-0.004383	1.098993	1.238896	2.271977	-0.036806	0.488057
cell_000320	donor_024	0.700723	-1.355814	-0.794599	-0.781588	M	2.012178	0.03556	0.001696	0.024968	-0.014105	0.011451	-0.004383	-0.71177	-2.506985	-0.039653	-1.153754	0.643357
cell_000321	donor_024	1.303565	0.840220	1.487398	-0.781588	M	1.977456	0.03485	0.001696	0.024968	-0.014105	0.011451	-0.004383	-1.881393	-0.739333	0.267679	0.372362	-0.047439
cell_000322	donor_024	-0.271674	-1.152249	-0.240437	-0.781588	M	1.776463	0.04179	0.001696	0.024968	-0.014105	0.011451	-0.004383	1.867345	1.569464	-0.684327	1.60941	1.762201
cell_000323	donor_024	0.102031	0.078989	1.133680	-0.781588	M	2.30596	0.02045	0.001696	0.024968	-0.014105	0.011451	-0.004383	-0.123902	0.045403	-0.050722	-0.644999	-0.545668
cell_000324	donor_024	-0.361270	0.352034	-0.988627	-0.781588	M	2.33123	0.05494	0.001696	0.024968	-0.014105	0.011451	-0.004383	1.319323	0.437376	-0.55419	-0.925996	-0.75811
cell_000325	donor_024	0.450317	0.003109	-0.749813	-0.781588	M	2.713543	0.03887	0.001696	0.024968	-0.014105	0.011451	-0.004383	-0.163855	0.91317	-0.860081	0.901703	0.196957
cell_000326	donor_024	-0.235829	-0.184176	-0.270155	-0.781588	M	1.758548	0.00426	0.001696	0.024968	-0.014105	0.011451	-0.004383	0.142842	1.025796	0.843359	-1.404518	-1.084014
cell_000327	donor_024	1.771341	-0.098446	-0.243896	-0.781588	M	2.266575	0.02785	0.001696	0.024968	-0.014105	0.011451	-0.004383	-0.229516	0.355973	1.364576	0.065068	1.703696
cell_000328	donor_024	-2.097451	-0.894207	-0.263073	-0.781588	M	1.236345	0.02656	0.001696	0.024968	-0.014105	0.011451	-0.004383	-0.706676	-0.537579	-0.305683	-0.817228	1.159404
cell_000329	donor_024	-0.685853	1.381708	-0.164938	-0.781588	M	2.331617	0.02564	0.001696	0.024968	-0.014105	0.011451	-0.004383	-2.769831	-0.503569	1.148207	-0.312318	1.072886
cell_000330	donor_024	1.288444	0.061705	0.037228	-0.781588	M	1.417367	0.04019	0.001696	0.024968	-0.014105	0.011451	-0.004383	2.197684	0.080385	1.168934	2.419138	0.402091
cell_000331	donor_025	-0.088796	0.003796	1.718795	1.927398	F	1.606268	0.04269	0.004117	0.001691	-0.015766	-0.005214	0.002899	-0.048063	0.902465	1.184217	-0.038815	-0.483844
cell_000332	donor_025	-2.319611	-2.001546	-0.543171	1.927398	F	2.13289	0.04033	0.004117	0.001691	-0.015766	-0.005214	0.002899	1.717395	-0.270614	1.193729	0.262867	1.826965
cell_000333	donor_025	0.014528	0.690104	0.473087	1.927398	F	1.7514	0.03678	0.004117	0.001691	-0.015766	-0.005214	0.002899	-0.849046	-0.85098	0.854486	-1.130339	0.116628
cell_000334	donor_025	-0.384246	1.019044	1.030195	1.927398	F	1.696659	0.03171	0.004117	0.001691	-0.015766	-0.005214	0.002899	1.548409	-1.784832	0.402139	1.211745	-0.025908
cell_000335	donor_025	0.184058	0.962658	0.272645	1.927398	F	1.806074	0.01302	0.004117	0.001691	-0.015766	-0.005214	0.002899	-0.927093	-0.262608	-0.83852	0.069158	-0.276706
cell_000336	donor_025	-0.561483	0.697817	0.110613	1.927398	F	2.29185	0.04556	0.004117	0.001691	-0.015766	-0.005214	0.002899	-0.513261	0.466147	1.579116	0.327821	1.343666
cell_000337	donor_025	0.001340	1.472954	-2.450872	1.927398	F	1.626844	0.03977	0.004117	0.001691	-0.015766	-0.005214	0.002899	1.578825	-0.58664	0.274859	-0.424948	-1.482164
cell_000338	donor_025	-1.417684	-1.187070	-0.363261	1.927398	F	1.978338	0.0103	0.004117	0.001691	-0.015766	-0.005214	0.002899	0.355761	-1.05215	0.484303	-1.555878	0.170993
cell_000339	donor_025	-0.254608	-1.507326	-0.985158	1.927398	F	1.848537	0.03561	0.004117	0.001691	-0.015766	-0.005214	0.002899	-1.570733	0.673865	-0.39338	-0.489793	1.126505
cell_000340	donor_025	-0.860842	2.457424	1.801742	1.927398	F	2.327956	0.04296	0.004117	0.001691	-0.015766	-0.005214	0.002899	-0.32157	0.110853	-0.198616	0.507392	1.042945
cell_000341	donor_025	-0.411749	-0.363583	-1.149204	1.927398	F	2.339169	0.05342	0.004117	0.001691	-0.015766	-0.005214	0.002899	0.835635	-0.466669	1.209047	-0.916351	-0.742482
cell_000342	donor_025	-1.908130	-0.116880	-0.997852	1.927398	F	1.265887	0.04021	0.004117	0.001691	-0.015766	-0.005214	0.002899	-0.127801	1.0468	-1.170151	0.891484	-0.054747
cell_000343	donor_025	-0.084851	-1.600206	-0.761974	1.927398	F	2.418044	0.03643	0.004117	0.001691	-0.015766	-0.005214	0.002899	-0.433734	1.097806	-0.802671	2.285676	-0.176642
cell_000344	donor_025	0.148627	0.366210	0.417472	1.927398	F	1.755698	0.04894	0.004117	0.001691	-0.015766	-0.005214	0.002899	0.149842	1.542905	0.17593	1.188869	-1.953158
cell_000345	donor_025	-1.320489	0.854686	-0.800212	1.927398	F	2.094517	0.02387	0.004117	0.001691	-0.015766	-0.005214	0.002899	-0.442597	0.396734	1.081419	0.769697	0.676032
cell_000346	donor_025	0.632858	-0.010639	-1.376387	1.927398	F	1.624437	0.03824	0.004117	0.001691	-0.015766	-0.005214	0.002899	1.061058	0.47502	-2.143184	1.442203	-0.837665
cell_000347	donor_026	-0.316198	0.365364	0.612965	-1.690612	M	2.148454	0.01758	-0.002054	0.031455	0.020199	0.0058	-0.015263	0.313625	0.181005	0.047328	-1.106041	-1.938693
cell_000348	donor_026	-0.140988	1.531779	1.007511	-1.690612	M	3.02054	0.05221	-0.002054	0.031455	0.020199	0.0058	-0.015263	-1.002379	0.826238	-1.446622	-0.880281	0.418047
cell_000349	donor_026	-0.256654	0.750122	1.933793	-1.690612	M	2.050866	0.00219	-0.002054	0.031455	0.020199	0.0058	-0.015263	-1.027425	-0.543048	0.081822	0.282643	-1.047226
cell_000350	donor_026	1.960485	-1.228000	-0.926533	-1.690612	M	1.816061	0.04633	-0.002054	0.031455	0.020199	0.0058	-0.015263	0.140943	0.398855	-1.273201	0.214843	-0.716583
cell_000351	donor_026	1.484919	-1.058281	-1.322541	-1.690612	M	1.907136	0.03035	-0.002054	0.031455	0.020199	0.0058	-0.015263	0.123915	0.723079	-0.176259	0.913415	0.790814
cell_000352	donor_026	-0.486194	0.420227	-0.102397	-1.690612	M	1.412388	0.04931	-0.002054	0.031455	0.020199	0.0058	-0.015263	0.90783	0.40311	1.100767	0.385095	-1.66726
cell_000353	donor_026	-0.650564	-0.674212	-0.712337	-1.690612	M	2.579585	0.01439	-0.002054	0.031455	0.020199	0.0058	-0.015263	-0.792071	-0.211257	-0.087223	0.357739	-0.806952
cell_000354	donor_026	-0.879510	2.281633	0.297511	-1.690612	M	2.125153	0.0318	-0.002054	0.031455	0.020199	0.0058	-0.015263	2.008709	-0.102458	-0.007688	-0.670749	-1.003377
cell_000355	donor_026	0.886759	-0.489077	-0.185957	-1.690612	M	1.580441	0.03121	-0.002054	0.031455	0.020199	0.0058	-0.015263	-0.126303	0.027551	-0.086904	1.655156	-0.126309
cell_000356	donor_026	-0.713554	-2.651708	-1.378009	-1.690612	M	1.593473	0.03868	-0.002054	0.031455	0.020199	0.0058	-0.015263	-0.085929	0.815295	-0.171066	0.539339	-1.279045
cell_000357	donor_026	-1.810619	-2.249784	-1.195359	-1.690612	M	2.006113	0.00905	-0.002054	0.031455	0.020199	0.0058	-0.015263	-1.271145	0.122059	-0.231618	-0.809025	0.121852
cell_000358	donor_026	1.324956	-0.044436	1.290564	-1.690612	M	2.372798	0.04272	-0.002054	0.031455	0.020199	0.0058	-0.015263	0.2091	-0.709897	-0.518796	0.216617	-1.021078
cell_000359	donor_026	0.410983	0.782559	-0.900897	-1.690612	M	1.539604	0.00692	-0.002054	0.031455	0.020199	0.0058	-0.015263	-0.604033	0.533935	-0.023836	-0.477203	-0.903069
cell_000360	donor_026	0.523951	0.728714	-0.576647	-1.690612	M	2.445364	0.01664	-0.002054	0.031455	0.020199	0.0058	-0.015263	-1.013211	-0.131755	2.025813	0.565787	-1.332864
cell_000361	donor_026	0.559540	0.566188	-0.549553	-1.690612	M	1.963347	0.00125	-0.002054	0.031455	0.020199	0.0058	-0.015263	0.707216	-0.758887	-0.004857	-0.588861	2.022755
cell_000362	donor_027	-1.122768	-1.184128	0.086506	1.71548	M	1.627903	0.04656	-0.01648	0.039476	-0.020198	0.002277	0.007219	-1.134108	0.313612	-0.685324	0.738828	0.293454
cell_000363	donor_027	0.327010	-0.792526	0.026585	1.71548	M	1.812924	0.038	-0.01648	0.039476	-0.020198	0.002277	0.007219	1.254553	0.718118	-0.693534	2.916203	0.555426
cell_000364	donor_027	0.570537	0.618191	1.551880	1.71548	M	2.699422	0.03912	-0.01648	0.039476	-0.020198	0.002277	0.007219	-0.550662	0.20554	0.630834	0.592794	0.496028
cell_000365	donor_027	1.276981	-1.001291	1.683586	1.71548	M	1.444715	0.05946	-0.01648	0.039476	-0.020198	0.002277	0.007219	0.966482	0.868171	-0.847566	2.108054	1.968888
cell_000366	donor_027	-0.530977	1.044873	0.067987	1.71548	M	1.707243	0.02368	-0.01648	0.039476	-0.020198	0.002277	0.007219	0.800965	0.038697	0.055886	-0.323764	-0.194384
cell_000367	donor_027	-0.412149	-1.807697	-0.171565	1.71548	M	2.381033	0.04219	-0.01648	0.039476	-0.020198	0.002277	0.007219	-2.186784	1.530263	1.177454	-1.676687	0.889988
cell_000368	donor_027	-1.559383	0.967299	1.516793	1.71548	M	2.086583	0.03132	-0.01648	0.039476	-0.020198	0.002277	0.007219	-0.007715	-0.199046	0.492842	-1.742787	-0.011249
cell_000369	donor_027	-0.796911	0.301971	-0.725392	1.71548	M	1.683504	0.02828	-0.01648	0.039476	-0.020198	0.002277	0.007219	0.079481	0.080449	-1.367489	0.446916	1.059815
cell_000370	donor_027	-0.628485	0.774495	-0.038538	1.71548	M	2.385917	0.05613	-0.01648	0.039476	-0.020198	0.002277	0.007219	0.407331	-0.229188	2.689041	-0.924575	0.773451
cell_000371	donor_027	1.739648	-0.482232	0.999336	1.71548	M	2.404918	0.07164	-0.01648	0.039476	-0.020198	0.002277	0.007219	0.243274	2.012313	0.38675	0.601155	0.505717
cell_000372	donor_027	0.097413	0.795778	-0.447158	1.71548	M	2.132556	0.02137	-0.01648	0.039476	-0.020198	0.002277	0.007219	-1.058323	-0.86888	-0.275668	0.957383	0.233097
cell_000373	donor_027	-0.049559	-0.115499	-0.836057	1.71548	M	1.755041	0.04667	-0.01648	0.039476	-0.020198	0.002277	0.007219	-0.206735	1.3722	-1.98243	-1.29582	-2.4966
cell_000374	donor_027	0.662082	0.650249	0.593555	1.71548	M	1.816678	0.03638	-0.01648	0.039476	-0.020198	0.002277	0.007219	1.208311	-0.096726	0.966292	-0.109258	1.023184
cell_000375	donor_028	1.536966	1.449345	-0.374945	0.089988	M	2.11387	0.03662	-0.006226	-0.020044	-0.015698	-0.01093	-0.01419	-0.126752	0.409911	0.263513	0.337707	1.684737
cell_000376	donor_028	0.373052	-0.623601	0.023355	0.089988	M	1.475228	0.03494	-0.006226	-0.020044	-0.015698	-0.01093	-0.01419	-1.624425	-0.068383	0.197987	0.048287	-0.397885
cell_000377	donor_028	-0.599749	1.620070	0.363698	0.089988	M	2.531114	0.02334	-0.006226	-0.020044	-0.015698	-0.01093	-0.01419	-0.534716	1.530015	-0.070721	2.437947	0.528275
cell_000378	donor_028	-0.218029	1.193619	-2.170615	0.089988	M	2.680084	0.0417	-0.006226	-0.020044	-0.015698	-0.01093	-0.01419	-0.289656	0.552679	0.108933	1.341999	-1.167722
cell_000379	donor_028	-2.014103	0.795839	0.060468	0.089988	M	1.905618	0.0607	-0.006226	-0.020044	-0.015698	-0.01093	-0.01419	-1.801186	0.360981	0.835696	0.285905	0.672475
cell_000380	donor_028	0.250446	-1.326396	-0.023234	0.089988	M	2.142442	0.01611	-0.006226	-0.020044	-0.015698	-0.01093	-0.01419	0.525437	-1.4804	0.28124	1.316781	0.171767
cell_000381	donor_028	2.003509	0.824200	0.169707	0.089988	M	2.474321	0.02517	-0.006226	-0.020044	-0.015698	-0.01093	-0.01419	-1.309958	-0.333857	0.556757	1.79563	-1.956346
cell_000382	donor_028	-0.439054	-0.394573	-2.129198	0.089988	M	2.782224	0.02559	-0.006226	-0.020044	-0.015698	-0.01093	-0.01419	0.361232	-0.932208	0.507727	0.587831	-0.233147
cell_000383	donor_028	0.257640	0.845483	-1.575619	0.089988	M	2.622793	0.01432	-0.006226	-0.020044	-0.015698	-0.01093	-0.01419	0.631599	1.139896	-0.164572	-1.33716	1.425573
cell_000384	donor_028	-0.661417	-1.157465	-0.965351	0.089988	M	1.305785	0.0348	-0.006226	-0.020044	-0.015698	-0.01093	-0.01419	0.828695	0.563756	-0.690967	0.985436	2.042426
cell_000385	donor_028	0.053482	-2.084402	0.614270	0.089988	M	1.873779	0.02911	-0.006226	-0.020044	-0.015698	-0.01093	-0.01419	-0.12131	0.094493	-1.065191	-0.719542	-1.074569
cell_000386	donor_028	0.753855	-0.251103	-2.480709	0.089988	M	2.200275	0.01567	-0.006226	-0.020044	-0.015698	-0.01093	-0.01419	0.130823	-0.340779	0.3728	-0.891901	-0.167557
cell_000387	donor_028	-0.996419	1.232902	-2.777994	0.089988	M	1.802313	0.03299	-0.006226	-0.020044	-0.015698	-0.01093	-0.01419	-0.953536	0.187572	-1.632324	0.151578	-0.27873
cell_000388	donor_028	-0.347523	-1.180001	0.804570	0.089988	M	2.713107	0.02934	-0.006226	-0.020044	-0.015698	-0.01093	-0.01419	0.180964	-1.652267	0.654716	-0.298743	0.217113
cell_000389	donor_028	-0.675114	0.403954	0.565460	0.089988	M	2.65175	0.04856	-0.006226	-0.020044	-0.015698	-0.01093	-0.01419	-1.870074	-1.242733	-0.390154	1.3755	0.527271
cell_000390	donor_028	1.836226	-0.202942	0.376044	0.089988	M	1.673628	0.00319	-0.006226	-0.020044	-0.015698	-0.01093	-0.01419	0.129875	-0.924308	-1.106265	0.276655	0.700689
cell_000391	donor_029	-1.485055	1.190414	-0.760509	0.552425	M	1.93504	0.01389	0.026554	-0.000183	-0.010476	0.002139	0.013359	0.208974	1.709557	-0.682462	0.17937	-1.693175
cell_000392	donor_029	-0.560754	-0.022248	-1.562884	0.552425	M	1.700178	0.04451	0.026554	-0.000183	-0.010476	0.002139	0.013359	0.211046	1.469373	-1.041509	0.842132	1.44104
cell_000393	donor_029	0.228770	0.967466	0.292934	0.552425	M	1.921949	0.01721	0.026554	-0.000183	-0.010476	0.002139	0.013359	-0.689713	0.46694	1.579632	0.230475	0.786715
cell_000394	donor_029	-1.588898	-0.123809	0.742029	0.552425	M	1.909827	0.01193	0.026554	-0.000183	-0.010476	0.002139	0.013359	-1.773949	0.597137	0.517238	-1.326212	-0.964329
cell_000395	donor_029	-1.877989	-1.074766	0.876544	0.552425	M	2.381703	0.01819	0.026554	-0.000183	-0.010476	0.002139	0.013359	0.604002	-0.302712	1.111938	0.310727	0.056456
cell_000396	donor_029	0.270095	0.411972	1.859495	0.552425	M	1.644614	0.02798	0.026554	-0.000183	-0.010476	0.002139	0.013359	-0.170449	0.292682	0.802932	0.533851	-0.423009
cell_000397	donor_029	0.468553	0.657888	2.710746	0.552425	M	0.9533	0.02806	0.026554	-0.000183	-0.010476	0.002139	0.013359	1.239437	0.657694	0.385234	0.091697	0.50005
cell_000398	donor_029	-0.213805	-0.797883	0.427796	0.552425	M	1.358183	0.0258	0.026554	-0.000183	-0.010476	0.002139	0.013359	-1.831679	0.241309	1.640183	0.219987	0.083477
cell_000399	donor_029	0.438991	-0.526715	-1.032397	0.552425	M	1.588679	0.00943	0.026554	-0.000183	-0.010476	0.002139	0.013359	-0.595884	0.492727	-0.195074	1.3093	-0.86362
cell_000400	donor_029	2.309844	0.326843	-0.732285	0.552425	M	1.737723	0.04546	0.026554	-0.000183	-0.010476	0.002139	0.013359	-0.452305	-0.600878	1.834579	-0.189766	-0.548077
cell_000401	donor_029	0.915930	-0.109145	-0.252881	0.552425	M	2.07487	0.05652	0.026554	-0.000183	-0.010476	0.002139	0.013359	-2.090595	-0.911372	0.527885	0.523876	-0.651203
cell_000402	donor_029	0.562273	-1.291882	0.352627	0.552425	M	1.568082	0.00821	0.026554	-0.000183	-0.010476	0.002139	0.013359	-0.595656	1.859871	2.69638	1.149773	1.55928
cell_000403	donor_029	1.912955	0.466178	-0.376212	0.552425	M	1.51556	0.00107	0.026554	-0.000183	-0.010476	0.002139	0.013359	1.771425	2.214572	-0.301928	-0.878268	1.83349
cell_000404	donor_029	-0.507105	-0.410340	-0.253963	0.552425	M	1.628221	0.05006	0.026554	-0.000183	-0.010476	0.002139	0.013359	-0.964294	-1.028596	-1.005635	-0.131396	-1.984376
cell_000405	donor_030	-0.377807	0.916311	-1.733209	1.334525	M	1.553738	0.0614	-0.006892	0.01804	-0.025423	0.023426	-0.000179	-1.433109	-0.622339	-1.195925	1.062412	0.006648
cell_000406	donor_030	0.862000	-0.379687	0.376948	1.334525	M	1.778203	0.01258	-0.006892	0.01804	-0.025423	0.023426	-0.000179	0.577022	0.46753	-0.206773	0.988132	0.452148
cell_000407	donor_030	-1.126988	1.328631	1.245635	1.334525	M	1.761085	0.04631	-0.006892	0.01804	-0.025423	0.023426	-0.000179	-0.3184	-1.68391	0.520658	-1.261303	0.380283
cell_000408	donor_030	0.959591	-1.514755	0.829121	1.334525	M	2.275623	0.06276	-0.006892	0.01804	-0.025423	0.023426	-0.000179	0.078889	-1.360369	0.258397	0.191319	0.194948
cell_000409	donor_030	0.404855	-1.605271	-0.024297	1.334525	M	1.604188	0.01275	-0.006892	0.01804	-0.025423	0.023426	-0.000179	0.146997	-0.652388	0.591609	-0.687656	-1.074591
cell_000410	donor_030	0.364534	0.556075	0.177261	1.334525	M	1.856961	0.06159	-0.006892	0.01804	-0.025423	0.023426	-0.000179	0.674634	0.936431	0.606198	-0.207195	-1.939466
cell_000411	donor_030	0.291231	1.473611	1.226034	1.334525	M	1.781991	0.02644	-0.006892	0.01804	-0.025423	0.023426	-0.000179	1.48169	-1.955097	0.586061	2.110237	0.149466
cell_000412	donor_030	-2.867055	-0.317439	-0.164651	1.334525	M	2.323554	0.03629	-0.006892	0.01804	-0.025423	0.023426	-0.000179	0.291233	0.379321	0.198167	2.350613	-0.843165
cell_000413	donor_030	-1.752099	0.094183	1.248758	1.334525	M	1.938288	0.01562	-0.006892	0.01804	-0.025423	0.023426	-0.000179	-0.968727	-0.327501	1.740832	-0.576877	0.430298
cell_000414	donor_030	-1.086568	0.336401	-0.915823	1.334525	M	2.420279	0.05002	-0.006892	0.01804	-0.025423	0.023426	-0.000179	1.071009	0.778984	1.018074	1.417986	0.308232
cell_000415	donor_030	-0.671912	1.477394	-0.542558	1.334525	M	1.539052	0.04669	-0.006892	0.01804	-0.025423	0.023426	-0.000179	-0.457049	0.147219	-0.339053	2.521552	-0.532657
cell_000416	donor_030	0.462212	-1.871218	1.862318	1.334525	M	1.980253	0.06449	-0.006892	0.01804	-0.025423	0.023426	-0.000179	0.483141	-1.500866	0.132818	-0.287104	0.675685
cell_000417	donor_030	0.602652	-0.182500	0.575547	1.334525	M	1.769644	0.05881	-0.006892	0.01804	-0.025423	0.023426	-0.000179	0.701753	1.416998	1.337569	-0.066305	-0.944386
cell_000418	donor_031	-1.409819	1.182531	-0.323985	0.857661	M	1.509582	0.02982	-0.00096	-0.01386	-0.024557	-0.033333	-0.015256	-0.827106	0.302738	0.157786	0.257927	-0.53511
cell_000419	donor_031	-0.204070	-0.491656	-0.580651	0.857661	M	1.972996	0.09217	-0.00096	-0.01386	-0.024557	-0.033333	-0.015256	1.437237	-1.472684	-0.590465	-1.077107	-0.208973
cell_000420	donor_031	0.694671	0.255907	0.651748	0.857661	M	2.693171	0.05702	-0.00096	-0.01386	-0.024557	-0.033333	-0.015256	1.246566	-0.287754	0.101477	0.664243	-0.335316
cell_000421	donor_031	-0.008795	0.513200	-0.418849	0.857661	M	1.658836	0.04081	-0.00096	-0.01386	-0.024557	-0.033333	-0.015256	0.382628	0.250756	-1.130809	-0.464315	0.354586
cell_000422	donor_031	2.229732	-1.567930	1.260937	0.857661	M	1.949018	0.01006	-0.00096	-0.01386	-0.024557	-0.033333	-0.015256	1.282192	1.28126	2.095487	0.485457	-0.413315
cell_000423	donor_031	1.367907	-0.852159	2.229274	0.857661	M	1.475107	0.0006	-0.00096	-0.01386	-0.024557	-0.033333	-0.015256	-0.063952	-0.113765	-0.40788	0.382955	0.429488
cell_000424	donor_031	0.995490	0.971139	0.028022	0.857661	M	1.416309	0.0011	-0.00096	-0.01386	-0.024557	-0.033333	-0.015256	-1.173757	1.08817	-1.836804	-0.222482	1.149315
cell_000425	donor_031	-0.217226	-0.209409	0.390531	0.857661	M	1.685099	0.01133	-0.00096	-0.01386	-0.024557	-0.033333	-0.015256	0.607391	-0.356974	1.968824	-0.440074	-2.001951
cell_000426	donor_031	1.401186	0.181314	-0.911444	0.857661	M	1.820007	0.05755	-0.00096	-0.01386	-0.024557	-0.033333	-0.015256	0.45274	-1.778514	-0.831449	0.62275	-0.460858
cell_000427	donor_031	0.824427	0.921151	0.654660	0.857661	M	1.837767	0.03974	-0.00096	-0.01386	-0.024557	-0.033333	-0.015256	0.58061	-1.158099	0.85848	-1.690946	1.318632
cell_000428	donor_031	0.745499	-0.270928	-0.928989	0.857661	M	1.90959	0.01773	-0.00096	-0.01386	-0.024557	-0.033333	-0.015256	-0.475356	1.531159	-0.840512	1.924765	-0.957661
cell_000429	donor_031	-0.868193	-1.635463	0.236949	0.857661	M	1.340667	0.02728	-0.00096	-0.01386	-0.024557	-0.033333	-0.015256	-1.793949	0.043103	1.233989	0.790789	1.162971
cell_000430	donor_031	-0.083449	-0.439988	-2.955619	0.857661	M	1.749622	0.02485	-0.00096	-0.01386	-0.024557	-0.033333	-0.015256	0.81052	-0.820268	0.766417	0.092834	-0.709731
cell_000431	donor_032	-1.247317	1.120841	-0.664626	-0.730027	M	2.200703	0.046	0.011753	-0.019226	-0.030969	-0.018181	-0.007697	0.179354	-0.056326	1.415993	-0.514877	-0.561618
cell_000432	donor_032	0.360592	-1.390685	1.438705	-0.730027	M	1.456702	0.01242	0.011753	-0.019226	-0.030969	-0.018181	-0.007697	-0.698639	1.896848	-0.642686	1.296838	-1.031388
cell_000433	donor_032	-0.144028	0.290040	2.325780	-0.730027	M	1.857942	0.03699	0.011753	-0.019226	-0.030969	-0.018181	-0.007697	0.506624	0.262509	1.233368	1.088379	0.08189
cell_000434	donor_032	1.516440	-0.306566	-0.593220	-0.730027	M	2.117138	0.036	0.011753	-0.019226	-0.030969	-0.018181	-0.007697	-0.537076	1.624962	-0.636947	-2.267724	-1.858565
cell_000435	donor_032	-0.325545	0.509898	-0.105224	-0.730027	M	1.687093	0.01302	0.011753	-0.019226	-0.030969	-0.018181	-0.007697	-1.615061	0.595696	2.214468	-2.039961	-0.782555
cell_000436	donor_032	-0.395244	1.467181	-0.114210	-0.730027	M	2.13661	0.06176	0.011753	-0.019226	-0.030969	-0.018181	-0.007697	0.089026	1.545507	-0.787938	0.5908	-0.250089
cell_000437	donor_032	2.299589	0.090743	1.785318	-0.730027	M	1.391549	0.02409	0.011753	-0.019226	-0.030969	-0.018181	-0.007697	2.607162	0.14454	0.355689	0.084257	-0.414687
cell_000438	donor_032	0.357319	0.962961	-0.724611	-0.730027	M	2.35538	0.01014	0.011753	-0.019226	-0.030969	-0.018181	-0.007697	0.94987	-1.159028	-2.001962	-0.150195	0.815564
cell_000439	donor_032	-0.853759	0.459706	0.988553	-0.730027	M	2.14632	0.04706	0.011753	-0.019226	-0.030969	-0.018181	-0.007697	-0.580777	0.186491	-1.220696	1.062663	0.65191
cell_000440	donor_032	0.040257	-1.286393	-1.360258	-0.730027	M	2.022266	0.03109	0.011753	-0.019226	-0.030969	-0.018181	-0.007697	0.019728	0.16873	-1.393575	-1.348893	-0.121991
cell_000441	donor_032	-1.427136	-1.767622	0.109485	-0.730027	M	2.449927	0.03817	0.011753	-0.019226	-0.030969	-0.018181	-0.007697	0.513735	0.564379	-0.362933	0.745378	1.420792
cell_000442	donor_033	1.125044	-0.013416	-2.260415	0.60009	F	1.86826	0.00631	-0.00691	-0.002578	0.020652	0.024985	0.040109	-0.088667	0.309664	-0.207854	-0.126306	0.169564
cell_000443	donor_033	-0.190760	-0.162799	2.095999	0.60009	F	1.752858	0.04625	-0.00691	-0.002578	0.020652	0.024985	0.040109	1.703264	0.915276	0.825184	-0.453743	-0.898175
cell_000444	donor_033	-1.457138	-0.390678	1.705853	0.60009	F	2.549018	0.07345	-0.00691	-0.002578	0.020652	0.024985	0.040109	0.389535	1.243745	1.723404	-2.452637	2.446388
cell_000445	donor_033	0.449978	0.563313	0.114584	0.60009	F	2.736306	0.00474	-0.00691	-0.002578	0.020652	0.024985	0.040109	0.416987	0.90893	-1.739944	-0.236906	0.822848
cell_000446	donor_033	0.329944	0.777610	-0.809486	0.60009	F	1.722625	0.03708	-0.00691	-0.002578	0.020652	0.024985	0.040109	-1.174748	-2.888311	0.335505	-0.049783	1.441337
cell_000447	donor_033	0.878059	-1.373003	0.328368	0.60009	F	1.954503	0.01429	-0.00691	-0.002578	0.020652	0.024985	0.040109	-0.159918	-0.086719	0.697678	1.03352	-0.708748
cell_000448	donor_033	0.178741	-0.616293	-0.022685	0.60009	F	2.418017	0.08379	-0.00691	-0.002578	0.020652	0.024985	0.040109	0.944499	-0.521734	0.016522	0.67077	0.845136
cell_000449	donor_033	-0.622540	-1.071701	-0.353615	0.60009	F	1.968742	0.05479	-0.00691	-0.002578	0.020652	0.024985	0.040109	0.318315	-1.080555	-1.870255	-0.187956	0.971285
cell_000450	donor_033	-1.103989	0.322797	-1.150085	0.60009	F	2.237835	0.03564	-0.00691	-0.002578	0.020652	0.024985	0.040109	0.449697	0.242033	-0.007027	0.309102	-0.994091
cell_000451	donor_033	0.711977	-1.181479	-0.566295	0.60009	F	2.312161	0.00544	-0.00691	-0.002578	0.020652	0.024985	0.040109	0.780202	0.846306	-0.355266	0.437008	-1.716549
cell_000452	donor_034	-0.624603	1.325147	0.330290	1.867474	M	1.775078	0.01028	-0.032498	-0.017118	0.01397	-0.009081	0.017216	0.180048	-0.133125	1.259233	-0.198643	0.868665
cell_000453	donor_034	-0.211734	0.498719	-2.107192	1.867474	M	2.16771	0.04493	-0.032498	-0.017118	0.01397	-0.009081	0.017216	-0.391173	-2.286101	-0.225536	0.196757	0.150838
cell_000454	donor_034	-0.043134	1.997514	0.132347	1.867474	M	1.997523	0.00275	-0.032498	-0.017118	0.01397	-0.009081	0.017216	0.165951	-0.506454	-0.323728	-1.126344	-1.996606
cell_000455	donor_034	0.067913	0.548128	0.895605	1.867474	M	1.513253	0.00338	-0.032498	-0.017118	0.01397	-0.009081	0.017216	-0.106459	-0.745203	1.079836	-2.181984	0.291019
cell_000456	donor_034	-1.997467	-1.682326	0.210291	1.867474	M	1.604139	0.03018	-0.032498	-0.017118	0.01397	-0.009081	0.017216	2.121487	-0.182846	-0.002748	0.426347	0.504519
cell_000457	donor_034	-0.714877	1.312025	-0.315174	1.867474	M	1.739033	0.03267	-0.032498	-0.017118	0.01397	-0.009081	0.017216	-0.408507	-1.008296	0.652721	-1.908061	0.832228
cell_000458	donor_034	-1.934531	-1.268014	-2.749676	1.867474	M	2.371408	0.0376	-0.032498	-0.017118	0.01397	-0.009081	0.017216	-0.391799	0.003085	-0.525608	1.430883	0.249011
cell_000459	donor_034	-0.234126	-0.188384	-0.424463	1.867474	M	2.384543	0.02121	-0.032498	-0.017118	0.01397	-0.009081	0.017216	-0.321738	-0.349903	-0.148157	2.39694	-1.317088
cell_000460	donor_034	1.078879	1.198520	-0.170388	1.867474	M	2.299965	0.0484	-0.032498	-0.017118	0.01397	-0.009081	0.017216	1.082882	0.568105	1.539812	0.629067	0.003363
cell_000461	donor_034	-2.134694	0.617282	0.555360	1.867474	M	2.176044	0.01276	-0.032498	-0.017118	0.01397	-0.009081	0.017216	1.020028	0.229769	0.754956	1.428219	0.09252
cell_000462	donor_034	0.309392	0.981480	-1.164828	1.867474	M	2.165131	0.04253	-0.032498	-0.017118	0.01397	-0.009081	0.017216	-0.424385	-0.643812	0.45054	-0.878168	-0.349805
cell_000463	donor_034	2.008755	-0.959428	0.749223	1.867474	M	2.111024	0.03428	-0.032498	-0.017118	0.01397	-0.009081	0.017216	-0.967569	0.508339	-0.752156	-1.286733	-1.110775
cell_000464	donor_034	-1.687348	-0.930265	1.516369	1.867474	M	2.163039	0.04201	-0.032498	-0.017118	0.01397	-0.009081	0.017216	-0.571088	-0.480301	0.251453	-0.161623	0.370311
cell_000465	donor_034	-0.260900	0.839923	0.236955	1.867474	M	2.190145	0.05364	-0.032498	-0.017118	0.01397	-0.009081	0.017216	0.450613	0.7405	-1.907825	-1.127223	0.554887
cell_000466	donor_035	-0.104958	1.363850	-0.236659	-0.887292	F	1.438231	0.02089	0.004142	0.031584	0.020854	0.02122	-0.008237	0.211412	0.976933	-1.544018	-0.475155	-0.29638
cell_000467	donor_035	-1.780738	-0.803240	0.551192	-0.887292	F	1.683901	0.01678	0.004142	0.031584	0.020854	0.02122	-0.008237	0.166564	0.035877	0.469078	-0.114654	1.372336
cell_000468	donor_035	0.395509	-1.567058	-0.724343	-0.887292	F	1.588431	0.00377	0.004142	0.031584	0.020854	0.02122	-0.008237	1.691209	-1.117897	0.045111	0.797994	0.585328
cell_000469	donor_035	-0.581721	-0.365470	-1.375914	-0.887292	F	2.442858	0.01038	0.004142	0.031584	0.020854	0.02122	-0.008237	-0.407844	0.254865	-1.583458	-0.019142	-1.460304
cell_000470	donor_035	-0.628371	-0.728610	0.771533	-0.887292	F	2.66164	0.02648	0.004142	0.031584	0.020854	0.02122	-0.008237	0.507979	-1.115958	0.163033	0.319196	0.075864
cell_000471	donor_035	0.809121	-0.145810	-0.392040	-0.887292	F	1.132381	0.02785	0.004142	0.031584	0.020854	0.02122	-0.008237	-0.631953	-0.210368	1.181072	-0.424608	0.02143
cell_000472	donor_035	0.139924	-0.816575	-1.146832	-0.887292	F	2.625926	0.00828	0.004142	0.031584	0.020854	0.02122	-0.008237	-0.556789	1.020427	0.077831	-0.763974	0.007125
cell_000473	donor_035	-0.940221	-0.634813	-1.163474	-0.887292	F	2.034689	0.01258	0.004142	0.031584	0.020854	0.02122	-0.008237	-0.241032	1.392582	-0.044688	-1.382749	0.498633
cell_000474	donor_035	0.162060	0.729716	-1.587098	-0.887292	F	2.405088	0.06047	0.004142	0.031584	0.020854	0.02122	-0.008237	1.786087	1.196931	-1.102934	-0.268728	-0.030683
cell_000475	donor_035	0.025129	-0.219936	0.341509	-0.887292	F	2.202587	0.04752	0.004142	0.031584	0.020854	0.02122	-0.008237	-0.018549	0.380962	-0.344101	-0.915624	0.9518
cell_000476	donor_035	-0.012939	-1.453599	-1.262389	-0.887292	F	2.576158	0.00477	0.004142	0.031584	0.020854	0.02122	-0.008237	-1.123566	-0.802117	-1.129781	0.612212	0.106471
cell_000477	donor_035	0.029424	1.028781	-2.214187	-0.887292	F	2.083897	0.02115	0.004142	0.031584	0.020854	0.02122	-0.008237	0.883504	-0.785193	-1.253013	-0.443901	-0.182497
cell_000478	donor_035	0.345727	1.189622	-0.153026	-0.887292	F	1.454618	0.03812	0.004142	0.031584	0.020854	0.02122	-0.008237	0.209096	-1.682392	0.478731	-0.894239	-0.647416
cell_000479	donor_035	0.550202	-0.703069	-0.119366	-0.887292	F	1.95773	0.01747	0.004142	0.031584	0.020854	0.02122	-0.008237	1.17371	-2.183197	0.322502	0.318729	-0.818785
cell_000480	donor_035	-1.620914	-2.344343	0.942766	-0.887292	F	2.206262	0.01383	0.004142	0.031584	0.020854	0.02122	-0.008237	-0.447004	1.221047	1.962924	1.064726	1.885872
cell_000481	donor_035	-0.984995	-0.455528	-1.386442	-0.887292	F	1.913616	0.02324	0.004142	0.031584	0.020854	0.02122	-0.008237	-0.691332	-1.580084	-0.052622	0.804859	-1.85475
cell_000482	donor_035	-1.409970	-0.173838	-0.729577	-0.887292	F	2.263093	0.05181	0.004142	0.031584	0.020854	0.02122	-0.008237	-0.926457	-0.815395	0.356564	0.22762	-0.775161
cell_000483	donor_036	0.377971	0.452538	0.320850	2.118429	F	1.973721	0.05363	-0.001949	-0.006105	-0.030118	0.029435	0.014908	0.179811	-1.144805	-0.426425	-1.264789	-0.150238
cell_000484	donor_036	0.238601	1.577768	-1.067594	2.118429	F	1.761796	0.01529	-0.001949	-0.006105	-0.030118	0.029435	0.014908	-0.800489	0.690375	-0.026187	-0.226743	1.768124
cell_000485	donor_036	-0.054935	1.132690	1.264540	2.118429	F	1.565609	0.03921	-0.001949	-0.006105	-0.030118	0.029435	0.014908	0.383288	-0.368154	-0.583735	-1.181173	-0.065884
cell_000486	donor_036	-1.421764	-0.312355	1.358121	2.118429	F	1.843274	0.02987	-0.001949	-0.006105	-0.030118	0.029435	0.014908	0.307614	-1.914376	-1.363984	-0.516103	-1.098181
cell_000487	donor_036	0.508079	0.195263	-0.217685	2.118429	F	2.081829	0.00984	-0.001949	-0.006105	-0.030118	0.029435	0.014908	0.043257	0.182152	-0.122307	0.550174	-0.584912
cell_000488	donor_036	-0.383801	0.288219	-0.252374	2.118429	F	1.216243	0.02406	-0.001949	-0.006105	-0.030118	0.029435	0.014908	-0.045905	-1.003314	0.28462	0.075908	-1.198535
cell_000489	donor_036	-0.042579	0.078599	-0.678072	2.118429	F	1.687969	0.00472	-0.001949	-0.006105	-0.030118	0.029435	0.014908	-0.155059	-0.037822	0.281012	0.318119	-0.721186
cell_000490	donor_036	0.532129	2.914245	-1.776987	2.118429	F	1.201323	0.05326	-0.001949	-0.006105	-0.030118	0.029435	0.014908	0.763645	0.523056	-0.72458	-1.142697	-0.648152
cell_000491	donor_036	0.324013	-0.760190	0.577403	2.118429	F	1.75317	0.06105	-0.001949	-0.006105	-0.030118	0.029435	0.014908	-1.471648	0.208007	1.18356	1.421546	-1.089341
cell_000492	donor_036	0.046557	0.761855	1.175507	2.118429	F	2.478926	0.02179	-0.001949	-0.006105	-0.030118	0.029435	0.014908	0.786804	0.084501	-2.39594	-0.332397	-0.443683
cell_000493	donor_037	0.192421	1.132052	-2.344298	0.385702	M	1.525553	0.01702	-0.006901	0.026092	-0.012607	-0.036763	0.020147	1.210818	-0.870955	0.563064	-0.107088	-1.445809
cell_000494	donor_037	1.590452	0.375062	1.077843	0.385702	M	2.281264	0.05109	-0.006901	0.026092	-0.012607	-0.036763	0.020147	-0.552185	1.531631	-0.173371	0.905867	0.851054
cell_000495	donor_037	-1.219876	-0.830770	0.145938	0.385702	M	3.13953	0.05432	-0.006901	0.026092	-0.012607	-0.036763	0.020147	-0.448264	-1.283422	-1.151818	1.451667	0.151737
cell_000496	donor_037	-0.017038	0.283069	1.084515	0.385702	M	2.581415	0.00771	-0.006901	0.026092	-0.012607	-0.036763	0.020147	-1.733821	0.833961	-1.786851	-0.826124	0.081294
cell_000497	donor_037	-1.765220	0.973819	0.008282	0.385702	M	2.053405	0.02704	-0.006901	0.026092	-0.012607	-0.036763	0.020147	2.520419	0.816001	-0.48239	0.028314	0.919709
cell_000498	donor_037	-0.203782	-1.471115	0.503049	0.385702	M	2.343374	0.02882	-0.006901	0.026092	-0.012607	-0.036763	0.020147	1.421863	-0.247639	-0.218617	-0.830049	0.665159
cell_000499	donor_037	-2.414108	0.648394	-1.492106	0.385702	M	1.452127	0.01458	-0.006901	0.026092	-0.012607	-0.036763	0.020147	1.025972	-1.938685	-0.396806	-1.213446	0.150907
cell_000500	donor_037	0.053458	-0.119169	1.169538	0.385702	M	1.370634	0.03772	-0.006901	0.026092	-0.012607	-0.036763	0.020147	-1.237946	-1.320141	1.123519	-0.165594	-0.059906
cell_000501	donor_037	-0.178655	-0.694139	-0.506603	0.385702	M	2.011479	0.016	-0.006901	0.026092	-0.012607	-0.036763	0.020147	0.431685	0.970819	-0.418593	-0.396315	-0.392067
cell_000502	donor_037	1.272883	0.536297	-0.385630	0.385702	M	2.159444	0.01919	-0.006901	0.026092	-0.012607	-0.036763	0.020147	1.081509	-0.068135	-0.291098	0.390896	1.831254
cell_000503	donor_037	-0.236446	-1.567177	0.388474	0.385702	M	2.437762	0.02797	-0.006901	0.026092	-0.012607	-0.036763	0.020147	0.074283	-0.269447	1.942999	1.329802	1.184825
cell_000504	donor_037	-1.759816	0.751796	0.128622	0.385702	M	1.772495	0.00022	-0.006901	0.026092	-0.012607	-0.036763	0.020147	-0.500687	-0.599828	-1.834154	0.964917	0.076997
cell_000505	donor_037	2.386952	-1.100136	-0.102662	0.385702	M	2.077358	0.01113	-0.006901	0.026092	-0.012607	-0.036763	0.020147	-1.800888	1.201848	-0.337351	-0.21408	-1.512969
cell_000506	donor_037	1.798288	1.191390	-0.696212	0.385702	M	2.063645	0.04837	-0.006901	0.026092	-0.012607	-0.036763	0.020147	0.492198	0.50177	-0.047988	-0.418238	2.626468
cell_000507	donor_037	0.223967	0.001999	0.281956	0.385702	M	1.947442	0.01519	-0.006901	0.026092	-0.012607	-0.036763	0.020147	-1.203368	-0.721437	0.708257	-1.01444	-1.088207
cell_000508	donor_037	-0.698680	-0.089320	-1.598052	0.385702	M	1.97101	0.0727	-0.006901	0.026092	-0.012607	-0.036763	0.020147	1.131519	0.605192	0.484138	0.181825	-0.692153
cell_000509	donor_038	0.135123	0.450021	-0.227419	-0.433228	M	1.658118	0.06944	-0.025571	-0.003916	0.004122	0.007709	0.016968	-0.252671	-0.079075	0.846216	0.425857	-0.927843
cell_000510	donor_038	-1.615051	0.988532	0.364525	-0.433228	M	2.111883	0.01987	-0.025571	-0.003916	0.004122	0.007709	0.016968	0.789542	-1.678506	-0.320422	-1.142048	-0.857103
cell_000511	donor_038	-0.726015	-0.280600	-1.500669	-0.433228	M	2.07802	0.07678	-0.025571	-0.003916	0.004122	0.007709	0.016968	1.926586	-1.470674	-0.819194	0.510402	-0.470003
cell_000512	donor_038	-1.025410	-0.537811	1.228421	-0.433228	M	1.823995	0.04875	-0.025571	-0.003916	0.004122	0.007709	0.016968	0.155558	1.42955	0.654628	-0.468682	-0.133719
cell_000513	donor_038	-0.639503	0.640214	-0.538316	-0.433228	M	2.26631	0.01709	-0.025571	-0.003916	0.004122	0.007709	0.016968	0.530606	0.63499	0.020753	0.360609	0.361582
cell_000514	donor_038	0.247948	-0.141396	0.873057	-0.433228	M	2.411133	0.02164	-0.025571	-0.003916	0.004122	0.007709	0.016968	-0.092227	-0.605238	0.742596	0.291795	-2.08098
cell_000515	donor_038	-0.534811	-1.572528	-1.381949	-0.433228	M	2.270951	0.04376	-0.025571	-0.003916	0.004122	0.007709	0.016968	-0.825836	-0.480672	-0.201131	1.203945	3.202326
cell_000516	donor_038	-0.531877	-1.249060	0.410212	-0.433228	M	1.583023	0.03063	-0.025571	-0.003916	0.004122	0.007709	0.016968	-2.458821	0.304406	0.069586	-0.18049	0.54294
cell_000517	donor_038	-0.465768	2.374607	-1.737715	-0.433228	M	2.039858	0.03863	-0.025571	-0.003916	0.004122	0.007709	0.016968	0.149789	-0.361434	0.029243	0.556567	0.461471
cell_000518	donor_038	0.203633	-1.127953	-0.493401	-0.433228	M	1.635427	0.02542	-0.025571	-0.003916	0.004122	0.007709	0.016968	0.188632	-0.583448	2.819143	0.359513	0.762463
cell_000519	donor_038	0.141419	-2.325371	0.236826	-0.433228	M	2.038622	0.00712	-0.025571	-0.003916	0.004122	0.007709	0.016968	-0.507802	0.189574	0.181608	-1.91195	-0.716661
cell_000520	donor_038	1.902907	-0.453438	0.259808	-0.433228	M	1.636985	0.02146	-0.025571	-0.003916	0.004122	0.007709	0.016968	-0.735143	-0.600457	-1.069839	0.043856	1.397359
cell_000521	donor_038	1.024922	-0.163954	-0.580960	-0.433228	M	2.510865	0.04413	-0.025571	-0.003916	0.004122	0.007709	0.016968	0.130489	-1.18127	-1.030904	-0.377051	-1.415607
cell_000522	donor_038	-2.275736	0.640991	-0.113168	-0.433228	M	2.313333	0.02291	-0.025571	-0.003916	0.004122	0.007709	0.016968	0.304457	1.353099	-0.575904	0.076134	-0.428961
cell_000523	donor_038	-1.012684	0.126597	-0.583680	-0.433228	M	2.461196	0.02279	-0.025571	-0.003916	0.004122	0.007709	0.016968	-0.629628	0.189576	-0.663305	-0.8084	-1.619291
cell_000524	donor_038	-0.528426	0.606291	-1.338382	-0.433228	M	2.420689	0.00039	-0.025571	-0.003916	0.004122	0.007709	0.016968	0.064588	1.067009	0.707309	1.491993	-0.674515
cell_000525	donor_039	1.047315	-1.397686	-0.662701	-0.893289	F	1.89176	0.03182	0.011617	0.010998	-0.015815	0.005885	-0.030111	0.850809	-1.102633	0.709259	1.644187	0.498382
cell_000526	donor_039	1.922946	1.127355	0.097604	-0.893289	F	1.829756	0.00776	0.011617	0.010998	-0.015815	0.005885	-0.030111	1.661812	-0.598732	-0.134231	-0.915684	0.03479
cell_000527	donor_039	-0.940530	-0.529272	0.073275	-0.893289	F	2.69669	0.04837	0.011617	0.010998	-0.015815	0.005885	-0.030111	0.269674	0.026035	-0.474139	-0.490716	0.345171
cell_000528	donor_039	0.037523	-0.090871	-0.030833	-0.893289	F	1.933952	0.01532	0.011617	0.010998	-0.015815	0.005885	-0.030111	-0.159287	-1.151803	-1.897286	-0.595488	-1.382269
cell_000529	donor_039	-0.214375	-1.441979	-0.516511	-0.893289	F	1.458168	0.02409	0.011617	0.010998	-0.015815	0.005885	-0.030111	-0.83557	-0.423305	-0.146099	-0.666006	2.191201
cell_000530	donor_039	0.914624	-1.368334	-0.189556	-0.893289	F	2.402987	0.07328	0.011617	0.010998	-0.015815	0.005885	-0.030111	-1.261103	1.209212	-0.162568	-0.657526	0.587576
cell_000531	donor_039	-0.819754	0.111350	-0.388633	-0.893289	F	2.05751	0.02387	0.011617	0.010998	-0.015815	0.005885	-0.030111	-0.452878	-0.806965	1.78981	-2.19446	-0.244874
cell_000532	donor_039	1.477394	0.506583	-1.311803	-0.893289	F	2.602378	0.02119	0.011617	0.010998	-0.015815	0.005885	-0.030111	0.190072	1.408023	-0.398431	2.661015	0.759119
cell_000533	donor_039	0.671228	-0.774652	-0.576996	-0.893289	F	2.097188	0.04171	0.011617	0.010998	-0.015815	0.005885	-0.030111	-2.367293	-1.453683	0.236934	-1.143866	0.547833
cell_000534	donor_039	0.313819	-0.491747	0.892856	-0.893289	F	1.991999	0.00571	0.011617	0.010998	-0.015815	0.005885	-0.030111	-0.45373	-1.196026	-0.964589	0.851914	-2.022954
cell_000535	donor_039	-0.774510	-0.618947	-0.656371	-0.893289	F	2.610448	0.05502	0.011617	0.010998	-0.015815	0.005885	-0.030111	1.045275	1.074537	-0.331407	-1.404443	0.555864
cell_000536	donor_039	-0.565639	1.099192	0.628796	-0.893289	F	1.384613	0.04988	0.011617	0.010998	-0.015815	0.005885	-0.030111	-0.486359	-1.515118	1.90914	-0.884413	-1.472151
cell_000537	donor_040	1.709944	2.267644	-1.030717	-0.223287	F	1.765855	0.04049	0.031243	-0.028051	-0.006929	-0.026377	-0.014603	0.285051	-0.067847	1.486188	-0.38052	-0.369956
cell_000538	donor_040	0.070419	-1.176200	-0.777606	-0.223287	F	1.645055	0.03754	0.031243	-0.028051	-0.006929	-0.026377	-0.014603	0.335228	0.199518	0.230038	0.271951	0.164616
cell_000539	donor_040	-0.630083	-1.057155	-1.051887	-0.223287	F	1.121968	0.02481	0.031243	-0.028051	-0.006929	-0.026377	-0.014603	-0.416483	0.832678	-0.359897	0.80435	1.387762
cell_000540	donor_040	-0.144284	-1.216718	0.842127	-0.223287	F	2.349271	0.00454	0.031243	-0.028051	-0.006929	-0.026377	-0.014603	-0.677541	2.404483	-0.712613	-0.705388	0.539991
cell_000541	donor_040	-0.917754	2.809569	-0.451384	-0.223287	F	1.777033	0.05248	0.031243	-0.028051	-0.006929	-0.026377	-0.014603	0.441562	0.071815	0.818251	0.25263	2.065742
cell_000542	donor_040	0.072018	-1.295341	1.706092	-0.223287	F	2.362147	0.05105	0.031243	-0.028051	-0.006929	-0.026377	-0.014603	-0.053225	-0.854494	-0.551709	0.471324	0.485952
cell_000543	donor_040	1.119501	0.296916	-1.346803	-0.223287	F	2.155635	0.03776	0.031243	-0.028051	-0.006929	-0.026377	-0.014603	0.206476	-0.849504	1.108648	1.936991	0.029225
cell_000544	donor_040	0.210667	-1.121431	1.462355	-0.223287	F	2.242857	0.00594	0.031243	-0.028051	-0.006929	-0.026377	-0.014603	1.810605	0.866256	2.218687	0.472644	0.136603
cell_000545	donor_040	0.809195	0.095439	-2.436376	-0.223287	F	1.81784	0.05989	0.031243	-0.028051	-0.006929	-0.026377	-0.014603	0.842401	-0.433585	0.407117	1.330716	0.81951
cell_000546	donor_040	-0.983416	0.687761	1.212884	-0.223287	F	1.694301	0.02475	0.031243	-0.028051	-0.006929	-0.026377	-0.014603	-0.030958	0.200416	0.757677	0.724447	0.750064
cell_000547	donor_040	1.109170	-1.592013	0.301552	-0.223287	F	2.035904	0.06611	0.031243	-0.028051	-0.006929	-0.026377	-0.014603	0.339438	-0.824545	-0.665153	0.461167	0.831459
cell_000548	donor_040	1.015515	-1.658336	-0.007905	-0.223287	F	2.367667	0.03531	0.031243	-0.028051	-0.006929	-0.026377	-0.014603	0.701936	-0.675217	-0.151167	-1.174279	-1.391429
cell_000549	donor_040	0.273842	-0.300765	-1.852162	-0.223287	F	1.979847	0.04014	0.031243	-0.028051	-0.006929	-0.026377	-0.014603	0.081479	1.358156	0.099804	1.908135	-0.164104
cell_000550	donor_040	-0.325698	-0.327305	-0.148072	-0.223287	F	1.719225	0.02079	0.031243	-0.028051	-0.006929	-0.026377	-0.014603	0.031217	-0.991007	-0.347244	-1.189938	-1.545337
cell_000551	donor_040	-0.563471	-0.443012	-0.039706	-0.223287	F	1.520393	0.05814	0.031243	-0.028051	-0.006929	-0.026377	-0.014603	-1.172931	0.085275	-0.736706	-0.499873	0.409871
cell_000552	donor_041	0.442455	-0.304427	-0.409649	-1.955278	M	2.081665	0.04217	0.000269	-0.010575	0.022885	0.004538	-0.009258	-1.548798	0.081036	0.848075	0.934559	0.516567
cell_000553	donor_041	0.092354	-1.920916	0.477035	-1.955278	M	1.778373	0.05886	0.000269	-0.010575	0.022885	0.004538	-0.009258	-0.052182	-0.623739	-0.082359	1.653463	0.273066
cell_000554	donor_041	-0.000563	0.039694	0.960734	-1.955278	M	1.971304	0.03355	0.000269	-0.010575	0.022885	0.004538	-0.009258	-0.106882	0.563693	0.049724	0.225793	-0.246717
cell_000555	donor_041	-1.952816	-1.973834	0.273804	-1.955278	M	1.904488	0.02906	0.000269	-0.010575	0.022885	0.004538	-0.009258	-0.414938	0.996	-1.95035	0.478602	-0.476753
cell_000556	donor_041	-0.007117	0.170177	-0.462127	-1.955278	M	1.822228	0.0419	0.000269	-0.010575	0.022885	0.004538	-0.009258	-1.905212	-0.974609	-0.036046	0.101479	0.740004
cell_000557	donor_041	0.664354	0.932639	0.483982	-1.955278	M	2.117521	0.05885	0.000269	-0.010575	0.022885	0.004538	-0.009258	0.808018	-1.546715	0.377504	0.728544	0.218923
cell_000558	donor_041	-0.260828	-2.107689	0.769236	-1.955278	M	2.221802	0.05033	0.000269	-0.010575	0.022885	0.004538	-0.009258	0.502441	-1.932521	-0.990215	1.366047	-0.279708
cell_000559	donor_041	1.221729	0.644558	-0.879642	-1.955278	M	2.786112	0.03276	0.000269	-0.010575	0.022885	0.004538	-0.009258	2.223104	-1.278422	1.563772	-0.610706	0.862436
cell_000560	donor_041	0.673794	0.860530	1.558816	-1.955278	M	2.303187	0.00714	0.000269	-0.010575	0.022885	0.004538	-0.009258	-0.295382	0.115678	0.595543	-0.613353	0.801106
cell_000561	donor_041	-0.876110	-0.226455	0.747272	-1.955278	M	2.637473	0.04621	0.000269	-0.010575	0.022885	0.004538	-0.009258	-0.265874	0.17805	-2.645171	-0.337335	1.263542
cell_000562	donor_041	0.057410	-1.117328	0.414616	-1.955278	M	1.67256	0.00123	0.000269	-0.010575	0.022885	0.004538	-0.009258	0.694677	0.886546	0.053318	1.676275	0.288439
cell_000563	donor_042	0.578662	0.087963	0.219585	-0.415244	M	1.359622	0.0307	-0.002672	0.024394	0.018177	-0.022775	-0.013613	-0.6601	0.855141	0.922598	0.629591	-0.402934
cell_000564	donor_042	-0.258706	1.478279	-0.900692	-0.415244	M	1.994228	0.02768	-0.002672	0.024394	0.018177	-0.022775	-0.013613	0.281472	1.393325	0.47755	-1.477763	-0.628764
cell_000565	donor_042	-0.587321	0.010986	0.878954	-0.415244	M	2.343211	0.00164	-0.002672	0.024394	0.018177	-0.022775	-0.013613	-0.675265	-0.754323	-2.111284	1.890578	-0.876288
cell_000566	donor_042	-1.497373	-1.310297	-2.037729	-0.415244	M	2.280465	0.03745	-0.002672	0.024394	0.018177	-0.022775	-0.013613	-0.803948	-1.941708	0.866429	-0.090865	-0.350914
cell_000567	donor_042	0.032695	-1.118306	-0.384550	-0.415244	M	2.484553	0.07309	-0.002672	0.024394	0.018177	-0.022775	-0.013613	-0.298001	0.587804	-0.480022	-1.988901	-1.291536
cell_000568	donor_042	0.661378	-0.641543	0.231282	-0.415244	M	0.985382	0.02375	-0.002672	0.024394	0.018177	-0.022775	-0.013613	-1.343471	0.275318	0.930019	1.465806	-1.634894
cell_000569	donor_042	-0.299338	0.672114	0.475128	-0.415244	M	2.501191	0.04532	-0.002672	0.024394	0.018177	-0.022775	-0.013613	0.62027	-0.615071	2.923458	1.383554	1.701895
cell_000570	donor_042	-0.691934	-0.168652	1.043743	-0.415244	M	2.134185	0.07711	-0.002672	0.024394	0.018177	-0.022775	-0.013613	0.80244	0.381888	-0.402583	-0.599321	-0.800105
cell_000571	donor_042	0.393377	-1.396962	0.655618	-0.415244	M	1.382395	0.04725	-0.002672	0.024394	0.018177	-0.022775	-0.013613	0.617576	1.560403	-0.356808	-0.722349	-1.483503
cell_000572	donor_042	-1.084611	1.412513	1.024099	-0.415244	M	2.289412	0.0171	-0.002672	0.024394	0.018177	-0.022775	-0.013613	0.244692	1.229267	1.279327	1.378439	0.415407
cell_000573	donor_042	0.289885	0.157233	-0.209032	-0.415244	M	2.067793	0.03474	-0.002672	0.024394	0.018177	-0.022775	-0.013613	0.090189	1.282252	-1.110061	-0.440845	1.710848
cell_000574	donor_042	0.678524	-0.370778	0.235570	-0.415244	M	2.152492	0.03962	-0.002672	0.024394	0.018177	-0.022775	-0.013613	-1.074606	-0.034458	0.631331	0.082699	1.149418
cell_000575	donor_042	0.871934	-0.561807	-0.616193	-0.415244	M	2.399644	0.05868	-0.002672	0.024394	0.018177	-0.022775	-0.013613	1.525678	0.479664	1.390063	-0.928675	-0.157539
cell_000576	donor_042	-1.194365	-1.064473	-1.828395	-0.415244	M	2.17211	0.05428	-0.002672	0.024394	0.018177	-0.022775	-0.013613	2.405191	1.94293	-1.276939	-0.012762	0.136075
cell_000577	donor_042	0.729829	1.808915	1.425329	-0.415244	M	1.41087	0.0254	-0.002672	0.024394	0.018177	-0.022775	-0.013613	0.416526	1.274043	1.839159	0.037416	1.121986
cell_000578	donor_042	-1.626084	0.724855	1.422106	-0.415244	M	1.942789	0.01288	-0.002672	0.024394	0.018177	-0.022775	-0.013613	0.648196	-0.021131	-1.698158	1.018474	0.605194
cell_000579	donor_043	-0.456810	0.101447	-2.007893	-0.262927	M	1.352942	0.0286	0.009496	0.007067	-0.021008	0.014983	-0.017817	0.389589	-0.981266	1.959137	0.152472	-1.141376
cell_000580	donor_043	0.266736	-1.063560	0.199635	-0.262927	M	2.259625	0.00969	0.009496	0.007067	-0.021008	0.014983	-0.017817	-1.30232	0.677472	0.70725	-0.46301	0.462625
cell_000581	donor_043	-1.561203	0.542858	1.024513	-0.262927	M	2.559188	0.044	0.009496	0.007067	-0.021008	0.014983	-0.017817	0.667606	0.139925	-0.701341	0.961356	0.837631
cell_000582	donor_043	-0.783180	-1.136923	-2.156023	-0.262927	M	1.503419	0.01549	0.009496	0.007067	-0.021008	0.014983	-0.017817	0.56768	-0.833732	-1.331032	0.076524	0.929571
cell_000583	donor_043	-0.266414	-0.581594	-1.551019	-0.262927	M	1.731414	0.02993	0.009496	0.007067	-0.021008	0.014983	-0.017817	1.040373	0.584382	-0.450454	-0.804207	-0.016867
cell_000584	donor_043	0.453019	-0.449970	-1.075736	-0.262927	M	1.647052	0.01949	0.009496	0.007067	-0.021008	0.014983	-0.017817	-0.007384	1.107295	-0.479714	-0.396649	2.054991
cell_000585	donor_043	-0.554572	1.071305	0.602937	-0.262927	M	1.818438	0.01006	0.009496	0.007067	-0.021008	0.014983	-0.017817	1.551222	-0.88278	1.468752	-1.121882	-0.434059
cell_000586	donor_043	-0.130026	0.619105	-1.160912	-0.262927	M	2.164969	0.03083	0.009496	0.007067	-0.021008	0.014983	-0.017817	-0.320243	-0.077592	0.619756	0.106473	0.614727
cell_000587	donor_043	0.032370	0.147322	-0.469837	-0.262927	M	1.822772	0.03686	0.009496	0.007067	-0.021008	0.014983	-0.017817	-0.401841	0.374223	0.078967	-1.38833	0.48301
cell_000588	donor_043	0.435458	-0.780433	0.509821	-0.262927	M	2.261012	0.02063	0.009496	0.007067	-0.021008	0.014983	-0.017817	0.096055	-0.71391	-0.424842	-0.400321	-0.244918
cell_000589	donor_043	0.551859	-2.917160	1.190306	-0.262927	M	2.426152	0.05743	0.009496	0.007067	-0.021008	0.014983	-0.017817	1.758958	2.090254	-2.726039	0.488174	0.954951
cell_000590	donor_043	-3.047633	-0.616049	1.025348	-0.262927	M	2.440704	0.03115	0.009496	0.007067	-0.021008	0.014983	-0.017817	-0.216077	0.92809	1.654168	-1.371842	0.133762
cell_000591	donor_043	-0.317287	-1.466186	-1.093737	-0.262927	M	1.552728	0.01257	0.009496	0.007067	-0.021008	0.014983	-0.017817	1.956747	-1.237765	-0.115232	-0.448397	1.051893
cell_000592	donor_043	1.026906	-1.921505	1.128991	-0.262927	M	2.554372	0.00751	0.009496	0.007067	-0.021008	0.014983	-0.017817	1.191246	0.162327	0.032209	-1.719148	1.423003
cell_000593	donor_043	-0.055102	-1.192395	-0.583115	-0.262927	M	2.586429	0.02574	0.009496	0.007067	-0.021008	0.014983	-0.017817	-0.353166	-0.142325	0.9716	0.1976	1.003842
cell_000594	donor_044	-1.017224	0.866225	0.732428	-1.074414	M	2.621072	0.05227	0.026077	0.010589	-0.022638	-0.010582	-0.010929	0.60341	0.203787	0.310443	-1.122773	-0.14898
cell_000595	donor_044	-1.719161	-0.403592	-0.863186	-1.074414	M	1.936874	0.01353	0.026077	0.010589	-0.022638	-0.010582	-0.010929	1.084047	-0.89864	-0.715276	-0.879624	0.153381
cell_000596	donor_044	1.293510	-1.350099	1.604229	-1.074414	M	1.699263	0.04192	0.026077	0.010589	-0.022638	-0.010582	-0.010929	1.402529	0.54716	-2.176963	0.648625	-0.44209
cell_000597	donor_044	-0.033295	-1.161934	-0.677274	-1.074414	M	1.606304	0.03189	0.026077	0.010589	-0.022638	-0.010582	-0.010929	0.509382	-0.1495	-0.860457	-0.071472	-0.44147
cell_000598	donor_044	-0.801619	-1.274618	0.094827	-1.074414	M	1.559288	0.06986	0.026077	0.010589	-0.022638	-0.010582	-0.010929	0.307715	-0.886005	-1.12477	0.732082	1.10884
cell_000599	donor_044	-1.227916	-2.180366	-0.379676	-1.074414	M	2.004676	0.03781	0.026077	0.010589	-0.022638	-0.010582	-0.010929	0.580058	-0.648773	-0.74007	-0.682489	0.890395
cell_000600	donor_044	-1.802856	-0.752161	-0.909103	-1.074414	M	2.339141	0.01604	0.026077	0.010589	-0.022638	-0.010582	-0.010929	-0.825049	0.884041	0.636903	1.237727	1.063153
cell_000601	donor_044	-0.871216	2.000963	0.056412	-1.074414	M	2.522623	0.04473	0.026077	0.010589	-0.022638	-0.010582	-0.010929	0.542656	-1.468681	0.610128	0.115473	-0.373254
cell_000602	donor_044	0.245371	-1.776398	-0.653963	-1.074414	M	1.805777	0.0454	0.026077	0.010589	-0.022638	-0.010582	-0.010929	1.362224	-0.151336	-0.529449	1.124056	-0.405093
cell_000603	donor_044	0.215303	-1.024529	0.908063	-1.074414	M	1.984525	0.02206	0.026077	0.010589	-0.022638	-0.010582	-0.010929	-0.579493	-1.127154	-0.820176	-0.734389	0.621048
cell_000604	donor_044	-1.202697	-0.286366	-0.586052	-1.074414	M	1.958325	0.00672	0.026077	0.010589	-0.022638	-0.010582	-0.010929	-1.019072	-1.857839	0.30323	-0.633951	-0.016267
cell_000605	donor_044	0.164321	-0.640490	-0.270894	-1.074414	M	1.745888	0.04072	0.026077	0.010589	-0.022638	-0.010582	-0.010929	1.282416	0.071545	1.509621	-0.068147	1.006956
cell_000606	donor_045	-0.236130	-0.734388	0.485094	0.747845	F	2.2943	0.03127	0.003198	-0.00408	-0.02291	-0.027885	0.01098	-0.547427	0.107691	-0.932968	-0.814199	-0.224666
cell_000607	donor_045	0.238388	-0.088614	-0.430458	0.747845	F	2.145139	0.00033	0.003198	-0.00408	-0.02291	-0.027885	0.01098	-1.328534	0.15936	-0.30276	0.23458	-1.313191
cell_000608	donor_045	0.796544	-0.235834	-0.306697	0.747845	F	2.056729	0.03509	0.003198	-0.00408	-0.02291	-0.027885	0.01098	0.701732	1.697614	1.486533	1.903907	0.042431
cell_000609	donor_045	0.104690	1.696587	-1.340356	0.747845	F	2.143322	0.01726	0.003198	-0.00408	-0.02291	-0.027885	0.01098	-0.352328	0.487584	-0.23822	-1.740437	0.8193
cell_000610	donor_045	0.769857	-1.893171	0.217273	0.747845	F	2.24618	0.00031	0.003198	-0.00408	-0.02291	-0.027885	0.01098	-0.234402	-1.467353	-0.508282	-0.21166	0.011833
cell_000611	donor_045	1.575083	0.488669	0.170625	0.747845	F	2.242175	0.02296	0.003198	-0.00408	-0.02291	-0.027885	0.01098	0.023845	1.36902	-1.28854	-0.152144	-0.878964
cell_000612	donor_045	-0.560449	0.031047	-0.252063	0.747845	F	1.664604	0.05566	0.003198	-0.00408	-0.02291	-0.027885	0.01098	1.256168	-0.561454	-0.34383	1.049695	1.324775
cell_000613	donor_045	-0.785977	-0.289876	0.198381	0.747845	F	2.358531	0.05416	0.003198	-0.00408	-0.02291	-0.027885	0.01098	1.472624	-1.643113	0.482914	0.270117	-0.051226
cell_000614	donor_045	-0.767217	-0.806282	-1.360243	0.747845	F	2.102146	0.04894	0.003198	-0.00408	-0.02291	-0.027885	0.01098	0.066568	1.285774	1.038589	0.896913	0.206914
cell_000615	donor_045	0.390725	0.545323	0.231660	0.747845	F	1.826154	0.03538	0.003198	-0.00408	-0.02291	-0.027885	0.01098	2.270591	-0.400623	-1.615961	-0.265244	0.057738
cell_000616	donor_046	0.965170	0.087868	0.392011	-0.218766	F	2.093692	0.04192	0.005725	0.002111	0.005415	-0.012378	0.00368	1.303184	-0.510978	0.49123	-1.477244	1.081418
cell_000617	donor_046	0.303837	-0.091540	-0.530822	-0.218766	F	2.137791	0.03197	0.005725	0.002111	0.005415	-0.012378	0.00368	0.068319	-0.280556	2.131652	1.069907	-1.039842
cell_000618	donor_046	2.214153	-0.451951	-0.665878	-0.218766	F	2.432713	0.0079	0.005725	0.002111	0.005415	-0.012378	0.00368	-0.109392	2.73632	1.978817	0.922963	-1.847048
cell_000619	donor_046	0.434010	0.251854	-1.404792	-0.218766	F	1.581538	0.01189	0.005725	0.002111	0.005415	-0.012378	0.00368	1.33215	-0.635185	1.323518	-0.722668	0.48883
cell_000620	donor_046	1.122678	-0.094195	-1.110931	-0.218766	F	2.529994	0.01786	0.005725	0.002111	0.005415	-0.012378	0.00368	-0.640283	-0.36328	0.622197	-1.318898	2.372418
cell_000621	donor_046	1.188784	0.625676	-1.264542	-0.218766	F	2.009267	0.05803	0.005725	0.002111	0.005415	-0.012378	0.00368	-1.027221	-1.08315	0.625134	1.291941	-0.323703
cell_000622	donor_046	1.777183	0.658797	-0.010196	-0.218766	F	1.797539	0.05153	0.005725	0.002111	0.005415	-0.012378	0.00368	-1.071469	-0.922379	-1.03002	0.30818	-0.069986
cell_000623	donor_046	1.590219	0.159298	-0.028083	-0.218766	F	1.785297	0.0084	0.005725	0.002111	0.005415	-0.012378	0.00368	0.425833	0.364869	0.824312	-0.409944	-0.738205
cell_000624	donor_046	-0.660300	0.581850	0.476603	-0.218766	F	1.599453	0.03107	0.005725	0.002111	0.005415	-0.012378	0.00368	0.156294	-0.05499	0.252952	-0.711713	0.642217
cell_000625	donor_046	0.014680	-0.789986	0.129930	-0.218766	F	1.303634	0.02195	0.005725	0.002111	0.005415	-0.012378	0.00368	-1.178373	-0.440385	1.129041	-1.131315	1.050243
cell_000626	donor_046	-0.069799	-1.333474	-1.471812	-0.218766	F	2.27096	0.0269	0.005725	0.002111	0.005415	-0.012378	0.00368	-1.409099	-1.585226	-1.493862	0.116806	0.729596
cell_000627	donor_046	0.565153	-2.601888	0.205411	-0.218766	F	2.792355	0.01928	0.005725	0.002111	0.005415	-0.012378	0.00368	1.292594	1.212871	0.862699	-0.831783	-0.840504
cell_000628	donor_046	-0.478083	1.308247	-0.493468	-0.218766	F	1.352954	0.05811	0.005725	0.002111	0.005415	-0.012378	0.00368	0.787792	1.421308	-1.031141	1.293999	-1.920337
cell_000629	donor_046	0.659484	-0.396914	0.113748	-0.218766	F	1.619829	0.02962	0.005725	0.002111	0.005415	-0.012378	0.00368	0.389925	-0.103807	-0.20419	0.031271	-0.85373
cell_000630	donor_046	0.736837	-0.462556	0.996555	-0.218766	F	2.300633	0.03432	0.005725	0.002111	0.005415	-0.012378	0.00368	0.446078	0.060668	0.935311	1.59039	0.126917
cell_000631	donor_046	-0.993698	0.294593	0.922640	-0.218766	F	1.981745	0.03449	0.005725	0.002111	0.005415	-0.012378	0.00368	-0.818718	-1.137899	1.698252	1.570373	0.887372
cell_000632	donor_046	0.660037	1.916445	-0.763439	-0.218766	F	2.333768	0.00944	0.005725	0.002111	0.005415	-0.012378	0.00368	0.059854	0.815166	1.304465	-0.617957	0.029795
cell_000633	donor_047	-1.379149	-0.994335	0.660443	-0.635795	F	1.959312	0.03217	0.05077	0.023491	-0.005768	-0.010467	-0.057209	-1.106236	-0.129062	1.544274	1.078548	0.135007
cell_000634	donor_047	0.497923	0.102257	-1.122957	-0.635795	F	1.767749	0.05125	0.05077	0.023491	-0.005768	-0.010467	-0.057209	-2.693233	-0.655793	0.102406	-0.215913	0.032773
cell_000635	donor_047	0.766867	-1.224705	1.158950	-0.635795	F	1.909663	0.05945	0.05077	0.023491	-0.005768	-0.010467	-0.057209	0.24259	-0.533681	-0.007531	-0.149443	-0.703203
cell_000636	donor_047	2.857438	0.366451	0.583108	-0.635795	F	1.047164	0.00704	0.05077	0.023491	-0.005768	-0.010467	-0.057209	1.846338	-0.476459	-2.254209	1.783266	-0.846276
cell_000637	donor_047	-0.492860	-1.810213	-0.602719	-0.635795	F	1.542606	0.00037	0.05077	0.023491	-0.005768	-0.010467	-0.057209	0.899908	-0.680886	0.569278	-0.048147	1.000331
cell_000638	donor_047	-1.092895	-1.447005	1.722360	-0.635795	F	2.379312	0.03124	0.05077	0.023491	-0.005768	-0.010467	-0.057209	-0.213704	-0.65532	0.25702	-0.382492	-1.929173
cell_000639	donor_047	0.272863	0.379688	-0.309022	-0.635795	F	2.47676	0.05218	0.05077	0.023491	-0.005768	-0.010467	-0.057209	-0.601501	2.868769	-1.821373	0.24105	-0.242896
cell_000640	donor_047	-0.172871	0.964551	-0.032337	-0.635795	F	2.562466	0.03719	0.05077	0.023491	-0.005768	-0.010467	-0.057209	1.83642	-1.111038	0.101303	0.686198	-0.179295
cell_000641	donor_047	0.530694	-0.196004	-0.342153	-0.635795	F	2.176348	0.04361	0.05077	0.023491	-0.005768	-0.010467	-0.057209	-0.767553	-0.022196	-0.309496	-0.312303	0.930712
cell_000642	donor_047	-1.406914	-1.977749	-0.261562	-0.635795	F	1.097572	0.0028	0.05077	0.023491	-0.005768	-0.010467	-0.057209	0.40295	0.551767	0.330296	0.95988	1.30426
cell_000643	donor_047	0.056497	-1.286130	-0.034475	-0.635795	F	1.745997	0.01856	0.05077	0.023491	-0.005768	-0.010467	-0.057209	-0.286713	0.819469	-1.296188	-2.253056	1.826405
cell_000644	donor_047	0.053753	-2.156008	-0.915125	-0.635795	F	2.529862	0.01392	0.05077	0.023491	-0.005768	-0.010467	-0.057209	-0.333358	0.252473	-1.225216	-1.271344	-0.712944
cell_000645	donor_047	0.407264	0.387059	-1.153675	-0.635795	F	2.649222	0.02715	0.05077	0.023491	-0.005768	-0.010467	-0.057209	0.642898	-0.516543	-0.33579	-0.744511	1.165788
cell_000646	donor_048	0.158448	1.022407	0.777073	-0.325334	M	2.545059	0.01328	0.021374	0.015732	-0.010877	-0.028634	-0.023105	0.86853	-0.484148	0.684116	-0.245237	-0.337549
cell_000647	donor_048	-0.095286	-0.467976	-0.629344	-0.325334	M	1.905499	0.05665	0.021374	0.015732	-0.010877	-0.028634	-0.023105	-0.049711	0.643234	-0.8922	0.502395	2.497821
cell_000648	donor_048	0.467820	0.195104	0.629404	-0.325334	M	1.47737	0.0611	0.021374	0.015732	-0.010877	-0.028634	-0.023105	0.183121	0.035718	-0.084168	0.478212	-1.610404
cell_000649	donor_048	0.131874	0.818764	0.094593	-0.325334	M	1.983747	0.03281	0.021374	0.015732	-0.010877	-0.028634	-0.023105	1.701084	0.981187	-0.644516	0.031547	-0.557348
cell_000650	donor_048	0.784689	0.870823	-0.804527	-0.325334	M	2.005923	0.00025	0.021374	0.015732	-0.010877	-0.028634	-0.023105	0.299235	0.061351	0.228634	-1.028322	-0.481544
cell_000651	donor_048	-1.808144	1.543493	0.256659	-0.325334	M	2.626226	0.03751	0.021374	0.015732	-0.010877	-0.028634	-0.023105	1.146058	-0.533791	-2.643495	-0.15063	2.411491
cell_000652	donor_048	-1.714486	-0.713819	0.771874	-0.325334	M	2.091117	0.06718	0.021374	0.015732	-0.010877	-0.028634	-0.023105	0.848878	-0.584146	-0.050602	0.679859	-1.756252
cell_000653	donor_048	-0.279677	-0.512061	1.400882	-0.325334	M	2.006672	0.03951	0.021374	0.015732	-0.010877	-0.028634	-0.023105	-0.856059	0.398347	1.594487	-0.439323	1.567017
cell_000654	donor_048	-1.047287	-0.798153	0.211386	-0.325334	M	2.029398	0.0537	0.021374	0.015732	-0.010877	-0.028634	-0.023105	-0.754324	-3.385513	0.743811	0.540399	0.736184
cell_000655	donor_048	0.390455	0.496343	0.911238	-0.325334	M	2.159944	0.0203	0.021374	0.015732	-0.010877	-0.028634	-0.023105	0.697105	0.19175	-0.258815	-0.220688	-0.460401
cell_000656	donor_048	0.198579	0.489384	-0.259209	-0.325334	M	2.250576	0.01258	0.021374	0.015732	-0.010877	-0.028634	-0.023105	-0.400391	-1.811035	-1.214308	-0.163421	-2.240867
cell_000657	donor_048	0.062698	0.107534	0.215098	-0.325334	M	1.710185	0.02858	0.021374	0.015732	-0.010877	-0.028634	-0.023105	-2.00784	-0.334282	-0.128331	-0.313355	-2.379907
cell_000658	donor_048	0.772540	0.555146	0.044217	-0.325334	M	1.576952	0.00853	0.021374	0.015732	-0.010877	-0.028634	-0.023105	1.552395	-1.436231	-0.818161	-1.261768	1.299031
cell_000659	donor_048	-0.809126	0.067671	-0.028018	-0.325334	M	2.548223	0.07528	0.021374	0.015732	-0.010877	-0.028634	-0.023105	0.42142	-0.473243	-0.543656	0.179593	-1.246554
cell_000660	donor_048	0.193182	2.206525	-0.523773	-0.325334	M	1.343583	0.03279	0.021374	0.015732	-0.010877	-0.028634	-0.023105	0.380739	-0.548645	0.519639	0.485723	-0.593612
cell_000661	donor_048	0.422289	1.068462	0.098002	-0.325334	M	2.655099	0.04734	0.021374	0.015732	-0.010877	-0.028634	-0.023105	-2.052712	-0.246825	-1.449473	0.078635	-0.256572
cell_000662	donor_048	2.337845	-0.378039	0.324089	-0.325334	M	1.235729	0.02077	0.021374	0.015732	-0.010877	-0.028634	-0.023105	-0.587995	-1.295562	1.186789	-0.453682	2.353351
cell_000663	donor_049	-0.798806	-0.351525	0.248934	0.355107	M	1.766184	0.00086	0.008888	-0.001787	0.013832	0.001729	0.019335	0.03493	0.351589	0.039212	0.341572	1.092687
cell_000664	donor_049	0.846304	0.319095	1.259115	0.355107	M	2.388742	0.05852	0.008888	-0.001787	0.013832	0.001729	0.019335	1.104226	-1.766608	0.855497	0.497139	0.035892
cell_000665	donor_049	-0.094965	-0.332169	2.703985	0.355107	M	2.000137	0.00752	0.008888	-0.001787	0.013832	0.001729	0.019335	1.712551	1.752767	0.904596	-0.543534	-1.192483
cell_000666	donor_049	0.394238	-0.719482	-0.694264	0.355107	M	1.473409	0.03698	0.008888	-0.001787	0.013832	0.001729	0.019335	0.7544	1.359534	-2.028658	1.086295	-0.254866
cell_000667	donor_049	-0.942680	0.936569	-0.364377	0.355107	M	2.170571	0.03886	0.008888	-0.001787	0.013832	0.001729	0.019335	-1.809003	0.469396	0.909387	-0.351349	-1.057355
cell_000668	donor_049	0.127362	-0.063509	0.731492	0.355107	M	2.026802	0.03148	0.008888	-0.001787	0.013832	0.001729	0.019335	1.712091	-0.668637	1.159472	-1.51305	0.416005
cell_000669	donor_049	-0.846744	-1.075572	0.224297	0.355107	M	1.913581	0.01431	0.008888	-0.001787	0.013832	0.001729	0.019335	0.387507	0.873416	1.492983	-0.81363	0.520775
cell_000670	donor_049	0.600959	0.332532	-0.809454	0.355107	M	1.750431	0.02701	0.008888	-0.001787	0.013832	0.001729	0.019335	-1.366567	-1.377915	-0.578335	0.409327	1.676868
cell_000671	donor_049	0.677485	-0.743861	-0.521539	0.355107	M	1.986158	0.011	0.008888	-0.001787	0.013832	0.001729	0.019335	1.858946	-0.354891	0.305534	0.943005	0.765383
cell_000672	donor_049	-0.943954	1.301158	0.633422	0.355107	M	1.767231	0.04618	0.008888	-0.001787	0.013832	0.001729	0.019335	-0.169457	0.076105	-0.110181	-0.208374	-0.34141
cell_000673	donor_049	0.604993	1.247211	2.812649	0.355107	M	2.973813	0.04143	0.008888	-0.001787	0.013832	0.001729	0.019335	-0.119658	-0.405814	-1.135418	0.86258	0.516258
cell_000674	donor_049	-1.709226	-0.738377	-0.616175	0.355107	M	1.903993	0.02957	0.008888	-0.001787	0.013832	0.001729	0.019335	1.876594	0.369518	-0.41696	-0.626435	0.047366
cell_000675	donor_049	-0.850820	-1.077583	-0.299653	0.355107	M	1.850497	0.01863	0.008888	-0.001787	0.013832	0.001729	0.019335	0.552875	-0.244711	-1.470257	-0.73901	0.018025
cell_000676	donor_049	-1.216604	0.335042	0.051698	0.355107	M	1.783346	0.07215	0.008888	-0.001787	0.013832	0.001729	0.019335	0.740284	-1.485824	0.265083	0.22112	-0.451576
cell_000677	donor_049	0.481029	0.507728	0.603007	0.355107	M	2.71078	0.00396	0.008888	-0.001787	0.013832	0.001729	0.019335	-0.586922	-0.736324	0.140806	1.126819	1.197784
cell_000678	donor_050	-0.373409	2.121143	0.234431	0.073221	F	1.344373	0.00089	0.007392	0.016576	-0.041794	-0.024687	-0.007287	-1.12398	-0.186978	-2.19351	0.109184	0.597648
cell_000679	donor_050	-1.862485	-1.002376	-1.740503	0.073221	F	2.143773	0.02836	0.007392	0.016576	-0.041794	-0.024687	-0.007287	1.570961	-1.786457	-1.08806	0.144137	-1.618388
cell_000680	donor_050	0.017335	-0.121805	-0.468426	0.073221	F	1.904284	0.02484	0.007392	0.016576	-0.041794	-0.024687	-0.007287	0.172212	0.623003	-1.281288	0.132585	-1.212211
cell_000681	donor_050	2.010926	0.548983	0.726098	0.073221	F	1.43064	0.05195	0.007392	0.016576	-0.041794	-0.024687	-0.007287	1.375426	0.206646	-0.640064	-1.238141	0.38915
cell_000682	donor_050	-0.931073	-0.999145	0.036805	0.073221	F	1.672369	0.04292	0.007392	0.016576	-0.041794	-0.024687	-0.007287	1.357936	-0.771504	-0.439645	-0.752141	1.555493
cell_000683	donor_050	0.173007	-1.856312	-0.180307	0.073221	F	2.126782	0.03059	0.007392	0.016576	-0.041794	-0.024687	-0.007287	-1.90864	1.285593	-0.377198	-0.071615	-0.340635
cell_000684	donor_050	0.014072	-0.215149	-0.813390	0.073221	F	1.654243	0.04001	0.007392	0.016576	-0.041794	-0.024687	-0.007287	0.239601	-0.729799	1.058383	1.098997	-0.983409
cell_000685	donor_050	-0.539535	-0.176859	0.090800	0.073221	F	2.103826	0.03964	0.007392	0.016576	-0.041794	-0.024687	-0.007287	0.667467	-0.356494	0.051633	1.525151	-0.674034
cell_000686	donor_050	0.604792	1.080856	-0.294348	0.073221	F	2.691661	0.07207	0.007392	0.016576	-0.041794	-0.024687	-0.007287	0.926549	0.457125	-0.194028	0.367404	0.248412
cell_000687	donor_050	-0.456156	0.437656	0.610845	0.073221	F	2.06824	0.03507	0.007392	0.016576	-0.041794	-0.024687	-0.007287	-1.158353	-0.606724	-1.045252	-0.276619	1.345035
cell_000688	donor_050	-0.434200	0.790393	0.979585	0.073221	F	1.418595	0.01638	0.007392	0.016576	-0.041794	-0.024687	-0.007287	0.581028	-1.432589	-0.273368	0.233625	0.744088
cell_000689	donor_050	1.291686	1.778321	-0.866416	0.073221	F	1.661281	0.03397	0.007392	0.016576	-0.041794	-0.024687	-0.007287	-0.650767	-1.237432	-0.056343	0.56903	0.234846
cell_000690	donor_050	0.013898	0.011278	-0.098074	0.073221	F	1.885838	0.02237	0.007392	0.016576	-0.041794	-0.024687	-0.007287	-0.884677	1.754619	-0.098816	0.19371	-0.661967
cell_000691	donor_050	-0.649263	-1.485562	0.092679	0.073221	F	1.859106	0.02935	0.007392	0.016576	-0.041794	-0.024687	-0.007287	1.106508	0.571847	0.314663	-1.151655	1.09403
cell_000692	donor_050	-0.768356	0.085993	-0.794044	0.073221	F	2.060806	0.05186	0.007392	0.016576	-0.041794	-0.024687	-0.007287	0.756903	1.014933	0.037029	-0.074861	-0.182093
cell_000693	donor_050	-1.099658	0.234298	0.150922	0.073221	F	2.124977	0.04204	0.007392	0.016576	-0.041794	-0.024687	-0.007287	2.278998	-0.542446	-1.186245	-0.373256	-0.533127
cell_000694	donor_051	0.579282	2.185864	0.277290	-0.700975	M	2.692211	0.03597	0.021591	0.037611	-0.003285	-0.012232	-0.039099	1.259847	-1.355992	-0.561291	0.190523	1.268293
cell_000695	donor_051	0.485082	-1.077561	-1.286907	-0.700975	M	1.998512	0.04298	0.021591	0.037611	-0.003285	-0.012232	-0.039099	0.713132	1.619017	0.345793	-0.203619	0.855557
cell_000696	donor_051	1.582829	-0.923480	-1.043944	-0.700975	M	1.539122	0.05207	0.021591	0.037611	-0.003285	-0.012232	-0.039099	-1.367161	-1.709885	0.976264	0.210567	0.964004
cell_000697	donor_051	-0.039099	-0.090192	-0.902507	-0.700975	M	2.461522	0.0585	0.021591	0.037611	-0.003285	-0.012232	-0.039099	-0.852372	1.284784	0.670359	-0.03112	0.207348
cell_000698	donor_051	-0.304973	1.229376	-0.805994	-0.700975	M	2.50521	0.03895	0.021591	0.037611	-0.003285	-0.012232	-0.039099	0.346928	-0.856732	-0.385015	0.331122	-0.425134
cell_000699	donor_051	-1.393672	0.942594	0.492297	-0.700975	M	2.092977	0.02368	0.021591	0.037611	-0.003285	-0.012232	-0.039099	-1.469419	0.294889	0.836034	1.068535	0.532311
cell_000700	donor_051	-0.620519	-1.582167	-0.744623	-0.700975	M	1.901442	0.01627	0.021591	0.037611	-0.003285	-0.012232	-0.039099	0.818307	0.987509	0.079656	-2.118917	1.159781
cell_000701	donor_051	-0.054704	1.165672	-1.036582	-0.700975	M	2.249019	0.04956	0.021591	0.037611	-0.003285	-0.012232	-0.039099	-0.893318	-1.130877	-1.103407	2.484578	0.440548
cell_000702	donor_051	-0.084520	0.675145	-2.381267	-0.700975	M	1.915568	0.0403	0.021591	0.037611	-0.003285	-0.012232	-0.039099	-1.041616	-0.683416	-0.000725	0.542404	0.279292
cell_000703	donor_051	1.033786	-1.182451	0.331995	-0.700975	M	1.177716	0.03305	0.021591	0.037611	-0.003285	-0.012232	-0.039099	-0.928606	0.317147	-0.611188	1.046915	0.056297
cell_000704	donor_051	0.246683	1.084586	0.550924	-0.700975	M	2.22539	0.01624	0.021591	0.037611	-0.003285	-0.012232	-0.039099	-0.759334	0.688954	0.383245	-0.474866	0.730092
cell_000705	donor_051	-2.377290	-0.784779	0.138205	-0.700975	M	2.356901	0.0493	0.021591	0.037611	-0.003285	-0.012232	-0.039099	0.629117	1.201822	0.710139	-0.213947	-1.69053
cell_000706	donor_051	-0.194980	0.477611	0.789367	-0.700975	M	2.576435	0.02486	0.021591	0.037611	-0.003285	-0.012232	-0.039099	0.186647	0.341804	0.051197	-3.010874	0.67883
cell_000707	donor_051	0.608452	-0.214275	-1.846337	-0.700975	M	1.707697	0.02931	0.021591	0.037611	-0.003285	-0.012232	-0.039099	-0.91205	0.685723	1.700685	-0.252798	0.438484
cell_000708	donor_051	-0.455481	0.416368	-1.090447	-0.700975	M	2.090466	0.02888	0.021591	0.037611	-0.003285	-0.012232	-0.039099	0.032778	0.525584	0.103445	-0.51698	-0.904942
cell_000709	donor_051	0.631275	0.908393	0.126867	-0.700975	M	2.09912	0.039	0.021591	0.037611	-0.003285	-0.012232	-0.039099	1.590466	0.438553	0.830515	0.399063	0.975768
cell_000710	donor_052	-3.063780	-1.278088	1.886189	0.125653	M	2.034153	0.00703	0.017271	-0.011004	0.059167	-0.014788	0.042106	-0.895967	0.083181	0.505486	1.29267	2.673076
cell_000711	donor_052	-0.546538	-1.984143	1.235247	0.125653	M	2.045942	0.04125	0.017271	-0.011004	0.059167	-0.014788	0.042106	0.407519	-0.661101	-1.195643	-0.904815	-0.774119
cell_000712	donor_052	0.013356	1.104940	0.276959	0.125653	M	2.014854	0.01558	0.017271	-0.011004	0.059167	-0.014788	0.042106	-2.901082	-0.675655	0.716741	0.0754	-0.258625
cell_000713	donor_052	0.458559	0.363009	0.697488	0.125653	M	2.0847	0.01628	0.017271	-0.011004	0.059167	-0.014788	0.042106	-1.621953	1.05041	0.511813	-0.012932	-2.202519
cell_000714	donor_052	2.277430	0.971006	-1.580339	0.125653	M	2.296272	0.0477	0.017271	-0.011004	0.059167	-0.014788	0.042106	-0.490773	0.433718	-0.028567	0.191938	0.685446
cell_000715	donor_052	0.446662	1.141481	1.202701	0.125653	M	2.488115	0.0101	0.017271	-0.011004	0.059167	-0.014788	0.042106	0.154739	0.649675	-0.843549	-1.222772	0.477361
cell_000716	donor_052	-0.426605	1.164944	0.927742	0.125653	M	1.697467	0.04767	0.017271	-0.011004	0.059167	-0.014788	0.042106	0.682408	0.518974	0.131586	-0.324041	0.210986
cell_000717	donor_052	2.572517	-0.750002	-0.507401	0.125653	M	1.931079	0.03203	0.017271	-0.011004	0.059167	-0.014788	0.042106	0.3793	0.439297	2.60714	-0.920804	3.225993
cell_000718	donor_052	-0.306119	-0.490222	-0.890021	0.125653	M	1.830957	0.00297	0.017271	-0.011004	0.059167	-0.014788	0.042106	-1.256821	0.385669	-1.194843	0.306244	0.982123
cell_000719	donor_052	-2.762676	-0.434699	0.369358	0.125653	M	1.773731	0.05729	0.017271	-0.011004	0.059167	-0.014788	0.042106	0.032583	0.97308	-0.423682	-2.049864	0.626709
cell_000720	donor_052	-0.493222	1.935381	0.013376	0.125653	M	1.353587	0.03621	0.017271	-0.011004	0.059167	-0.014788	0.042106	0.030638	-0.479614	-0.410562	0.406582	-0.814533
cell_000721	donor_053	1.291029	0.261420	0.826407	-0.050676	M	2.009689	0.03788	0.014967	-0.020565	0.004643	0.015428	-0.004505	0.375245	1.188637	2.06007	1.404527	0.161745
cell_000722	donor_053	0.279242	1.368785	0.055939	-0.050676	M	2.191728	0.05014	0.014967	-0.020565	0.004643	0.015428	-0.004505	0.257665	-0.400249	-0.465643	0.872032	-0.30751
cell_000723	donor_053	0.496121	0.366333	-0.288285	-0.050676	M	1.93796	0.05998	0.014967	-0.020565	0.004643	0.015428	-0.004505	0.3661	-0.96251	1.370313	-0.322457	1.087979
cell_000724	donor_053	0.404982	2.234386	-0.270397	-0.050676	M	1.996417	0.03402	0.014967	-0.020565	0.004643	0.015428	-0.004505	-0.703823	-0.75671	1.328032	-0.626008	-1.5679
cell_000725	donor_053	0.419465	1.257779	1.140253	-0.050676	M	2.167375	0.04235	0.014967	-0.020565	0.004643	0.015428	-0.004505	-1.039941	0.856709	0.760621	-0.762501	-0.631719
cell_000726	donor_053	0.011716	-2.383389	0.516703	-0.050676	M	2.564448	0.03742	0.014967	-0.020565	0.004643	0.015428	-0.004505	0.673016	1.315921	-0.0688	0.554238	0.873433
cell_000727	donor_053	-2.219474	1.469937	0.169474	-0.050676	M	1.832094	0.02314	0.014967	-0.020565	0.004643	0.015428	-0.004505	2.153003	-1.155716	-0.668723	-0.506473	0.827524
cell_000728	donor_053	0.999674	-0.902111	-1.552507	-0.050676	M	1.531355	0.00167	0.014967	-0.020565	0.004643	0.015428	-0.004505	-0.251918	0.312246	0.121843	0.001737	0.107397
cell_000729	donor_053	0.260754	-0.033603	-0.491541	-0.050676	M	1.963824	0.0343	0.014967	-0.020565	0.004643	0.015428	-0.004505	1.029901	-0.970586	-0.148456	-1.215278	0.226557
cell_000730	donor_053	0.084661	2.767436	0.834526	-0.050676	M	2.753425	0.05758	0.014967	-0.020565	0.004643	0.015428	-0.004505	-0.195529	1.069243	-0.004823	-0.443839	-0.24671
cell_000731	donor_053	1.049499	0.843937	1.479462	-0.050676	M	1.53564	0.04167	0.014967	-0.020565	0.004643	0.015428	-0.004505	1.723424	-1.570081	-0.627516	0.036008	-0.636426
cell_000732	donor_053	-0.190072	-2.054761	-0.188586	-0.050676	M	2.260054	0.00865	0.014967	-0.020565	0.004643	0.015428	-0.004505	0.490682	-0.056485	0.255985	0.117828	-0.103045
cell_000733	donor_054	0.811736	-0.969800	-0.176366	-1.139464	M	2.463165	0.05195	0.01676	0.016319	0.011927	-0.000329	-0.023499	-1.290824	0.176092	-1.763409	-0.671961	0.489205
cell_000734	donor_054	-0.691770	1.502029	0.749457	-1.139464	M	1.053786	0.02381	0.01676	0.016319	0.011927	-0.000329	-0.023499	1.189688	2.349416	-0.428254	-0.865125	0.522284
cell_000735	donor_054	0.651541	0.621601	-0.037249	-1.139464	M	2.164089	0.01184	0.01676	0.016319	0.011927	-0.000329	-0.023499	1.869969	1.532745	-1.035079	-0.140509	0.850367
cell_000736	donor_054	0.197556	-1.185185	-2.186442	-1.139464	M	2.241364	0.05036	0.01676	0.016319	0.011927	-0.000329	-0.023499	0.919711	0.591862	-0.448749	0.582965	0.929351
cell_000737	donor_054	0.150081	0.323990	1.209265	-1.139464	M	1.893066	0.01109	0.01676	0.016319	0.011927	-0.000329	-0.023499	-0.93202	1.330236	0.99196	-0.741961	0.92491
cell_000738	donor_054	1.571336	1.569998	-0.998024	-1.139464	M	1.741425	0.06561	0.01676	0.016319	0.011927	-0.000329	-0.023499	0.813114	0.851153	1.575973	-0.010462	0.331521
cell_000739	donor_054	-0.352265	0.480334	2.531905	-1.139464	M	1.763735	0.05296	0.01676	0.016319	0.011927	-0.000329	-0.023499	-2.638728	1.115823	1.019586	1.356034	-0.93668
cell_000740	donor_054	1.480099	1.119397	-0.387788	-1.139464	M	1.868573	0.02544	0.01676	0.016319	0.011927	-0.000329	-0.023499	0.962045	1.018749	-0.650917	1.055964	0.463041
cell_000741	donor_054	-0.883200	0.788908	-1.100661	-1.139464	M	1.879162	0.03919	0.01676	0.016319	0.011927	-0.000329	-0.023499	-1.698012	0.584481	-0.767207	-1.675932	0.366553
cell_000742	donor_054	-0.238436	-0.114778	1.592912	-1.139464	M	1.803689	0.07848	0.01676	0.016319	0.011927	-0.000329	-0.023499	-0.065331	1.403814	0.181719	0.778519	0.508809
cell_000743	donor_054	-0.354697	-2.439250	0.504445	-1.139464	M	1.86221	0.05	0.01676	0.016319	0.011927	-0.000329	-0.023499	1.020957	-0.886407	0.198537	-0.140736	0.653683
cell_000744	donor_054	-0.699022	0.042631	-0.086705	-1.139464	M	2.476317	0.03476	0.01676	0.016319	0.011927	-0.000329	-0.023499	0.255813	-0.614038	-0.337934	1.648503	-1.694351
cell_000745	donor_054	-0.273704	0.790341	-1.532865	-1.139464	M	1.514228	0.08778	0.01676	0.016319	0.011927	-0.000329	-0.023499	0.709365	1.241446	0.578837	1.971008	0.938516
cell_000746	donor_055	-0.517014	0.684038	-0.614085	-0.288505	F	1.300377	0.03235	-0.001536	0.003521	-0.037521	0.003385	-0.001936	0.384124	-0.46673	0.402667	0.681682	0.0035
cell_000747	donor_055	-1.608807	0.668555	1.123095	-0.288505	F	2.482714	0.04164	-0.001536	0.003521	-0.037521	0.003385	-0.001936	-0.742827	-1.204223	0.185407	-1.480316	-0.471543
cell_000748	donor_055	-0.044995	-1.960846	0.705970	-0.288505	F	1.923193	0.01128	-0.001536	0.003521	-0.037521	0.003385	-0.001936	-2.43174	0.833019	1.154047	0.078948	1.831459
cell_000749	donor_055	-1.659888	0.308799	-0.887464	-0.288505	F	1.844707	0.00349	-0.001536	0.003521	-0.037521	0.003385	-0.001936	1.347387	0.479786	-0.113214	-0.349398	0.562491
cell_000750	donor_055	-1.159839	-0.441910	-0.183298	-0.288505	F	1.955513	0.02424	-0.001536	0.003521	-0.037521	0.003385	-0.001936	-0.141227	0.54823	0.622454	-0.229579	1.095786
cell_000751	donor_055	-0.644208	0.588703	-0.446069	-0.288505	F	2.083711	0.03077	-0.001536	0.003521	-0.037521	0.003385	-0.001936	-0.228551	0.021339	-0.977525	-0.270617	2.158198
cell_000752	donor_055	0.980191	0.281173	-0.697557	-0.288505	F	1.79038	0.03659	-0.001536	0.003521	-0.037521	0.003385	-0.001936	-0.900387	0.437712	-0.454491	-2.213902	0.55897
cell_000753	donor_055	-0.865940	-1.647496	0.290733	-0.288505	F	2.202372	0.0016	-0.001536	0.003521	-0.037521	0.003385	-0.001936	-0.556124	0.319041	0.989719	0.234598	0.328299
cell_000754	donor_055	-0.354588	-2.372196	-0.535715	-0.288505	F	1.615095	0.04321	-0.001536	0.003521	-0.037521	0.003385	-0.001936	-0.86794	0.706825	-0.189684	-1.998429	0.827244
cell_000755	donor_055	-0.901034	1.575678	-1.702779	-0.288505	F	1.87927	0.01339	-0.001536	0.003521	-0.037521	0.003385	-0.001936	1.132983	1.481122	2.170823	0.773535	0.513972
cell_000756	donor_055	-1.441351	1.109970	1.356763	-0.288505	F	1.114121	0.04217	-0.001536	0.003521	-0.037521	0.003385	-0.001936	1.091548	-0.886995	-1.671969	-0.477009	1.277244
cell_000757	donor_055	-0.744983	-0.632086	0.616235	-0.288505	F	2.468895	0.0487	-0.001536	0.003521	-0.037521	0.003385	-0.001936	-0.661099	0.465611	0.573297	0.244265	-1.277632
cell_000758	donor_055	-2.327100	-1.861194	-0.280733	-0.288505	F	1.929565	0.02209	-0.001536	0.003521	-0.037521	0.003385	-0.001936	0.342706	-0.421553	1.702861	1.136878	-0.386293
cell_000759	donor_056	1.549891	-0.435730	0.100937	0.579338	M	2.268042	0.01072	-0.025933	-0.00666	-0.006237	0.038602	0.004402	1.765736	0.343711	-1.671637	-0.078305	1.635278
cell_000760	donor_056	1.133789	2.106885	-0.576848	0.579338	M	2.19063	0.06087	-0.025933	-0.00666	-0.006237	0.038602	0.004402	-0.819839	-0.06824	-1.359846	-1.201133	-0.83424
cell_000761	donor_056	-0.016837	1.822055	-1.522199	0.579338	M	2.219926	0.04746	-0.025933	-0.00666	-0.006237	0.038602	0.004402	-1.227398	-0.618274	1.738283	-0.036073	0.785522
cell_000762	donor_056	1.027581	-1.018316	0.102472	0.579338	M	1.99689	0.03304	-0.025933	-0.00666	-0.006237	0.038602	0.004402	1.091569	-1.108436	-0.831512	0.765819	-0.634283
cell_000763	donor_056	-0.242619	-0.958012	-0.983102	0.579338	M	2.155291	0.05937	-0.025933	-0.00666	-0.006237	0.038602	0.004402	0.699587	1.677322	-1.455383	-0.356934	-0.198271
cell_000764	donor_056	0.276414	0.995539	-0.129736	0.579338	M	1.615486	0.03167	-0.025933	-0.00666	-0.006237	0.038602	0.004402	-0.526366	-0.607974	-0.492121	-0.015251	0.164885
cell_000765	donor_056	0.070113	0.571174	-0.971619	0.579338	M	1.531529	0.01759	-0.025933	-0.00666	-0.006237	0.038602	0.004402	0.953411	-0.025119	1.118175	-0.5918	-1.201363
cell_000766	donor_056	0.739693	0.819343	2.603626	0.579338	M	1.959558	0.00997	-0.025933	-0.00666	-0.006237	0.038602	0.004402	-0.304754	0.462493	0.860467	1.460234	0.2902
cell_000767	donor_056	-0.376104	-0.458082	0.768966	0.579338	M	1.728089	0.02784	-0.025933	-0.00666	-0.006237	0.038602	0.004402	0.753026	1.368779	-0.779247	-0.210141	2.770913
cell_000768	donor_056	0.819104	-0.535087	-0.403163	0.579338	M	2.570186	0.04543	-0.025933	-0.00666	-0.006237	0.038602	0.004402	0.856389	0.5107	0.893691	-1.335677	-0.646826
cell_000769	donor_057	0.541131	-0.827584	-0.410534	0.572138	F	2.150058	0.0578	0.020721	-0.002356	-0.037478	0.013447	-0.013164	-1.012298	0.418608	-0.368966	0.095388	-0.311016
cell_000770	donor_057	0.089593	0.995939	-0.604599	0.572138	F	1.713407	0.03047	0.020721	-0.002356	-0.037478	0.013447	-0.013164	-1.626406	0.884976	-1.762196	-0.727647	-1.315472
cell_000771	donor_057	-1.842384	-1.916597	-1.259413	0.572138	F	1.891384	0.05426	0.020721	-0.002356	-0.037478	0.013447	-0.013164	-0.879741	0.201859	1.235023	-1.560995	-0.557208
cell_000772	donor_057	-1.313168	-0.154611	-1.188880	0.572138	F	2.053203	0.02571	0.020721	-0.002356	-0.037478	0.013447	-0.013164	-1.749044	-0.605412	0.071892	0.767078	-2.118562
cell_000773	donor_057	-0.702755	-0.774086	-0.440508	0.572138	F	1.972799	0.01437	0.020721	-0.002356	-0.037478	0.013447	-0.013164	0.550552	-0.97264	-1.216191	0.067488	0.627146
cell_000774	donor_057	1.322504	0.661948	0.016129	0.572138	F	2.108698	0.00387	0.020721	-0.002356	-0.037478	0.013447	-0.013164	-0.100455	-1.093131	-0.100981	-0.725179	0.604032
cell_000775	donor_057	-0.461026	-0.433233	0.327746	0.572138	F	2.027462	0.01988	0.020721	-0.002356	-0.037478	0.013447	-0.013164	1.075358	1.011462	-0.019748	1.122661	-1.02098
cell_000776	donor_057	0.584169	-0.907618	0.036481	0.572138	F	1.443737	0.00463	0.020721	-0.002356	-0.037478	0.013447	-0.013164	1.782866	-1.026582	-2.030119	1.365436	-0.710134
cell_000777	donor_057	-2.031620	0.211714	0.762149	0.572138	F	1.139638	0.07019	0.020721	-0.002356	-0.037478	0.013447	-0.013164	0.116739	-1.030808	2.363603	1.821818	1.546554
cell_000778	donor_057	-0.280069	1.816527	-0.881238	0.572138	F	1.850556	0.03879	0.020721	-0.002356	-0.037478	0.013447	-0.013164	0.088358	0.980699	-0.053052	1.122201	-0.410609
cell_000779	donor_057	0.217440	-0.035825	-0.100298	0.572138	F	2.224197	0.02809	0.020721	-0.002356	-0.037478	0.013447	-0.013164	1.584704	-0.460872	-0.347291	-0.466529	0.192452
cell_000780	donor_057	-0.114322	0.107105	0.847959	0.572138	F	1.855052	0.06444	0.020721	-0.002356	-0.037478	0.013447	-0.013164	-0.388196	0.487256	-0.480987	0.790789	1.518367
cell_000781	donor_057	1.377736	-0.002250	0.815316	0.572138	F	2.494626	0.00395	0.020721	-0.002356	-0.037478	0.013447	-0.013164	0.077547	2.218328	1.127529	2.138237	-0.061199
cell_000782	donor_057	-0.701767	0.765955	-0.761992	0.572138	F	1.981245	0.02726	0.020721	-0.002356	-0.037478	0.013447	-0.013164	-1.661459	-0.706137	-0.604137	-0.953025	-2.195905
cell_000783	donor_058	1.090660	2.210641	-0.122084	-0.229964	M	2.542878	0.06999	-0.006712	-0.021059	0.001455	0.021304	0.018655	1.024647	-1.860019	0.928879	2.18555	-0.778333
cell_000784	donor_058	-2.192543	-0.548073	1.231875	-0.229964	M	2.460761	0.02712	-0.006712	-0.021059	0.001455	0.021304	0.018655	0.38757	-0.398632	0.827076	-1.194411	-0.131791
cell_000785	donor_058	0.553077	0.248914	1.008668	-0.229964	M	2.420515	0.07894	-0.006712	-0.021059	0.001455	0.021304	0.018655	1.12118	-0.048871	-1.628628	1.241653	-1.295976
cell_000786	donor_058	0.484453	1.217725	0.919424	-0.229964	M	1.518595	0.04571	-0.006712	-0.021059	0.001455	0.021304	0.018655	0.078734	0.582644	0.11985	2.537437	0.733813
cell_000787	donor_058	1.521700	0.358796	0.905259	-0.229964	M	2.006856	0.05612	-0.006712	-0.021059	0.001455	0.021304	0.018655	-0.20235	0.602663	0.209945	0.044369	0.243787
cell_000788	donor_058	-0.307127	-0.601461	1.706768	-0.229964	M	2.489109	0.0567	-0.006712	-0.021059	0.001455	0.021304	0.018655	-0.434087	0.212902	-0.505491	-1.896196	1.140201
cell_000789	donor_058	0.216205	0.804881	0.123740	-0.229964	M	2.108938	0.03003	-0.006712	-0.021059	0.001455	0.021304	0.018655	-0.565448	0.141387	-0.760422	-0.730236	-1.038989
cell_000790	donor_058	-0.586516	0.010983	1.435994	-0.229964	M	2.221744	0.02024	-0.006712	-0.021059	0.001455	0.021304	0.018655	0.948297	1.189722	0.025935	-0.536658	-1.69307
cell_000791	donor_058	0.555240	-1.711473	-0.215244	-0.229964	M	1.444845	0.02769	-0.006712	-0.021059	0.001455	0.021304	0.018655	0.795431	-0.676557	-1.117261	0.029263	-0.334126
cell_000792	donor_058	1.782294	-0.213797	-1.800479	-0.229964	M	2.767516	0.01026	-0.006712	-0.021059	0.001455	0.021304	0.018655	-1.518054	-1.380721	0.336543	-0.655691	0.510259
cell_000793	donor_058	1.893049	0.682393	-0.070013	-0.229964	M	1.68345	0.02868	-0.006712	-0.021059	0.001455	0.021304	0.018655	0.146531	1.047542	-0.832145	0.232718	0.638275
cell_000794	donor_059	-0.371418	1.082352	-0.541983	0.676773	M	1.20223	0.02991	0.031724	0.034559	-0.040917	-0.023872	-0.036164	-0.626217	1.127203	-1.666278	-0.832941	-1.703688
cell_000795	donor_059	1.148256	0.542195	0.244682	0.676773	M	1.85955	0.06378	0.031724	0.034559	-0.040917	-0.023872	-0.036164	-0.735875	-0.154584	0.831501	-0.15529	-0.595374
cell_000796	donor_059	0.145515	-0.174968	1.045640	0.676773	M	1.021006	0.04187	0.031724	0.034559	-0.040917	-0.023872	-0.036164	-1.549223	-1.214179	0.310206	0.881455	-0.419222
cell_000797	donor_059	-0.865343	-1.621925	0.614440	0.676773	M	1.56595	0.07725	0.031724	0.034559	-0.040917	-0.023872	-0.036164	1.211015	-0.949917	-0.390541	-0.306146	1.529414
cell_000798	donor_059	0.631238	0.480241	0.407728	0.676773	M	3.023405	0.01319	0.031724	0.034559	-0.040917	-0.023872	-0.036164	0.133659	-1.798433	0.951654	1.845928	-0.249741
cell_000799	donor_059	-0.320540	0.787483	-0.045558	0.676773	M	1.847984	0.00566	0.031724	0.034559	-0.040917	-0.023872	-0.036164	-0.897082	0.864257	1.964265	0.848732	-1.623006
cell_000800	donor_059	-0.487114	-0.311891	2.020640	0.676773	M	1.428885	0.02289	0.031724	0.034559	-0.040917	-0.023872	-0.036164	0.754682	0.404207	-0.95463	1.288818	0.438351
cell_000801	donor_059	-1.734976	0.499788	-1.679110	0.676773	M	2.010119	0.05985	0.031724	0.034559	-0.040917	-0.023872	-0.036164	1.314959	-1.061476	0.398778	-0.895095	0.247667
cell_000802	donor_059	-0.108233	-0.433627	-2.085028	0.676773	M	1.640879	0.02781	0.031724	0.034559	-0.040917	-0.023872	-0.036164	1.477225	-1.426418	-1.369001	0.955475	-0.014123
cell_000803	donor_059	0.389038	-0.380038	-2.099206	0.676773	M	2.345808	0.00064	0.031724	0.034559	-0.040917	-0.023872	-0.036164	1.171263	-0.807285	0.051191	0.688129	0.2102
cell_000804	donor_059	0.839568	1.435006	1.490124	0.676773	M	1.644182	0.0251	0.031724	0.034559	-0.040917	-0.023872	-0.036164	-1.788747	2.822598	0.212324	-1.340417	0.3142
cell_000805	donor_059	0.358956	0.046058	1.328157	0.676773	M	2.108293	0.00605	0.031724	0.034559	-0.040917	-0.023872	-0.036164	0.429145	0.993924	0.927145	-0.213845	-1.72208
cell_000806	donor_059	1.682384	1.133569	-0.941538	0.676773	M	1.541176	0.00213	0.031724	0.034559	-0.040917	-0.023872	-0.036164	0.461363	-1.642416	1.215245	-0.732758	0.63496
cell_000807	donor_059	0.201345	0.439516	-1.809617	0.676773	M	3.039611	0.06998	0.031724	0.034559	-0.040917	-0.023872	-0.036164	-0.656169	-0.492036	-0.80097	0.716082	-0.621347
cell_000808	donor_059	0.469361	2.272992	0.639936	0.676773	M	2.201449	0.02297	0.031724	0.034559	-0.040917	-0.023872	-0.036164	0.768532	-0.59519	-0.231418	0.035565	0.153822
cell_000809	donor_060	1.473413	0.182915	-0.073218	-0.979955	F	1.941798	0.03346	0.012639	-0.013862	-0.009784	-0.004332	0.007651	-0.924204	0.703808	-0.271339	0.543901	-0.016228
cell_000810	donor_060	0.381271	-0.815827	-0.963775	-0.979955	F	1.882817	0.02814	0.012639	-0.013862	-0.009784	-0.004332	0.007651	0.586454	-0.411342	-0.789598	0.426858	-0.493734
cell_000811	donor_060	1.266305	1.372342	-0.991106	-0.979955	F	1.77856	0.02497	0.012639	-0.013862	-0.009784	-0.004332	0.007651	1.458786	0.067657	-1.373631	-0.585466	-0.999305
cell_000812	donor_060	0.967999	-0.086960	0.339809	-0.979955	F	1.695635	0.01319	0.012639	-0.013862	-0.009784	-0.004332	0.007651	1.072919	0.773541	-0.061043	0.290074	-0.087679
cell_000813	donor_060	0.460219	0.994350	0.082718	-0.979955	F	1.684641	0.02379	0.012639	-0.013862	-0.009784	-0.004332	0.007651	0.860402	0.519832	0.699976	-0.191846	-0.63156
cell_000814	donor_060	1.410162	0.309413	0.624184	-0.979955	F	2.671332	0.03674	0.012639	-0.013862	-0.009784	-0.004332	0.007651	0.665063	1.55134	1.10601	1.581659	0.162032
cell_000815	donor_060	-0.833263	2.158659	0.469825	-0.979955	F	1.778954	0.05837	0.012639	-0.013862	-0.009784	-0.004332	0.007651	-0.969991	-0.881187	1.37957	-1.861944	1.504757
cell_000816	donor_060	0.712997	-1.608186	-0.822702	-0.979955	F	1.148232	0.04895	0.012639	-0.013862	-0.009784	-0.004332	0.007651	-0.787635	1.92339	-0.070602	0.722571	2.385046
cell_000817	donor_060	1.237884	0.286891	-1.913780	-0.979955	F	1.533613	0.00562	0.012639	-0.013862	-0.009784	-0.004332	0.007651	-0.330148	-0.346933	-0.694839	-1.001783	-0.329824
cell_000818	donor_060	1.038290	-0.543783	1.411317	-0.979955	F	2.37109	0.04977	0.012639	-0.013862	-0.009784	-0.004332	0.007651	-0.554841	-1.250257	-0.210481	0.449787	-0.895905
cell_000819	donor_060	-0.087836	0.204707	1.178955	-0.979955	F	1.89907	0.03951	0.012639	-0.013862	-0.009784	-0.004332	0.007651	-0.16245	1.406504	-1.419531	1.931667	-0.674024
cell_000820	donor_060	-0.897493	-0.992847	-0.196498	-0.979955	F	1.946367	0.01751	0.012639	-0.013862	-0.009784	-0.004332	0.007651	0.200904	1.279163	1.58434	0.469821	-0.694506
cell_000821	donor_060	0.827173	-1.330877	-1.668035	-0.979955	F	2.467926	0.03364	0.012639	-0.013862	-0.009784	-0.004332	0.007651	-0.782811	-0.574892	1.889257	-0.383146	0.323627
cell_000822	donor_060	0.823721	-0.602978	-0.392226	-0.979955	F	1.689133	0.04145	0.012639	-0.013862	-0.009784	-0.004332	0.007651	-1.043757	-1.156344	0.026392	-0.324744	-0.251706
cell_000823	donor_060	-1.856810	-0.678979	-0.007567	-0.979955	F	2.252967	0.03094	0.012639	-0.013862	-0.009784	-0.004332	0.007651	-1.47907	-0.073487	1.54927	-0.853038	0.897435
cell_000824	donor_061	0.930378	-0.771230	1.657376	-0.948988	M	1.732847	0.0396	-0.029706	-0.025177	2.6e-05	0.023975	-0.000508	-3.464363	-0.802345	-1.910391	1.236204	0.878778
cell_000825	donor_061	-0.684556	-0.683092	1.537358	-0.948988	M	2.230351	0.01274	-0.029706	-0.025177	2.6e-05	0.023975	-0.000508	-1.034333	0.289277	1.201709	1.357192	-0.405791
cell_000826	donor_061	0.211460	-0.552025	-0.155133	-0.948988	M	1.843546	0.06986	-0.029706	-0.025177	2.6e-05	0.023975	-0.000508	-2.208856	-0.89854	0.766145	2.098894	-0.054325
cell_000827	donor_061	1.353074	1.466203	-0.816793	-0.948988	M	1.90338	0.00859	-0.029706	-0.025177	2.6e-05	0.023975	-0.000508	-0.606822	2.399361	0.405733	-1.227768	-0.118908
cell_000828	donor_061	-0.042434	0.090157	-0.986240	-0.948988	M	2.328053	0.04156	-0.029706	-0.025177	2.6e-05	0.023975	-0.000508	0.999928	-0.070374	0.794361	-1.605007	-1.434174
cell_000829	donor_061	-0.055685	0.005323	1.140209	-0.948988	M	2.29921	0.03734	-0.029706	-0.025177	2.6e-05	0.023975	-0.000508	-0.734856	-0.282193	0.333949	0.63676	2.466114
cell_000830	donor_061	1.207425	-0.329209	-0.213953	-0.948988	M	1.933829	0.04286	-0.029706	-0.025177	2.6e-05	0.023975	-0.000508	-0.738557	-0.313989	-0.710655	1.079388	1.13395
cell_000831	donor_061	0.664292	-0.585188	0.588640	-0.948988	M	1.811351	0.01583	-0.029706	-0.025177	2.6e-05	0.023975	-0.000508	-0.447656	2.065746	-0.708899	1.029918	1.454523
cell_000832	donor_061	-0.087906	-0.969399	-0.956837	-0.948988	M	2.639659	0.05338	-0.029706	-0.025177	2.6e-05	0.023975	-0.000508	-1.36158	0.577632	-2.725046	0.824212	-1.101606
cell_000833	donor_061	1.447059	-0.156421	1.640354	-0.948988	M	2.235732	0.02784	-0.029706	-0.025177	2.6e-05	0.023975	-0.000508	0.56747	0.754989	1.120138	0.890215	0.055895
cell_000834	donor_061	-0.513636	0.291205	2.392677	-0.948988	M	1.843543	0.00628	-0.029706	-0.025177	2.6e-05	0.023975	-0.000508	-0.380477	-0.074389	-1.116002	-0.211688	-0.290696
cell_000835	donor_061	-1.057387	-1.897814	1.286590	-0.948988	M	1.738766	0.0081	-0.029706	-0.025177	2.6e-05	0.023975	-0.000508	-0.788218	-1.741193	-1.276936	-3.150112	-0.307879
cell_000836	donor_061	-0.826809	-0.020706	-0.585918	-0.948988	M	2.409959	0.03249	-0.029706	-0.025177	2.6e-05	0.023975	-0.000508	0.360499	-2.682566	0.236715	-0.122474	-1.176756
cell_000837	donor_061	0.268163	-0.950536	-0.179940	-0.948988	M	2.04616	0.00193	-0.029706	-0.025177	2.6e-05	0.023975	-0.000508	-0.431205	1.050804	-0.974189	0.078851	0.346596
cell_000838	donor_061	0.449815	-1.008309	-0.700084	-0.948988	M	1.934579	0.06601	-0.029706	-0.025177	2.6e-05	0.023975	-0.000508	-0.822207	1.008271	0.403841	-0.251911	2.36324
cell_000839	donor_061	-0.347383	-1.428815	-0.422561	-0.948988	M	2.04599	0.05098	-0.029706	-0.025177	2.6e-05	0.023975	-0.000508	1.012578	-1.686161	-0.389157	2.466643	-0.982181
cell_000840	donor_061	0.118797	-0.399549	-0.271376	-0.948988	M	2.135119	0.06654	-0.029706	-0.025177	2.6e-05	0.023975	-0.000508	0.066334	1.230993	0.652322	0.796469	0.737591
cell_000841	donor_062	-0.019902	-0.655743	0.691063	-0.251255	F	1.977324	0.06443	-0.015833	-0.042964	0.019054	-0.014719	-0.022949	0.025393	-0.792314	0.434764	-0.402777	-0.481351
cell_000842	donor_062	1.435978	-0.464380	0.485198	-0.251255	F	2.481475	0.02296	-0.015833	-0.042964	0.019054	-0.014719	-0.022949	1.482472	-0.380996	1.70613	0.256766	-0.159148
cell_000843	donor_062	-0.239617	0.365487	1.565780	-0.251255	F	2.503735	0.01261	-0.015833	-0.042964	0.019054	-0.014719	-0.022949	-1.817562	2.119856	-0.00597	-2.27078	0.987726
cell_000844	donor_062	0.508660	-1.773415	0.453996	-0.251255	F	2.212755	0.02356	-0.015833	-0.042964	0.019054	-0.014719	-0.022949	-0.050192	-0.931325	0.931183	-2.548732	-0.714095
cell_000845	donor_062	1.232864	-0.221596	0.995635	-0.251255	F	2.549888	0.02188	-0.015833	-0.042964	0.019054	-0.014719	-0.022949	-0.299402	0.852188	2.240252	-0.244769	0.459944
cell_000846	donor_062	-0.690116	-1.485539	0.141169	-0.251255	F	2.003399	0.06531	-0.015833	-0.042964	0.019054	-0.014719	-0.022949	2.748388	0.004737	0.468199	-1.237351	1.959167
cell_000847	donor_062	-1.756477	-0.239771	1.286842	-0.251255	F	2.276132	0.01344	-0.015833	-0.042964	0.019054	-0.014719	-0.022949	-0.712976	0.268571	0.240236	0.085338	-0.434314
cell_000848	donor_062	-1.909763	-1.279497	-1.032032	-0.251255	F	2.401783	0.0258	-0.015833	-0.042964	0.019054	-0.014719	-0.022949	0.241326	1.757347	2.280934	-0.175143	-0.449463
cell_000849	donor_062	-0.063320	-0.365717	1.399136	-0.251255	F	2.407615	0.01891	-0.015833	-0.042964	0.019054	-0.014719	-0.022949	-0.808764	2.686136	0.128835	1.115043	0.696661
cell_000850	donor_062	0.954348	0.495273	0.145630	-0.251255	F	2.3664	0.0375	-0.015833	-0.042964	0.019054	-0.014719	-0.022949	2.208402	-0.2477	-1.107068	1.859452	0.903306
cell_000851	donor_062	0.393230	-0.861982	0.857210	-0.251255	F	2.252476	0.05572	-0.015833	-0.042964	0.019054	-0.014719	-0.022949	0.456283	1.535193	0.51333	1.569901	0.246592
cell_000852	donor_062	-1.112044	0.835377	1.186143	-0.251255	F	2.782851	0.00078	-0.015833	-0.042964	0.019054	-0.014719	-0.022949	0.901949	0.526391	-0.325284	-0.20539	-0.392862
cell_000853	donor_062	0.210865	-0.176213	0.400310	-0.251255	F	1.784122	0.00304	-0.015833	-0.042964	0.019054	-0.014719	-0.022949	0.265487	-0.455802	0.4359	0.401902	0.205154
cell_000854	donor_062	-2.861518	0.302258	-0.113354	-0.251255	F	1.937912	0.05973	-0.015833	-0.042964	0.019054	-0.014719	-0.022949	0.222519	-0.566158	-0.281976	-1.670609	-0.119869
cell_000855	donor_062	-0.050628	0.706533	-0.074769	-0.251255	F	1.914196	0.04466	-0.015833	-0.042964	0.019054	-0.014719	-0.022949	-0.985811	0.099852	-0.714489	-2.050673	2.252443
cell_000856	donor_063	-1.140207	-0.141403	0.067555	1.497566	F	1.852773	0.02481	-0.034307	-0.028782	-0.019224	-0.004777	-0.024175	-0.231429	1.447058	-0.52699	1.698116	-1.151698
cell_000857	donor_063	0.114934	0.161919	1.039369	1.497566	F	1.204491	0.06414	-0.034307	-0.028782	-0.019224	-0.004777	-0.024175	0.176032	-1.092289	2.600743	-0.249261	0.828453
cell_000858	donor_063	-1.086035	0.175700	1.289930	1.497566	F	2.549946	0.0027	-0.034307	-0.028782	-0.019224	-0.004777	-0.024175	0.450577	-0.025516	0.51772	1.359173	0.668206
cell_000859	donor_063	-1.734611	0.179647	-0.585379	1.497566	F	1.589584	0.04862	-0.034307	-0.028782	-0.019224	-0.004777	-0.024175	0.162455	0.519323	1.915039	-0.41681	-1.853887
cell_000860	donor_063	-0.370710	-0.904808	-0.169551	1.497566	F	2.067926	0.02864	-0.034307	-0.028782	-0.019224	-0.004777	-0.024175	-1.096501	-1.022124	-0.88128	-0.846907	-0.0236
cell_000861	donor_063	1.841256	-1.264430	-1.169610	1.497566	F	1.431256	0.04213	-0.034307	-0.028782	-0.019224	-0.004777	-0.024175	0.247418	0.236672	-0.730278	0.9939	0.534456
cell_000862	donor_063	-1.301935	1.727418	-0.462340	1.497566	F	2.248286	0.01774	-0.034307	-0.028782	-0.019224	-0.004777	-0.024175	1.581309	0.846761	-0.349532	1.305488	0.273586
cell_000863	donor_063	-0.025639	-0.402783	-0.944423	1.497566	F	1.685842	0.02479	-0.034307	-0.028782	-0.019224	-0.004777	-0.024175	0.797979	0.72043	-0.12432	0.10327	-0.131375
cell_000864	donor_063	-0.235151	2.458244	1.392071	1.497566	F	1.545615	0.04474	-0.034307	-0.028782	-0.019224	-0.004777	-0.024175	-0.852946	-2.144695	-0.693806	0.199166	1.085585
cell_000865	donor_063	-0.852938	0.647574	-0.831523	1.497566	F	2.077737	0.02873	-0.034307	-0.028782	-0.019224	-0.004777	-0.024175	0.79599	-0.279613	-0.680177	-0.179874	-0.975006
cell_000866	donor_063	-1.776368	1.019511	1.160093	1.497566	F	1.719706	0.05511	-0.034307	-0.028782	-0.019224	-0.004777	-0.024175	-2.11527	-1.545145	1.374741	1.857285	0.753941
cell_000867	donor_063	1.046052	-0.469865	-0.166776	1.497566	F	1.770336	0.05444	-0.034307	-0.028782	-0.019224	-0.004777	-0.024175	-0.058153	-1.39298	-0.161132	0.611839	0.829881
cell_000868	donor_064	0.749766	0.391496	-0.393637	0.163252	M	2.068716	0.01083	0.003714	-0.004929	0.04444	-0.034089	0.00323	0.688811	1.209568	1.942952	-0.405022	2.805312
cell_000869	donor_064	-1.619072	0.113875	1.079010	0.163252	M	2.319996	0.04648	0.003714	-0.004929	0.04444	-0.034089	0.00323	-2.019938	-0.778311	0.2	0.549026	-0.181636
cell_000870	donor_064	-1.197588	0.638759	0.331542	0.163252	M	1.67264	0.01015	0.003714	-0.004929	0.04444	-0.034089	0.00323	-0.495766	2.202585	-0.543523	-1.019374	1.690826
cell_000871	donor_064	0.750148	0.871975	-0.694465	0.163252	M	1.603523	0.03108	0.003714	-0.004929	0.04444	-0.034089	0.00323	0.849153	1.094717	0.195871	-1.375987	0.08462
cell_000872	donor_064	-1.616959	-0.533520	0.889127	0.163252	M	2.009393	0.04312	0.003714	-0.004929	0.04444	-0.034089	0.00323	-1.513688	0.242307	0.653403	1.07542	-0.092388
cell_000873	donor_064	-0.542004	-0.694043	-1.821350	0.163252	M	2.215701	0.01329	0.003714	-0.004929	0.04444	-0.034089	0.00323	0.74809	-0.903846	0.966631	0.674578	-0.800258
cell_000874	donor_064	1.752648	0.825714	0.769896	0.163252	M	2.585102	0.04574	0.003714	-0.004929	0.04444	-0.034089	0.00323	0.530363	1.089721	0.078646	-0.822513	0.177756
cell_000875	donor_064	0.967725	0.576708	-0.244329	0.163252	M	1.571468	0.01989	0.003714	-0.004929	0.04444	-0.034089	0.00323	0.552451	-0.830019	-1.007644	0.521622	0.823318
cell_000876	donor_064	-0.163764	-0.427564	2.634741	0.163252	M	1.872813	0.01839	0.003714	-0.004929	0.04444	-0.034089	0.00323	2.149757	0.665727	-1.209082	2.039784	1.054987
cell_000877	donor_064	0.555912	-0.463800	0.465497	0.163252	M	2.470314	0.04413	0.003714	-0.004929	0.04444	-0.034089	0.00323	-2.005271	-1.03029	-0.491558	0.838098	-2.379455
cell_000878	donor_064	-1.010869	1.504507	-0.661069	0.163252	M	2.789238	0.01328	0.003714	-0.004929	0.04444	-0.034089	0.00323	-0.119112	0.781049	-2.834112	0.746758	0.866943
cell_000879	donor_064	0.501085	1.065978	0.384769	0.163252	M	1.602764	0.01226	0.003714	-0.004929	0.04444	-0.034089	0.00323	-0.846653	-1.153287	-0.862294	-2.672098	-0.32619
cell_000880	donor_064	0.094470	0.010802	-0.056441	0.163252	M	1.704475	0.05082	0.003714	-0.004929	0.04444	-0.034089	0.00323	0.219596	-1.219337	0.97205	0.102567	0.260018
cell_000881	donor_064	-0.576698	-0.449483	1.479590	0.163252	M	2.15244	0.03217	0.003714	-0.004929	0.04444	-0.034089	0.00323	-0.401997	0.743044	1.290561	-0.407519	0.761032
cell_000882	donor_064	-0.108537	-0.785796	-0.516298	0.163252	M	1.768903	0.00092	0.003714	-0.004929	0.04444	-0.034089	0.00323	0.772027	0.417871	1.677054	-0.72649	-0.421548
cell_000883	donor_064	1.100371	0.675607	0.560329	0.163252	M	1.696307	0.04711	0.003714	-0.004929	0.04444	-0.034089	0.00323	-0.776959	0.725022	-0.272486	-0.695749	1.663148
cell_000884	donor_064	-0.257521	0.573362	-0.643561	0.163252	M	2.097788	0.02187	0.003714	-0.004929	0.04444	-0.034089	0.00323	1.809506	-0.328693	-1.367408	1.863517	0.470731
cell_000885	donor_065	-0.259614	0.969804	0.874278	-0.275366	F	2.619768	0.00194	0.00348	-0.020611	0.001905	0.015392	0.00193	0.420722	0.105001	-0.800318	-0.413285	0.67772
cell_000886	donor_065	-0.981910	-0.855526	0.108702	-0.275366	F	1.476207	0.02015	0.00348	-0.020611	0.001905	0.015392	0.00193	-0.44756	0.432984	0.013366	-1.056887	1.621131
cell_000887	donor_065	1.726132	-1.915565	0.278333	-0.275366	F	2.599334	0.04807	0.00348	-0.020611	0.001905	0.015392	0.00193	0.594033	0.330648	0.555021	-1.792892	-0.49318
cell_000888	donor_065	-1.376043	-0.634331	-0.364428	-0.275366	F	1.770092	0.0128	0.00348	-0.020611	0.001905	0.015392	0.00193	-1.527301	0.124686	0.325912	0.141339	1.178589
cell_000889	donor_065	-0.420508	-0.533796	0.007207	-0.275366	F	2.138317	0.00512	0.00348	-0.020611	0.001905	0.015392	0.00193	-1.497352	-0.799251	0.414348	0.263937	-1.315431
cell_000890	donor_065	-0.535256	-1.462457	0.779870	-0.275366	F	2.63634	0.04279	0.00348	-0.020611	0.001905	0.015392	0.00193	1.19653	1.543222	0.425587	-1.509071	0.159725
cell_000891	donor_065	0.752872	0.843174	-1.540734	-0.275366	F	2.130129	0.04612	0.00348	-0.020611	0.001905	0.015392	0.00193	0.340343	-0.271842	1.347245	-0.115939	2.104542
cell_000892	donor_065	0.298918	0.675979	-1.031202	-0.275366	F	1.881004	0.01426	0.00348	-0.020611	0.001905	0.015392	0.00193	0.783117	0.27608	0.920427	1.530885	0.899052
cell_000893	donor_065	0.009173	-0.116267	1.842151	-0.275366	F	2.28727	0.04825	0.00348	-0.020611	0.001905	0.015392	0.00193	-0.075835	-0.65992	-1.122107	-2.440719	0.174233
cell_000894	donor_065	1.924496	-1.664356	2.493927	-0.275366	F	1.930734	0.0711	0.00348	-0.020611	0.001905	0.015392	0.00193	-0.38767	-0.334129	1.028858	-0.112073	1.895104
cell_000895	donor_065	-0.915226	0.980673	0.970498	-0.275366	F	2.20854	0.05693	0.00348	-0.020611	0.001905	0.015392	0.00193	-0.5731	-0.970951	-1.257636	0.722751	1.151486
cell_000896	donor_065	-0.995690	0.493268	-0.107534	-0.275366	F	1.918128	0.05382	0.00348	-0.020611	0.001905	0.015392	0.00193	-0.594395	-1.063983	1.530276	-1.450402	1.01022
cell_000897	donor_065	0.554330	0.230672	1.196339	-0.275366	F	2.344461	0.03628	0.00348	-0.020611	0.001905	0.015392	0.00193	-0.570981	0.397095	1.076922	0.476256	-0.295256
cell_000898	donor_066	0.075400	-0.167874	1.096064	1.544138	F	1.442307	0.02113	0.027689	-0.043554	-0.016845	0.029501	0.018241	1.396097	0.289101	3.68251	-1.705155	-1.719927
cell_000899	donor_066	0.580396	0.731813	-0.664587	1.544138	F	1.594591	0.02888	0.027689	-0.043554	-0.016845	0.029501	0.018241	0.994261	-0.031751	0.792609	-1.098381	0.054133
cell_000900	donor_066	-1.045263	-0.567722	-0.620821	1.544138	F	1.436429	0.03881	0.027689	-0.043554	-0.016845	0.029501	0.018241	0.457317	-0.543711	0.23183	-1.361526	0.394823
cell_000901	donor_066	0.786199	0.975984	-0.155130	1.544138	F	1.977428	0.00485	0.027689	-0.043554	-0.016845	0.029501	0.018241	1.445448	-1.237578	-1.297953	1.189921	-1.315638
cell_000902	donor_066	1.430919	1.368469	0.243399	1.544138	F	1.388185	0.01461	0.027689	-0.043554	-0.016845	0.029501	0.018241	0.840601	0.055348	-0.417822	1.466525	0.928148
cell_000903	donor_066	-0.821892	1.575377	-0.061017	1.544138	F	1.723267	0.00144	0.027689	-0.043554	-0.016845	0.029501	0.018241	0.279716	-2.152667	0.712254	-1.07086	-0.221382
cell_000904	donor_066	0.126165	-0.339605	-0.889790	1.544138	F	1.556997	0.0347	0.027689	-0.043554	-0.016845	0.029501	0.018241	0.007334	1.897277	-0.253242	-1.422772	1.469644
cell_000905	donor_066	-1.468639	0.632868	-0.783401	1.544138	F	2.59187	0.03166	0.027689	-0.043554	-0.016845	0.029501	0.018241	0.725732	0.762976	1.488418	1.723209	-0.891734
cell_000906	donor_066	3.059531	-1.086074	-1.257382	1.544138	F	1.603728	0.01695	0.027689	-0.043554	-0.016845	0.029501	0.018241	-1.39099	0.842469	-0.262467	-0.171778	-1.121669
cell_000907	donor_066	0.510139	1.529313	0.064590	1.544138	F	1.485382	0.04641	0.027689	-0.043554	-0.016845	0.029501	0.018241	0.583897	0.402131	-0.155498	-1.388342	1.20915
cell_000908	donor_066	0.572242	-1.843547	-0.677512	1.544138	F	2.099335	0.00911	0.027689	-0.043554	-0.016845	0.029501	0.018241	0.255705	1.117844	-2.103013	0.056823	-0.716899
cell_000909	donor_066	-1.073616	-1.895046	0.116980	1.544138	F	2.674728	0.0162	0.027689	-0.043554	-0.016845	0.029501	0.018241	0.036147	0.943211	0.369947	0.018122	0.01278
cell_000910	donor_067	-2.242828	-1.322196	-0.537194	-0.286938	F	1.953573	0.04561	0.01081	0.024664	-0.038331	0.015912	0.021287	-1.559765	-0.906568	1.121288	-0.505537	1.140419
cell_000911	donor_067	-0.831286	0.396409	0.305580	-0.286938	F	1.984512	0.04858	0.01081	0.024664	-0.038331	0.015912	0.021287	0.826371	0.879205	0.332914	-0.436008	-0.151152
cell_000912	donor_067	0.893799	0.752384	1.140813	-0.286938	F	2.516303	0.01409	0.01081	0.024664	-0.038331	0.015912	0.021287	0.640386	-2.125614	1.243776	-0.500119	-0.086284
cell_000913	donor_067	-0.001918	0.303467	0.511514	-0.286938	F	2.351292	0.03464	0.01081	0.024664	-0.038331	0.015912	0.021287	-0.077663	-0.039833	-1.313642	0.151725	0.594365
cell_000914	donor_067	0.141657	-0.397194	-0.332443	-0.286938	F	2.170166	0.01442	0.01081	0.024664	-0.038331	0.015912	0.021287	-2.044452	-1.300786	0.895865	0.709797	0.298741
cell_000915	donor_067	-0.817558	0.421617	-0.094015	-0.286938	F	1.767064	0.02605	0.01081	0.024664	-0.038331	0.015912	0.021287	-0.682148	0.715613	-1.202901	-0.137336	-1.306493
cell_000916	donor_067	-0.663174	-0.662245	-1.210399	-0.286938	F	2.182383	0.03288	0.01081	0.024664	-0.038331	0.015912	0.021287	-0.162002	-1.030391	0.755811	0.433182	-0.570576
cell_000917	donor_067	0.978841	0.078618	-0.862800	-0.286938	F	1.455686	0.04121	0.01081	0.024664	-0.038331	0.015912	0.021287	1.090299	-0.956315	-0.035284	-0.614821	0.742372
cell_000918	donor_067	0.808548	-0.560449	-1.406501	-0.286938	F	1.75053	0.03635	0.01081	0.024664	-0.038331	0.015912	0.021287	0.643442	1.301957	0.082984	-2.959597	-0.430868
cell_000919	donor_067	1.021222	-0.537097	-0.408899	-0.286938	F	2.572585	0.03546	0.01081	0.024664	-0.038331	0.015912	0.021287	1.56526	-0.324995	-1.917536	0.449332	0.524059
cell_000920	donor_067	0.041180	1.142589	0.020037	-0.286938	F	2.520797	0.00843	0.01081	0.024664	-0.038331	0.015912	0.021287	-0.727199	-0.246749	-0.847296	0.52257	0.056599
cell_000921	donor_067	-1.199117	0.543877	-0.484990	-0.286938	F	2.174994	0.03777	0.01081	0.024664	-0.038331	0.015912	0.021287	-1.165775	-0.009544	-0.733024	1.461061	0.893698
cell_000922	donor_067	1.887924	-0.001120	-2.235035	-0.286938	F	1.228259	0.04102	0.01081	0.024664	-0.038331	0.015912	0.021287	-0.122279	0.081064	1.013776	-0.17361	0.758393
cell_000923	donor_067	0.357365	1.944598	1.575920	-0.286938	F	1.516711	0.04378	0.01081	0.024664	-0.038331	0.015912	0.021287	1.477386	-0.490882	1.646145	1.355117	0.248559
cell_000924	donor_067	1.830954	-1.019760	0.912152	-0.286938	F	1.728211	0.01561	0.01081	0.024664	-0.038331	0.015912	0.021287	-0.443912	0.236112	-0.244501	-0.792772	0.532275
cell_000925	donor_067	-0.721995	0.224289	-1.272952	-0.286938	F	1.93132	0.04831	0.01081	0.024664	-0.038331	0.015912	0.021287	-1.023524	-0.338555	-0.325402	-1.365259	0.658472
cell_000926	donor_067	-0.644456	-0.676247	0.898555	-0.286938	F	1.499836	0.00366	0.01081	0.024664	-0.038331	0.015912	0.021287	-0.228338	1.298843	-0.244653	-0.406595	-0.904643
cell_000927	donor_068	0.800719	0.276820	-1.350421	2.234733	F	1.901475	0.02138	-0.013174	0.052585	0.003927	-0.043855	0.007625	0.039029	0.044678	0.741767	0.067019	2.093918
cell_000928	donor_068	-0.311639	-0.746116	0.869676	2.234733	F	2.706918	0.02449	-0.013174	0.052585	0.003927	-0.043855	0.007625	0.456217	-0.986837	-1.071476	0.534797	-1.018328
cell_000929	donor_068	1.178185	1.056386	-0.755219	2.234733	F	2.160334	0.00475	-0.013174	0.052585	0.003927	-0.043855	0.007625	0.594844	0.895639	0.919742	-0.869187	0.921471
cell_000930	donor_068	-2.739533	-1.766962	1.421627	2.234733	F	2.087531	0.02419	-0.013174	0.052585	0.003927	-0.043855	0.007625	0.322589	-0.607871	-0.159401	0.47128	-0.672851
cell_000931	donor_068	-0.401255	-0.750725	1.642660	2.234733	F	1.592978	0.03443	-0.013174	0.052585	0.003927	-0.043855	0.007625	0.301859	1.445602	0.964056	0.081986	0.234143
cell_000932	donor_068	1.265160	0.024449	-0.293403	2.234733	F	1.344406	0.00652	-0.013174	0.052585	0.003927	-0.043855	0.007625	-0.538063	-0.509896	-1.537196	0.25111	0.682498
cell_000933	donor_068	-0.132101	0.227163	1.600047	2.234733	F	1.508721	0.02211	-0.013174	0.052585	0.003927	-0.043855	0.007625	-0.070843	-0.877324	0.066128	1.341765	0.897982
cell_000934	donor_068	0.422467	0.726029	1.169270	2.234733	F	1.328244	0.00497	-0.013174	0.052585	0.003927	-0.043855	0.007625	-0.029474	2.04743	2.698717	-0.480143	-0.245885
cell_000935	donor_068	-1.169676	0.754862	-0.294569	2.234733	F	2.030014	0.07083	-0.013174	0.052585	0.003927	-0.043855	0.007625	0.693331	-0.912976	0.849134	0.101468	0.371638
cell_000936	donor_068	-2.516095	-2.128170	-1.018118	2.234733	F	2.153554	0.03425	-0.013174	0.052585	0.003927	-0.043855	0.007625	-0.575438	-0.787703	-1.985465	1.484781	0.941446
cell_000937	donor_068	0.531223	0.113800	0.184367	2.234733	F	1.613884	0.03252	-0.013174	0.052585	0.003927	-0.043855	0.007625	0.673359	0.348326	-2.304228	-0.751101	-0.256081
cell_000938	donor_068	1.950943	-1.269090	-0.027433	2.234733	F	2.059168	0.03464	-0.013174	0.052585	0.003927	-0.043855	0.007625	-1.081346	-1.693522	-0.977363	0.049143	0.049399
cell_000939	donor_069	0.304436	-0.736273	0.028327	-0.511283	M	2.587598	0.04209	-0.014397	0.0233	0.010959	-0.011958	0.030049	0.907523	2.06318	0.685762	-0.17555	1.800327
cell_000940	donor_069	-1.599949	1.409906	-0.681615	-0.511283	M	2.783079	0.04956	-0.014397	0.0233	0.010959	-0.011958	0.030049	-1.581936	-2.078843	-0.886723	0.812187	0.16856
cell_000941	donor_069	2.031400	-0.032474	1.028054	-0.511283	M	2.308164	0.00127	-0.014397	0.0233	0.010959	-0.011958	0.030049	-1.128324	-0.727095	-1.241484	-1.241508	1.551058
cell_000942	donor_069	-0.053303	-0.030744	-0.584029	-0.511283	M	1.930064	0.0562	-0.014397	0.0233	0.010959	-0.011958	0.030049	-0.143435	1.769582	-0.890014	0.491125	0.227083
cell_000943	donor_069	0.119124	0.317999	-0.784259	-0.511283	M	2.295242	0.05492	-0.014397	0.0233	0.010959	-0.011958	0.030049	0.879682	0.254549	0.985083	0.554198	-1.091272
cell_000944	donor_069	-0.125044	-0.610099	2.299664	-0.511283	M	2.540724	0.02867	-0.014397	0.0233	0.010959	-0.011958	0.030049	0.732715	-0.103099	-0.77672	0.693978	0.921559
cell_000945	donor_069	-0.089731	1.545232	-0.195622	-0.511283	M	1.197109	0.02763	-0.014397	0.0233	0.010959	-0.011958	0.030049	-0.483565	-0.350565	-1.38712	-1.804727	-0.242308
cell_000946	donor_069	0.259288	-1.321364	-0.447073	-0.511283	M	2.592828	0.03206	-0.014397	0.0233	0.010959	-0.011958	0.030049	0.792054	-0.573266	1.427794	-0.205074	-0.201009
cell_000947	donor_069	0.210535	1.586004	0.221983	-0.511283	M	1.782165	0.00512	-0.014397	0.0233	0.010959	-0.011958	0.030049	-0.289092	0.981593	-0.958911	-0.12896	-0.547372
cell_000948	donor_069	1.383720	0.640729	1.627401	-0.511283	M	1.786015	0.04038	-0.014397	0.0233	0.010959	-0.011958	0.030049	-0.561568	0.035154	-0.113323	1.051671	-0.010774
cell_000949	donor_070	-0.059042	2.390223	-0.485396	-1.011729	F	1.858029	0.05401	0.018789	-0.016558	-0.003041	0.010338	-0.007285	0.555006	0.172755	1.403759	-0.302385	-0.299571
cell_000950	donor_070	-0.766462	-1.210053	2.331025	-1.011729	F	2.128034	0.04458	0.018789	-0.016558	-0.003041	0.010338	-0.007285	0.745039	-0.316003	0.498392	2.337914	-0.978953
cell_000951	donor_070	0.819448	-0.334121	1.249023	-1.011729	F	1.555498	0.02849	0.018789	-0.016558	-0.003041	0.010338	-0.007285	1.53167	-0.492207	1.337679	0.686046	0.600328
cell_000952	donor_070	0.687692	1.966127	-1.547833	-1.011729	F	1.886074	0.06852	0.018789	-0.016558	-0.003041	0.010338	-0.007285	-0.150963	-0.250503	-0.722008	0.006276	-0.183911
cell_000953	donor_070	-0.265360	-0.462521	-1.973683	-1.011729	F	2.210111	0.0501	0.018789	-0.016558	-0.003041	0.010338	-0.007285	0.191018	-1.410655	0.022645	1.262653	0.944049
cell_000954	donor_070	1.060327	-0.270397	0.739631	-1.011729	F	2.087428	0.02212	0.018789	-0.016558	-0.003041	0.010338	-0.007285	0.023002	2.562418	-0.577353	-0.086672	-1.450515
cell_000955	donor_070	2.359772	-0.353244	-0.421153	-1.011729	F	2.152326	0.07364	0.018789	-0.016558	-0.003041	0.010338	-0.007285	-0.403635	1.787814	-0.365481	-1.527831	0.871999
cell_000956	donor_070	0.118664	0.987247	-0.566713	-1.011729	F	1.870413	0.00808	0.018789	-0.016558	-0.003041	0.010338	-0.007285	0.38921	0.830646	-0.297051	-1.007124	-0.183623
cell_000957	donor_070	-0.630962	1.057189	0.378639	-1.011729	F	2.277484	0.00056	0.018789	-0.016558	-0.003041	0.010338	-0.007285	0.554845	-0.072327	0.387955	-0.536818	0.425097
cell_000958	donor_070	-2.044728	-1.225392	1.501236	-1.011729	F	2.422566	0.02158	0.018789	-0.016558	-0.003041	0.010338	-0.007285	-0.003014	-0.705874	0.13995	-0.386692	0.617164
cell_000959	donor_070	0.401928	-0.762196	-0.170410	-1.011729	F	2.398576	0.01483	0.018789	-0.016558	-0.003041	0.010338	-0.007285	0.873157	0.501538	-1.634987	-0.964771	-0.636577
cell_000960	donor_070	0.013237	0.735733	-1.358263	-1.011729	F	2.171044	0.0227	0.018789	-0.016558	-0.003041	0.010338	-0.007285	-0.796314	-0.542847	0.925248	0.698654	-0.423851
cell_000961	donor_070	-0.840949	0.272956	-0.099835	-1.011729	F	2.375557	0.04596	0.018789	-0.016558	-0.003041	0.010338	-0.007285	0.591794	0.328842	-0.032859	1.148225	-0.661296
cell_000962	donor_071	0.571859	-1.229507	0.357129	-0.166362	F	2.348424	0.02932	-0.006688	0.000735	-0.021316	-0.044655	0.004783	0.05276	-1.05086	-1.002929	-1.360765	-0.985857
cell_000963	donor_071	1.091584	0.486819	0.139112	-0.166362	F	3.070603	0.02983	-0.006688	0.000735	-0.021316	-0.044655	0.004783	0.083101	-0.302484	-0.269871	-0.299163	1.772743
cell_000964	donor_071	-0.095884	-0.834851	-0.071999	-0.166362	F	2.487227	0.03118	-0.006688	0.000735	-0.021316	-0.044655	0.004783	-1.13718	-1.244093	-0.845423	-0.071895	0.514771
cell_000965	donor_071	1.259706	-0.119029	-0.889804	-0.166362	F	1.964502	0.01625	-0.006688	0.000735	-0.021316	-0.044655	0.004783	0.618588	0.944638	-0.108239	-0.396321	1.633461
cell_000966	donor_071	-0.492247	0.200850	-0.373514	-0.166362	F	1.635328	0.00031	-0.006688	0.000735	-0.021316	-0.044655	0.004783	-2.784208	0.062759	0.430007	1.873684	-1.660566
cell_000967	donor_071	0.485303	0.522844	0.888983	-0.166362	F	1.895544	0.02229	-0.006688	0.000735	-0.021316	-0.044655	0.004783	-0.420138	-1.35761	-1.798276	-0.204526	0.833094
cell_000968	donor_071	1.423559	0.995859	-0.934239	-0.166362	F	1.867286	0.01314	-0.006688	0.000735	-0.021316	-0.044655	0.004783	1.20597	-0.531873	0.666526	-0.197719	0.556574
cell_000969	donor_071	-0.903534	-0.075771	-0.451175	-0.166362	F	2.204569	0.02536	-0.006688	0.000735	-0.021316	-0.044655	0.004783	1.154475	-0.19423	1.076974	-1.213027	0.656511
cell_000970	donor_071	-1.138327	-0.441692	-0.474513	-0.166362	F	1.719898	0.05808	-0.006688	0.000735	-0.021316	-0.044655	0.004783	1.033673	0.930209	-1.185021	-0.205811	0.302175
cell_000971	donor_071	-0.671848	-0.315789	1.178451	-0.166362	F	2.476871	0.02851	-0.006688	0.000735	-0.021316	-0.044655	0.004783	0.443052	0.115876	1.429186	-1.295646	-0.240251
cell_000972	donor_071	0.199238	2.471809	0.170508	-0.166362	F	1.444175	0.00356	-0.006688	0.000735	-0.021316	-0.044655	0.004783	-1.687772	0.621249	0.554619	3.348603	1.02636
cell_000973	donor_071	-0.290066	0.004133	0.256492	-0.166362	F	1.34699	0.01414	-0.006688	0.000735	-0.021316	-0.044655	0.004783	0.331365	0.254895	-0.316611	0.130488	0.276249
cell_000974	donor_071	0.435254	2.076711	-0.845320	-0.166362	F	1.945954	0.06421	-0.006688	0.000735	-0.021316	-0.044655	0.004783	-1.964759	0.196914	0.10101	1.754013	-0.131672
cell_000975	donor_071	0.859046	0.207751	-1.571098	-0.166362	F	1.662976	0.06065	-0.006688	0.000735	-0.021316	-0.044655	0.004783	-0.765545	0.268532	0.074348	-0.130601	-1.278989
cell_000976	donor_071	0.770699	1.267624	-0.857176	-0.166362	F	1.496706	0.04192	-0.006688	0.000735	-0.021316	-0.044655	0.004783	-0.156019	-0.579192	-0.216481	0.732153	-0.674514
cell_000977	donor_071	-0.008934	-1.725354	-1.258806	-0.166362	F	1.745172	0.00125	-0.006688	0.000735	-0.021316	-0.044655	0.004783	-0.221232	0.541205	-0.269402	2.609186	0.248867
cell_000978	donor_072	1.048030	-0.466417	-1.108803	-0.249084	F	1.695406	0.03614	-0.039778	-0.019861	-0.035432	-0.032969	0.008527	-1.241897	-0.839303	-0.939935	-0.825026	0.536978
cell_000979	donor_072	0.229460	-0.522412	-0.470822	-0.249084	F	2.004054	0.03767	-0.039778	-0.019861	-0.035432	-0.032969	0.008527	-1.106509	-0.331206	1.142747	-0.519772	0.671487
cell_000980	donor_072	0.739326	-1.161733	-0.905365	-0.249084	F	1.751812	0.03051	-0.039778	-0.019861	-0.035432	-0.032969	0.008527	-1.68297	-0.370615	-0.885945	0.299771	-1.034778
cell_000981	donor_072	0.154080	0.969410	1.238160	-0.249084	F	1.784346	0.0186	-0.039778	-0.019861	-0.035432	-0.032969	0.008527	2.069657	-1.639385	1.135781	0.878277	0.309861
cell_000982	donor_072	-0.665062	0.937377	-0.784142	-0.249084	F	1.998054	0.02275	-0.039778	-0.019861	-0.035432	-0.032969	0.008527	0.054433	1.854959	2.470964	-0.207267	0.157769
cell_000983	donor_072	1.826209	-1.133771	1.328479	-0.249084	F	2.405697	0.01721	-0.039778	-0.019861	-0.035432	-0.032969	0.008527	-0.5524	-1.169287	0.463113	0.249622	-1.610221
cell_000984	donor_072	-0.656486	2.013246	0.591321	-0.249084	F	2.588298	0.0071	-0.039778	-0.019861	-0.035432	-0.032969	0.008527	0.456002	0.28314	-0.601245	-0.666523	0.42378
cell_000985	donor_072	-1.016017	-0.522238	0.781181	-0.249084	F	2.059107	0.05732	-0.039778	-0.019861	-0.035432	-0.032969	0.008527	1.608882	0.398396	0.780484	-0.832196	-0.414272
cell_000986	donor_072	1.052644	-0.070716	0.044658	-0.249084	F	2.090217	0.04765	-0.039778	-0.019861	-0.035432	-0.032969	0.008527	0.608017	-1.358345	0.207202	0.493423	-0.038534
cell_000987	donor_072	0.758353	0.131798	-1.293505	-0.249084	F	1.926725	0.0243	-0.039778	-0.019861	-0.035432	-0.032969	0.008527	0.319372	0.05782	-0.622162	-1.178107	-0.090313
cell_000988	donor_072	-0.812974	0.235120	1.215482	-0.249084	F	2.192499	0.03704	-0.039778	-0.019861	-0.035432	-0.032969	0.008527	1.304506	1.024381	-0.345332	-0.366104	-0.439712
cell_000989	donor_073	1.615982	0.779529	0.287291	-0.80772	M	2.156088	0.03779	-0.004446	-0.005168	-0.026318	-0.013117	0.007529	-0.439584	0.287749	1.057481	2.262809	-0.829848
cell_000990	donor_073	0.748814	-0.666751	-0.153231	-0.80772	M	2.530339	0.07686	-0.004446	-0.005168	-0.026318	-0.013117	0.007529	0.65118	0.542334	-0.329746	-1.026009	0.275373
cell_000991	donor_073	-0.824131	-1.248743	0.333549	-0.80772	M	1.244518	0.04745	-0.004446	-0.005168	-0.026318	-0.013117	0.007529	2.11988	0.269047	-0.787232	-0.157266	-1.140174
cell_000992	donor_073	0.185513	0.687652	0.546112	-0.80772	M	1.906201	0.0467	-0.004446	-0.005168	-0.026318	-0.013117	0.007529	0.01851	0.683408	-0.6926	-3.25561	0.276881
cell_000993	donor_073	0.242644	0.556617	-0.042683	-0.80772	M	2.135676	0.03076	-0.004446	-0.005168	-0.026318	-0.013117	0.007529	-0.501553	-0.75067	-0.759302	0.400252	-0.407906
cell_000994	donor_073	0.412891	-0.726144	0.369706	-0.80772	M	1.989486	0.02131	-0.004446	-0.005168	-0.026318	-0.013117	0.007529	0.930446	0.952452	-0.270632	-0.520866	0.127709
cell_000995	donor_073	0.668418	-0.669681	0.051832	-0.80772	M	1.624331	0.05765	-0.004446	-0.005168	-0.026318	-0.013117	0.007529	-0.145393	-1.752514	1.914104	0.714336	-0.463485
cell_000996	donor_073	-0.623603	-0.526507	-1.124929	-0.80772	M	1.480253	0.04305	-0.004446	-0.005168	-0.026318	-0.013117	0.007529	-1.916383	-0.180432	-0.587977	-0.060573	-2.16387
cell_000997	donor_073	1.265775	1.065685	0.537434	-0.80772	M	2.322529	0.01341	-0.004446	-0.005168	-0.026318	-0.013117	0.007529	-0.472247	-0.411322	-0.192275	-0.236208	0.052251
cell_000998	donor_073	1.972196	-0.189246	3.031762	-0.80772	M	1.69723	0.03908	-0.004446	-0.005168	-0.026318	-0.013117	0.007529	1.521177	-0.515014	-0.911158	-1.727331	-0.511111
cell_000999	donor_073	-0.227529	0.255193	-0.397778	-0.80772	M	1.29804	0.04675	-0.004446	-0.005168	-0.026318	-0.013117	0.007529	-1.401251	0.960096	-0.096106	0.939465	1.465697
cell_001000	donor_073	0.372326	0.835615	-0.113916	-0.80772	M	2.342629	0.01192	-0.004446	-0.005168	-0.026318	-0.013117	0.007529	-0.865058	-0.34736	1.331687	0.189218	0.52151
cell_001001	donor_073	1.776720	0.239149	0.270485	-0.80772	M	2.183593	0.01155	-0.004446	-0.005168	-0.026318	-0.013117	0.007529	1.032978	0.896515	0.41036	1.396361	-0.068254
cell_001002	donor_074	-0.908998	0.418499	-0.134027	2.601974	M	1.95365	0.03726	-0.001042	0.016453	0.019302	-0.005044	-0.037045	0.519414	-0.176759	1.020552	-0.700765	-1.682856
cell_001003	donor_074	-0.608240	-0.776474	2.671763	2.601974	M	1.634179	0.00849	-0.001042	0.016453	0.019302	-0.005044	-0.037045	0.654925	-1.020139	-1.119243	1.26493	0.96628
cell_001004	donor_074	-0.263477	-1.456985	-0.698221	2.601974	M	1.954623	0.00532	-0.001042	0.016453	0.019302	-0.005044	-0.037045	-0.342501	-3.045463	0.53324	0.662505	0.516811
cell_001005	donor_074	-0.051568	0.546667	0.554797	2.601974	M	2.486235	0.02459	-0.001042	0.016453	0.019302	-0.005044	-0.037045	0.470853	-0.181389	-0.410469	-1.106162	-0.697397
cell_001006	donor_074	0.676615	-0.644860	0.340440	2.601974	M	1.35412	0.03983	-0.001042	0.016453	0.019302	-0.005044	-0.037045	0.321485	0.337927	0.789825	-1.406431	-1.659226
cell_001007	donor_074	-0.876059	-0.619643	-0.917709	2.601974	M	1.374409	0.04076	-0.001042	0.016453	0.019302	-0.005044	-0.037045	-0.379705	-1.019948	0.185987	-1.309877	1.180232
cell_001008	donor_074	-1.188389	1.064209	0.688612	2.601974	M	1.748894	0.06165	-0.001042	0.016453	0.019302	-0.005044	-0.037045	-0.82206	1.592674	0.524302	-1.055232	2.094745
cell_001009	donor_074	0.976665	0.039313	0.776808	2.601974	M	1.989343	0.03165	-0.001042	0.016453	0.019302	-0.005044	-0.037045	0.265452	0.166119	-0.065212	0.466553	0.525421
cell_001010	donor_074	-1.761289	0.863088	0.177120	2.601974	M	1.801483	0.02255	-0.001042	0.016453	0.019302	-0.005044	-0.037045	-0.864974	-0.213551	0.115701	0.58274	0.599689
cell_001011	donor_074	0.627110	0.380023	-0.987055	2.601974	M	2.257127	0.00385	-0.001042	0.016453	0.019302	-0.005044	-0.037045	0.164542	-0.550323	-0.601592	-1.191488	0.592601
cell_001012	donor_074	-1.498040	-0.712054	0.564917	2.601974	M	2.435534	0.02231	-0.001042	0.016453	0.019302	-0.005044	-0.037045	-0.615977	-0.191754	0.237744	0.003934	-0.005611
cell_001013	donor_075	0.690091	-1.367942	-0.981099	0.318627	F	2.111508	0.04415	-0.015133	-0.001954	-0.01553	-0.021092	0.001395	-0.904962	0.268863	-0.312829	-0.0864	1.157968
cell_001014	donor_075	-0.723236	-0.357305	-1.362051	0.318627	F	2.224173	0.04505	-0.015133	-0.001954	-0.01553	-0.021092	0.001395	0.505318	-0.570806	-0.148914	1.599437	-0.307382
cell_001015	donor_075	-1.422052	-0.821835	0.086254	0.318627	F	2.10884	0.03529	-0.015133	-0.001954	-0.01553	-0.021092	0.001395	0.039881	0.664146	0.215191	-0.372818	-0.743421
cell_001016	donor_075	-1.180594	-0.115804	1.058553	0.318627	F	2.003803	0.04094	-0.015133	-0.001954	-0.01553	-0.021092	0.001395	-0.010099	0.658019	1.3209	-1.465354	1.762784
cell_001017	donor_075	-1.301780	-0.206446	1.024757	0.318627	F	1.482577	0.05553	-0.015133	-0.001954	-0.01553	-0.021092	0.001395	-0.288409	0.924827	-0.737535	-1.610839	-1.312946
cell_001018	donor_075	-0.418268	-0.573670	1.163496	0.318627	F	1.588803	0.03151	-0.015133	-0.001954	-0.01553	-0.021092	0.001395	-0.330957	0.524093	0.031192	-0.250235	1.118023
cell_001019	donor_075	-0.306202	1.104495	0.428965	0.318627	F	1.459633	0.05735	-0.015133	-0.001954	-0.01553	-0.021092	0.001395	0.001986	0.279785	3.111027	-0.008039	-0.695845
cell_001020	donor_075	-0.342845	0.479691	0.320450	0.318627	F	1.940598	0.01547	-0.015133	-0.001954	-0.01553	-0.021092	0.001395	0.48096	0.734089	0.300983	0.156912	1.482231
cell_001021	donor_075	1.020883	-0.548346	0.041206	0.318627	F	2.092911	0.02853	-0.015133	-0.001954	-0.01553	-0.021092	0.001395	1.357247	-0.117101	-0.643495	0.429203	-0.649233
cell_001022	donor_075	-0.061516	0.704148	-1.025179	0.318627	F	1.420295	0.02038	-0.015133	-0.001954	-0.01553	-0.021092	0.001395	0.885162	0.424056	2.670031	1.473297	-1.07874
cell_001023	donor_075	1.016977	0.466329	-1.316925	0.318627	F	2.029038	0.04585	-0.015133	-0.001954	-0.01553	-0.021092	0.001395	-0.518789	-1.91395	-2.137747	0.113827	-1.192384
cell_001024	donor_075	1.208263	2.234093	1.001834	0.318627	F	1.649913	0.00971	-0.015133	-0.001954	-0.01553	-0.021092	0.001395	1.641186	1.157915	-0.271494	-0.328312	1.485373
cell_001025	donor_075	1.426985	0.085371	-1.661505	0.318627	F	1.57232	0.02356	-0.015133	-0.001954	-0.01553	-0.021092	0.001395	1.714607	-0.932598	-1.061183	-0.301091	0.431192
cell_001026	donor_075	-1.844120	0.255082	-0.591979	0.318627	F	1.74986	0.00719	-0.015133	-0.001954	-0.01553	-0.021092	0.001395	-0.513672	0.452214	1.950299	-1.406031	-0.445676
cell_001027	donor_075	-0.914576	-0.062747	0.615585	0.318627	F	1.551809	0.04189	-0.015133	-0.001954	-0.01553	-0.021092	0.001395	-1.386992	-0.836585	-0.294676	-0.727211	0.519978
cell_001028	donor_076	-1.452758	-0.448878	1.509871	0.46425	F	2.242664	0.05494	0.048606	-0.009764	-5.6e-05	-0.026241	0.024868	0.150956	0.299019	-0.306698	-0.214608	-0.350691
cell_001029	donor_076	-1.075288	0.869761	-0.484731	0.46425	F	1.932798	0.04821	0.048606	-0.009764	-5.6e-05	-0.026241	0.024868	-0.248658	0.419009	-1.923491	0.287941	-0.868731
cell_001030	donor_076	0.545794	1.097328	0.741282	0.46425	F	2.326086	0.04625	0.048606	-0.009764	-5.6e-05	-0.026241	0.024868	-0.338858	-1.561533	-0.358672	0.277884	0.457084
cell_001031	donor_076	0.909160	-1.151594	1.113660	0.46425	F	1.822601	0.04679	0.048606	-0.009764	-5.6e-05	-0.026241	0.024868	-1.186332	0.408839	1.139776	-0.49369	0.000913
cell_001032	donor_076	-0.852693	0.259542	0.258246	0.46425	F	1.837726	0.04399	0.048606	-0.009764	-5.6e-05	-0.026241	0.024868	-2.068547	-0.897034	0.27052	0.955467	-0.599278
cell_001033	donor_076	0.485123	0.336957	-0.843810	0.46425	F	2.749353	0.04229	0.048606	-0.009764	-5.6e-05	-0.026241	0.024868	2.669386	0.31389	-1.273357	1.287183	-1.252943
cell_001034	donor_076	-1.349867	0.872349	0.185835	0.46425	F	1.350776	0.04358	0.048606	-0.009764	-5.6e-05	-0.026241	0.024868	0.328427	-0.929241	-1.357434	0.962152	-0.259777
cell_001035	donor_076	1.149377	-0.044733	-1.405164	0.46425	F	2.513792	0.01689	0.048606	-0.009764	-5.6e-05	-0.026241	0.024868	1.725672	-1.017934	-1.559641	-0.479665	2.890509
cell_001036	donor_076	0.966130	-0.370371	0.342003	0.46425	F	2.66181	0.026	0.048606	-0.009764	-5.6e-05	-0.026241	0.024868	0.833916	0.553893	0.586939	-0.484843	2.72935
cell_001037	donor_076	-0.647459	1.644302	-0.876565	0.46425	F	2.306327	0.0314	0.048606	-0.009764	-5.6e-05	-0.026241	0.024868	0.458085	0.364316	0.984863	-1.273243	-0.879347
cell_001038	donor_076	-0.337430	0.107449	-1.092182	0.46425	F	1.867812	0.02329	0.048606	-0.009764	-5.6e-05	-0.026241	0.024868	-0.245514	0.991328	-1.298053	-0.067354	-0.20885
cell_001039	donor_076	0.330520	1.611910	-0.490462	0.46425	F	2.570761	0.00133	0.048606	-0.009764	-5.6e-05	-0.026241	0.024868	-1.574386	-0.508932	0.542252	-1.48327	1.411335
cell_001040	donor_076	0.395143	-2.749435	-0.038929	0.46425	F	1.871295	0.0053	0.048606	-0.009764	-5.6e-05	-0.026241	0.024868	0.468045	0.346007	0.008188	-1.092322	-0.649697
cell_001041	donor_077	-0.313042	-0.818498	1.081450	-0.461879	M	1.717686	0.0346	0.017495	0.016115	0.027196	-0.008547	-0.006048	0.361855	-0.651655	0.188749	-0.898881	0.45143
cell_001042	donor_077	-0.326244	-0.177477	-0.377193	-0.461879	M	1.844693	0.04812	0.017495	0.016115	0.027196	-0.008547	-0.006048	0.526081	-1.627689	0.067309	-1.521668	-1.861041
cell_001043	donor_077	-1.916816	-1.131986	0.961093	-0.461879	M	1.771923	0.03019	0.017495	0.016115	0.027196	-0.008547	-0.006048	-0.593892	2.796918	0.775388	1.392104	0.608417
cell_001044	donor_077	-2.109951	-0.766315	-0.399720	-0.461879	M	1.621351	0.0853	0.017495	0.016115	0.027196	-0.008547	-0.006048	0.205443	0.895392	-0.639571	0.470515	1.177098
cell_001045	donor_077	1.743622	0.768604	-0.557171	-0.461879	M	2.444003	0.0116	0.017495	0.016115	0.027196	-0.008547	-0.006048	0.699422	1.24278	0.1826	1.692081	-0.208232
cell_001046	donor_077	1.304514	-0.740516	1.009100	-0.461879	M	1.690621	0.0389	0.017495	0.016115	0.027196	-0.008547	-0.006048	2.117692	0.573607	-0.383946	-1.17913	-0.807991
cell_001047	donor_077	-1.358877	1.073258	-0.406134	-0.461879	M	1.988141	0.05582	0.017495	0.016115	0.027196	-0.008547	-0.006048	-0.959362	-0.088719	-1.273958	1.292758	0.110723
cell_001048	donor_077	-1.028504	-0.217144	0.277344	-0.461879	M	1.422491	0.05131	0.017495	0.016115	0.027196	-0.008547	-0.006048	0.07015	-1.165387	-0.769038	-2.220367	1.617805
cell_001049	donor_077	-0.494748	0.553954	-0.582994	-0.461879	M	2.012324	0.0431	0.017495	0.016115	0.027196	-0.008547	-0.006048	-1.417717	-1.341904	1.413173	0.387565	0.120737
cell_001050	donor_077	0.620372	0.442222	-0.060923	-0.461879	M	1.53763	0.05141	0.017495	0.016115	0.027196	-0.008547	-0.006048	0.340268	0.9539	0.099875	-1.543535	0.73319
cell_001051	donor_077	-0.441382	0.151541	0.550254	-0.461879	M	1.527806	0.03111	0.017495	0.016115	0.027196	-0.008547	-0.006048	0.422344	1.171553	-1.249099	-0.729342	0.392089
cell_001052	donor_077	2.061799	0.939420	0.975990	-0.461879	M	1.956285	0.06326	0.017495	0.016115	0.027196	-0.008547	-0.006048	-0.944512	-2.352843	0.197331	0.895008	-0.128932
cell_001053	donor_078	3.088512	0.515958	0.484644	-0.577669	F	2.422789	0.05566	0.034198	0.012655	-0.044384	0.009096	-0.011634	0.548135	0.403368	0.010495	0.135963	1.349138
cell_001054	donor_078	0.704015	-1.008966	-0.443902	-0.577669	F	2.176165	0.01296	0.034198	0.012655	-0.044384	0.009096	-0.011634	-0.964251	0.773045	-1.180878	-0.79478	1.195917
cell_001055	donor_078	-0.506169	0.647614	-0.174175	-0.577669	F	2.203648	0.03643	0.034198	0.012655	-0.044384	0.009096	-0.011634	-1.209831	-0.241591	2.361347	1.025551	-0.737172
cell_001056	donor_078	0.138223	1.087455	0.863151	-0.577669	F	1.948033	0.00095	0.034198	0.012655	-0.044384	0.009096	-0.011634	-0.565825	-0.170116	1.311944	-1.001647	-1.062169
cell_001057	donor_078	-0.161721	-0.669995	1.135275	-0.577669	F	1.865744	0.06044	0.034198	0.012655	-0.044384	0.009096	-0.011634	0.713353	-1.681137	-0.911077	-0.085089	-0.03382
cell_001058	donor_078	0.773891	-1.606257	-0.313154	-0.577669	F	2.316456	0.03448	0.034198	0.012655	-0.044384	0.009096	-0.011634	-1.36462	0.35374	0.553765	-0.662489	1.660757
cell_001059	donor_078	0.165515	0.778830	0.910101	-0.577669	F	1.774729	0.05698	0.034198	0.012655	-0.044384	0.009096	-0.011634	0.339606	-1.004859	1.620781	-0.523324	0.178873
cell_001060	donor_078	0.283906	0.585248	0.064137	-0.577669	F	2.333774	0.02781	0.034198	0.012655	-0.044384	0.009096	-0.011634	-0.486781	0.624153	-0.481528	-0.420856	-0.159978
cell_001061	donor_078	-0.673852	-0.261264	0.018991	-0.577669	F	2.494379	0.00713	0.034198	0.012655	-0.044384	0.009096	-0.011634	-0.50195	1.071815	-1.257793	-0.037148	0.089465
cell_001062	donor_078	-0.034679	-1.885573	-0.397483	-0.577669	F	1.663445	0.08275	0.034198	0.012655	-0.044384	0.009096	-0.011634	-0.124634	0.968299	-1.503948	0.567917	-1.244952
cell_001063	donor_078	0.056206	-0.281370	-0.246824	-0.577669	F	1.722222	0.03262	0.034198	0.012655	-0.044384	0.009096	-0.011634	-0.508777	-1.34769	-0.332091	-0.578211	1.638272
cell_001064	donor_079	0.487991	-1.078957	-1.628042	1.025558	M	1.781722	0.01	0.017963	0.008164	-0.034811	0.005377	0.004213	0.241366	0.439786	-1.107504	0.740077	1.638226
cell_001065	donor_079	-0.348170	0.764114	1.687553	1.025558	M	1.413215	0.05292	0.017963	0.008164	-0.034811	0.005377	0.004213	0.869909	-1.312013	-0.464142	0.10849	-0.577163
cell_001066	donor_079	0.782128	-1.468264	-0.232367	1.025558	M	1.812239	0.07072	0.017963	0.008164	-0.034811	0.005377	0.004213	2.532991	-0.482276	-0.043351	-0.600228	0.231684
cell_001067	donor_079	0.256634	0.177591	0.539305	1.025558	M	2.52058	0.02595	0.017963	0.008164	-0.034811	0.005377	0.004213	1.38235	0.114855	-0.219013	-1.07391	1.208836
cell_001068	donor_079	-0.917049	0.064943	0.420323	1.025558	M	1.58177	0.02802	0.017963	0.008164	-0.034811	0.005377	0.004213	-0.143694	-0.186696	-2.338937	-0.127217	-0.401105
cell_001069	donor_079	0.825671	-0.805718	-0.345157	1.025558	M	2.530078	0.03476	0.017963	0.008164	-0.034811	0.005377	0.004213	-1.826004	0.989611	-0.535242	1.895569	1.414442
cell_001070	donor_079	-2.703818	-0.621462	-0.524415	1.025558	M	1.826622	0.00778	0.017963	0.008164	-0.034811	0.005377	0.004213	-0.719904	1.369314	1.610542	-0.559036	-1.03266
cell_001071	donor_079	-1.019585	0.165612	-0.055945	1.025558	M	2.845614	0.01619	0.017963	0.008164	-0.034811	0.005377	0.004213	-2.155355	0.380442	-0.973326	0.410493	-0.567851
cell_001072	donor_079	-2.259214	0.215508	-0.928324	1.025558	M	1.727275	0.06564	0.017963	0.008164	-0.034811	0.005377	0.004213	-0.779732	-0.561491	-1.299817	-0.561953	-0.736613
cell_001073	donor_079	0.485689	-1.281851	0.030007	1.025558	M	1.942407	0.02736	0.017963	0.008164	-0.034811	0.005377	0.004213	-0.014156	0.104258	-1.071175	1.100805	-0.159569
cell_001074	donor_079	-0.283163	0.303102	0.124697	1.025558	M	1.635927	0.01325	0.017963	0.008164	-0.034811	0.005377	0.004213	1.502439	0.241082	0.069104	-0.490978	0.614839
cell_001075	donor_079	-0.255164	-1.536272	-1.477208	1.025558	M	1.72492	0.02096	0.017963	0.008164	-0.034811	0.005377	0.004213	0.033567	0.858466	1.604662	-0.726853	0.613464
cell_001076	donor_079	-0.583887	-0.008280	-0.608248	1.025558	M	2.535272	0.05146	0.017963	0.008164	-0.034811	0.005377	0.004213	0.585116	0.458112	-0.433199	-0.412966	-0.583882
cell_001077	donor_079	0.625212	-0.279221	-0.965013	1.025558	M	2.189815	0.00952	0.017963	0.008164	-0.034811	0.005377	0.004213	-0.603717	-0.840124	-0.104497	-0.757818	0.435644
cell_001078	donor_080	-0.278096	0.225860	0.324885	-1.675842	M	2.411527	0.03509	0.007269	0.011511	0.029919	0.008278	0.000458	0.056954	0.169123	-0.273489	0.068898	-0.247322
cell_001079	donor_080	1.878379	-0.668909	-0.073479	-1.675842	M	1.473764	0.07924	0.007269	0.011511	0.029919	0.008278	0.000458	0.779543	-0.442389	0.375524	-1.306371	0.712075
cell_001080	donor_080	0.426124	-0.023423	-0.500618	-1.675842	M	2.261931	0.07062	0.007269	0.011511	0.029919	0.008278	0.000458	-0.559261	-0.912271	-1.1388	-1.217921	-0.481471
cell_001081	donor_080	-1.549257	-0.510835	-1.073702	-1.675842	M	1.611423	0.04146	0.007269	0.011511	0.029919	0.008278	0.000458	1.498628	-0.643323	-2.209171	0.365466	-1.114257
cell_001082	donor_080	-1.726607	-0.795679	-1.047092	-1.675842	M	1.465073	0.05633	0.007269	0.011511	0.029919	0.008278	0.000458	0.814808	-0.421077	-0.274008	1.197311	0.61773
cell_001083	donor_080	0.583787	0.601092	-0.903879	-1.675842	M	2.095506	0.05614	0.007269	0.011511	0.029919	0.008278	0.000458	-1.246377	-1.099259	-1.78353	2.603221	-0.862707
cell_001084	donor_080	-0.260229	-1.858243	-0.494340	-1.675842	M	2.091415	0.02748	0.007269	0.011511	0.029919	0.008278	0.000458	1.169813	-0.532275	-1.079856	0.021561	-0.326664
cell_001085	donor_080	0.398982	0.824938	-0.713047	-1.675842	M	2.021338	0.0485	0.007269	0.011511	0.029919	0.008278	0.000458	0.801875	0.814384	-0.590141	-1.439954	-1.197164
cell_001086	donor_080	1.051855	-1.515692	-1.247628	-1.675842	M	2.287023	0.06577	0.007269	0.011511	0.029919	0.008278	0.000458	-2.282458	-0.27446	-0.0118	-1.142828	-1.263651
cell_001087	donor_080	0.709662	1.671121	0.493432	-1.675842	M	2.349427	0.00472	0.007269	0.011511	0.029919	0.008278	0.000458	-0.016084	-0.631955	-0.212929	-0.367225	0.24873
cell_001088	donor_080	-0.040342	-2.195184	-2.022447	-1.675842	M	2.587892	0.04153	0.007269	0.011511	0.029919	0.008278	0.000458	-0.565279	-0.488744	-1.881799	-0.050333	0.088692
cell_001089	donor_080	0.129410	-0.358063	-1.105835	-1.675842	M	1.523863	0.03723	0.007269	0.011511	0.029919	0.008278	0.000458	-0.177699	1.911834	0.162779	-0.156477	0.499145
cell_001090	donor_080	0.065533	0.115131	0.944416	-1.675842	M	2.600806	0.03206	0.007269	0.011511	0.029919	0.008278	0.000458	2.112864	0.252723	-2.223483	0.432059	-0.879235
cell_001091	donor_080	0.136602	1.228394	0.007994	-1.675842	M	2.752925	0.03029	0.007269	0.011511	0.029919	0.008278	0.000458	-1.922475	1.697561	1.481447	-0.905178	-0.898631
cell_001092	donor_080	-0.115335	1.064312	-0.978441	-1.675842	M	1.853508	0.03463	0.007269	0.011511	0.029919	0.008278	0.000458	0.160167	-0.885179	-0.135074	-0.713182	-0.400402
cell_001093	donor_081	2.814447	0.375257	0.380829	-1.142864	F	1.332603	0.03631	0.022959	0.044855	0.018301	0.004124	0.008651	-1.404355	0.826898	1.203789	-0.100204	-0.036243
cell_001094	donor_081	0.525096	1.877136	0.792507	-1.142864	F	1.4466	0.05237	0.022959	0.044855	0.018301	0.004124	0.008651	0.629157	0.001901	1.729564	-1.316363	0.860942
cell_001095	donor_081	-1.605056	1.403470	-0.340897	-1.142864	F	1.815259	0.03953	0.022959	0.044855	0.018301	0.004124	0.008651	-0.114202	-1.121212	2.247089	2.3852	-0.20787
cell_001096	donor_081	0.107155	-1.279254	0.526202	-1.142864	F	2.805657	0.02644	0.022959	0.044855	0.018301	0.004124	0.008651	0.444725	-0.471186	-0.310295	-1.132499	-1.280262
cell_001097	donor_081	-0.651374	0.100170	-0.284099	-1.142864	F	2.006832	0.0132	0.022959	0.044855	0.018301	0.004124	0.008651	1.84415	-0.038768	0.050585	-0.810518	0.18997
cell_001098	donor_081	1.925013	1.982260	0.046513	-1.142864	F	1.753126	0.02055	0.022959	0.044855	0.018301	0.004124	0.008651	-1.503794	-0.773739	-1.199775	1.292884	-1.651898
cell_001099	donor_081	0.063978	-0.373443	1.106006	-1.142864	F	1.725839	0.03522	0.022959	0.044855	0.018301	0.004124	0.008651	-1.179215	-2.047589	-0.890012	-0.459521	0.97778
cell_001100	donor_081	-0.328920	-0.421337	0.978593	-1.142864	F	1.470911	0.01588	0.022959	0.044855	0.018301	0.004124	0.008651	-0.221998	-0.410587	0.299908	-0.442903	2.409908
cell_001101	donor_081	-0.538299	-0.037755	-1.581311	-1.142864	F	2.34983	0.04892	0.022959	0.044855	0.018301	0.004124	0.008651	-0.591003	0.413712	0.826456	-0.619714	0.165372
cell_001102	donor_081	0.704190	1.940867	0.721225	-1.142864	F	1.963173	0.0386	0.022959	0.044855	0.018301	0.004124	0.008651	-0.500845	0.274021	0.100924	-0.140283	-1.155564
cell_001103	donor_081	1.461799	-0.846102	0.236324	-1.142864	F	2.839932	0.05287	0.022959	0.044855	0.018301	0.004124	0.008651	1.863695	0.586399	-1.588637	-0.42037	-1.569396
cell_001104	donor_081	-0.943160	-0.227766	0.772211	-1.142864	F	2.251284	0.01722	0.022959	0.044855	0.018301	0.004124	0.008651	0.762081	-0.021783	0.004078	-0.842367	-0.315564
cell_001105	donor_081	0.101821	-1.412641	-1.315029	-1.142864	F	2.331975	0.01338	0.022959	0.044855	0.018301	0.004124	0.008651	0.787184	1.055832	0.846421	-1.552167	-0.186116
cell_001106	donor_081	-1.381164	0.491453	2.063895	-1.142864	F	1.903158	0.05272	0.022959	0.044855	0.018301	0.004124	0.008651	0.253313	-0.734776	-1.659016	-1.286631	1.499775
cell_001107	donor_081	1.362458	-1.895985	1.421076	-1.142864	F	1.563588	0.0326	0.022959	0.044855	0.018301	0.004124	0.008651	-1.191461	0.047561	-0.156335	-0.153782	-0.319861
cell_001108	donor_081	0.936400	-1.545300	-0.303202	-1.142864	F	1.650568	0.02595	0.022959	0.044855	0.018301	0.004124	0.008651	0.789137	0.035613	-0.625655	0.051344	-1.277544
cell_001109	donor_081	1.095522	0.550434	-1.309095	-1.142864	F	1.452301	0.04397	0.022959	0.044855	0.018301	0.004124	0.008651	0.475945	-0.680967	-0.623371	0.513048	-0.407316
cell_001110	donor_082	0.610742	-2.137501	-0.222822	-0.247309	M	2.364158	0.04323	0.005121	0.00037	0.043303	-0.014981	0.023098	-0.351016	1.16763	-0.973188	0.498385	0.949524
cell_001111	donor_082	1.137957	0.018394	-0.498938	-0.247309	M	1.846034	0.00488	0.005121	0.00037	0.043303	-0.014981	0.023098	1.166897	2.17652	-0.64214	-0.867936	0.817215
cell_001112	donor_082	0.889346	0.974752	1.310040	-0.247309	M	2.381	0.05769	0.005121	0.00037	0.043303	-0.014981	0.023098	0.940241	-0.790735	0.484804	2.724207	0.104664
cell_001113	donor_082	0.874342	1.081375	0.732909	-0.247309	M	2.054366	0.02179	0.005121	0.00037	0.043303	-0.014981	0.023098	0.923499	1.576737	2.503746	0.2457	1.253034
cell_001114	donor_082	0.265529	0.089509	-0.237260	-0.247309	M	1.882873	0.064	0.005121	0.00037	0.043303	-0.014981	0.023098	-0.788494	0.024881	-0.446452	-1.885341	-1.603034
cell_001115	donor_082	-1.212368	-0.955312	-0.282014	-0.247309	M	1.532159	0.00333	0.005121	0.00037	0.043303	-0.014981	0.023098	0.430033	0.449689	-1.041629	1.557385	-1.109982
cell_001116	donor_082	0.241452	1.440813	-0.041797	-0.247309	M	2.120653	0.03635	0.005121	0.00037	0.043303	-0.014981	0.023098	0.257269	-0.415239	0.106948	0.898533	0.757342
cell_001117	donor_082	1.003476	1.079316	-0.231447	-0.247309	M	1.912547	0.02629	0.005121	0.00037	0.043303	-0.014981	0.023098	0.707842	0.580156	-1.272744	1.13453	-1.060288
cell_001118	donor_082	0.594690	-0.243528	1.322136	-0.247309	M	2.360874	0.0095	0.005121	0.00037	0.043303	-0.014981	0.023098	-0.106034	-0.351327	0.350123	-0.484715	-0.158511
cell_001119	donor_082	0.635843	-1.190484	0.161525	-0.247309	M	1.713836	0.04316	0.005121	0.00037	0.043303	-0.014981	0.023098	1.618868	-1.295253	-0.002466	-1.114127	0.67435
cell_001120	donor_082	1.648112	-0.181231	0.447715	-0.247309	M	2.246443	0.00848	0.005121	0.00037	0.043303	-0.014981	0.023098	-0.726729	0.038536	-1.324665	1.29154	0.07279
cell_001121	donor_082	0.545879	-1.036623	0.510708	-0.247309	M	2.656339	0.02417	0.005121	0.00037	0.043303	-0.014981	0.023098	0.137766	0.829062	-1.251409	-0.615022	0.170054
cell_001122	donor_082	-1.393835	-0.625624	1.075723	-0.247309	M	2.109022	0.05209	0.005121	0.00037	0.043303	-0.014981	0.023098	-1.761988	-1.654627	-0.821262	-1.140998	-0.343863
cell_001123	donor_083	0.356756	-0.304478	0.446461	1.351047	F	2.314117	0.0194	-0.002517	-0.029608	-0.003766	-0.010936	0.011552	0.522432	0.74988	1.809411	-0.022624	0.154359
cell_001124	donor_083	-0.060092	0.012579	0.656819	1.351047	F	2.228756	0.01193	-0.002517	-0.029608	-0.003766	-0.010936	0.011552	-0.024881	0.320268	0.398367	0.922118	0.918208
cell_001125	donor_083	-0.727368	0.040336	-0.312268	1.351047	F	2.759237	0.04601	-0.002517	-0.029608	-0.003766	-0.010936	0.011552	0.519363	1.510173	0.026757	-0.611568	-0.448045
cell_001126	donor_083	-1.585603	-0.920456	1.568206	1.351047	F	2.148624	0.02501	-0.002517	-0.029608	-0.003766	-0.010936	0.011552	-0.105835	-1.083635	-0.613368	-1.139838	0.34396
cell_001127	donor_083	0.384723	-1.323588	-1.540354	1.351047	F	2.279984	0.0219	-0.002517	-0.029608	-0.003766	-0.010936	0.011552	0.353821	-1.768915	-0.654082	1.825189	0.62978
cell_001128	donor_083	-0.112164	1.561187	-0.186758	1.351047	F	1.98549	0.0555	-0.002517	-0.029608	-0.003766	-0.010936	0.011552	0.454337	-0.664253	0.287283	-0.01451	-0.796746
cell_001129	donor_083	1.307000	0.351931	0.471250	1.351047	F	1.690245	0.00665	-0.002517	-0.029608	-0.003766	-0.010936	0.011552	-0.493789	-0.471253	-1.488673	-1.323567	-0.199469
cell_001130	donor_083	-1.335721	0.937523	-0.334932	1.351047	F	1.51673	0.02081	-0.002517	-0.029608	-0.003766	-0.010936	0.011552	-0.847998	-0.300918	-1.605653	0.801326	2.080479
cell_001131	donor_083	0.863092	-0.814170	0.177049	1.351047	F	2.50677	0.04733	-0.002517	-0.029608	-0.003766	-0.010936	0.011552	1.027396	1.130535	0.626122	0.265586	0.086523
cell_001132	donor_083	0.352003	-0.154033	0.404545	1.351047	F	1.596656	0.00536	-0.002517	-0.029608	-0.003766	-0.010936	0.011552	-0.914527	0.690056	0.630708	-0.46301	0.526004
cell_001133	donor_083	-0.266397	-0.649060	1.605483	1.351047	F	2.298346	0.06551	-0.002517	-0.029608	-0.003766	-0.010936	0.011552	-0.693945	-0.630255	0.775105	0.430527	-0.231944
cell_001134	donor_084	1.048953	-0.760865	0.568444	-0.374517	F	2.166407	0.02566	0.001826	-0.020441	0.02942	0.021803	0.031721	-0.347666	0.174773	-1.835401	-0.757769	-1.265109
cell_001135	donor_084	-0.742679	-1.184685	1.033809	-0.374517	F	2.367114	0.04749	0.001826	-0.020441	0.02942	0.021803	0.031721	0.011853	1.088618	0.477159	-0.511498	-0.706597
cell_001136	donor_084	-1.704100	0.926856	-0.252722	-0.374517	F	1.794115	0.04745	0.001826	-0.020441	0.02942	0.021803	0.031721	-0.753866	1.999617	0.068062	0.199751	-2.11113
cell_001137	donor_084	-0.211547	0.409751	0.581199	-0.374517	F	1.683708	0.02695	0.001826	-0.020441	0.02942	0.021803	0.031721	-1.180939	-0.044177	-0.498162	0.133058	0.119879
cell_001138	donor_084	-0.826343	0.717726	0.113371	-0.374517	F	2.151349	0.02042	0.001826	-0.020441	0.02942	0.021803	0.031721	0.600452	-1.869162	-1.105229	-0.099612	-0.647403
cell_001139	donor_084	-1.256055	-0.169874	1.381279	-0.374517	F	1.883063	0.02914	0.001826	-0.020441	0.02942	0.021803	0.031721	-0.310278	0.109027	-0.744933	0.19227	0.543985
cell_001140	donor_084	1.676595	0.717348	-1.190343	-0.374517	F	1.507589	0.04425	0.001826	-0.020441	0.02942	0.021803	0.031721	0.065079	0.720728	-2.172941	-0.586035	0.892331
cell_001141	donor_084	0.490607	0.850861	0.725708	-0.374517	F	2.77541	0.01027	0.001826	-0.020441	0.02942	0.021803	0.031721	-0.864353	-1.000059	-0.126268	-0.017319	-0.534697
cell_001142	donor_084	0.784954	0.363263	-0.072412	-0.374517	F	1.683437	0.00593	0.001826	-0.020441	0.02942	0.021803	0.031721	1.843574	0.286491	-0.902883	-1.439507	0.405577
cell_001143	donor_084	-0.608367	-1.897936	0.339642	-0.374517	F	1.602547	0.05968	0.001826	-0.020441	0.02942	0.021803	0.031721	-0.926579	2.152619	0.427943	0.559972	0.248687
cell_001144	donor_084	0.186053	0.557576	-1.337544	-0.374517	F	1.903146	0.0153	0.001826	-0.020441	0.02942	0.021803	0.031721	1.121569	-2.395349	-1.20327	1.034138	1.50058
cell_001145	donor_084	0.645017	2.054545	0.078450	-0.374517	F	2.501143	0.03708	0.001826	-0.020441	0.02942	0.021803	0.031721	-1.235282	-1.818631	0.167522	0.485412	0.147382
cell_001146	donor_084	-0.061665	0.309002	2.032337	-0.374517	F	1.133306	0.02596	0.001826	-0.020441	0.02942	0.021803	0.031721	-0.059629	-1.851855	-0.37501	-0.225901	-0.54824
cell_001147	donor_084	-1.023648	0.203207	-0.799657	-0.374517	F	2.467953	0.02684	0.001826	-0.020441	0.02942	0.021803	0.031721	-1.918738	0.584737	0.865762	-0.794645	-0.185972
cell_001148	donor_084	-0.547005	-0.049590	1.347323	-0.374517	F	1.635411	0.05861	0.001826	-0.020441	0.02942	0.021803	0.031721	-0.496912	-0.487192	0.493166	0.517319	1.074771
cell_001149	donor_084	1.800991	0.448142	-0.376595	-0.374517	F	2.10581	0.0283	0.001826	-0.020441	0.02942	0.021803	0.031721	1.053929	-0.171806	2.842104	1.549952	-0.65814
cell_001150	donor_085	2.492739	-0.427554	-0.571136	0.416152	M	1.729597	0.02286	0.004739	-0.000715	0.014071	-0.01155	0.002601	0.126599	-1.985813	0.027258	1.673695	2.781304
cell_001151	donor_085	-1.774943	1.396092	0.968246	0.416152	M	2.796767	0.02461	0.004739	-0.000715	0.014071	-0.01155	0.002601	-0.121279	0.334882	0.605312	1.979704	-0.982974
cell_001152	donor_085	2.417806	-1.389523	1.458171	0.416152	M	2.049848	0.01993	0.004739	-0.000715	0.014071	-0.01155	0.002601	2.655513	-0.317072	-1.170154	-0.315261	-0.809605
cell_001153	donor_085	0.070136	0.806100	-1.647777	0.416152	M	1.716763	0.0166	0.004739	-0.000715	0.014071	-0.01155	0.002601	0.419256	-1.652394	0.14164	0.663969	1.482834
cell_001154	donor_085	1.468082	0.786517	-0.038910	0.416152	M	1.879563	0.02001	0.004739	-0.000715	0.014071	-0.01155	0.002601	0.680606	1.421274	-0.605668	0.39419	-2.229227
cell_001155	donor_085	0.645113	-0.765495	-0.579440	0.416152	M	2.035855	0.06326	0.004739	-0.000715	0.014071	-0.01155	0.002601	-0.113988	0.386751	0.477233	-1.574077	-0.390166
cell_001156	donor_085	-0.463445	-1.852728	0.861758	0.416152	M	2.071071	0.04423	0.004739	-0.000715	0.014071	-0.01155	0.002601	-0.250761	-0.429075	0.725006	-0.216827	0.099327
cell_001157	donor_085	1.191594	-0.701344	0.348203	0.416152	M	2.175505	0.0231	0.004739	-0.000715	0.014071	-0.01155	0.002601	-0.48962	1.064824	1.139234	-0.308342	2.850589
cell_001158	donor_085	-0.265540	0.328274	-0.627577	0.416152	M	1.999438	0.04963	0.004739	-0.000715	0.014071	-0.01155	0.002601	-0.766478	1.007197	-0.951001	0.773024	0.695004
cell_001159	donor_085	-0.883425	1.052075	-0.063871	0.416152	M	1.449135	0.00174	0.004739	-0.000715	0.014071	-0.01155	0.002601	-1.011738	-0.130603	1.867739	-0.814302	0.401866
cell_001160	donor_085	2.022109	0.046310	-0.926078	0.416152	M	1.863893	0.05751	0.004739	-0.000715	0.014071	-0.01155	0.002601	0.335484	-0.042283	-1.73113	0.828625	0.011616
cell_001161	donor_085	1.226941	0.630800	0.726873	0.416152	M	2.242663	0.0559	0.004739	-0.000715	0.014071	-0.01155	0.002601	1.103846	0.231758	0.064469	0.372541	-0.987531
cell_001162	donor_085	1.190601	-0.652796	-0.127253	0.416152	M	1.732047	0.07473	0.004739	-0.000715	0.014071	-0.01155	0.002601	1.558106	-0.375414	-0.362562	1.292296	0.247342
cell_001163	donor_085	-0.171450	-1.290747	-0.263590	0.416152	M	2.269113	0.05023	0.004739	-0.000715	0.014071	-0.01155	0.002601	-0.23645	0.41382	0.625984	-0.11834	0.92233
cell_001164	donor_085	1.336379	0.237338	-1.346061	0.416152	M	2.012687	0.03874	0.004739	-0.000715	0.014071	-0.01155	0.002601	-1.270554	0.26181	0.80027	0.621795	-2.241049
cell_001165	donor_086	-1.555839	1.664776	-0.090319	0.027729	M	1.912904	0.05582	-0.003514	-0.029221	0.002549	-0.008819	-0.004851	-0.126593	-1.214037	1.285772	-0.390674	1.174704
cell_001166	donor_086	-0.647410	-0.273992	-1.477308	0.027729	M	2.477658	0.01748	-0.003514	-0.029221	0.002549	-0.008819	-0.004851	-1.217044	0.390643	0.007941	2.764069	1.177928
cell_001167	donor_086	1.423095	-0.393053	1.367402	0.027729	M	1.304747	0.02209	-0.003514	-0.029221	0.002549	-0.008819	-0.004851	1.113884	2.027808	0.283768	-0.099506	-0.213524
cell_001168	donor_086	0.051652	1.429532	0.256694	0.027729	M	1.729872	0.02872	-0.003514	-0.029221	0.002549	-0.008819	-0.004851	0.327817	-2.770123	0.002326	0.226792	-0.15585
cell_001169	donor_086	0.853233	0.719093	0.623291	0.027729	M	2.492971	0.05738	-0.003514	-0.029221	0.002549	-0.008819	-0.004851	-1.530908	-0.149837	-1.533699	1.773758	-0.25735
cell_001170	donor_086	0.347934	-0.232851	1.915435	0.027729	M	2.73202	0.01288	-0.003514	-0.029221	0.002549	-0.008819	-0.004851	-2.062704	-0.206511	0.895398	0.176078	-0.913856
cell_001171	donor_086	-0.906937	0.004308	0.014886	0.027729	M	2.914397	0.01076	-0.003514	-0.029221	0.002549	-0.008819	-0.004851	-0.678248	-0.286847	-0.439663	-1.259566	-0.067598
cell_001172	donor_086	0.402441	-0.429473	0.314746	0.027729	M	2.020142	0.03473	-0.003514	-0.029221	0.002549	-0.008819	-0.004851	-1.333734	0.949045	1.071106	-1.003187	-0.716644
cell_001173	donor_086	-0.168843	-1.581953	0.009552	0.027729	M	2.183159	0.04435	-0.003514	-0.029221	0.002549	-0.008819	-0.004851	-0.423	-0.031518	0.256848	0.463053	0.439722
cell_001174	donor_086	-1.100565	-1.734386	0.136873	0.027729	M	2.326971	0.01594	-0.003514	-0.029221	0.002549	-0.008819	-0.004851	1.553866	0.060364	-1.302482	-1.609181	1.635787
cell_001175	donor_086	0.487883	0.526698	0.567171	0.027729	M	2.51003	0.04341	-0.003514	-0.029221	0.002549	-0.008819	-0.004851	0.509656	0.206452	0.449011	0.160269	0.433189
cell_001176	donor_086	-1.932589	-1.361017	1.973521	0.027729	M	2.125237	0.05737	-0.003514	-0.029221	0.002549	-0.008819	-0.004851	-0.372588	1.055197	-0.524865	-0.903287	-1.690845
cell_001177	donor_086	-1.047209	0.610841	-0.686938	0.027729	M	2.37046	0.05401	-0.003514	-0.029221	0.002549	-0.008819	-0.004851	-0.237725	1.267503	-0.45735	-1.378548	0.284828
cell_001178	donor_086	0.079673	-0.633254	0.561541	0.027729	M	2.18391	0.03707	-0.003514	-0.029221	0.002549	-0.008819	-0.004851	-0.651068	1.548267	1.074598	-1.270895	-0.173895
cell_001179	donor_086	0.136774	-0.448290	-1.050172	0.027729	M	2.20889	0.02819	-0.003514	-0.029221	0.002549	-0.008819	-0.004851	-0.755271	-1.160505	-0.055934	0.818233	-0.081707
cell_001180	donor_087	0.267774	-1.212719	0.427481	1.296258	M	1.632652	0.06471	0.007276	0.025451	-0.016975	-0.006731	-0.015302	-0.516151	-2.206237	-0.665815	0.551805	-1.341941
cell_001181	donor_087	2.626485	1.350170	0.718348	1.296258	M	1.868315	0.03031	0.007276	0.025451	-0.016975	-0.006731	-0.015302	1.282562	-0.583635	0.19372	-0.399139	-1.176317
cell_001182	donor_087	-0.085607	-1.938753	-1.322286	1.296258	M	1.790892	0.04881	0.007276	0.025451	-0.016975	-0.006731	-0.015302	0.440296	-0.598013	-0.833031	-2.376149	1.302687
cell_001183	donor_087	1.282793	-0.789756	-0.699252	1.296258	M	1.524442	0.06917	0.007276	0.025451	-0.016975	-0.006731	-0.015302	0.006149	1.106569	0.620192	1.106432	-0.564145
cell_001184	donor_087	-0.165650	-1.062046	-1.226769	1.296258	M	1.339358	0.04671	0.007276	0.025451	-0.016975	-0.006731	-0.015302	-1.372456	0.762693	0.130199	-0.466366	0.742713
cell_001185	donor_087	-0.050474	-0.891529	-0.741019	1.296258	M	1.830549	0.01006	0.007276	0.025451	-0.016975	-0.006731	-0.015302	0.308131	0.638938	-1.022394	0.977616	-0.004631
cell_001186	donor_087	-0.781191	0.522360	-0.232126	1.296258	M	1.894447	0.00522	0.007276	0.025451	-0.016975	-0.006731	-0.015302	1.08487	0.968253	0.686298	-0.111126	0.709569
cell_001187	donor_087	-0.178572	0.596946	-0.142040	1.296258	M	2.042015	0.02405	0.007276	0.025451	-0.016975	-0.006731	-0.015302	1.110786	0.606733	0.202597	0.711849	-0.525704
cell_001188	donor_087	-0.278254	0.470450	0.668198	1.296258	M	2.222295	0.04419	0.007276	0.025451	-0.016975	-0.006731	-0.015302	1.51399	-1.681827	0.034403	-0.405958	-0.640892
cell_001189	donor_087	-0.147073	0.080608	-0.781790	1.296258	M	2.075249	0.0389	0.007276	0.025451	-0.016975	-0.006731	-0.015302	0.305196	-1.125476	2.151932	-1.352105	-0.951268
cell_001190	donor_088	-0.860683	0.769148	0.444942	-1.584723	F	1.897236	0.07414	-0.016604	-0.011891	-0.003929	0.011717	0.006409	-1.045684	0.198498	1.014544	0.526007	1.472344
cell_001191	donor_088	0.455298	0.280854	0.046203	-1.584723	F	1.633949	0.0387	-0.016604	-0.011891	-0.003929	0.011717	0.006409	-0.827268	0.658721	-0.303537	0.228074	1.108681
cell_001192	donor_088	0.696412	0.935109	0.911228	-1.584723	F	2.350828	0.02345	-0.016604	-0.011891	-0.003929	0.011717	0.006409	-1.69227	1.991009	-0.145244	-1.606628	-0.692848
cell_001193	donor_088	-0.100778	1.386993	0.228461	-1.584723	F	1.959271	0.00733	-0.016604	-0.011891	-0.003929	0.011717	0.006409	0.102305	-0.693076	-2.047893	0.096799	-0.72175
cell_001194	donor_088	0.632376	0.282088	0.247007	-1.584723	F	1.826484	0.05361	-0.016604	-0.011891	-0.003929	0.011717	0.006409	0.65114	-1.068387	2.26153	0.513629	0.196794
cell_001195	donor_088	-0.735752	0.701351	2.845294	-1.584723	F	1.925418	0.02988	-0.016604	-0.011891	-0.003929	0.011717	0.006409	0.623123	-1.821512	-0.496958	1.783021	-0.320133
cell_001196	donor_088	-0.374795	0.070995	-0.446205	-1.584723	F	1.706902	0.00012	-0.016604	-0.011891	-0.003929	0.011717	0.006409	-0.062826	-0.466499	1.464508	-0.244634	-1.251835
cell_001197	donor_088	-0.488020	1.544449	-0.672971	-1.584723	F	1.78773	0.03045	-0.016604	-0.011891	-0.003929	0.011717	0.006409	2.578815	-1.375023	-0.09738	-0.841794	-0.701601
cell_001198	donor_088	-0.474080	-1.587493	-0.757612	-1.584723	F	1.775017	0.01009	-0.016604	-0.011891	-0.003929	0.011717	0.006409	-1.059832	-0.539992	0.984033	-1.901986	1.260808
cell_001199	donor_088	-1.708400	0.631805	2.799697	-1.584723	F	1.885065	0.02149	-0.016604	-0.011891	-0.003929	0.011717	0.006409	1.088398	0.509059	0.12617	0.276639	1.423412
cell_001200	donor_088	-0.366679	-1.666758	0.900000	-1.584723	F	2.262302	0.03012	-0.016604	-0.011891	-0.003929	0.011717	0.006409	-1.745785	0.72729	-0.746172	0.825748	-0.6136
cell_001201	donor_088	-0.726925	1.299347	-0.282029	-1.584723	F	2.162845	0.0119	-0.016604	-0.011891	-0.003929	0.011717	0.006409	0.70687	-1.548485	-1.692573	-0.113063	1.43553
cell_001202	donor_089	-0.631816	-0.177958	0.757777	0.735963	F	2.618695	0.02025	-0.021137	0.025883	0.018888	-0.018024	0.024482	0.536284	0.529114	0.860194	-0.396976	0.610749
cell_001203	donor_089	-0.227421	-0.496725	-0.198832	0.735963	F	2.484692	0.01512	-0.021137	0.025883	0.018888	-0.018024	0.024482	-0.579673	-0.314015	-0.18985	-0.545528	-0.066051
cell_001204	donor_089	-1.271855	0.397032	-1.786727	0.735963	F	2.782569	0.01565	-0.021137	0.025883	0.018888	-0.018024	0.024482	-0.254558	-0.707665	-0.140602	0.155266	-1.099864
cell_001205	donor_089	-0.444121	0.759385	0.303048	0.735963	F	2.223663	0.00984	-0.021137	0.025883	0.018888	-0.018024	0.024482	0.417456	-0.49368	0.198204	-0.665297	1.050495
cell_001206	donor_089	0.590321	-0.065046	1.169746	0.735963	F	2.217242	0.02034	-0.021137	0.025883	0.018888	-0.018024	0.024482	0.956116	-1.049389	0.524999	1.446272	-0.948179
cell_001207	donor_089	0.924699	0.446141	0.927546	0.735963	F	1.805034	0.01211	-0.021137	0.025883	0.018888	-0.018024	0.024482	-0.868954	0.735059	-1.307178	-0.777513	-1.014665
cell_001208	donor_089	0.750424	-0.439464	-1.343899	0.735963	F	2.330406	0.04173	-0.021137	0.025883	0.018888	-0.018024	0.024482	0.747484	-0.69243	-0.284603	-0.748324	1.148514
cell_001209	donor_089	0.420362	0.546089	1.090472	0.735963	F	1.737553	0.03402	-0.021137	0.025883	0.018888	-0.018024	0.024482	-0.859387	-1.4076	-1.446792	0.69366	0.765865
cell_001210	donor_089	-0.936321	-0.906431	0.459900	0.735963	F	1.411818	0.05389	-0.021137	0.025883	0.018888	-0.018024	0.024482	1.248555	-1.260973	-0.231212	2.427299	-0.302317
cell_001211	donor_089	-0.071167	-1.885762	0.375108	0.735963	F	2.610529	0.06773	-0.021137	0.025883	0.018888	-0.018024	0.024482	-0.563409	-0.02101	0.529951	0.513233	-0.614431
cell_001212	donor_089	-1.852423	-0.945257	1.351681	0.735963	F	1.500327	0.04355	-0.021137	0.025883	0.018888	-0.018024	0.024482	-0.585035	-0.29646	-0.730087	-1.234763	1.807952
cell_001213	donor_089	1.824879	-1.215656	-0.329392	0.735963	F	2.175541	0.03899	-0.021137	0.025883	0.018888	-0.018024	0.024482	-0.406925	-0.350243	-0.319087	-0.08051	0.43476
cell_001214	donor_089	0.042623	1.781227	-0.492869	0.735963	F	1.647867	0.04481	-0.021137	0.025883	0.018888	-0.018024	0.024482	-0.465192	1.139354	0.597816	-0.190899	-0.666235
cell_001215	donor_089	-0.476884	1.548726	-0.374789	0.735963	F	2.450667	0.03933	-0.021137	0.025883	0.018888	-0.018024	0.024482	1.084927	-0.162042	-1.242751	1.021065	-0.726328
cell_001216	donor_089	0.722202	-1.477143	-0.171233	0.735963	F	2.50518	0.031	-0.021137	0.025883	0.018888	-0.018024	0.024482	0.868501	-2.514268	-0.368663	1.159969	0.005131
cell_001217	donor_089	-1.659597	-1.055434	0.839201	0.735963	F	2.211671	0.02941	-0.021137	0.025883	0.018888	-0.018024	0.024482	0.598135	-0.901931	0.347705	0.003752	0.243334
cell_001218	donor_090	-0.049905	-0.319106	-0.748750	-0.198899	M	2.498546	0.00957	0.006539	-0.003129	0.007162	-0.000515	0.010902	2.03928	1.30459	0.791993	0.804619	-0.909156
cell_001219	donor_090	-0.220656	0.301113	0.982916	-0.198899	M	2.002935	0.04678	0.006539	-0.003129	0.007162	-0.000515	0.010902	-0.471229	-1.532582	-1.269585	-0.886534	-0.029125
cell_001220	donor_090	-2.625147	-0.831761	0.159096	-0.198899	M	2.89367	0.02937	0.006539	-0.003129	0.007162	-0.000515	0.010902	-1.225009	-0.03917	-0.15403	-1.134229	1.525587
cell_001221	donor_090	-0.098863	0.403376	0.267540	-0.198899	M	2.298466	0.05899	0.006539	-0.003129	0.007162	-0.000515	0.010902	-1.324526	1.117325	-2.254276	-0.142233	-1.197625
cell_001222	donor_090	-0.304868	-0.526853	-0.245501	-0.198899	M	1.639779	0.0483	0.006539	-0.003129	0.007162	-0.000515	0.010902	-0.654455	1.810154	-0.346968	-1.104549	0.487636
cell_001223	donor_090	1.148742	-0.732008	-0.062807	-0.198899	M	2.027843	0.01748	0.006539	-0.003129	0.007162	-0.000515	0.010902	-0.355747	0.150713	-0.914455	-0.865216	-0.787681
cell_001224	donor_090	0.183342	1.560351	-0.300308	-0.198899	M	1.938999	0.05493	0.006539	-0.003129	0.007162	-0.000515	0.010902	0.798433	-0.22683	-1.04826	0.161819	0.07948
cell_001225	donor_090	0.958807	1.231979	-0.063754	-0.198899	M	1.89983	0.02121	0.006539	-0.003129	0.007162	-0.000515	0.010902	0.573603	-0.481801	-0.077572	0.421679	-1.009353
cell_001226	donor_090	-0.210719	-0.329054	-0.255823	-0.198899	M	1.337144	0.0686	0.006539	-0.003129	0.007162	-0.000515	0.010902	0.886223	0.016444	-1.101013	-1.108422	-0.099399
cell_001227	donor_090	0.854240	0.231010	0.235290	-0.198899	M	2.154746	0.00323	0.006539	-0.003129	0.007162	-0.000515	0.010902	-0.550226	0.754607	-0.286752	0.303047	-0.848621
cell_001228	donor_090	-1.125224	-0.967490	2.143447	-0.198899	M	1.445699	0.0399	0.006539	-0.003129	0.007162	-0.000515	0.010902	-0.022996	1.315536	-0.148128	-0.552964	-0.863805
cell_001229	donor_090	-0.177826	-0.774772	1.431099	-0.198899	M	0.989837	0.03855	0.006539	-0.003129	0.007162	-0.000515	0.010902	-0.018771	1.409315	-1.363594	-0.049918	-1.713872
cell_001230	donor_090	0.281809	0.578155	-0.138047	-0.198899	M	1.862395	0.05247	0.006539	-0.003129	0.007162	-0.000515	0.010902	-0.410422	0.262769	-1.580375	-0.44481	0.290519
cell_001231	donor_090	-0.318673	-0.169586	-1.382738	-0.198899	M	1.697643	0.02343	0.006539	-0.003129	0.007162	-0.000515	0.010902	0.131138	0.338958	-0.974597	0.290108	-0.600008
cell_001232	donor_090	-0.087927	0.296033	1.850463	-0.198899	M	1.655385	0.01291	0.006539	-0.003129	0.007162	-0.000515	0.010902	0.714029	-2.310651	-0.289609	0.098877	1.349432
cell_001233	donor_090	0.085999	-2.334177	-0.093985	-0.198899	M	0.758762	0.02345	0.006539	-0.003129	0.007162	-0.000515	0.010902	0.086797	0.188286	0.37549	1.253087	-0.381894
cell_001234	donor_091	2.739504	0.866366	-0.810889	0.924884	M	1.659663	0.02562	0.003746	-0.006749	-0.040517	0.010544	-0.007473	-1.403101	-1.594547	0.664195	0.223207	-0.256342
cell_001235	donor_091	0.591107	-0.742013	-1.353808	0.924884	M	1.930543	0.01098	0.003746	-0.006749	-0.040517	0.010544	-0.007473	-0.586094	0.180833	0.209723	0.47983	-1.108667
cell_001236	donor_091	-0.348369	0.091526	-1.872156	0.924884	M	1.746338	0.03091	0.003746	-0.006749	-0.040517	0.010544	-0.007473	-1.764306	-0.913527	-1.351129	-1.402926	1.569736
cell_001237	donor_091	-1.149159	0.010336	-0.408173	0.924884	M	2.154937	0.00848	0.003746	-0.006749	-0.040517	0.010544	-0.007473	-2.267002	0.469705	0.906998	0.987465	0.277232
cell_001238	donor_091	0.394811	-1.214668	0.714114	0.924884	M	2.557064	0.04298	0.003746	-0.006749	-0.040517	0.010544	-0.007473	1.31991	1.7834	-0.302231	0.447472	1.275794
cell_001239	donor_091	-1.183759	1.642734	-1.715758	0.924884	M	2.206547	0.02508	0.003746	-0.006749	-0.040517	0.010544	-0.007473	-0.861959	-0.244908	-0.625822	0.460978	-1.898099
cell_001240	donor_091	-1.092554	0.417371	1.664233	0.924884	M	2.410558	0.06922	0.003746	-0.006749	-0.040517	0.010544	-0.007473	1.436627	0.533797	0.589941	-2.363314	-1.040139
cell_001241	donor_091	0.315043	0.562858	0.017537	0.924884	M	2.443651	0.02488	0.003746	-0.006749	-0.040517	0.010544	-0.007473	1.490469	-0.177406	-1.724064	0.221622	0.679158
cell_001242	donor_091	-1.026398	-0.490138	-1.211910	0.924884	M	1.592456	0.03861	0.003746	-0.006749	-0.040517	0.010544	-0.007473	0.531492	-0.150405	1.135564	-0.702012	0.540089
cell_001243	donor_091	-1.278710	0.401749	-1.123178	0.924884	M	2.175646	0.02574	0.003746	-0.006749	-0.040517	0.010544	-0.007473	0.135018	-0.133086	-0.378997	-0.343592	0.032253
cell_001244	donor_091	0.319554	-1.301823	0.296383	0.924884	M	2.398063	0.00247	0.003746	-0.006749	-0.040517	0.010544	-0.007473	-0.292721	0.73307	-0.535985	1.568291	-0.580669
cell_001245	donor_091	-0.488683	1.406616	0.323719	0.924884	M	1.825616	0.02591	0.003746	-0.006749	-0.040517	0.010544	-0.007473	0.920081	0.963217	0.165862	0.07676	-0.728967
cell_001246	donor_091	1.235783	-0.755647	0.056143	0.924884	M	1.683749	0.04507	0.003746	-0.006749	-0.040517	0.010544	-0.007473	-0.517071	0.219784	-0.045136	1.183084	-0.45459
cell_001247	donor_092	-0.981087	-0.413605	-0.262104	-0.819282	F	2.212163	0.04204	0.015559	0.009634	-0.006953	0.02046	0.004097	-0.394064	-1.664731	0.643528	0.553219	0.977082
cell_001248	donor_092	-0.725858	-1.215503	-1.413517	-0.819282	F	1.407348	0.02413	0.015559	0.009634	-0.006953	0.02046	0.004097	1.033436	0.788947	0.831116	0.610069	0.764093
cell_001249	donor_092	-2.339748	-1.056346	0.627494	-0.819282	F	1.564798	0.00086	0.015559	0.009634	-0.006953	0.02046	0.004097	-1.841962	-1.099791	-1.263194	1.270173	-0.78296
cell_001250	donor_092	-1.598499	-1.368123	1.790899	-0.819282	F	1.733297	0.04289	0.015559	0.009634	-0.006953	0.02046	0.004097	-0.622862	0.006657	-1.243679	0.380545	-2.13039
cell_001251	donor_092	-0.636496	0.321046	0.642317	-0.819282	F	2.180206	0.03839	0.015559	0.009634	-0.006953	0.02046	0.004097	-1.17749	0.198816	-1.241636	1.299113	0.046279
cell_001252	donor_092	0.662526	-1.522314	-0.231060	-0.819282	F	2.087565	0.04687	0.015559	0.009634	-0.006953	0.02046	0.004097	1.13207	0.357917	-0.01193	-0.996562	0.929146
cell_001253	donor_092	-1.618227	2.446318	-1.594875	-0.819282	F	2.412948	0.02452	0.015559	0.009634	-0.006953	0.02046	0.004097	0.441255	2.084648	0.8284	-0.397403	0.289422
cell_001254	donor_092	-1.047840	-1.040601	-1.496660	-0.819282	F	1.631252	0.00369	0.015559	0.009634	-0.006953	0.02046	0.004097	0.422138	1.162958	1.32187	-0.161975	-1.215521
cell_001255	donor_092	1.352594	2.422448	-0.475749	-0.819282	F	1.609811	0.04068	0.015559	0.009634	-0.006953	0.02046	0.004097	-1.853839	-1.139549	-0.591776	1.504335	1.519505
cell_001256	donor_092	-1.320423	-2.236925	-0.244109	-0.819282	F	2.209565	0.02982	0.015559	0.009634	-0.006953	0.02046	0.004097	0.96016	1.230399	-0.707393	-1.515316	-1.006529
cell_001257	donor_092	-0.316365	-0.651296	0.221375	-0.819282	F	1.680533	0.05783	0.015559	0.009634	-0.006953	0.02046	0.004097	-2.034819	-1.113955	-0.505947	0.166704	0.135457
cell_001258	donor_092	0.395173	0.323083	-0.316125	-0.819282	F	1.758598	0.03057	0.015559	0.009634	-0.006953	0.02046	0.004097	-0.689637	0.568948	-0.67044	0.010045	-1.109982
cell_001259	donor_092	-1.101622	0.665833	0.012514	-0.819282	F	1.257294	0.02909	0.015559	0.009634	-0.006953	0.02046	0.004097	1.088667	0.020835	0.678825	-1.216193	0.174424
cell_001260	donor_092	0.888358	0.790076	-1.421762	-0.819282	F	2.116338	0.03835	0.015559	0.009634	-0.006953	0.02046	0.004097	0.572334	-2.043867	1.168097	-1.249425	0.2109
cell_001261	donor_092	-1.434222	-0.755541	-1.056265	-0.819282	F	2.616516	0.01806	0.015559	0.009634	-0.006953	0.02046	0.004097	1.787703	0.954903	-1.489938	-0.178035	1.23343
cell_001262	donor_092	0.755252	0.351310	1.099184	-0.819282	F	1.588284	0.0171	0.015559	0.009634	-0.006953	0.02046	0.004097	-0.816775	-0.35988	-0.387882	0.570039	-1.536991
cell_001263	donor_093	0.396487	0.208650	1.199730	0.024393	M	2.408681	0.02804	0.003273	-0.002762	0.033671	-0.014265	-0.006453	0.62611	-0.622799	-0.011337	-0.224871	0.599767
cell_001264	donor_093	0.469727	0.068101	1.480453	0.024393	M	1.976241	0.01159	0.003273	-0.002762	0.033671	-0.014265	-0.006453	-0.02104	1.440434	0.989429	-0.795323	1.365298
cell_001265	donor_093	0.115181	-0.304341	-0.837823	0.024393	M	1.293834	0.02542	0.003273	-0.002762	0.033671	-0.014265	-0.006453	0.319406	0.169883	0.848209	-1.041149	-1.379438
cell_001266	donor_093	0.703025	1.237051	-0.050587	0.024393	M	1.642109	0.06879	0.003273	-0.002762	0.033671	-0.014265	-0.006453	0.024941	-0.606302	2.073719	-0.764323	0.040247
cell_001267	donor_093	1.307916	-1.970015	-0.055453	0.024393	M	1.617413	0.05085	0.003273	-0.002762	0.033671	-0.014265	-0.006453	0.191964	1.231274	-0.994561	-1.612065	1.394435
cell_001268	donor_093	-0.040095	-0.726994	2.383861	0.024393	M	1.873389	0.03616	0.003273	-0.002762	0.033671	-0.014265	-0.006453	0.080519	0.809743	0.856697	1.030009	-0.377863
cell_001269	donor_093	-0.066193	-0.407731	0.025962	0.024393	M	2.167806	0.06103	0.003273	-0.002762	0.033671	-0.014265	-0.006453	-0.648935	-1.996257	-0.994901	0.062151	-0.701396
cell_001270	donor_093	-2.002814	-0.759868	0.983240	0.024393	M	2.739569	0.0135	0.003273	-0.002762	0.033671	-0.014265	-0.006453	-1.140901	0.050422	1.342942	-0.056016	-1.13282
cell_001271	donor_093	-0.628945	-0.828875	1.309526	0.024393	M	1.427542	0.07981	0.003273	-0.002762	0.033671	-0.014265	-0.006453	1.272425	-0.774117	1.479372	-0.263134	0.10313
cell_001272	donor_093	1.340254	0.516990	-0.455117	0.024393	M	1.806089	0.02079	0.003273	-0.002762	0.033671	-0.014265	-0.006453	1.560893	-1.351497	-1.050105	-0.326548	-0.139968
cell_001273	donor_093	-0.239471	-0.804150	-0.994773	0.024393	M	1.641608	0.07008	0.003273	-0.002762	0.033671	-0.014265	-0.006453	2.64207	-0.888061	-1.304247	-0.935835	0.232133
cell_001274	donor_093	-1.044416	-0.618054	-1.034721	0.024393	M	1.492808	0.06999	0.003273	-0.002762	0.033671	-0.014265	-0.006453	0.492036	-0.707087	0.021036	1.945202	0.035168
cell_001275	donor_093	-1.563705	0.219403	0.234596	0.024393	M	2.038179	0.00506	0.003273	-0.002762	0.033671	-0.014265	-0.006453	0.32099	1.888988	-0.698026	-0.763409	-0.469682
cell_001276	donor_093	1.700793	-0.668338	0.296101	0.024393	M	2.000592	0.05934	0.003273	-0.002762	0.033671	-0.014265	-0.006453	-0.527911	-1.821013	0.137994	0.216941	-0.185859
cell_001277	donor_093	0.312713	-0.253838	0.744334	0.024393	M	1.274479	0.02432	0.003273	-0.002762	0.033671	-0.014265	-0.006453	0.247471	0.258109	-1.316152	0.28864	0.558512
cell_001278	donor_093	0.775229	0.327411	-0.255640	0.024393	M	2.00726	0.01864	0.003273	-0.002762	0.033671	-0.014265	-0.006453	-1.597101	1.463116	-1.235796	-1.138238	0.201955
cell_001279	donor_094	-0.357530	-1.367754	-0.805918	-0.102507	F	1.517842	0.04049	-0.024747	0.014535	-0.011643	-0.009401	-0.010339	0.534699	0.777671	0.560992	-0.519703	0.108561
cell_001280	donor_094	-0.622008	-1.123972	0.439924	-0.102507	F	2.004731	0.00984	-0.024747	0.014535	-0.011643	-0.009401	-0.010339	-0.31667	0.174259	0.068457	-0.504909	-0.347218
cell_001281	donor_094	1.196628	-0.908062	0.283441	-0.102507	F	2.507799	0.04004	-0.024747	0.014535	-0.011643	-0.009401	-0.010339	-1.852204	0.83013	0.297558	-2.30668	0.79316
cell_001282	donor_094	-1.034111	-0.304922	-0.690330	-0.102507	F	2.185227	0.01118	-0.024747	0.014535	-0.011643	-0.009401	-0.010339	-0.053028	-0.936822	-1.025425	-0.688222	-0.931525
cell_001283	donor_094	0.601896	-0.678788	1.011660	-0.102507	F	2.071007	0.03354	-0.024747	0.014535	-0.011643	-0.009401	-0.010339	-0.797188	1.700634	0.371126	2.03601	0.225739
cell_001284	donor_094	-0.245721	-0.649604	-1.253305	-0.102507	F	1.788494	0.05671	-0.024747	0.014535	-0.011643	-0.009401	-0.010339	0.579266	-0.880705	-0.168028	-0.08168	0.620092
cell_001285	donor_094	0.253205	0.895218	0.273321	-0.102507	F	2.026747	0.03773	-0.024747	0.014535	-0.011643	-0.009401	-0.010339	-0.049484	0.351327	0.315528	-0.302858	-0.405691
cell_001286	donor_094	2.238832	1.429787	-0.307528	-0.102507	F	2.225302	0.0228	-0.024747	0.014535	-0.011643	-0.009401	-0.010339	-0.668993	1.082304	-0.302432	0.328898	-0.156555
cell_001287	donor_094	-0.318027	0.469697	-0.838019	-0.102507	F	2.185667	0.04083	-0.024747	0.014535	-0.011643	-0.009401	-0.010339	1.062617	-1.988088	0.30297	-1.25491	0.390701
cell_001288	donor_094	1.166288	0.361601	0.256459	-0.102507	F	1.960312	0.00187	-0.024747	0.014535	-0.011643	-0.009401	-0.010339	-0.146547	-1.478361	0.33764	0.224182	-0.231221
cell_001289	donor_094	0.686954	1.722830	0.170955	-0.102507	F	2.086951	0.01322	-0.024747	0.014535	-0.011643	-0.009401	-0.010339	-0.104566	0.161511	1.17822	-0.314327	1.013032
cell_001290	donor_094	-0.113040	1.508720	0.967550	-0.102507	F	1.473375	0.02139	-0.024747	0.014535	-0.011643	-0.009401	-0.010339	-0.03745	1.295735	-0.235142	-0.666324	-1.097677
cell_001291	donor_094	-0.320980	0.005186	0.195381	-0.102507	F	1.706265	0.04574	-0.024747	0.014535	-0.011643	-0.009401	-0.010339	-0.033815	-0.793173	1.404488	-0.871213	-0.690023
cell_001292	donor_095	0.361813	-1.356600	-1.542485	-1.002435	F	2.283024	0.03812	0.001254	-0.025015	-0.044865	0.009154	-0.042271	0.581083	1.185792	0.731045	1.058685	-0.080216
cell_001293	donor_095	-0.887390	-0.964738	-0.643824	-1.002435	F	2.336813	0.0407	0.001254	-0.025015	-0.044865	0.009154	-0.042271	-0.066125	2.011758	1.690269	0.714202	1.106607
cell_001294	donor_095	0.634711	-0.168929	0.196395	-1.002435	F	2.037439	0.02945	0.001254	-0.025015	-0.044865	0.009154	-0.042271	0.858533	-1.205974	-0.039652	1.496774	0.720339
cell_001295	donor_095	-1.224303	-0.461642	0.587258	-1.002435	F	2.591586	0.01424	0.001254	-0.025015	-0.044865	0.009154	-0.042271	-0.06359	1.508758	0.369302	0.75558	0.374531
cell_001296	donor_095	0.594952	-0.724574	0.161662	-1.002435	F	2.203208	0.05976	0.001254	-0.025015	-0.044865	0.009154	-0.042271	0.541162	0.612669	1.299674	1.429957	-0.451091
cell_001297	donor_095	2.198848	-0.017598	-0.693187	-1.002435	F	1.906749	0.01604	0.001254	-0.025015	-0.044865	0.009154	-0.042271	0.355511	1.271009	-0.131559	-1.308896	-0.908648
cell_001298	donor_095	-0.173762	0.092177	-0.151168	-1.002435	F	1.512099	0.03838	0.001254	-0.025015	-0.044865	0.009154	-0.042271	-0.839579	-0.458179	-0.746228	1.029106	-0.276824
cell_001299	donor_095	-0.031355	-1.443447	-0.962630	-1.002435	F	2.575493	0.02776	0.001254	-0.025015	-0.044865	0.009154	-0.042271	1.261102	-1.130293	-0.353323	0.104277	0.810662
cell_001300	donor_095	-0.149335	-0.165268	-0.566189	-1.002435	F	2.308127	0.04126	0.001254	-0.025015	-0.044865	0.009154	-0.042271	1.143627	-0.538317	0.993419	-1.681893	0.871331
cell_001301	donor_095	-0.177014	0.061015	0.889413	-1.002435	F	2.719325	0.01789	0.001254	-0.025015	-0.044865	0.009154	-0.042271	-1.341065	0.446644	1.129187	0.88723	-1.639178
cell_001302	donor_095	-0.099212	0.399103	-0.541600	-1.002435	F	2.866739	0.05105	0.001254	-0.025015	-0.044865	0.009154	-0.042271	-0.447232	0.716933	0.688295	0.275931	-2.201607
cell_001303	donor_095	0.572096	0.375730	0.865817	-1.002435	F	1.485224	0.05757	0.001254	-0.025015	-0.044865	0.009154	-0.042271	1.198049	1.37626	0.16374	0.228578	0.50306
cell_001304	donor_095	0.713460	0.588736	-0.098417	-1.002435	F	1.486267	0.04983	0.001254	-0.025015	-0.044865	0.009154	-0.042271	1.460443	0.250554	-0.191175	0.38152	-0.01111
cell_001305	donor_095	0.244939	1.063509	-0.652075	-1.002435	F	0.85472	0.03315	0.001254	-0.025015	-0.044865	0.009154	-0.042271	0.000249	-1.765859	0.522832	1.171455	1.020373
cell_001306	donor_095	-0.628408	0.181431	0.415280	-1.002435	F	2.367345	0.0213	0.001254	-0.025015	-0.044865	0.009154	-0.042271	0.950991	-0.053002	0.145676	1.191403	0.867354
cell_001307	donor_095	-0.824106	-0.074763	-0.093999	-1.002435	F	2.262593	0.08644	0.001254	-0.025015	-0.044865	0.009154	-0.042271	1.486356	-0.672716	-0.678956	-0.332568	-0.943033
cell_001308	donor_095	-2.215280	-0.219594	-0.157318	-1.002435	F	2.039112	0.01017	0.001254	-0.025015	-0.044865	0.009154	-0.042271	-1.321455	0.468637	0.40055	0.246226	0.353745
cell_001309	donor_096	-0.160293	1.415914	-1.215798	-1.280413	F	1.509547	0.04762	0.017083	0.031171	-0.003284	0.02599	-0.000485	-1.463712	-0.480052	-0.293468	0.048506	-1.459763
cell_001310	donor_096	-0.824623	-2.612196	-0.480917	-1.280413	F	1.964387	0.03666	0.017083	0.031171	-0.003284	0.02599	-0.000485	-0.927791	-0.436478	1.058285	0.26187	1.021566
cell_001311	donor_096	-0.395644	-0.509977	1.107677	-1.280413	F	2.073882	0.02875	0.017083	0.031171	-0.003284	0.02599	-0.000485	-0.122431	0.000989	0.499076	-0.177211	-0.624725
cell_001312	donor_096	0.860618	0.077857	-0.370613	-1.280413	F	2.31309	0.0337	0.017083	0.031171	-0.003284	0.02599	-0.000485	-1.489785	-0.597917	0.836187	1.260674	-0.773157
cell_001313	donor_096	1.026190	-0.019758	-0.818270	-1.280413	F	2.109195	0.0198	0.017083	0.031171	-0.003284	0.02599	-0.000485	-1.733737	0.926611	0.069299	-1.347047	-3.110789
cell_001314	donor_096	-1.716249	-0.441314	0.754644	-1.280413	F	2.265521	0.03854	0.017083	0.031171	-0.003284	0.02599	-0.000485	-0.963411	-0.462946	-1.151651	0.691906	-0.812568
cell_001315	donor_096	2.276539	0.061610	-0.765356	-1.280413	F	1.950348	0.03634	0.017083	0.031171	-0.003284	0.02599	-0.000485	0.012402	2.373489	0.117461	-0.115518	-0.092928
cell_001316	donor_096	-1.184965	0.551955	-1.764616	-1.280413	F	2.472593	0.08355	0.017083	0.031171	-0.003284	0.02599	-0.000485	0.669014	0.545085	-1.003554	-0.411153	-0.667329
cell_001317	donor_096	0.550345	0.817712	0.436279	-1.280413	F	2.252692	0.05142	0.017083	0.031171	-0.003284	0.02599	-0.000485	-0.282643	1.826621	0.617448	-0.079763	1.244532
cell_001318	donor_096	-0.219662	0.564941	0.170938	-1.280413	F	1.525227	0.04032	0.017083	0.031171	-0.003284	0.02599	-0.000485	0.188471	-1.63805	1.663965	-0.156399	-2.256027
cell_001319	donor_096	-0.778124	1.850412	-0.351679	-1.280413	F	2.555688	0.04151	0.017083	0.031171	-0.003284	0.02599	-0.000485	-1.599626	1.127685	-1.5834	1.349225	0.081048
cell_001320	donor_096	0.775752	-2.418614	1.276471	-1.280413	F	2.490229	0.06679	0.017083	0.031171	-0.003284	0.02599	-0.000485	0.713894	-0.256806	0.523365	0.316567	-0.03853
cell_001321	donor_097	1.468764	0.029834	0.558771	-0.580411	M	2.18619	0.01059	0.031985	-0.009124	-0.047298	-0.001598	0.034159	-1.065439	0.358528	-1.817024	0.931501	0.196995
cell_001322	donor_097	0.558515	-0.642784	0.547122	-0.580411	M	2.112287	0.02635	0.031985	-0.009124	-0.047298	-0.001598	0.034159	0.464197	-2.616907	-1.125734	-0.505766	0.673678
cell_001323	donor_097	-0.808630	-0.608757	1.126943	-0.580411	M	2.663445	0.00814	0.031985	-0.009124	-0.047298	-0.001598	0.034159	-0.942811	2.548004	-0.263313	-1.015996	-0.18685
cell_001324	donor_097	0.974658	-0.706376	-0.733576	-0.580411	M	1.346675	0.04118	0.031985	-0.009124	-0.047298	-0.001598	0.034159	-0.950947	-1.184341	1.01098	0.513241	0.516144
cell_001325	donor_097	-0.645597	0.732640	-0.999985	-0.580411	M	2.49649	0.04696	0.031985	-0.009124	-0.047298	-0.001598	0.034159	1.276753	0.486672	-1.067407	0.708644	-1.126619
cell_001326	donor_097	0.356713	0.746847	-0.088245	-0.580411	M	1.809517	0.01009	0.031985	-0.009124	-0.047298	-0.001598	0.034159	-0.478039	-0.045718	-0.14718	-1.791183	-0.967605
cell_001327	donor_097	1.010064	-0.304310	-0.213856	-0.580411	M	2.438071	0.0587	0.031985	-0.009124	-0.047298	-0.001598	0.034159	-0.022509	-0.610687	1.126258	1.297486	-1.120386
cell_001328	donor_097	-0.977246	1.017177	-0.766520	-0.580411	M	2.04815	0.01562	0.031985	-0.009124	-0.047298	-0.001598	0.034159	0.059755	1.582717	-0.134218	-0.406979	0.860221
cell_001329	donor_097	0.349772	-0.071316	-1.052783	-0.580411	M	1.50283	0.02315	0.031985	-0.009124	-0.047298	-0.001598	0.034159	-0.274202	1.27087	-0.594747	-0.474588	0.790156
cell_001330	donor_097	-0.609103	1.382872	0.201658	-0.580411	M	1.801392	0.03239	0.031985	-0.009124	-0.047298	-0.001598	0.034159	0.100544	0.108406	-1.909331	-0.353413	0.864037
cell_001331	donor_097	-1.009150	0.305328	-0.146114	-0.580411	M	2.408692	0.06188	0.031985	-0.009124	-0.047298	-0.001598	0.034159	-0.78371	0.700668	0.26799	-0.199715	1.357755
cell_001332	donor_098	3.454046	0.285124	-0.380625	0.129931	M	1.915917	0.01284	0.010699	-0.010306	0.006578	0.019422	-0.001712	-0.339844	-0.270147	-0.211136	0.080525	0.766958
cell_001333	donor_098	1.420028	-1.841036	0.094320	0.129931	M	1.751406	0.03582	0.010699	-0.010306	0.006578	0.019422	-0.001712	-1.472555	0.868045	0.068098	0.554035	2.39185
cell_001334	donor_098	1.994428	-0.116199	-1.733301	0.129931	M	1.748731	0.0455	0.010699	-0.010306	0.006578	0.019422	-0.001712	-0.51166	-1.224671	0.193799	0.352167	0.871609
cell_001335	donor_098	-0.395918	1.454518	0.376070	0.129931	M	2.256899	0.04137	0.010699	-0.010306	0.006578	0.019422	-0.001712	-0.538377	-0.830107	-1.532971	-1.367494	-0.415962
cell_001336	donor_098	-0.838856	-0.685243	-0.559700	0.129931	M	2.700254	0.04211	0.010699	-0.010306	0.006578	0.019422	-0.001712	-0.116585	2.065134	-1.692583	0.335401	-0.725936
cell_001337	donor_098	0.361198	1.338196	1.052423	0.129931	M	1.143647	0.04523	0.010699	-0.010306	0.006578	0.019422	-0.001712	0.222867	-0.553236	1.035385	1.02919	-0.113101
cell_001338	donor_098	0.456012	-1.331645	-1.327933	0.129931	M	3.120274	0.01891	0.010699	-0.010306	0.006578	0.019422	-0.001712	1.439112	0.760109	1.392559	-0.043137	0.951799
cell_001339	donor_098	0.533252	-1.345471	-0.225567	0.129931	M	2.081498	0.06376	0.010699	-0.010306	0.006578	0.019422	-0.001712	-0.768263	-0.869659	2.179826	-1.085872	-0.436106
cell_001340	donor_098	0.304150	-1.137594	-1.024262	0.129931	M	2.23209	0.02778	0.010699	-0.010306	0.006578	0.019422	-0.001712	-1.898007	-0.845863	-0.994236	-0.670291	0.299884
cell_001341	donor_098	-0.094121	0.503650	1.061519	0.129931	M	1.825495	0.02512	0.010699	-0.010306	0.006578	0.019422	-0.001712	0.541035	-1.00681	-0.789667	1.08351	1.705293
cell_001342	donor_098	0.607053	0.073657	-0.746195	0.129931	M	1.998594	0.05695	0.010699	-0.010306	0.006578	0.019422	-0.001712	1.255917	-1.646331	1.189407	1.853689	-1.695949
cell_001343	donor_098	-1.070907	-0.510877	0.409936	0.129931	M	2.077005	0.01739	0.010699	-0.010306	0.006578	0.019422	-0.001712	1.082701	0.225217	-0.327138	0.106183	0.443261
cell_001344	donor_098	0.336624	-2.099902	-0.785677	0.129931	M	1.580362	0.03641	0.010699	-0.010306	0.006578	0.019422	-0.001712	1.157585	1.106015	-1.506927	-0.648672	0.093566
cell_001345	donor_098	1.204508	0.079215	-1.417009	0.129931	M	1.677727	0.01554	0.010699	-0.010306	0.006578	0.019422	-0.001712	1.572219	-2.727492	-0.610835	-1.527891	-1.369378
cell_001346	donor_098	2.355821	-0.028942	0.384334	0.129931	M	2.473827	0.08038	0.010699	-0.010306	0.006578	0.019422	-0.001712	0.985735	-0.531886	-2.333698	-0.158439	2.035859
cell_001347	donor_099	0.399525	-0.367595	-0.727574	-0.756912	F	1.379061	0.07617	0.052528	-0.010348	0.02005	0.015239	-0.013997	-1.806691	0.532937	1.567704	-0.049423	1.928
cell_001348	donor_099	2.121675	1.003206	0.821937	-0.756912	F	2.176416	0.0278	0.052528	-0.010348	0.02005	0.015239	-0.013997	-0.659811	1.44594	1.209937	-0.032533	-1.487204
cell_001349	donor_099	0.576289	-1.003317	1.277530	-0.756912	F	1.851793	0.0404	0.052528	-0.010348	0.02005	0.015239	-0.013997	-1.00173	-2.344187	0.59415	0.474301	0.079217
cell_001350	donor_099	-0.843133	0.283287	-1.639390	-0.756912	F	1.615717	0.0301	0.052528	-0.010348	0.02005	0.015239	-0.013997	-0.122714	1.357592	0.297798	-0.554645	0.147228
cell_001351	donor_099	-2.040859	0.318291	-0.809099	-0.756912	F	2.788773	0.02303	0.052528	-0.010348	0.02005	0.015239	-0.013997	2.047505	0.622167	-0.389918	-0.044472	0.463379
cell_001352	donor_099	-1.989168	0.540610	2.120081	-0.756912	F	1.618199	0.03239	0.052528	-0.010348	0.02005	0.015239	-0.013997	-0.421086	-0.509545	-0.011322	1.51909	0.790977
cell_001353	donor_099	1.389560	-0.257318	0.008845	-0.756912	F	1.547959	0.02919	0.052528	-0.010348	0.02005	0.015239	-0.013997	-0.409529	0.869013	0.008573	0.344588	0.253624
cell_001354	donor_099	0.887706	1.122128	-0.343536	-0.756912	F	1.925211	0.00041	0.052528	-0.010348	0.02005	0.015239	-0.013997	-2.110257	-3.047436	0.226621	-0.852861	-1.639263
cell_001355	donor_099	0.034178	0.300615	0.553876	-0.756912	F	1.692577	0.03526	0.052528	-0.010348	0.02005	0.015239	-0.013997	-0.822009	0.924643	0.357826	0.771761	0.453096
cell_001356	donor_099	-0.133076	-0.120085	1.379832	-0.756912	F	2.002552	0.02915	0.052528	-0.010348	0.02005	0.015239	-0.013997	-0.918832	0.776545	0.58574	-0.117483	0.05884
cell_001357	donor_099	1.209521	0.477411	1.719109	-0.756912	F	2.06216	0.03624	0.052528	-0.010348	0.02005	0.015239	-0.013997	0.792466	-0.749449	1.087883	0.565094	0.002258
cell_001358	donor_099	-0.386446	1.622973	0.542515	-0.756912	F	2.093863	0.02845	0.052528	-0.010348	0.02005	0.015239	-0.013997	1.531236	-1.294332	-0.460185	-0.682251	0.358091
cell_001359	donor_099	3.271026	-1.192482	-0.689345	-0.756912	F	1.950444	0.02279	0.052528	-0.010348	0.02005	0.015239	-0.013997	1.182413	-0.983022	3.305498	-0.662756	0.360683
cell_001360	donor_099	0.418798	0.397234	1.950139	-0.756912	F	1.719135	0.0475	0.052528	-0.010348	0.02005	0.015239	-0.013997	0.002686	0.046157	-0.792411	1.067546	-0.853921
cell_001361	donor_099	-0.668375	0.904919	1.162463	-0.756912	F	2.257361	0.04066	0.052528	-0.010348	0.02005	0.015239	-0.013997	-1.768929	-1.121997	1.445316	1.25047	-2.007236
cell_001362	donor_100	0.704648	-0.960996	1.407759	-0.330074	F	1.955323	0.05792	-0.008489	0.020362	0.002896	0.006761	-0.032719	0.81373	-1.981933	-0.027228	-1.207752	0.890782
cell_001363	donor_100	1.229325	0.599585	0.204348	-0.330074	F	1.801753	0.03989	-0.008489	0.020362	0.002896	0.006761	-0.032719	0.554661	0.979579	-0.29524	-0.191329	-1.499246
cell_001364	donor_100	0.226108	-0.078736	0.640785	-0.330074	F	2.591997	0.02605	-0.008489	0.020362	0.002896	0.006761	-0.032719	-1.030485	0.948533	0.367265	0.104335	1.262114
cell_001365	donor_100	0.031135	-0.848525	-1.048592	-0.330074	F	1.951475	0.04234	-0.008489	0.020362	0.002896	0.006761	-0.032719	-1.300142	0.720148	-1.179157	1.477874	0.544474
cell_001366	donor_100	-0.752036	0.222132	-0.026956	-0.330074	F	2.436795	0.00961	-0.008489	0.020362	0.002896	0.006761	-0.032719	0.964501	-0.701647	2.182098	1.998558	0.430379
cell_001367	donor_100	0.215344	0.500813	-0.627321	-0.330074	F	2.490735	0.07207	-0.008489	0.020362	0.002896	0.006761	-0.032719	1.175262	-0.301887	-1.268481	0.795791	-0.91931
cell_001368	donor_100	1.465660	-0.267711	-0.433427	-0.330074	F	2.515069	0.03549	-0.008489	0.020362	0.002896	0.006761	-0.032719	1.31022	1.047858	0.235223	0.179296	0.989288
cell_001369	donor_100	0.482386	-1.836510	-0.790534	-0.330074	F	2.276463	0.07369	-0.008489	0.020362	0.002896	0.006761	-0.032719	0.274564	-0.404462	-1.514507	0.9589	0.366439
cell_001370	donor_100	0.981073	-1.737422	1.117574	-0.330074	F	1.999747	0.01261	-0.008489	0.020362	0.002896	0.006761	-0.032719	2.75566	-0.095911	0.302036	0.325504	0.650756
cell_001371	donor_100	1.511137	-0.369455	0.291813	-0.330074	F	1.974383	0.00765	-0.008489	0.020362	0.002896	0.006761	-0.032719	-0.966879	-0.077215	0.827659	-0.332763	0.790189
cell_001372	donor_100	1.119087	-0.466789	0.867776	-0.330074	F	1.902352	0.03732	-0.008489	0.020362	0.002896	0.006761	-0.032719	0.096716	0.401871	1.151136	-0.227356	-1.451851
cell_001373	donor_101	-0.671149	-0.477602	-0.799336	-1.885797	F	1.133242	0.03725	0.01312	0.005746	-0.001278	0.007218	-0.008184	-0.26634	-0.825555	-2.125736	-0.106682	0.199031
cell_001374	donor_101	0.342647	1.157969	-0.184113	-1.885797	F	2.287523	0.03676	0.01312	0.005746	-0.001278	0.007218	-0.008184	1.020761	-1.13931	0.088526	1.128091	-0.574647
cell_001375	donor_101	-1.271249	-1.082707	0.394599	-1.885797	F	2.097786	0.03372	0.01312	0.005746	-0.001278	0.007218	-0.008184	0.536222	1.597718	-1.862414	0.272654	1.16289
cell_001376	donor_101	1.844116	0.393725	-0.386897	-1.885797	F	2.33021	0.01744	0.01312	0.005746	-0.001278	0.007218	-0.008184	-0.350713	1.38676	0.634222	1.769357	0.582465
cell_001377	donor_101	0.766184	-0.239499	-0.378285	-1.885797	F	1.953199	0.00029	0.01312	0.005746	-0.001278	0.007218	-0.008184	1.852539	0.3	-1.367796	-0.631	1.018363
cell_001378	donor_101	-0.958459	1.408449	-2.539208	-1.885797	F	2.26593	0.03566	0.01312	0.005746	-0.001278	0.007218	-0.008184	0.99869	-0.310601	1.804301	-0.353968	0.461977
cell_001379	donor_101	0.797859	-0.463745	-0.410341	-1.885797	F	1.448997	0.00435	0.01312	0.005746	-0.001278	0.007218	-0.008184	0.434283	-1.33047	-0.110492	2.38033	-0.922267
cell_001380	donor_101	1.692315	-0.714131	-0.680069	-1.885797	F	1.532294	0.00246	0.01312	0.005746	-0.001278	0.007218	-0.008184	0.625158	-1.154383	-0.932689	-1.414288	0.941071
cell_001381	donor_101	-0.130394	0.413847	-0.441856	-1.885797	F	1.009515	0.02239	0.01312	0.005746	-0.001278	0.007218	-0.008184	-0.871388	1.267494	-0.53132	0.127999	0.411381
cell_001382	donor_101	-1.573859	-0.865698	1.281334	-1.885797	F	1.94626	0.03861	0.01312	0.005746	-0.001278	0.007218	-0.008184	-1.616876	0.203649	0.349898	1.140017	-0.959503
cell_001383	donor_101	0.074777	0.451087	-0.261421	-1.885797	F	1.69099	0.06976	0.01312	0.005746	-0.001278	0.007218	-0.008184	-0.817022	0.659548	1.412392	-0.592503	-1.235204
cell_001384	donor_101	-0.659498	1.677569	-0.188192	-1.885797	F	1.638647	0.04959	0.01312	0.005746	-0.001278	0.007218	-0.008184	-0.316728	-1.013323	0.397781	-1.079835	0.972905
cell_001385	donor_101	-0.443370	1.096142	-0.722360	-1.885797	F	2.133861	0.05866	0.01312	0.005746	-0.001278	0.007218	-0.008184	0.212617	1.0041	-2.423309	-1.758151	1.292673
cell_001386	donor_101	-0.594727	0.010247	0.000270	-1.885797	F	1.829797	0.04307	0.01312	0.005746	-0.001278	0.007218	-0.008184	-0.719521	-1.466383	-0.202698	0.242346	-0.158015
cell_001387	donor_101	0.259611	2.091669	0.336248	-1.885797	F	1.426764	0.03734	0.01312	0.005746	-0.001278	0.007218	-0.008184	0.468014	0.3325	0.280151	1.348371	-0.01418
cell_001388	donor_101	-2.378054	0.326299	0.037880	-1.885797	F	3.017907	0.08012	0.01312	0.005746	-0.001278	0.007218	-0.008184	-0.04358	0.802811	0.55266	-0.902858	-0.092114
cell_001389	donor_102	0.043450	0.245947	-0.028678	-0.37065	F	1.985196	0.00354	-0.011838	-0.004838	-0.009284	0.043611	0.018237	0.438229	-0.586828	-0.539175	-1.391458	-2.882779
cell_001390	donor_102	-0.052612	0.613044	-0.542081	-0.37065	F	1.566735	0.02174	-0.011838	-0.004838	-0.009284	0.043611	0.018237	-0.374079	0.127286	-1.095414	1.377872	-1.0467
cell_001391	donor_102	-0.947686	3.023781	-0.715857	-0.37065	F	1.732066	0.0233	-0.011838	-0.004838	-0.009284	0.043611	0.018237	0.912531	0.41867	2.176335	0.539839	-1.446276
cell_001392	donor_102	0.100143	-1.495660	0.116468	-0.37065	F	1.930743	0.04787	-0.011838	-0.004838	-0.009284	0.043611	0.018237	1.054367	1.697582	-1.772212	0.639129	0.860315
cell_001393	donor_102	-0.933226	-0.442473	1.045065	-0.37065	F	1.929902	0.01042	-0.011838	-0.004838	-0.009284	0.043611	0.018237	-0.212828	-2.421955	-0.295958	-0.581069	1.529776
cell_001394	donor_102	0.472010	0.568410	-1.771205	-0.37065	F	2.520866	0.04527	-0.011838	-0.004838	-0.009284	0.043611	0.018237	-0.088591	-0.412311	-0.586512	0.325748	0.056868
cell_001395	donor_102	1.836895	-1.191881	1.528561	-0.37065	F	1.968228	0.04159	-0.011838	-0.004838	-0.009284	0.043611	0.018237	-0.789945	0.264021	-0.557255	-2.59226	0.668023
cell_001396	donor_102	1.021544	0.577333	-0.854985	-0.37065	F	2.742083	0.04627	-0.011838	-0.004838	-0.009284	0.043611	0.018237	0.573184	0.199739	-0.442468	-0.07206	0.819283
cell_001397	donor_102	0.151590	-0.470921	0.029040	-0.37065	F	1.827031	0.0459	-0.011838	-0.004838	-0.009284	0.043611	0.018237	-0.631812	0.859646	-1.474848	0.168163	0.025757
cell_001398	donor_102	-0.249872	-2.038611	1.121784	-0.37065	F	2.170574	0.06077	-0.011838	-0.004838	-0.009284	0.043611	0.018237	1.002685	-0.918929	-0.80981	-1.394494	-0.566734
cell_001399	donor_102	-0.081107	-0.484800	-0.560327	-0.37065	F	2.408792	0.02902	-0.011838	-0.004838	-0.009284	0.043611	0.018237	0.255418	-1.797843	-0.442913	0.61079	-0.102879
cell_001400	donor_103	0.358460	-0.893756	-2.255176	1.023587	F	2.478061	0.0406	-0.019369	0.040726	-0.008657	0.000589	0.017948	0.075206	-1.506099	-0.100046	0.028686	-0.16373
cell_001401	donor_103	0.407130	0.519103	-0.199632	1.023587	F	2.524749	0.01527	-0.019369	0.040726	-0.008657	0.000589	0.017948	0.152802	-0.309125	-0.456037	-1.039771	0.974462
cell_001402	donor_103	-1.147903	0.088936	-1.464532	1.023587	F	1.891195	0.0107	-0.019369	0.040726	-0.008657	0.000589	0.017948	-1.226658	0.157947	1.813197	1.101435	0.509365
cell_001403	donor_103	-1.027231	-0.750698	0.843939	1.023587	F	1.997804	0.0653	-0.019369	0.040726	-0.008657	0.000589	0.017948	0.249742	-0.127771	-0.90135	-0.253831	0.574876
cell_001404	donor_103	-0.362611	-0.447866	1.954693	1.023587	F	1.008231	0.01376	-0.019369	0.040726	-0.008657	0.000589	0.017948	0.389715	0.788722	1.219672	-0.158457	0.191851
cell_001405	donor_103	0.352462	0.338995	-0.369701	1.023587	F	1.921596	0.04283	-0.019369	0.040726	-0.008657	0.000589	0.017948	-1.899071	2.256198	-0.413849	0.651693	-0.414527
cell_001406	donor_103	-0.596372	-2.186406	0.968741	1.023587	F	2.436502	0.04062	-0.019369	0.040726	-0.008657	0.000589	0.017948	-0.437745	-0.237002	-1.245119	-2.480213	1.15969
cell_001407	donor_103	0.448310	-0.179166	-0.137227	1.023587	F	2.358735	0.0535	-0.019369	0.040726	-0.008657	0.000589	0.017948	0.545703	-0.915855	0.45191	0.823934	-0.69302
cell_001408	donor_103	0.736144	-1.554710	-0.589881	1.023587	F	1.965405	0.00316	-0.019369	0.040726	-0.008657	0.000589	0.017948	0.411848	1.006803	-1.438352	0.533411	0.364387
cell_001409	donor_103	-1.136303	1.771509	0.875656	1.023587	F	2.679656	0.04782	-0.019369	0.040726	-0.008657	0.000589	0.017948	1.880451	0.557035	-0.410881	-0.295189	2.023394
cell_001410	donor_103	-2.202693	-1.513762	-0.132346	1.023587	F	1.846398	0.02884	-0.019369	0.040726	-0.008657	0.000589	0.017948	-0.354851	0.586146	-0.238381	1.081262	1.13067
cell_001411	donor_103	-0.472440	-1.324382	1.944762	1.023587	F	1.713544	0.018	-0.019369	0.040726	-0.008657	0.000589	0.017948	-0.022668	-0.406761	-0.430608	-1.72726	0.100559
cell_001412	donor_103	0.312540	0.474816	-0.692015	1.023587	F	1.812735	0.02498	-0.019369	0.040726	-0.008657	0.000589	0.017948	0.080396	-0.816132	-1.834811	0.206285	0.332623
cell_001413	donor_103	0.722274	-0.380433	-0.283343	1.023587	F	1.551014	0.05074	-0.019369	0.040726	-0.008657	0.000589	0.017948	0.394645	-0.989938	0.396773	-0.178583	0.864488
cell_001414	donor_103	0.611002	-1.628998	1.597028	1.023587	F	2.248958	0.04462	-0.019369	0.040726	-0.008657	0.000589	0.017948	-0.974821	1.150203	1.509986	0.116079	0.403674
cell_001415	donor_103	0.182389	1.280944	-1.075420	1.023587	F	2.115393	0.02744	-0.019369	0.040726	-0.008657	0.000589	0.017948	0.783893	-1.025702	-0.486265	0.184225	2.026895
cell_001416	donor_104	-0.923165	-1.161900	0.250298	0.70518	M	2.243992	0.00722	-0.0394	-0.004741	-0.011467	0.004102	0.007401	-1.196106	1.637725	-0.193226	-0.034437	1.218044
cell_001417	donor_104	0.065983	-0.464412	-1.014069	0.70518	M	1.834252	0.00863	-0.0394	-0.004741	-0.011467	0.004102	0.007401	2.021449	0.422846	1.164747	-0.920308	-0.529468
cell_001418	donor_104	-1.266596	-0.048484	-0.465587	0.70518	M	1.976771	0.04506	-0.0394	-0.004741	-0.011467	0.004102	0.007401	-1.352448	-0.515588	0.565235	0.212145	1.727103
cell_001419	donor_104	-0.685607	1.547089	-0.082326	0.70518	M	1.128633	0.00445	-0.0394	-0.004741	-0.011467	0.004102	0.007401	2.054711	-0.136504	-0.679684	1.160036	1.264224
cell_001420	donor_104	1.270043	-0.533252	0.244776	0.70518	M	2.15049	0.02764	-0.0394	-0.004741	-0.011467	0.004102	0.007401	0.441248	0.705561	0.549153	-0.988757	-1.218572
cell_001421	donor_104	-0.055476	-1.697622	1.428338	0.70518	M	2.039537	0.08362	-0.0394	-0.004741	-0.011467	0.004102	0.007401	-0.050902	-0.200915	0.276944	-0.131225	-1.703265
cell_001422	donor_104	-0.135154	0.746418	-0.752029	0.70518	M	1.559789	0.03919	-0.0394	-0.004741	-0.011467	0.004102	0.007401	-2.112193	0.73743	-0.66279	-0.232124	-0.557975
cell_001423	donor_104	-0.164844	-0.866852	1.235998	0.70518	M	1.958137	0.04484	-0.0394	-0.004741	-0.011467	0.004102	0.007401	-0.913049	-0.939852	1.019836	-0.23915	0.634764
cell_001424	donor_104	0.311409	0.367054	1.358184	0.70518	M	1.89686	0.00878	-0.0394	-0.004741	-0.011467	0.004102	0.007401	0.769085	0.316564	0.802043	0.014309	1.363815
cell_001425	donor_104	1.156341	0.765343	-1.421727	0.70518	M	2.705725	0.00545	-0.0394	-0.004741	-0.011467	0.004102	0.007401	0.823416	0.956443	-0.938518	0.263244	-1.835023
cell_001426	donor_105	-0.695679	-1.003888	0.727534	-0.086922	F	1.575549	0.04592	-0.001545	-0.002473	0.021303	0.00603	0.000829	1.401023	-0.623327	-0.484702	-1.367363	-0.036272
cell_001427	donor_105	0.170652	-1.390512	-0.188744	-0.086922	F	2.13257	0.02435	-0.001545	-0.002473	0.021303	0.00603	0.000829	-0.268252	1.822698	0.859235	-0.514651	-1.666233
cell_001428	donor_105	-1.494112	-0.053156	-1.655373	-0.086922	F	1.563693	0.05347	-0.001545	-0.002473	0.021303	0.00603	0.000829	-2.283671	-1.026253	-1.331217	0.348613	-0.144947
cell_001429	donor_105	0.528827	0.377963	1.907948	-0.086922	F	1.776851	0.03286	-0.001545	-0.002473	0.021303	0.00603	0.000829	0.017326	-0.948922	0.152032	-1.420406	-0.0883
cell_001430	donor_105	0.847873	-0.422914	0.818070	-0.086922	F	2.110728	0.10113	-0.001545	-0.002473	0.021303	0.00603	0.000829	0.830247	-0.365433	0.443644	-1.976865	-2.057085
cell_001431	donor_105	-1.397664	-0.962473	0.333143	-0.086922	F	1.915455	0.02055	-0.001545	-0.002473	0.021303	0.00603	0.000829	0.327259	1.047019	-0.238234	2.145208	-1.443398
cell_001432	donor_105	-2.158250	-0.037161	-1.020263	-0.086922	F	1.997604	0.03778	-0.001545	-0.002473	0.021303	0.00603	0.000829	-0.679984	0.140092	0.464375	-0.583903	-1.059265
cell_001433	donor_105	0.101307	-1.077736	0.424248	-0.086922	F	2.133089	0.01412	-0.001545	-0.002473	0.021303	0.00603	0.000829	0.620263	0.133241	-0.344621	0.498815	-0.136348
cell_001434	donor_105	0.019327	1.400366	0.006735	-0.086922	F	1.802524	0.05264	-0.001545	-0.002473	0.021303	0.00603	0.000829	-0.139742	-0.176577	-0.821058	-0.922743	-0.525702
cell_001435	donor_105	-0.768643	-0.246886	-1.344236	-0.086922	F	2.353659	0.04081	-0.001545	-0.002473	0.021303	0.00603	0.000829	0.032071	-1.871274	0.944745	0.018441	-1.06509
cell_001436	donor_105	0.406137	0.589850	2.469196	-0.086922	F	1.877808	0.01278	-0.001545	-0.002473	0.021303	0.00603	0.000829	1.616595	0.041792	-1.335149	1.571721	1.354868
cell_001437	donor_105	-0.621836	-0.267795	-0.575759	-0.086922	F	1.960978	0.02565	-0.001545	-0.002473	0.021303	0.00603	0.000829	-0.908781	-0.32298	-0.457587	-1.889469	0.324688
cell_001438	donor_105	0.212114	0.381691	-0.053375	-0.086922	F	2.144525	0.05944	-0.001545	-0.002473	0.021303	0.00603	0.000829	0.845145	0.656889	0.032754	0.942159	-1.135346
cell_001439	donor_105	1.086326	-0.616980	0.986174	-0.086922	F	2.0908	0.05703	-0.001545	-0.002473	0.021303	0.00603	0.000829	1.818282	-0.772082	-0.661008	-0.575216	-0.648147
cell_001440	donor_105	0.538498	-0.012030	-0.314937	-0.086922	F	2.257691	0.00371	-0.001545	-0.002473	0.021303	0.00603	0.000829	-0.192724	-0.231445	0.12964	-0.818697	0.166604
cell_001441	donor_105	2.426668	-0.817009	0.297933	-0.086922	F	2.126786	0.02268	-0.001545	-0.002473	0.021303	0.00603	0.000829	-1.090427	0.732475	0.72007	-0.005787	-0.649697
cell_001442	donor_106	-0.750219	1.785621	0.886826	0.243653	F	2.187612	0.06843	0.002957	0.036718	0.003453	-0.010289	-0.03818	0.311133	-0.887647	0.03454	-0.151815	2.629908
cell_001443	donor_106	-0.678350	0.512595	0.257696	0.243653	F	1.869851	0.02866	0.002957	0.036718	0.003453	-0.010289	-0.03818	-1.227053	-2.66731	-0.63758	-1.715532	-0.726695
cell_001444	donor_106	-0.516625	0.758164	0.389305	0.243653	F	1.572492	0.03567	0.002957	0.036718	0.003453	-0.010289	-0.03818	-1.297604	-0.904501	-1.06491	0.962951	-0.048529
cell_001445	donor_106	0.215699	-0.041920	0.431054	0.243653	F	1.428944	0.05254	0.002957	0.036718	0.003453	-0.010289	-0.03818	1.075453	0.040481	0.92859	-0.302145	1.594552
cell_001446	donor_106	0.229388	0.059093	-0.641016	0.243653	F	1.331716	0.00536	0.002957	0.036718	0.003453	-0.010289	-0.03818	0.470968	-0.779821	0.61915	0.027098	-0.202508
cell_001447	donor_106	1.693766	-1.050420	0.427636	0.243653	F	2.705091	0.01321	0.002957	0.036718	0.003453	-0.010289	-0.03818	0.096021	0.75125	-2.117513	-0.35094	0.682671
cell_001448	donor_106	-0.320241	1.759547	-0.903483	0.243653	F	1.114891	0.02553	0.002957	0.036718	0.003453	-0.010289	-0.03818	0.248227	-1.126381	-2.367762	1.700927	-0.187082
cell_001449	donor_106	-0.735263	-0.969818	0.323465	0.243653	F	2.477489	0.05609	0.002957	0.036718	0.003453	-0.010289	-0.03818	1.51405	0.794963	-0.793614	-2.501434	-0.462149
cell_001450	donor_106	-1.373051	-0.478528	-2.152366	0.243653	F	1.671652	0.0524	0.002957	0.036718	0.003453	-0.010289	-0.03818	-0.037242	0.45066	-1.110879	0.178007	0.177642
cell_001451	donor_106	0.240421	-0.500215	-1.488057	0.243653	F	2.474576	0.0464	0.002957	0.036718	0.003453	-0.010289	-0.03818	0.985953	-0.306807	0.442759	0.288437	0.875587
cell_001452	donor_106	1.085609	-1.307667	0.796944	0.243653	F	1.118984	0.02922	0.002957	0.036718	0.003453	-0.010289	-0.03818	-0.81991	-3.070856	-0.236863	-0.230966	-1.157519
cell_001453	donor_106	-0.701041	1.601571	0.749551	0.243653	F	1.905962	0.05459	0.002957	0.036718	0.003453	-0.010289	-0.03818	-1.508061	-0.574701	-0.114877	0.095428	-2.285306
cell_001454	donor_106	-1.008048	-0.917083	0.605525	0.243653	F	2.58161	0.02895	0.002957	0.036718	0.003453	-0.010289	-0.03818	-1.75354	1.129556	-0.189608	-0.002434	-1.333257
cell_001455	donor_106	-0.262378	-0.169343	1.272239	0.243653	F	2.285284	0.04356	0.002957	0.036718	0.003453	-0.010289	-0.03818	-0.004404	-0.375671	-0.618532	-1.461834	-0.868487
cell_001456	donor_106	-0.748689	0.091294	0.954628	0.243653	F	1.865094	0.05024	0.002957	0.036718	0.003453	-0.010289	-0.03818	1.972017	-0.349471	0.78962	-0.196398	-0.312116
cell_001457	donor_106	0.809117	-0.159613	-0.288906	0.243653	F	1.222809	0.06594	0.002957	0.036718	0.003453	-0.010289	-0.03818	-0.636003	1.345632	0.373072	-0.789609	-0.39411
cell_001458	donor_107	-1.738815	-1.056245	0.318359	-0.82826	M	1.471005	0.03087	-0.028679	-0.009341	-0.002168	-0.011112	0.007023	1.075907	-2.838538	0.310502	0.537601	-0.749746
cell_001459	donor_107	-0.137882	0.074927	1.039254	-0.82826	M	2.555659	0.02475	-0.028679	-0.009341	-0.002168	-0.011112	0.007023	0.154594	0.50231	-1.231146	0.841935	0.29734
cell_001460	donor_107	-1.187323	-0.236180	0.188711	-0.82826	M	1.860704	0.0579	-0.028679	-0.009341	-0.002168	-0.011112	0.007023	-0.152974	0.104928	0.707192	2.316116	0.609946
cell_001461	donor_107	-0.704160	1.431477	0.908587	-0.82826	M	1.97127	0.05944	-0.028679	-0.009341	-0.002168	-0.011112	0.007023	0.810582	0.193527	1.901651	-1.465993	-1.737402
cell_001462	donor_107	0.290133	1.794232	-1.498895	-0.82826	M	2.113414	0.02113	-0.028679	-0.009341	-0.002168	-0.011112	0.007023	0.153033	0.660142	-2.574616	-0.003436	-0.18049
cell_001463	donor_107	-0.007726	0.366337	-0.914555	-0.82826	M	1.478864	0.0099	-0.028679	-0.009341	-0.002168	-0.011112	0.007023	0.744158	0.428736	-1.808222	-1.080057	-0.80679
cell_001464	donor_107	0.300715	-1.106582	0.690557	-0.82826	M	2.162916	0.05638	-0.028679	-0.009341	-0.002168	-0.011112	0.007023	0.738945	0.374646	-0.620725	0.144547	-1.058007
cell_001465	donor_107	1.057835	0.272333	-1.852798	-0.82826	M	1.832154	0.00083	-0.028679	-0.009341	-0.002168	-0.011112	0.007023	2.049639	0.574357	0.786177	1.376811	1.016243
cell_001466	donor_107	-0.966794	0.564710	0.021199	-0.82826	M	2.117481	0.00186	-0.028679	-0.009341	-0.002168	-0.011112	0.007023	0.031526	-0.184965	1.288284	0.026535	-0.749018
cell_001467	donor_107	-2.694003	1.242830	0.136657	-0.82826	M	1.76878	0.02663	-0.028679	-0.009341	-0.002168	-0.011112	0.007023	1.966632	-0.935928	-1.734705	0.992776	-0.731246
cell_001468	donor_107	-0.819075	0.994956	-0.677540	-0.82826	M	1.370754	0.03205	-0.028679	-0.009341	-0.002168	-0.011112	0.007023	0.435097	1.817211	-1.374846	-0.040915	1.483409
cell_001469	donor_107	-0.688452	0.358353	1.781038	-0.82826	M	1.829051	0.0088	-0.028679	-0.009341	-0.002168	-0.011112	0.007023	0.681886	-0.179821	2.38938	-0.095317	0.396875
cell_001470	donor_107	1.623587	0.359711	0.462386	-0.82826	M	2.256311	0.03444	-0.028679	-0.009341	-0.002168	-0.011112	0.007023	1.649354	0.980864	1.32172	-0.899539	1.228175
cell_001471	donor_107	0.791499	-1.256984	0.644148	-0.82826	M	2.157624	0.03533	-0.028679	-0.009341	-0.002168	-0.011112	0.007023	0.169592	-0.745779	0.221944	0.190246	1.868089
cell_001472	donor_107	-0.734073	0.318478	-0.227468	-0.82826	M	2.012372	0.02039	-0.028679	-0.009341	-0.002168	-0.011112	0.007023	0.381296	-0.780805	-1.011428	-0.047397	-1.346366
cell_001473	donor_107	0.501208	0.118103	-3.073030	-0.82826	M	2.359253	0.07067	-0.028679	-0.009341	-0.002168	-0.011112	0.007023	-0.715356	-0.244191	-0.421885	0.726908	-0.737828
cell_001474	donor_108	0.178892	0.642153	0.445928	1.624439	M	1.918562	0.0386	-0.01137	-0.01829	0.012253	0.027388	-0.022143	-2.469981	-1.685773	-0.017818	-0.586803	-1.236672
cell_001475	donor_108	-0.102586	1.642162	0.311373	1.624439	M	2.022511	0.05257	-0.01137	-0.01829	0.012253	0.027388	-0.022143	1.958451	0.82875	-0.058427	0.233297	-0.265141
cell_001476	donor_108	0.437673	1.044492	0.362593	1.624439	M	1.808093	0.00088	-0.01137	-0.01829	0.012253	0.027388	-0.022143	-1.253815	1.03072	0.85133	-1.977334	0.226433
cell_001477	donor_108	-0.898018	-2.438337	-0.477121	1.624439	M	2.382647	0.0007	-0.01137	-0.01829	0.012253	0.027388	-0.022143	0.336832	-0.321731	2.097265	1.988745	-0.377508
cell_001478	donor_108	0.760946	-0.353096	0.801178	1.624439	M	2.116611	0.0392	-0.01137	-0.01829	0.012253	0.027388	-0.022143	-0.222819	-0.34027	-0.611332	-0.920761	0.506857
cell_001479	donor_108	0.148728	1.288066	-0.295217	1.624439	M	1.777217	0.0671	-0.01137	-0.01829	0.012253	0.027388	-0.022143	1.961441	1.550082	0.789177	-2.407112	-1.864549
cell_001480	donor_108	0.467615	0.505885	1.501602	1.624439	M	1.404388	0.0098	-0.01137	-0.01829	0.012253	0.027388	-0.022143	1.064163	1.619373	0.553735	-0.30558	1.352301
cell_001481	donor_108	-1.706637	-0.458408	0.848516	1.624439	M	2.441985	0.03287	-0.01137	-0.01829	0.012253	0.027388	-0.022143	0.753594	1.137445	-1.856569	0.34334	1.774571
cell_001482	donor_108	1.545896	0.240072	-0.292704	1.624439	M	1.702374	0.0053	-0.01137	-0.01829	0.012253	0.027388	-0.022143	0.527448	0.948245	0.036373	0.106075	1.402528
cell_001483	donor_108	0.757118	0.868703	-0.359662	1.624439	M	2.028826	0.01563	-0.01137	-0.01829	0.012253	0.027388	-0.022143	-0.669788	-0.767639	-0.478214	0.023446	-1.610089
cell_001484	donor_108	0.330307	1.180527	1.890459	1.624439	M	2.94104	0.03386	-0.01137	-0.01829	0.012253	0.027388	-0.022143	0.731059	-0.164247	0.853689	-2.11907	0.857523
cell_001485	donor_108	0.742605	0.044139	-0.054075	1.624439	M	2.320604	0.02015	-0.01137	-0.01829	0.012253	0.027388	-0.022143	1.336895	0.438548	0.030019	0.865203	1.271428
cell_001486	donor_108	0.557397	-0.115673	0.189640	1.624439	M	2.64446	0.00389	-0.01137	-0.01829	0.012253	0.027388	-0.022143	0.522927	0.597641	1.656942	0.761157	-0.800259
cell_001487	donor_108	-1.057876	1.297057	-1.140185	1.624439	M	1.78475	0.00344	-0.01137	-0.01829	0.012253	0.027388	-0.022143	1.266642	-0.123721	0.033283	0.10688	0.968868
cell_001488	donor_108	-0.432112	0.097593	1.990987	1.624439	M	2.428391	0.00772	-0.01137	-0.01829	0.012253	0.027388	-0.022143	1.748853	0.024421	1.731262	0.164588	1.402168
cell_001489	donor_109	-0.422683	-0.666016	-0.550817	2.067763	F	2.010668	0.03953	0.004874	-0.0381	-0.029491	-0.011775	0.022698	0.198433	-0.492424	1.922099	-0.587885	-0.654809
cell_001490	donor_109	1.658897	-2.812347	-1.002738	2.067763	F	2.146407	0.04195	0.004874	-0.0381	-0.029491	-0.011775	0.022698	-1.25604	1.267268	1.503447	0.37313	-0.983873
cell_001491	donor_109	2.731289	0.590882	-1.105985	2.067763	F	2.808337	0.04185	0.004874	-0.0381	-0.029491	-0.011775	0.022698	-0.006779	-0.302619	-1.030469	-0.488892	0.505736
cell_001492	donor_109	-0.041918	0.067455	0.846125	2.067763	F	1.888542	0.01182	0.004874	-0.0381	-0.029491	-0.011775	0.022698	-0.605169	0.291734	-1.776322	1.679181	-0.391412
cell_001493	donor_109	1.839502	0.388552	-0.539788	2.067763	F	2.007702	0.05012	0.004874	-0.0381	-0.029491	-0.011775	0.022698	0.870249	0.188685	0.402498	-1.131984	-0.760559
cell_001494	donor_109	0.787084	-0.698253	-1.033337	2.067763	F	1.638714	0.04414	0.004874	-0.0381	-0.029491	-0.011775	0.022698	-0.737853	0.025347	1.326156	0.433255	-0.90034
cell_001495	donor_109	-1.759909	-1.565128	-0.896445	2.067763	F	2.355387	0.03015	0.004874	-0.0381	-0.029491	-0.011775	0.022698	0.087334	-0.080634	-0.350865	-0.015417	0.763712
cell_001496	donor_109	-1.177790	0.313237	-1.199402	2.067763	F	1.775749	0.02686	0.004874	-0.0381	-0.029491	-0.011775	0.022698	-0.719926	-0.345891	0.982121	0.468963	1.279112
cell_001497	donor_109	-3.143666	-1.043912	-0.471860	2.067763	F	2.409084	0.01702	0.004874	-0.0381	-0.029491	-0.011775	0.022698	1.43585	-1.360541	0.288298	-0.507957	-1.198719
cell_001498	donor_109	-0.605449	1.519525	-0.613543	2.067763	F	1.340035	0.03384	0.004874	-0.0381	-0.029491	-0.011775	0.022698	-0.789193	-0.300768	-0.294521	-0.606889	-0.013641
cell_001499	donor_109	0.880923	-0.018983	-0.042305	2.067763	F	2.219455	0.06234	0.004874	-0.0381	-0.029491	-0.011775	0.022698	2.446646	-1.725219	1.137177	-0.018374	-0.437879
cell_001500	donor_109	-0.835380	-0.058783	-0.765096	2.067763	F	1.742523	0.05276	0.004874	-0.0381	-0.029491	-0.011775	0.022698	-2.01821	0.762763	-1.440967	0.827894	1.741331
cell_001501	donor_109	0.170024	-0.236250	-0.944628	2.067763	F	2.292207	0.02488	0.004874	-0.0381	-0.029491	-0.011775	0.022698	-1.282804	1.168361	0.025439	-2.094205	-1.204817
cell_001502	donor_110	0.991894	0.426840	-0.448063	0.164824	F	1.994576	0.04077	-0.015574	-0.016322	0.000722	0.000742	-0.015703	0.178227	0.401183	-1.580691	0.031705	0.823556
cell_001503	donor_110	0.145493	-0.083823	-0.867591	0.164824	F	1.785864	0.00797	-0.015574	-0.016322	0.000722	0.000742	-0.015703	0.998576	-0.412836	0.438469	1.072435	0.852456
cell_001504	donor_110	0.070496	-0.621012	-0.944934	0.164824	F	1.845376	0.0446	-0.015574	-0.016322	0.000722	0.000742	-0.015703	0.891437	0.113507	-0.094518	0.272114	-0.763769
cell_001505	donor_110	-1.622767	-0.358607	0.566971	0.164824	F	1.659845	0.01338	-0.015574	-0.016322	0.000722	0.000742	-0.015703	1.112095	-1.530405	-0.50431	-0.036243	0.469679
cell_001506	donor_110	-0.694659	2.520709	0.885686	0.164824	F	2.335115	0.04381	-0.015574	-0.016322	0.000722	0.000742	-0.015703	0.657529	1.488986	0.077752	-0.717986	-0.145037
cell_001507	donor_110	1.304330	0.795243	1.852865	0.164824	F	1.580545	0.08938	-0.015574	-0.016322	0.000722	0.000742	-0.015703	-0.319398	0.519933	-1.066999	-0.17543	1.622662
cell_001508	donor_110	-0.787002	-2.560737	-0.446126	0.164824	F	1.893169	0.0186	-0.015574	-0.016322	0.000722	0.000742	-0.015703	0.179852	-1.052933	-0.339785	-2.232983	-0.05886
cell_001509	donor_110	0.558219	0.151517	0.275473	0.164824	F	2.138096	0.08846	-0.015574	-0.016322	0.000722	0.000742	-0.015703	1.647681	-1.186603	-1.456047	-0.65326	0.921316
cell_001510	donor_110	1.320910	0.382058	0.798913	0.164824	F	2.645398	0.03981	-0.015574	-0.016322	0.000722	0.000742	-0.015703	1.704638	0.448212	-1.28591	-0.022225	1.789425
cell_001511	donor_110	-0.939563	-1.095394	1.614114	0.164824	F	1.996281	0.01501	-0.015574	-0.016322	0.000722	0.000742	-0.015703	-0.310901	0.140473	0.24056	-1.545863	0.997947
cell_001512	donor_110	0.100902	-0.623229	-0.621394	0.164824	F	1.902996	0.01409	-0.015574	-0.016322	0.000722	0.000742	-0.015703	0.853762	-1.99354	-1.330652	-0.9697	0.748349
cell_001513	donor_110	-0.649123	-0.708959	-1.283148	0.164824	F	2.109454	0.0773	-0.015574	-0.016322	0.000722	0.000742	-0.015703	-0.751112	0.401351	-0.181775	0.071172	0.495935
cell_001514	donor_110	-1.500420	-0.195004	-0.592926	0.164824	F	1.170614	0.03986	-0.015574	-0.016322	0.000722	0.000742	-0.015703	0.272334	-0.018972	0.32708	0.216972	-0.209667
cell_001515	donor_110	1.107159	0.293077	0.265318	0.164824	F	1.520542	0.01868	-0.015574	-0.016322	0.000722	0.000742	-0.015703	-0.431235	1.880443	-0.442705	1.366995	-0.685129
cell_001516	donor_110	-0.743120	-0.121028	0.361001	0.164824	F	1.849853	0.02593	-0.015574	-0.016322	0.000722	0.000742	-0.015703	0.810175	1.783758	-0.337506	-0.667392	-0.42923
cell_001517	donor_111	0.716196	-0.093892	1.079124	2.590686	M	1.714812	0.03862	0.039724	-0.005307	0.002272	-0.008036	0.008799	-0.019368	0.321871	-0.039997	-0.419985	1.954542
cell_001518	donor_111	0.007989	0.792847	-0.489852	2.590686	M	1.359667	0.02983	0.039724	-0.005307	0.002272	-0.008036	0.008799	-0.200439	-0.620101	0.830511	0.846436	1.412489
cell_001519	donor_111	-1.812588	0.268359	0.725324	2.590686	M	2.343111	0.03692	0.039724	-0.005307	0.002272	-0.008036	0.008799	1.927864	0.346272	-0.288254	-1.902237	-0.937851
cell_001520	donor_111	0.575347	0.422187	-0.348587	2.590686	M	2.103903	0.06547	0.039724	-0.005307	0.002272	-0.008036	0.008799	0.208562	-1.180942	-1.585122	0.065828	0.776759
cell_001521	donor_111	-0.806746	0.551728	0.426447	2.590686	M	2.056106	0.00744	0.039724	-0.005307	0.002272	-0.008036	0.008799	-0.246478	0.896788	0.616583	1.149233	2.173438
cell_001522	donor_111	-0.560899	1.109424	-0.882866	2.590686	M	1.722404	0.04289	0.039724	-0.005307	0.002272	-0.008036	0.008799	2.614027	0.731671	-0.45985	0.061836	1.573255
cell_001523	donor_111	-0.583523	1.636425	0.868582	2.590686	M	2.031757	0.02854	0.039724	-0.005307	0.002272	-0.008036	0.008799	-0.893225	1.447661	-0.169924	0.227126	-0.807688
cell_001524	donor_111	-0.358009	0.287381	0.154792	2.590686	M	2.20578	0.02002	0.039724	-0.005307	0.002272	-0.008036	0.008799	-1.323725	-0.278836	1.303012	-0.701961	1.612521
cell_001525	donor_111	-2.745614	-0.906474	-0.050847	2.590686	M	1.894042	0.05144	0.039724	-0.005307	0.002272	-0.008036	0.008799	-0.572873	-1.068227	0.253637	0.679072	0.188088
cell_001526	donor_111	-0.356611	0.247103	1.129482	2.590686	M	2.177829	0.00077	0.039724	-0.005307	0.002272	-0.008036	0.008799	0.150953	1.60296	0.094915	-0.470407	-1.13297
cell_001527	donor_111	-0.321536	-1.057655	0.324852	2.590686	M	1.681576	0.01733	0.039724	-0.005307	0.002272	-0.008036	0.008799	1.273636	-0.425678	-0.328103	1.051879	2.054148
cell_001528	donor_111	-0.326623	-0.156064	-0.291774	2.590686	M	2.038994	0.03449	0.039724	-0.005307	0.002272	-0.008036	0.008799	0.251332	-0.136998	-0.005652	-0.455538	-0.355847
cell_001529	donor_112	2.241838	-2.240704	-0.388334	-0.680182	F	2.456999	0.02724	0.024699	0.033273	-0.015245	0.022016	0.010994	-0.350489	0.910728	-0.088171	1.359312	-0.116277
cell_001530	donor_112	-0.003689	-0.781142	0.899826	-0.680182	F	2.492808	0.00294	0.024699	0.033273	-0.015245	0.022016	0.010994	-0.367029	1.277875	0.02155	-0.126434	0.033561
cell_001531	donor_112	0.813258	-0.047755	-0.270674	-0.680182	F	2.531036	0.00421	0.024699	0.033273	-0.015245	0.022016	0.010994	1.46665	0.306078	1.249484	-0.234624	1.089404
cell_001532	donor_112	-0.111957	-0.104787	-0.078373	-0.680182	F	2.114227	0.06861	0.024699	0.033273	-0.015245	0.022016	0.010994	0.237685	0.882576	0.966646	-0.94162	0.071958
cell_001533	donor_112	-0.187999	0.252449	0.753212	-0.680182	F	2.012646	0.03926	0.024699	0.033273	-0.015245	0.022016	0.010994	0.957198	1.116485	1.253434	0.104728	1.54021
cell_001534	donor_112	-1.230260	-1.050664	-1.748518	-0.680182	F	1.820484	0.03039	0.024699	0.033273	-0.015245	0.022016	0.010994	-0.657207	-1.494765	-0.277611	1.195842	-1.086207
cell_001535	donor_112	0.866397	0.250323	0.505268	-0.680182	F	1.277006	0.0739	0.024699	0.033273	-0.015245	0.022016	0.010994	-1.469858	-1.720509	0.735944	-1.447605	0.54903
cell_001536	donor_112	-1.429498	1.784948	-0.608851	-0.680182	F	1.46204	0.05044	0.024699	0.033273	-0.015245	0.022016	0.010994	-0.328087	-0.770598	-0.998722	0.206291	-0.754158
cell_001537	donor_112	0.168206	0.854385	-0.986980	-0.680182	F	1.932778	0.06539	0.024699	0.033273	-0.015245	0.022016	0.010994	-0.004973	0.401406	0.612661	0.93432	0.164728
cell_001538	donor_112	-0.546324	0.179172	2.857473	-0.680182	F	1.956685	0.0064	0.024699	0.033273	-0.015245	0.022016	0.010994	-1.05009	0.465727	0.656204	-0.181559	-0.287903
cell_001539	donor_112	0.301125	1.606361	1.205673	-0.680182	F	2.564889	0.00565	0.024699	0.033273	-0.015245	0.022016	0.010994	2.475177	-1.293051	0.493674	1.046031	-0.341265
cell_001540	donor_112	0.368010	-0.989196	1.059754	-0.680182	F	2.52592	0.04234	0.024699	0.033273	-0.015245	0.022016	0.010994	-0.168517	-0.401467	0.000222	0.899493	-0.198208
cell_001541	donor_112	-1.498110	1.600875	0.200005	-0.680182	F	1.725406	0.03829	0.024699	0.033273	-0.015245	0.022016	0.010994	3.110592	-0.452738	1.377515	0.543925	0.108473
cell_001542	donor_112	-2.650224	-0.340506	0.653948	-0.680182	F	2.32733	0.05499	0.024699	0.033273	-0.015245	0.022016	0.010994	1.470761	-1.600076	0.425178	-0.71638	-0.435988
cell_001543	donor_112	-0.237024	0.715006	-0.850024	-0.680182	F	1.809172	0.00262	0.024699	0.033273	-0.015245	0.022016	0.010994	-0.483002	-0.963824	-1.65258	0.388784	-0.06587
cell_001544	donor_112	-1.305982	-0.071445	0.031566	-0.680182	F	2.273047	0.04407	0.024699	0.033273	-0.015245	0.022016	0.010994	-0.300591	0.759175	0.451935	-0.266836	3.050924
cell_001545	donor_113	-0.348384	1.227291	-0.850207	-1.251079	M	2.322407	0.04979	0.019491	-0.001838	-0.003741	0.018714	0.019094	1.017989	2.444801	-0.414955	0.249699	-1.238269
cell_001546	donor_113	0.313166	0.067970	-1.556716	-1.251079	M	2.496837	0.04872	0.019491	-0.001838	-0.003741	0.018714	0.019094	-0.330478	-0.583959	2.995505	-0.692477	-0.234034
cell_001547	donor_113	-1.319030	0.011911	1.981200	-1.251079	M	1.802943	0.02187	0.019491	-0.001838	-0.003741	0.018714	0.019094	-1.45367	0.533723	-0.900225	0.918546	-1.788325
cell_001548	donor_113	0.579270	-1.725635	-3.110488	-1.251079	M	2.405721	0.04037	0.019491	-0.001838	-0.003741	0.018714	0.019094	-0.121623	-1.8458	-0.490513	-0.287213	-0.599031
cell_001549	donor_113	0.733054	-0.096213	1.141266	-1.251079	M	1.250874	0.01449	0.019491	-0.001838	-0.003741	0.018714	0.019094	-0.500216	0.971168	2.174454	0.339307	-0.860044
cell_001550	donor_113	-0.880718	0.350212	0.846173	-1.251079	M	2.518486	0.02414	0.019491	-0.001838	-0.003741	0.018714	0.019094	0.064077	-0.354269	0.889393	0.287861	-1.577795
cell_001551	donor_113	-0.447464	-0.426086	0.025263	-1.251079	M	1.989993	0.00914	0.019491	-0.001838	-0.003741	0.018714	0.019094	1.097935	0.966841	1.495029	-0.516441	0.300974
cell_001552	donor_113	0.542676	-0.014334	0.973996	-1.251079	M	1.998509	0.01483	0.019491	-0.001838	-0.003741	0.018714	0.019094	-1.184777	-0.051245	0.396985	-0.636056	0.34234
cell_001553	donor_113	-0.461935	-1.328395	1.976975	-1.251079	M	1.185025	0.02518	0.019491	-0.001838	-0.003741	0.018714	0.019094	0.168	-0.449836	1.397471	-0.234443	0.132849
cell_001554	donor_113	-0.604634	-0.568442	-0.065803	-1.251079	M	1.844534	0.02018	0.019491	-0.001838	-0.003741	0.018714	0.019094	-1.466903	0.519191	-0.476894	0.957211	-1.311146
cell_001555	donor_113	0.067181	-0.386684	-0.017434	-1.251079	M	2.542192	0.01482	0.019491	-0.001838	-0.003741	0.018714	0.019094	0.430697	-2.182056	0.615868	-0.174803	0.399354
cell_001556	donor_113	-0.039762	0.174819	-2.357487	-1.251079	M	1.829319	0.00401	0.019491	-0.001838	-0.003741	0.018714	0.019094	-0.600163	-0.949299	-0.434503	0.192012	0.576571
cell_001557	donor_113	1.880876	-0.147288	0.580623	-1.251079	M	2.285385	0.06922	0.019491	-0.001838	-0.003741	0.018714	0.019094	0.303844	-0.936761	1.837679	0.332814	-0.622365
cell_001558	donor_113	-1.378101	-0.471000	-0.672316	-1.251079	M	2.013822	0.01999	0.019491	-0.001838	-0.003741	0.018714	0.019094	0.42422	0.255987	-0.175333	-0.292789	0.984871
cell_001559	donor_114	1.469724	-0.585814	0.758080	-0.709624	F	2.425068	0.0366	0.031314	0.003971	-0.002138	-0.049197	-0.032225	1.727848	-2.036004	1.230536	0.01993	0.236691
cell_001560	donor_114	-0.650420	-0.452619	-0.245550	-0.709624	F	2.0766	0.00518	0.031314	0.003971	-0.002138	-0.049197	-0.032225	1.351642	-2.654809	0.814789	1.282497	-0.688617
cell_001561	donor_114	1.283845	-1.889853	-1.315664	-0.709624	F	1.627275	0.05715	0.031314	0.003971	-0.002138	-0.049197	-0.032225	-1.393953	1.639929	-1.756392	0.41865	1.023108
cell_001562	donor_114	-1.947305	-1.087502	-0.811600	-0.709624	F	2.02258	0.03334	0.031314	0.003971	-0.002138	-0.049197	-0.032225	0.396599	0.564633	-0.26502	0.462721	-0.708469
cell_001563	donor_114	-1.614481	-0.734148	-2.014714	-0.709624	F	2.640487	0.02112	0.031314	0.003971	-0.002138	-0.049197	-0.032225	-0.578944	0.035546	-1.539844	0.57704	-2.480738
cell_001564	donor_114	-1.017989	1.200420	0.403588	-0.709624	F	2.199058	0.0213	0.031314	0.003971	-0.002138	-0.049197	-0.032225	0.362815	0.456872	-0.79452	-1.233966	-0.40817
cell_001565	donor_114	0.187468	-1.002779	-1.536085	-0.709624	F	1.953421	0.04739	0.031314	0.003971	-0.002138	-0.049197	-0.032225	0.639677	0.345699	-1.111533	0.105681	0.261957
cell_001566	donor_114	-1.139156	-0.043210	0.868177	-0.709624	F	2.902298	0.02906	0.031314	0.003971	-0.002138	-0.049197	-0.032225	0.21957	-0.986591	0.155703	0.917745	0.536962
cell_001567	donor_114	0.902367	0.630612	-0.737557	-0.709624	F	2.463686	0.01352	0.031314	0.003971	-0.002138	-0.049197	-0.032225	0.41148	1.642683	0.167791	-0.841909	-0.838742
cell_001568	donor_114	0.024550	-0.321343	-0.201190	-0.709624	F	2.326694	0.02762	0.031314	0.003971	-0.002138	-0.049197	-0.032225	0.176027	-1.437543	-0.310983	0.464174	1.171145
cell_001569	donor_114	2.037128	-1.762000	-0.234677	-0.709624	F	2.126937	0.02739	0.031314	0.003971	-0.002138	-0.049197	-0.032225	-1.544014	0.099078	-0.068236	0.037506	0.141566
cell_001570	donor_114	1.211749	-1.465891	-0.643747	-0.709624	F	2.29211	0.08011	0.031314	0.003971	-0.002138	-0.049197	-0.032225	-0.031667	1.392209	1.243997	2.143289	-0.010572
cell_001571	donor_114	-0.529038	-0.223290	-1.595957	-0.709624	F	2.305093	0.02325	0.031314	0.003971	-0.002138	-0.049197	-0.032225	-0.410689	-0.967762	-0.519438	0.714571	0.868525
cell_001572	donor_115	0.595286	0.666287	0.508375	-0.21949	M	1.126874	0.0498	-0.007885	-0.022021	0.016283	-0.0262	-0.010026	0.675515	-0.664468	-0.659075	1.956464	-0.831993
cell_001573	donor_115	-0.870374	0.086511	-0.899440	-0.21949	M	2.157974	0.06623	-0.007885	-0.022021	0.016283	-0.0262	-0.010026	1.416525	0.404576	-0.732599	-1.184486	-0.688919
cell_001574	donor_115	-0.332597	2.153468	0.095695	-0.21949	M	1.935678	0.04341	-0.007885	-0.022021	0.016283	-0.0262	-0.010026	0.417632	-0.909628	1.55441	-0.20786	0.700446
cell_001575	donor_115	-1.187527	0.180335	-1.351796	-0.21949	M	1.800089	0.01652	-0.007885	-0.022021	0.016283	-0.0262	-0.010026	0.619711	1.621901	-0.43797	0.106082	-1.401394
cell_001576	donor_115	-1.199010	-1.041123	-0.444309	-0.21949	M	1.921825	0.00431	-0.007885	-0.022021	0.016283	-0.0262	-0.010026	0.103148	1.140012	0.219472	2.31267	0.51971
cell_001577	donor_115	0.936969	0.578398	0.522995	-0.21949	M	1.377661	0.04491	-0.007885	-0.022021	0.016283	-0.0262	-0.010026	-0.540412	0.455765	-1.463395	-0.798981	-1.217009
cell_001578	donor_115	-1.098925	-0.541314	0.272001	-0.21949	M	1.278156	0.0629	-0.007885	-0.022021	0.016283	-0.0262	-0.010026	0.016111	-0.060523	1.20511	-0.099068	-1.00252
cell_001579	donor_115	-0.628320	-0.278366	0.441359	-0.21949	M	2.498601	0.04092	-0.007885	-0.022021	0.016283	-0.0262	-0.010026	1.559318	-2.944641	0.038466	0.217607	-0.010288
cell_001580	donor_115	-0.348773	0.226060	1.592728	-0.21949	M	2.184863	0.05467	-0.007885	-0.022021	0.016283	-0.0262	-0.010026	0.500092	0.11069	0.49966	-0.602219	-1.459052
cell_001581	donor_115	-0.171859	1.179338	0.559370	-0.21949	M	1.034795	0.08184	-0.007885	-0.022021	0.016283	-0.0262	-0.010026	-0.046353	-1.026525	-0.728525	1.161481	1.557998
cell_001582	donor_115	-1.467242	-1.102137	-0.833596	-0.21949	M	1.769446	0.04675	-0.007885	-0.022021	0.016283	-0.0262	-0.010026	1.142706	0.957382	0.059951	1.015444	0.355619
cell_001583	donor_115	-0.854835	-0.090290	0.614644	-0.21949	M	2.352221	0.00799	-0.007885	-0.022021	0.016283	-0.0262	-0.010026	1.94749	-0.918101	0.672608	-1.264293	0.678349
cell_001584	donor_115	1.255158	0.308175	-0.445680	-0.21949	M	1.887994	0.03102	-0.007885	-0.022021	0.016283	-0.0262	-0.010026	-1.719106	-1.213543	-1.282624	0.252132	0.354525
cell_001585	donor_115	-2.082241	0.070590	0.025770	-0.21949	M	2.498002	0.0574	-0.007885	-0.022021	0.016283	-0.0262	-0.010026	2.450479	-0.091291	0.77254	0.16087	0.688898
cell_001586	donor_116	0.182929	2.106240	1.240597	2.312067	F	2.419901	0.02502	-0.009241	0.024095	-0.012165	0.009048	0.003914	0.143663	1.099617	-1.052674	-2.447473	0.417403
cell_001587	donor_116	0.785061	-0.962077	-0.512995	2.312067	F	1.457316	0.06011	-0.009241	0.024095	-0.012165	0.009048	0.003914	-1.805077	1.311738	-0.548119	-1.038237	2.70052
cell_001588	donor_116	-0.094845	-0.775407	0.500465	2.312067	F	1.94267	0.02866	-0.009241	0.024095	-0.012165	0.009048	0.003914	-0.01845	-0.210106	0.747975	0.815464	1.139127
cell_001589	donor_116	0.356909	-1.088308	1.196817	2.312067	F	1.820764	0.03669	-0.009241	0.024095	-0.012165	0.009048	0.003914	-1.332974	0.536107	-0.293186	-0.921028	0.048113
cell_001590	donor_116	0.102310	-1.729071	-0.051343	2.312067	F	1.444305	0.02299	-0.009241	0.024095	-0.012165	0.009048	0.003914	-1.811242	0.922931	-0.290676	-0.477501	-0.137679
cell_001591	donor_116	0.281206	0.972792	-0.337476	2.312067	F	1.41829	0.03319	-0.009241	0.024095	-0.012165	0.009048	0.003914	-0.167517	1.140682	-1.095713	-0.382206	-0.216557
cell_001592	donor_116	0.827938	0.187142	-1.315055	2.312067	F	1.677591	0.03425	-0.009241	0.024095	-0.012165	0.009048	0.003914	-1.065159	0.159313	-0.723873	-1.404282	0.526227
cell_001593	donor_116	-1.415167	1.122560	1.195984	2.312067	F	1.74363	0.00217	-0.009241	0.024095	-0.012165	0.009048	0.003914	1.547275	0.048421	-0.103286	-0.124476	-0.515951
cell_001594	donor_116	0.322909	1.495707	1.056610	2.312067	F	2.113292	0.02117	-0.009241	0.024095	-0.012165	0.009048	0.003914	1.170097	0.09405	-2.178641	1.198954	0.953835
cell_001595	donor_116	0.683629	-0.911311	1.731429	2.312067	F	2.417685	0.00534	-0.009241	0.024095	-0.012165	0.009048	0.003914	0.601601	-2.755407	-0.002948	0.893428	0.379499
cell_001596	donor_116	0.536301	-0.385839	-0.668270	2.312067	F	2.205458	0.02186	-0.009241	0.024095	-0.012165	0.009048	0.003914	0.205151	0.895513	0.139308	1.203624	0.161757
cell_001597	donor_116	0.256784	-1.671059	0.699673	2.312067	F	2.300149	0.0141	-0.009241	0.024095	-0.012165	0.009048	0.003914	0.082184	0.892414	-0.398587	-1.097242	0.003801
cell_001598	donor_116	-0.953571	0.370608	-0.521620	2.312067	F	1.893353	0.05024	-0.009241	0.024095	-0.012165	0.009048	0.003914	0.590375	0.925363	0.9309	-0.068648	-0.17137
cell_001599	donor_116	-0.264419	-0.756910	-0.161229	2.312067	F	2.2412	0.05047	-0.009241	0.024095	-0.012165	0.009048	0.003914	-0.592116	0.249876	-1.641124	0.022759	2.849681
cell_001600	donor_117	1.889380	1.385060	0.354479	-0.281159	M	1.94065	0.04121	0.018066	0.017004	-0.000669	-0.033926	-0.004635	-1.503863	0.156836	0.377836	0.506465	-0.966643
cell_001601	donor_117	-0.025294	0.844201	1.129970	-0.281159	M	1.823411	0.00465	0.018066	0.017004	-0.000669	-0.033926	-0.004635	0.515587	-0.534507	-1.427583	0.951957	0.664615
cell_001602	donor_117	-0.829818	-0.077439	-1.821958	-0.281159	M	2.75884	0.02804	0.018066	0.017004	-0.000669	-0.033926	-0.004635	-0.966562	-0.543797	-0.580012	-1.643585	0.76243
cell_001603	donor_117	1.123102	2.065024	0.080083	-0.281159	M	1.06781	0.00306	0.018066	0.017004	-0.000669	-0.033926	-0.004635	0.799918	-0.33261	-0.028126	0.114698	0.244392
cell_001604	donor_117	-2.125010	0.608891	-0.904089	-0.281159	M	1.250678	0.02705	0.018066	0.017004	-0.000669	-0.033926	-0.004635	-1.347529	0.488445	-1.175507	0.681375	-1.06488
cell_001605	donor_117	-0.663349	0.626576	0.254554	-0.281159	M	2.15308	0.04295	0.018066	0.017004	-0.000669	-0.033926	-0.004635	-1.300109	-0.028039	-0.050505	0.103747	-0.892736
cell_001606	donor_117	-0.488109	-0.649606	0.125836	-0.281159	M	1.894007	0.04984	0.018066	0.017004	-0.000669	-0.033926	-0.004635	0.202818	0.296992	1.165713	0.185033	-0.599392
cell_001607	donor_117	-0.409466	-1.109237	-0.332563	-0.281159	M	1.425206	0.03946	0.018066	0.017004	-0.000669	-0.033926	-0.004635	-1.347062	-1.530261	0.322978	0.793199	-0.89022
cell_001608	donor_117	0.339593	-0.178103	-1.413509	-0.281159	M	1.578156	0.05517	0.018066	0.017004	-0.000669	-0.033926	-0.004635	0.255264	-0.174219	0.718268	0.866077	-2.266213
cell_001609	donor_117	0.989065	-2.738811	-0.446365	-0.281159	M	1.630238	0.0352	0.018066	0.017004	-0.000669	-0.033926	-0.004635	1.032135	0.252197	-0.531356	-0.503463	0.031747
cell_001610	donor_118	-0.620198	0.148179	0.561662	-0.859656	F	2.356935	0.02533	-0.000399	0.00572	-0.014751	0.022818	0.000272	-0.503749	-0.937004	-0.707798	-1.040162	1.346568
cell_001611	donor_118	1.126765	-0.712405	0.586582	-0.859656	F	2.484964	0.04747	-0.000399	0.00572	-0.014751	0.022818	0.000272	0.055905	2.252843	0.371076	0.588908	-1.061605
cell_001612	donor_118	0.195818	-1.711539	1.900540	-0.859656	F	2.655825	0.04813	-0.000399	0.00572	-0.014751	0.022818	0.000272	-0.218209	0.072691	-0.637249	-0.464801	0.420148
cell_001613	donor_118	-1.438775	0.419497	0.389960	-0.859656	F	1.364396	0.01952	-0.000399	0.00572	-0.014751	0.022818	0.000272	0.43976	-1.336945	0.283741	0.553015	-0.590277
cell_001614	donor_118	0.275637	-0.494577	0.827253	-0.859656	F	1.453151	0.03758	-0.000399	0.00572	-0.014751	0.022818	0.000272	-0.691914	0.441469	-2.573087	0.002084	1.634428
cell_001615	donor_118	-1.560367	-0.065829	-0.563875	-0.859656	F	1.425749	0.02411	-0.000399	0.00572	-0.014751	0.022818	0.000272	-2.596359	0.822875	0.544422	-1.438101	0.520489
cell_001616	donor_118	-0.677298	0.428748	1.077479	-0.859656	F	2.515543	0.01017	-0.000399	0.00572	-0.014751	0.022818	0.000272	1.00142	-1.176617	-0.707224	0.026107	0.97767
cell_001617	donor_118	-0.343256	0.780681	0.049741	-0.859656	F	2.16689	0.0388	-0.000399	0.00572	-0.014751	0.022818	0.000272	-0.541118	-0.042091	-0.664894	0.024558	1.046678
cell_001618	donor_118	-0.892732	-0.257952	-0.299486	-0.859656	F	2.03208	0.00411	-0.000399	0.00572	-0.014751	0.022818	0.000272	0.105897	-0.357459	-0.032757	-0.800626	-0.994392
cell_001619	donor_118	-0.696660	0.428483	0.234646	-0.859656	F	2.091851	0.03656	-0.000399	0.00572	-0.014751	0.022818	0.000272	1.203418	1.63771	-1.791511	0.582129	0.858933
cell_001620	donor_118	-1.590650	-1.651526	0.424684	-0.859656	F	1.977289	0.00071	-0.000399	0.00572	-0.014751	0.022818	0.000272	-1.211685	-0.471755	-0.577046	1.900947	1.65245
cell_001621	donor_119	-0.815286	0.302041	0.780932	-0.898459	F	1.551543	0.01561	-0.01841	-0.009165	0.038571	0.013288	0.020969	-0.921177	-1.459248	0.772977	0.543948	1.243994
cell_001622	donor_119	-1.270953	-1.411537	1.674432	-0.898459	F	2.205269	0.02133	-0.01841	-0.009165	0.038571	0.013288	0.020969	-1.059075	0.723541	-0.731759	0.623163	-0.037119
cell_001623	donor_119	0.351571	-0.419241	-0.933940	-0.898459	F	1.925545	0.05403	-0.01841	-0.009165	0.038571	0.013288	0.020969	1.900618	0.447394	-0.313994	0.137933	-0.100518
cell_001624	donor_119	-0.510441	-1.190572	0.883412	-0.898459	F	1.519871	0.01933	-0.01841	-0.009165	0.038571	0.013288	0.020969	-1.154436	1.924892	1.59872	-0.176303	0.699881
cell_001625	donor_119	-0.776751	1.093535	-0.400629	-0.898459	F	2.229714	0.0085	-0.01841	-0.009165	0.038571	0.013288	0.020969	2.051429	1.236896	-0.307391	-0.087957	-1.717534
cell_001626	donor_119	-1.043350	-0.426302	-2.624167	-0.898459	F	1.829685	0.03729	-0.01841	-0.009165	0.038571	0.013288	0.020969	0.774772	1.242845	1.249706	0.70104	0.352347
cell_001627	donor_119	-0.120769	-0.170119	0.824743	-0.898459	F	2.090993	0.02566	-0.01841	-0.009165	0.038571	0.013288	0.020969	-0.997812	0.31971	-0.631662	0.525179	-0.763866
cell_001628	donor_119	-1.886305	1.161866	0.820599	-0.898459	F	1.950008	0.04581	-0.01841	-0.009165	0.038571	0.013288	0.020969	0.518816	1.323123	0.377152	0.328459	0.913027
cell_001629	donor_119	1.252044	-0.052721	1.013897	-0.898459	F	2.356552	0.00976	-0.01841	-0.009165	0.038571	0.013288	0.020969	1.770335	-0.107284	0.521022	1.511233	0.669289
cell_001630	donor_119	-1.471244	0.713048	-0.771163	-0.898459	F	2.088065	0.03422	-0.01841	-0.009165	0.038571	0.013288	0.020969	-2.002377	-0.715619	0.751042	-0.400173	1.440355
cell_001631	donor_119	-1.651402	-1.124141	0.005531	-0.898459	F	1.64652	0.07939	-0.01841	-0.009165	0.038571	0.013288	0.020969	1.857924	-0.590245	-1.032503	-0.361182	-0.418917
cell_001632	donor_120	-0.824299	0.376074	-1.808238	1.140022	M	2.128801	0.02521	-0.020832	-0.013777	-0.013628	0.003688	-0.00348	1.536088	-1.035334	0.74243	1.387838	0.81922
cell_001633	donor_120	-2.127098	1.372387	0.903800	1.140022	M	2.141875	0.03373	-0.020832	-0.013777	-0.013628	0.003688	-0.00348	0.436455	-0.162211	1.848977	-0.245256	0.948284
cell_001634	donor_120	-1.049297	-0.003000	1.019507	1.140022	M	2.204533	0.00322	-0.020832	-0.013777	-0.013628	0.003688	-0.00348	-0.158735	-1.841703	-0.269643	-0.156284	-0.143395
cell_001635	donor_120	0.419201	0.148223	1.095154	1.140022	M	2.41435	0.01294	-0.020832	-0.013777	-0.013628	0.003688	-0.00348	-0.66031	0.62577	0.737089	-0.305819	-0.314216
cell_001636	donor_120	-0.730712	0.031178	-0.017849	1.140022	M	1.753607	0.03919	-0.020832	-0.013777	-0.013628	0.003688	-0.00348	-1.050688	0.254362	1.377919	1.378617	-0.599149
cell_001637	donor_120	-0.272762	-0.389806	0.072868	1.140022	M	2.267174	0.0234	-0.020832	-0.013777	-0.013628	0.003688	-0.00348	1.991192	-0.362171	-1.01594	-1.361846	-1.076268
cell_001638	donor_120	0.034407	-1.048428	0.801796	1.140022	M	1.310073	0.04229	-0.020832	-0.013777	-0.013628	0.003688	-0.00348	0.33375	-0.257464	-0.632008	-0.847395	-1.086117
cell_001639	donor_120	-0.976385	-0.218233	-0.295280	1.140022	M	1.952006	0.0385	-0.020832	-0.013777	-0.013628	0.003688	-0.00348	-0.889869	1.015394	1.803337	1.86516	0.687087
cell_001640	donor_120	0.358104	-2.119104	0.890910	1.140022	M	1.890136	0.00364	-0.020832	-0.013777	-0.013628	0.003688	-0.00348	-0.492276	-0.667813	0.75614	-0.246358	0.411917
cell_001641	donor_120	-0.676990	1.219963	-0.478165	1.140022	M	2.579138	0.05031	-0.020832	-0.013777	-0.013628	0.003688	-0.00348	1.930438	0.216829	2.277851	-1.126875	0.447422
cell_001642	donor_121	-0.048844	1.913786	-0.277338	0.997302	M	1.937466	0.00515	-0.00979	-0.007281	-0.015881	-0.003597	0.022264	0.313737	-0.984081	0.801656	1.53081	2.20267
cell_001643	donor_121	1.238850	0.039045	0.415419	0.997302	M	2.243196	0.0147	-0.00979	-0.007281	-0.015881	-0.003597	0.022264	0.41129	-1.900107	0.47699	0.74196	-0.235186
cell_001644	donor_121	0.069959	0.847852	-0.685532	0.997302	M	1.295289	0.03459	-0.00979	-0.007281	-0.015881	-0.003597	0.022264	0.215119	-0.483426	-0.133696	1.017487	1.389024
cell_001645	donor_121	-0.984049	-0.638576	0.099710	0.997302	M	1.859297	0.06134	-0.00979	-0.007281	-0.015881	-0.003597	0.022264	-1.270709	-0.511322	-1.588454	1.838324	0.87078
cell_001646	donor_121	-0.220819	0.710275	1.304732	0.997302	M	1.661456	0.00992	-0.00979	-0.007281	-0.015881	-0.003597	0.022264	-2.001003	-0.064535	-0.283459	-0.755939	1.036277
cell_001647	donor_121	-0.975838	-0.733949	-1.436239	0.997302	M	2.990204	0.03295	-0.00979	-0.007281	-0.015881	-0.003597	0.022264	1.013387	0.269452	-0.641652	-0.633248	0.043927
cell_001648	donor_121	2.030373	0.304669	0.479802	0.997302	M	1.733281	0.03312	-0.00979	-0.007281	-0.015881	-0.003597	0.022264	-0.457136	-0.005821	0.558081	-1.533528	-0.758184
cell_001649	donor_121	-1.340208	-0.001170	0.509248	0.997302	M	2.029312	0.04315	-0.00979	-0.007281	-0.015881	-0.003597	0.022264	-0.033693	1.565345	0.845334	-0.003584	0.402309
cell_001650	donor_121	-0.252758	1.075706	2.311831	0.997302	M	2.05063	0.05368	-0.00979	-0.007281	-0.015881	-0.003597	0.022264	-0.101504	1.077224	0.433753	1.2788	-1.355339
cell_001651	donor_121	-0.947063	-1.022087	-0.877756	0.997302	M	1.364209	0.02192	-0.00979	-0.007281	-0.015881	-0.003597	0.022264	-0.806191	0.274571	0.493511	2.400338	-1.807747
cell_001652	donor_121	1.606199	1.042355	-0.135528	0.997302	M	1.789586	0.05024	-0.00979	-0.007281	-0.015881	-0.003597	0.022264	-0.033075	-0.077922	0.237839	1.733261	0.876276
cell_001653	donor_121	0.036560	-0.816544	0.890027	0.997302	M	2.161907	0.05661	-0.00979	-0.007281	-0.015881	-0.003597	0.022264	-1.604014	1.533759	1.505863	0.263075	-1.617765
cell_001654	donor_121	-0.379902	-0.260077	0.608790	0.997302	M	2.034289	0.06568	-0.00979	-0.007281	-0.015881	-0.003597	0.022264	-0.151619	0.468728	0.996551	-1.770448	-0.769105
cell_001655	donor_122	-0.187995	-0.234966	0.010575	-0.485478	M	1.079836	0.04004	-0.030263	0.00693	0.027602	-0.003664	-0.010578	1.098016	1.501765	0.430527	1.148512	0.455281
cell_001656	donor_122	0.795355	1.646493	0.585486	-0.485478	M	1.773203	0.03315	-0.030263	0.00693	0.027602	-0.003664	-0.010578	0.963085	0.145122	0.479949	-1.221779	0.722137
cell_001657	donor_122	0.803314	-0.199854	-0.707798	-0.485478	M	2.408329	0.02051	-0.030263	0.00693	0.027602	-0.003664	-0.010578	-1.252353	0.721016	-0.438983	0.369988	-0.952797
cell_001658	donor_122	0.653986	0.171241	-1.422629	-0.485478	M	2.235289	0.00082	-0.030263	0.00693	0.027602	-0.003664	-0.010578	-0.503608	0.367971	0.754332	1.093791	-1.150074
cell_001659	donor_122	-0.328070	-0.082897	-0.510458	-0.485478	M	2.487213	0.02444	-0.030263	0.00693	0.027602	-0.003664	-0.010578	-1.501133	-0.975306	-1.065608	1.566829	1.340208
cell_001660	donor_122	1.481736	0.479839	1.373175	-0.485478	M	1.605741	0.03225	-0.030263	0.00693	0.027602	-0.003664	-0.010578	-0.996617	1.710309	1.280499	-1.629603	-1.030232
cell_001661	donor_122	0.263425	0.081388	-0.936598	-0.485478	M	2.512372	0.02781	-0.030263	0.00693	0.027602	-0.003664	-0.010578	-1.65926	-0.086582	0.017412	0.01554	-2.026727
cell_001662	donor_122	0.011930	0.013054	-1.367114	-0.485478	M	1.982238	0.04195	-0.030263	0.00693	0.027602	-0.003664	-0.010578	-1.427239	0.260155	0.622222	-2.019811	-1.281132
cell_001663	donor_122	-0.539527	-0.323283	0.413480	-0.485478	M	2.636889	0.00092	-0.030263	0.00693	0.027602	-0.003664	-0.010578	1.022413	-1.224353	-0.014699	-1.319543	0.831482
cell_001664	donor_122	0.461350	-0.581318	0.468870	-0.485478	M	2.001322	0.02636	-0.030263	0.00693	0.027602	-0.003664	-0.010578	-2.016983	-0.304459	0.940306	0.610029	-0.464112
cell_001665	donor_122	-0.182079	-2.869620	-0.484702	-0.485478	M	1.18101	0.0699	-0.030263	0.00693	0.027602	-0.003664	-0.010578	-0.698682	-0.232897	-1.289351	-0.100007	-0.082876
cell_001666	donor_122	1.078989	-1.681806	0.112691	-0.485478	M	2.339702	0.04991	-0.030263	0.00693	0.027602	-0.003664	-0.010578	-0.417949	1.000348	-1.070484	-1.704387	-0.525319
cell_001667	donor_122	1.585261	-0.760613	0.002149	-0.485478	M	1.822595	0.04232	-0.030263	0.00693	0.027602	-0.003664	-0.010578	0.123998	-0.106728	-0.151162	-1.126365	-0.98254
cell_001668	donor_122	-1.304016	1.627231	-0.083333	-0.485478	M	1.849508	0.03781	-0.030263	0.00693	0.027602	-0.003664	-0.010578	-0.488346	-0.567197	1.098086	0.263916	-0.532563
cell_001669	donor_122	0.046627	1.354300	0.661478	-0.485478	M	1.418761	0.02269	-0.030263	0.00693	0.027602	-0.003664	-0.010578	1.095013	0.446279	-1.357544	-3.241673	-1.326235
cell_001670	donor_123	-0.875629	-0.647278	0.494931	-1.875784	M	2.64888	0.00508	0.018485	-0.019684	-0.000454	-0.020797	-0.037402	0.594935	0.891485	-1.660231	0.658644	0.62074
cell_001671	donor_123	-0.624121	-2.117243	-0.053241	-1.875784	M	1.79156	0.03914	0.018485	-0.019684	-0.000454	-0.020797	-0.037402	1.395042	0.950394	1.351882	0.488366	0.454922
cell_001672	donor_123	-1.480213	1.616282	0.176788	-1.875784	M	2.630014	0.01897	0.018485	-0.019684	-0.000454	-0.020797	-0.037402	-0.337285	0.820256	-1.332407	-0.138677	0.539884
cell_001673	donor_123	-0.905175	-0.698632	-1.889398	-1.875784	M	1.827503	0.02349	0.018485	-0.019684	-0.000454	-0.020797	-0.037402	1.408215	-0.477938	0.966581	-0.197179	0.987059
cell_001674	donor_123	-1.099462	1.016323	2.231786	-1.875784	M	1.628902	0.02993	0.018485	-0.019684	-0.000454	-0.020797	-0.037402	-0.801352	0.725972	-0.095338	-1.185101	-0.153298
cell_001675	donor_123	0.726397	-0.092043	-0.431959	-1.875784	M	2.527812	0.02106	0.018485	-0.019684	-0.000454	-0.020797	-0.037402	1.321711	-1.019205	-1.484317	0.398743	-1.677798
cell_001676	donor_123	-0.956496	2.059766	-0.188749	-1.875784	M	1.970666	0.07343	0.018485	-0.019684	-0.000454	-0.020797	-0.037402	1.563355	1.53816	1.03828	-0.011232	1.664662
cell_001677	donor_123	2.115630	1.393520	-1.740796	-1.875784	M	1.974571	0.06649	0.018485	-0.019684	-0.000454	-0.020797	-0.037402	1.345447	-0.532719	1.438836	-0.911674	-0.197033
cell_001678	donor_123	-0.665952	-0.669045	-0.079846	-1.875784	M	1.48735	0.05066	0.018485	-0.019684	-0.000454	-0.020797	-0.037402	-1.793464	0.145924	-0.294508	-0.4522	-0.165654
cell_001679	donor_123	-0.060314	2.996239	-1.077228	-1.875784	M	1.816951	0.01149	0.018485	-0.019684	-0.000454	-0.020797	-0.037402	-0.579545	0.041674	1.283569	-1.061853	0.862527
cell_001680	donor_123	0.228970	0.616508	-0.001572	-1.875784	M	2.171478	0.06843	0.018485	-0.019684	-0.000454	-0.020797	-0.037402	0.215242	0.374126	-0.030709	-0.7174	0.444864
cell_001681	donor_123	0.110181	-1.044809	0.106486	-1.875784	M	1.480328	0.04238	0.018485	-0.019684	-0.000454	-0.020797	-0.037402	0.518839	-0.800469	-1.338515	0.085308	0.754721
cell_001682	donor_123	0.511399	0.327601	0.570201	-1.875784	M	1.784365	0.01116	0.018485	-0.019684	-0.000454	-0.020797	-0.037402	1.00509	1.203323	0.371391	-0.263213	-0.002154
cell_001683	donor_123	1.412608	0.936967	0.071295	-1.875784	M	1.831821	0.03065	0.018485	-0.019684	-0.000454	-0.020797	-0.037402	-1.243177	-0.682645	-0.053246	-0.266639	0.092009
cell_001684	donor_123	-1.171758	-0.600005	-0.219631	-1.875784	M	2.026576	0.04917	0.018485	-0.019684	-0.000454	-0.020797	-0.037402	-1.374837	-1.151469	0.775594	-0.833345	-0.676182
cell_001685	donor_124	0.252346	-0.478333	-0.935733	-1.128594	F	2.591824	0.01802	-0.00304	-0.025268	-0.000233	0.022301	0.037085	0.095036	-0.931187	1.10633	-1.25683	0.001524
cell_001686	donor_124	-1.188199	-1.651178	-0.234951	-1.128594	F	1.880019	0.03281	-0.00304	-0.025268	-0.000233	0.022301	0.037085	-0.748585	0.156187	-0.497464	-0.023652	1.221281
cell_001687	donor_124	-1.469665	-1.000526	-0.393902	-1.128594	F	1.7238	0.03633	-0.00304	-0.025268	-0.000233	0.022301	0.037085	-0.687446	-0.69577	-0.315901	1.474019	-0.089743
cell_001688	donor_124	-1.335917	0.379752	0.740223	-1.128594	F	3.098548	0.00798	-0.00304	-0.025268	-0.000233	0.022301	0.037085	1.234203	-0.176911	1.189637	0.407392	0.554566
cell_001689	donor_124	-0.549427	-0.437027	0.537430	-1.128594	F	1.826726	0.0246	-0.00304	-0.025268	-0.000233	0.022301	0.037085	-1.435768	-1.584147	1.070202	1.057771	2.421455
cell_001690	donor_124	-0.713995	-0.782734	1.196498	-1.128594	F	1.923737	0.00949	-0.00304	-0.025268	-0.000233	0.022301	0.037085	-1.485953	0.485799	-1.023821	-0.740601	-0.502246
cell_001691	donor_124	0.884188	0.601550	0.925645	-1.128594	F	1.856861	0.04737	-0.00304	-0.025268	-0.000233	0.022301	0.037085	0.382355	-0.664026	0.033656	0.832034	1.127973
cell_001692	donor_124	-1.977279	1.353836	0.392062	-1.128594	F	1.889292	0.01184	-0.00304	-0.025268	-0.000233	0.022301	0.037085	0.692589	0.451868	-0.141634	-0.568932	0.539012
cell_001693	donor_124	1.010781	0.387162	0.048925	-1.128594	F	2.031102	0.03584	-0.00304	-0.025268	-0.000233	0.022301	0.037085	-1.050909	0.119129	-1.075677	-0.041278	-1.05371
cell_001694	donor_124	-0.275309	0.367144	-0.311748	-1.128594	F	2.368319	0.0022	-0.00304	-0.025268	-0.000233	0.022301	0.037085	-0.400564	-0.675953	-0.796558	-0.087357	-2.423802
cell_001695	donor_124	0.867876	-1.586457	-0.541576	-1.128594	F	2.161595	0.00733	-0.00304	-0.025268	-0.000233	0.022301	0.037085	-1.802479	0.803713	0.147479	-0.723367	0.973903
cell_001696	donor_124	2.044823	-0.626080	-0.238684	-1.128594	F	2.430838	0.00636	-0.00304	-0.025268	-0.000233	0.022301	0.037085	-0.639177	-0.579693	-0.783385	1.906619	0.235102
cell_001697	donor_124	-0.882581	0.335846	-0.736265	-1.128594	F	2.417611	0.02421	-0.00304	-0.025268	-0.000233	0.022301	0.037085	0.195711	0.466401	-1.852709	-0.594008	0.454987
cell_001698	donor_125	-0.185611	0.848867	-0.698763	1.721244	F	2.083421	0.03361	0.001871	0.020384	0.007979	-0.007662	-0.038496	-0.004108	2.205419	-0.535192	0.943183	0.806004
cell_001699	donor_125	0.788611	0.822229	1.054956	1.721244	F	2.150525	0.0373	0.001871	0.020384	0.007979	-0.007662	-0.038496	0.142821	0.324403	-0.2902	-1.973168	0.349184
cell_001700	donor_125	0.140541	3.241259	1.054534	1.721244	F	2.443495	0.00544	0.001871	0.020384	0.007979	-0.007662	-0.038496	0.428428	0.585646	0.063096	0.970401	-0.86599
cell_001701	donor_125	0.324878	-0.875924	-0.097059	1.721244	F	1.555516	0.02663	0.001871	0.020384	0.007979	-0.007662	-0.038496	1.468388	-0.987915	-0.107839	0.680874	-0.514953
cell_001702	donor_125	1.426327	1.709535	1.478329	1.721244	F	2.999284	0.01499	0.001871	0.020384	0.007979	-0.007662	-0.038496	0.749005	-0.342785	0.118133	-0.181129	-0.576816
cell_001703	donor_125	0.785192	-1.255660	0.487162	1.721244	F	1.794966	0.04068	0.001871	0.020384	0.007979	-0.007662	-0.038496	2.251075	-0.839748	-2.286112	-0.803636	0.131296
cell_001704	donor_125	-1.241402	-1.487471	0.239159	1.721244	F	1.859614	0.02465	0.001871	0.020384	0.007979	-0.007662	-0.038496	-0.376853	1.018576	0.982184	-0.318391	-1.682228
cell_001705	donor_125	0.523199	0.903377	0.497136	1.721244	F	1.51524	0.02838	0.001871	0.020384	0.007979	-0.007662	-0.038496	-1.283149	-0.032202	-1.56451	-0.367788	1.421303
cell_001706	donor_125	0.531586	-0.984653	-0.104977	1.721244	F	1.52714	0.0151	0.001871	0.020384	0.007979	-0.007662	-0.038496	0.342833	0.045668	-1.040773	0.181738	-0.258524
cell_001707	donor_125	-1.507117	-2.003369	0.740643	1.721244	F	2.389614	0.06449	0.001871	0.020384	0.007979	-0.007662	-0.038496	0.238637	0.727098	0.898124	0.128891	0.511923
cell_001708	donor_125	-0.753124	0.872499	1.108348	1.721244	F	2.908077	0.00433	0.001871	0.020384	0.007979	-0.007662	-0.038496	-0.511981	1.132569	-0.887124	-0.207468	1.236618
cell_001709	donor_125	-0.619317	0.590311	-0.661157	1.721244	F	1.773104	0.02201	0.001871	0.020384	0.007979	-0.007662	-0.038496	-0.481662	-1.340786	-0.41075	1.391734	-2.270736
cell_001710	donor_125	-1.845879	0.123309	-0.470874	1.721244	F	2.138927	0.03215	0.001871	0.020384	0.007979	-0.007662	-0.038496	0.102393	-0.634004	-0.167634	-0.348544	0.960483
cell_001711	donor_125	-0.440089	1.975343	-1.525857	1.721244	F	2.088067	0.02497	0.001871	0.020384	0.007979	-0.007662	-0.038496	0.053808	1.010535	1.284131	0.029897	-0.359498
cell_001712	donor_125	0.382871	-0.994807	0.908261	1.721244	F	2.400098	0.01472	0.001871	0.020384	0.007979	-0.007662	-0.038496	0.377184	0.570187	-1.153291	0.236064	-0.25356
cell_001713	donor_125	0.298431	0.379344	-0.944890	1.721244	F	2.887486	0.00623	0.001871	0.020384	0.007979	-0.007662	-0.038496	-0.420348	-0.690945	-0.62572	1.255641	-0.363993
cell_001714	donor_126	-0.765588	0.927251	1.770798	0.688808	F	2.608389	0.01617	0.03253	-0.020982	0.027655	0.010736	-0.01952	1.143759	0.131027	-1.132715	0.190768	-1.18792
cell_001715	donor_126	0.480308	-0.897421	0.338939	0.688808	F	1.904536	0.01081	0.03253	-0.020982	0.027655	0.010736	-0.01952	0.607146	-0.207773	0.855182	1.433546	-1.735345
cell_001716	donor_126	2.427472	0.102423	1.461841	0.688808	F	2.211507	0.06358	0.03253	-0.020982	0.027655	0.010736	-0.01952	-0.461146	-1.20946	2.158261	-0.440312	-1.315112
cell_001717	donor_126	-0.740329	-0.042086	0.619565	0.688808	F	2.251223	0.07529	0.03253	-0.020982	0.027655	0.010736	-0.01952	2.240339	-0.726073	-1.621861	-1.158399	0.143191
cell_001718	donor_126	0.397328	-0.766389	-0.809517	0.688808	F	1.991964	0.02898	0.03253	-0.020982	0.027655	0.010736	-0.01952	0.045747	-0.836003	-0.485048	0.053081	1.323913
cell_001719	donor_126	0.988284	1.191551	1.512144	0.688808	F	1.561626	0.0019	0.03253	-0.020982	0.027655	0.010736	-0.01952	0.333279	-0.563166	-0.228425	0.76971	1.680067
cell_001720	donor_126	1.803930	0.134619	-0.311199	0.688808	F	1.68049	0.04476	0.03253	-0.020982	0.027655	0.010736	-0.01952	-1.104609	1.11411	-0.312778	-1.624227	-1.822235
cell_001721	donor_126	1.350991	0.713069	-0.982455	0.688808	F	2.459261	0.01038	0.03253	-0.020982	0.027655	0.010736	-0.01952	1.334175	1.453357	-0.569083	-0.212145	-1.782359
cell_001722	donor_126	-1.033636	0.491930	-0.177275	0.688808	F	2.500523	0.01902	0.03253	-0.020982	0.027655	0.010736	-0.01952	0.762041	-0.02838	-1.552277	0.204741	-1.389436
cell_001723	donor_126	-0.026430	1.072533	0.759037	0.688808	F	1.916973	0.01742	0.03253	-0.020982	0.027655	0.010736	-0.01952	0.557497	-1.082806	0.337069	-0.653032	-2.365699
cell_001724	donor_126	1.329873	-1.931536	0.253398	0.688808	F	2.104422	0.01999	0.03253	-0.020982	0.027655	0.010736	-0.01952	0.996161	1.050934	-0.521783	0.274425	0.438178
cell_001725	donor_126	0.694689	-1.526586	-0.654896	0.688808	F	2.478906	0.02291	0.03253	-0.020982	0.027655	0.010736	-0.01952	0.470489	1.725598	0.416798	-0.357657	0.427916
cell_001726	donor_126	-0.840485	0.021698	1.627854	0.688808	F	1.318292	0.00373	0.03253	-0.020982	0.027655	0.010736	-0.01952	-0.429948	-1.065554	1.21974	0.53416	-1.86162
cell_001727	donor_126	2.022589	-0.814288	0.526557	0.688808	F	1.821459	0.01596	0.03253	-0.020982	0.027655	0.010736	-0.01952	-0.683665	0.757641	-1.563825	-0.752933	2.66151
cell_001728	donor_127	0.558798	0.387626	0.398980	0.065461	M	2.807149	0.0504	0.00624	0.042658	0.030713	-0.010254	-0.01424	-0.331084	1.082694	1.500467	-0.908497	0.266365
cell_001729	donor_127	0.303743	1.687570	1.102467	0.065461	M	2.119723	0.02933	0.00624	0.042658	0.030713	-0.010254	-0.01424	2.05882	0.459525	2.365519	-0.636892	1.797097
cell_001730	donor_127	-1.060154	0.795721	0.892373	0.065461	M	1.548314	0.03251	0.00624	0.042658	0.030713	-0.010254	-0.01424	0.016674	-0.32748	0.640041	-0.111458	-0.084569
cell_001731	donor_127	0.314967	1.131424	0.188074	0.065461	M	2.046913	0.01464	0.00624	0.042658	0.030713	-0.010254	-0.01424	0.485193	-1.807734	-0.798656	0.722643	0.99153
cell_001732	donor_127	0.200468	0.121241	-2.018244	0.065461	M	2.408574	0.04896	0.00624	0.042658	0.030713	-0.010254	-0.01424	0.357228	0.275871	0.402342	0.957798	-1.426228
cell_001733	donor_127	-0.080398	-0.668251	-1.186448	0.065461	M	0.981387	0.01629	0.00624	0.042658	0.030713	-0.010254	-0.01424	-0.509474	-0.074429	0.19579	-2.109639	-1.257394
cell_001734	donor_127	1.434018	0.504208	-0.029831	0.065461	M	2.070514	0.05248	0.00624	0.042658	0.030713	-0.010254	-0.01424	-0.01666	1.013141	-0.41904	-0.66689	0.528668
cell_001735	donor_127	-0.564803	0.296170	0.991436	0.065461	M	1.851034	0.03309	0.00624	0.042658	0.030713	-0.010254	-0.01424	-0.328071	0.880898	-0.221326	-1.115216	1.420596
cell_001736	donor_127	-0.826966	-0.004828	0.868066	0.065461	M	1.343201	0.01876	0.00624	0.042658	0.030713	-0.010254	-0.01424	1.237261	-0.955479	0.395704	-0.326669	0.619064
cell_001737	donor_127	-1.936001	-0.057570	-0.429291	0.065461	M	2.032771	0.00356	0.00624	0.042658	0.030713	-0.010254	-0.01424	-0.875688	0.871842	1.194951	-0.947343	0.0677
cell_001738	donor_128	-0.133830	-0.501629	0.137625	1.868833	M	1.945408	0.0735	0.002004	-0.00331	0.023995	0.014792	-0.033845	1.215965	-1.001363	-0.668827	0.661738	-0.160689
cell_001739	donor_128	1.923627	-0.323922	0.291711	1.868833	M	1.990364	0.04606	0.002004	-0.00331	0.023995	0.014792	-0.033845	-1.575275	-0.32022	1.74644	2.062888	-0.637086
cell_001740	donor_128	1.994746	-0.550016	1.814675	1.868833	M	1.860696	0.04726	0.002004	-0.00331	0.023995	0.014792	-0.033845	-0.913302	-0.458012	1.8019	0.842094	1.464085
cell_001741	donor_128	0.005323	1.781896	0.750201	1.868833	M	1.591465	0.06638	0.002004	-0.00331	0.023995	0.014792	-0.033845	0.998682	-1.319364	-0.948848	-0.696173	-0.521975
cell_001742	donor_128	0.307108	-0.065631	-0.624041	1.868833	M	1.418079	0.03448	0.002004	-0.00331	0.023995	0.014792	-0.033845	-0.678307	-0.561965	0.64049	0.135796	1.219778
cell_001743	donor_128	0.075792	0.897361	-0.013111	1.868833	M	1.723724	0.05705	0.002004	-0.00331	0.023995	0.014792	-0.033845	0.251838	-0.676276	0.188462	-1.51131	-2.311837
cell_001744	donor_128	-0.316623	-0.250783	0.992477	1.868833	M	2.343701	0.02043	0.002004	-0.00331	0.023995	0.014792	-0.033845	0.643212	1.01831	0.072129	-0.391306	-1.34187
cell_001745	donor_128	1.225161	-0.667151	-0.668588	1.868833	M	2.093228	0.04475	0.002004	-0.00331	0.023995	0.014792	-0.033845	1.166925	0.49253	0.291174	-0.004824	-0.469571
cell_001746	donor_128	0.379359	1.527532	1.145990	1.868833	M	1.972331	0.0174	0.002004	-0.00331	0.023995	0.014792	-0.033845	-1.113283	0.252704	-0.538525	-0.423961	1.717846
cell_001747	donor_128	-1.251852	-0.264076	-0.930604	1.868833	M	1.584093	0.01992	0.002004	-0.00331	0.023995	0.014792	-0.033845	-0.048077	-2.452955	-0.535458	-1.001452	-0.13922
cell_001748	donor_128	-0.267513	1.604410	-1.422601	1.868833	M	1.850434	0.03194	0.002004	-0.00331	0.023995	0.014792	-0.033845	-1.424432	0.433632	-0.296067	-0.475713	0.149619
cell_001749	donor_128	-1.618865	-0.828554	0.287311	1.868833	M	2.294863	0.00465	0.002004	-0.00331	0.023995	0.014792	-0.033845	-0.076657	-0.13471	-0.224187	-0.020314	0.343176
cell_001750	donor_128	0.620755	0.437448	1.175685	1.868833	M	2.201914	0.03659	0.002004	-0.00331	0.023995	0.014792	-0.033845	0.21797	1.12688	-0.54669	0.238126	2.446102
cell_001751	donor_128	-1.763086	1.188337	-0.312095	1.868833	M	1.80912	0.02376	0.002004	-0.00331	0.023995	0.014792	-0.033845	-0.040954	-0.00218	-1.263386	-0.71321	-0.106366
cell_001752	donor_128	0.731494	-1.323425	0.004957	1.868833	M	0.955439	0.00975	0.002004	-0.00331	0.023995	0.014792	-0.033845	0.533454	0.649163	0.326274	0.804098	-0.999343
cell_001753	donor_128	0.236271	1.155751	-1.585255	1.868833	M	1.730061	0.02085	0.002004	-0.00331	0.023995	0.014792	-0.033845	0.488917	0.013353	0.124896	-0.362319	-0.95303
cell_001754	donor_129	0.030753	-1.085235	0.505496	1.958326	M	1.806922	0.0231	0.009174	-0.003582	0.000742	0.004979	0.023975	-1.215153	0.320672	0.497852	-0.12957	-0.014814
cell_001755	donor_129	0.777217	1.287170	-0.535029	1.958326	M	1.637158	0.04706	0.009174	-0.003582	0.000742	0.004979	0.023975	-0.720211	0.503062	0.060626	-0.365614	0.866083
cell_001756	donor_129	0.927226	1.360902	-1.643247	1.958326	M	1.83473	0.0357	0.009174	-0.003582	0.000742	0.004979	0.023975	0.645019	-1.535869	0.04915	-0.958236	0.139522
cell_001757	donor_129	0.612345	0.958511	-0.258726	1.958326	M	2.32662	0.05895	0.009174	-0.003582	0.000742	0.004979	0.023975	-3.151846	0.197144	0.711984	-0.110791	-1.164719
cell_001758	donor_129	-1.210774	0.942956	-1.199509	1.958326	M	1.985081	0.0404	0.009174	-0.003582	0.000742	0.004979	0.023975	1.95637	1.155961	-0.531061	-0.261024	-1.981031
cell_001759	donor_129	-0.178351	-0.040124	0.715538	1.958326	M	2.395878	0.01892	0.009174	-0.003582	0.000742	0.004979	0.023975	0.473401	-1.369239	0.666365	1.025942	-0.070264
cell_001760	donor_129	-0.626632	-0.684584	0.098915	1.958326	M	1.396651	0.02883	0.009174	-0.003582	0.000742	0.004979	0.023975	-1.064454	1.249017	0.002169	0.093225	-0.931534
cell_001761	donor_129	1.006390	2.287450	-1.507481	1.958326	M	1.877974	0.02304	0.009174	-0.003582	0.000742	0.004979	0.023975	0.193054	-0.202913	-1.328488	1.339992	1.759125
cell_001762	donor_129	0.315342	-1.086535	1.018811	1.958326	M	1.224391	0.03976	0.009174	-0.003582	0.000742	0.004979	0.023975	1.018202	0.868833	1.765104	-1.047498	-1.059503
cell_001763	donor_129	-0.938545	-0.674648	-0.589271	1.958326	M	1.829369	0.0312	0.009174	-0.003582	0.000742	0.004979	0.023975	-0.414394	0.297854	-0.292624	-1.019992	0.005656
cell_001764	donor_129	-0.076199	0.323198	0.483701	1.958326	M	1.581737	0.01743	0.009174	-0.003582	0.000742	0.004979	0.023975	-0.09438	0.841324	0.04454	-1.904561	0.385468
cell_001765	donor_129	-0.005768	-1.329891	0.727786	1.958326	M	2.512501	0.03017	0.009174	-0.003582	0.000742	0.004979	0.023975	1.581785	0.028927	0.986959	-0.505124	0.565749
cell_001766	donor_129	-0.052959	1.161735	-0.707739	1.958326	M	2.163885	0.03922	0.009174	-0.003582	0.000742	0.004979	0.023975	-0.744589	-0.246499	-0.238628	0.47669	-0.824157
cell_001767	donor_129	-1.602275	-0.034026	1.295953	1.958326	M	2.405932	0.00987	0.009174	-0.003582	0.000742	0.004979	0.023975	-1.464885	0.470112	0.432525	0.112487	0.932888
cell_001768	donor_130	0.160942	-0.199670	-0.870347	-0.03594	F	1.828261	0.03634	0.019556	-0.014995	-0.001172	-0.00897	-0.033637	-0.202638	0.281349	-0.349919	-0.258612	0.340216
cell_001769	donor_130	1.757766	-1.029603	-0.725394	-0.03594	F	1.592113	0.00157	0.019556	-0.014995	-0.001172	-0.00897	-0.033637	2.26661	0.742298	0.548609	0.773439	-2.347778
cell_001770	donor_130	0.570034	-1.856021	1.274591	-0.03594	F	1.579375	0.05211	0.019556	-0.014995	-0.001172	-0.00897	-0.033637	0.319178	0.910474	0.084427	-0.043176	-0.939939
cell_001771	donor_130	0.624193	0.899231	0.558117	-0.03594	F	2.106176	0.04054	0.019556	-0.014995	-0.001172	-0.00897	-0.033637	-0.43341	-0.833495	0.999507	1.501668	1.935066
cell_001772	donor_130	-0.161124	-1.063149	-0.140075	-0.03594	F	2.724065	0.06259	0.019556	-0.014995	-0.001172	-0.00897	-0.033637	-0.849994	-0.668412	-0.749695	-1.018556	-1.002418
cell_001773	donor_130	-0.975236	0.486155	0.806780	-0.03594	F	2.164953	0.00767	0.019556	-0.014995	-0.001172	-0.00897	-0.033637	-0.515495	0.874478	-0.717835	1.05308	1.367468
cell_001774	donor_130	1.476809	0.371768	0.924575	-0.03594	F	1.850093	0.05267	0.019556	-0.014995	-0.001172	-0.00897	-0.033637	0.285096	1.229131	-1.36126	-0.558187	0.189417
cell_001775	donor_130	-0.297145	-0.478277	0.473672	-0.03594	F	1.924492	0.04872	0.019556	-0.014995	-0.001172	-0.00897	-0.033637	0.223234	1.429233	-0.998845	-0.536956	-0.084983
cell_001776	donor_130	-0.386473	0.269186	-1.061192	-0.03594	F	1.98748	0.02636	0.019556	-0.014995	-0.001172	-0.00897	-0.033637	-0.518619	-1.042626	-0.47655	-0.245526	1.447544
cell_001777	donor_130	-0.881628	0.635409	0.886690	-0.03594	F	2.810657	0.02247	0.019556	-0.014995	-0.001172	-0.00897	-0.033637	-1.020232	0.815185	1.272135	-0.512595	0.259893
cell_001778	donor_130	-0.985656	0.670614	-0.532736	-0.03594	F	2.493443	0.0083	0.019556	-0.014995	-0.001172	-0.00897	-0.033637	0.575936	0.411005	0.082143	-0.678826	0.662457
cell_001779	donor_130	0.016505	1.416944	0.807487	-0.03594	F	2.103984	0.00308	0.019556	-0.014995	-0.001172	-0.00897	-0.033637	-0.374458	0.028651	0.175818	0.855989	1.927941
cell_001780	donor_130	0.795872	1.908790	-0.703879	-0.03594	F	2.043893	0.01498	0.019556	-0.014995	-0.001172	-0.00897	-0.033637	-0.737785	0.052575	-1.484417	1.481442	0.043849
cell_001781	donor_130	-0.985875	-0.722122	-0.254501	-0.03594	F	2.119741	0.00488	0.019556	-0.014995	-0.001172	-0.00897	-0.033637	-0.299678	0.052226	0.102764	-0.731839	1.18797
cell_001782	donor_130	-2.354551	-0.207428	-0.544571	-0.03594	F	2.19771	0.06191	0.019556	-0.014995	-0.001172	-0.00897	-0.033637	0.64474	0.78417	-0.68001	-0.734114	-0.113551
cell_001783	donor_131	0.783760	0.352419	-0.600697	-0.017572	M	1.834721	4e-05	-0.002187	0.036895	-0.034241	-0.000481	-0.001123	0.799958	0.501696	-0.777685	0.667761	-0.972121
cell_001784	donor_131	0.589961	0.723263	-0.768546	-0.017572	M	1.662368	0.03298	-0.002187	0.036895	-0.034241	-0.000481	-0.001123	-0.661619	0.157723	-1.171473	-0.963529	1.552122
cell_001785	donor_131	-0.493024	-2.225363	-1.090660	-0.017572	M	2.412888	0.03871	-0.002187	0.036895	-0.034241	-0.000481	-0.001123	1.366266	2.289716	0.450573	0.644764	-0.154958
cell_001786	donor_131	-0.742470	0.074166	-0.945383	-0.017572	M	2.008793	0.03715	-0.002187	0.036895	-0.034241	-0.000481	-0.001123	-0.350442	0.871916	1.361977	0.786653	-0.839814
cell_001787	donor_131	-0.513452	-1.225331	0.171114	-0.017572	M	2.379491	0.03891	-0.002187	0.036895	-0.034241	-0.000481	-0.001123	0.391624	-0.770151	-0.3245	1.636227	-1.199581
cell_001788	donor_131	0.425715	0.402365	0.012361	-0.017572	M	2.658463	0.04893	-0.002187	0.036895	-0.034241	-0.000481	-0.001123	2.168697	0.549534	-0.466113	0.068216	-0.684964
cell_001789	donor_131	-1.541073	-0.619954	-0.407307	-0.017572	M	2.208246	0.02108	-0.002187	0.036895	-0.034241	-0.000481	-0.001123	-0.546914	0.073296	-0.328921	-0.932968	-0.22141
cell_001790	donor_131	-0.403295	0.074981	1.425541	-0.017572	M	2.143419	0.03175	-0.002187	0.036895	-0.034241	-0.000481	-0.001123	-1.314615	-1.271815	-1.282054	1.671325	0.405624
cell_001791	donor_131	0.812096	-0.987518	0.678403	-0.017572	M	3.280097	0.02413	-0.002187	0.036895	-0.034241	-0.000481	-0.001123	0.595857	0.011261	0.506282	1.175846	0.407819
cell_001792	donor_131	0.640302	-0.806067	0.848866	-0.017572	M	2.082808	0.05605	-0.002187	0.036895	-0.034241	-0.000481	-0.001123	1.64033	-0.037185	0.598913	0.704013	-0.932045
cell_001793	donor_131	-0.160377	-1.409953	0.455203	-0.017572	M	1.563781	0.072	-0.002187	0.036895	-0.034241	-0.000481	-0.001123	0.042741	-1.841421	-0.129875	-0.279118	-0.338948
cell_001794	donor_131	0.216962	-0.227678	-0.037453	-0.017572	M	1.88751	0.00612	-0.002187	0.036895	-0.034241	-0.000481	-0.001123	-0.407514	0.511974	-0.885831	1.85999	0.567481
cell_001795	donor_131	-0.719085	0.610131	-0.043451	-0.017572	M	2.620674	0.01062	-0.002187	0.036895	-0.034241	-0.000481	-0.001123	-0.802966	0.647216	0.994853	0.369117	-1.005806
cell_001796	donor_131	0.166449	0.357142	-1.154586	-0.017572	M	1.482333	0.04138	-0.002187	0.036895	-0.034241	-0.000481	-0.001123	2.237287	0.639474	-1.24758	0.209115	-0.220318
cell_001797	donor_132	-0.894283	-2.209944	0.564742	-0.582047	M	1.699016	0.05141	0.005755	-0.019254	-0.028502	-0.027572	0.026619	0.006427	-1.193716	0.054326	-0.831253	-0.349539
cell_001798	donor_132	-1.212210	0.132570	0.370988	-0.582047	M	2.442571	0.06914	0.005755	-0.019254	-0.028502	-0.027572	0.026619	0.387444	-0.476633	-0.290422	0.820232	-0.888597
cell_001799	donor_132	0.602353	-1.204017	-0.065162	-0.582047	M	1.891352	0.04476	0.005755	-0.019254	-0.028502	-0.027572	0.026619	-0.648421	-1.254589	-0.822863	0.129124	0.639464
cell_001800	donor_132	1.670280	1.714315	0.987323	-0.582047	M	1.955902	0.05792	0.005755	-0.019254	-0.028502	-0.027572	0.026619	-0.806167	0.609812	0.105215	-1.382603	0.17456
cell_001801	donor_132	0.337493	-1.005106	0.718622	-0.582047	M	2.429349	0.0632	0.005755	-0.019254	-0.028502	-0.027572	0.026619	1.194357	-1.892135	2.005205	-0.610518	-1.649106
cell_001802	donor_132	-0.158021	0.560528	-0.632843	-0.582047	M	1.713272	0.0593	0.005755	-0.019254	-0.028502	-0.027572	0.026619	0.138424	0.831087	-0.280433	0.311599	2.119737
cell_001803	donor_132	-0.172933	0.164147	0.246278	-0.582047	M	1.412559	0.04762	0.005755	-0.019254	-0.028502	-0.027572	0.026619	0.205654	2.982488	1.264631	0.051535	0.291537
cell_001804	donor_132	0.493723	-0.579195	-1.343284	-0.582047	M	1.444446	0.00436	0.005755	-0.019254	-0.028502	-0.027572	0.026619	-0.319435	0.249578	0.561558	-0.40415	-1.379971
cell_001805	donor_132	1.624785	2.489254	0.447421	-0.582047	M	2.232712	0.02983	0.005755	-0.019254	-0.028502	-0.027572	0.026619	1.321279	0.973482	-1.417089	0.170991	1.027073
cell_001806	donor_132	-1.323992	-0.773195	0.509118	-0.582047	M	2.103653	0.036	0.005755	-0.019254	-0.028502	-0.027572	0.026619	0.923729	-0.69397	0.982117	0.015097	0.388677
cell_001807	donor_132	1.341116	-1.212891	-0.124333	-0.582047	M	1.722973	0.028	0.005755	-0.019254	-0.028502	-0.027572	0.026619	-0.919492	-4.257009	-0.777329	0.536577	-0.205432
cell_001808	donor_132	0.195932	0.864578	-0.343601	-0.582047	M	1.536483	0.02924	0.005755	-0.019254	-0.028502	-0.027572	0.026619	0.650191	1.10615	-0.330521	-0.428949	-2.186856
cell_001809	donor_132	-1.563815	0.621198	1.124796	-0.582047	M	1.891771	0.06134	0.005755	-0.019254	-0.028502	-0.027572	0.026619	-1.547674	-1.33993	0.556639	-0.32053	-0.534235
cell_001810	donor_132	-0.082591	0.405240	-0.474491	-0.582047	M	2.446607	0.01486	0.005755	-0.019254	-0.028502	-0.027572	0.026619	-0.648746	-0.778981	0.923461	0.093347	0.991327
cell_001811	donor_133	-0.845773	1.026426	0.387496	-0.284603	M	1.665673	0.04598	-0.019654	-0.009991	0.042093	-0.014685	0.006848	-2.193386	0.532733	-0.483793	-0.281473	1.352826
cell_001812	donor_133	0.490369	1.502115	-1.054842	-0.284603	M	1.734926	0.03633	-0.019654	-0.009991	0.042093	-0.014685	0.006848	-0.38985	0.491896	-1.017945	0.03611	-1.591247
cell_001813	donor_133	-0.552026	0.157933	-0.564313	-0.284603	M	1.523791	0.01285	-0.019654	-0.009991	0.042093	-0.014685	0.006848	-0.057311	0.385409	1.106374	-0.817894	-0.528964
cell_001814	donor_133	0.783137	-0.187399	-0.992533	-0.284603	M	1.853035	0.00847	-0.019654	-0.009991	0.042093	-0.014685	0.006848	-0.644122	-0.25401	-0.963906	-2.157218	-1.042712
cell_001815	donor_133	0.065772	0.170339	0.934682	-0.284603	M	2.135232	0.00403	-0.019654	-0.009991	0.042093	-0.014685	0.006848	-0.048962	-0.148101	0.552119	0.842194	-0.449552
cell_001816	donor_133	0.393141	0.461146	0.320292	-0.284603	M	2.846068	0.03971	-0.019654	-0.009991	0.042093	-0.014685	0.006848	-1.585739	0.403219	-0.009809	-0.258443	1.220425
cell_001817	donor_133	-0.188223	-0.716219	0.288838	-0.284603	M	2.087113	0.02874	-0.019654	-0.009991	0.042093	-0.014685	0.006848	0.450548	0.122899	0.163884	0.849706	-0.689553
cell_001818	donor_133	-0.333125	1.689823	1.342182	-0.284603	M	1.978529	0.01348	-0.019654	-0.009991	0.042093	-0.014685	0.006848	-0.880219	-0.234135	-1.177936	-0.045419	0.096951
cell_001819	donor_133	0.632839	0.378467	-0.087959	-0.284603	M	2.345175	0.00752	-0.019654	-0.009991	0.042093	-0.014685	0.006848	-0.068802	-0.361418	1.65301	0.940661	-0.09714
cell_001820	donor_133	-1.261124	-0.216172	0.101400	-0.284603	M	2.278486	0.03865	-0.019654	-0.009991	0.042093	-0.014685	0.006848	0.093028	1.376344	-0.584554	-0.965598	0.226897
cell_001821	donor_134	0.229456	0.469536	0.921330	-1.486325	M	1.768936	0.02653	0.021276	0.020314	-0.026632	-0.014267	0.006047	0.413906	0.488506	0.827777	-0.732577	-1.40845
cell_001822	donor_134	-0.692154	-0.683076	1.450857	-1.486325	M	2.920824	0.01573	0.021276	0.020314	-0.026632	-0.014267	0.006047	-0.584567	0.581841	-0.921897	-1.933835	0.144269
cell_001823	donor_134	0.770982	-0.390771	-0.107211	-1.486325	M	1.990247	0.01072	0.021276	0.020314	-0.026632	-0.014267	0.006047	-0.567084	-1.727089	0.074451	-0.386273	1.675983
cell_001824	donor_134	-0.102714	0.031574	0.472683	-1.486325	M	2.09455	0.02523	0.021276	0.020314	-0.026632	-0.014267	0.006047	0.088844	0.586085	-0.01723	-0.59753	-0.487614
cell_001825	donor_134	2.534993	0.189757	0.662598	-1.486325	M	2.220539	0.0394	0.021276	0.020314	-0.026632	-0.014267	0.006047	1.080959	0.747789	-1.488629	-1.248606	-1.193076
cell_001826	donor_134	-1.686477	-0.484900	1.228815	-1.486325	M	2.138349	0.0234	0.021276	0.020314	-0.026632	-0.014267	0.006047	1.0601	-1.731374	0.786488	0.398357	0.146813
cell_001827	donor_134	0.402315	-4.389115	0.674023	-1.486325	M	2.610159	0.00623	0.021276	0.020314	-0.026632	-0.014267	0.006047	-0.472994	1.188617	0.113468	-1.444209	-1.211323
cell_001828	donor_134	1.918164	-1.995908	1.519388	-1.486325	M	1.764037	0.02884	0.021276	0.020314	-0.026632	-0.014267	0.006047	-1.644758	1.200334	1.424255	1.086277	-0.143133
cell_001829	donor_134	-2.771956	0.937999	-0.008649	-1.486325	M	2.313353	0.05091	0.021276	0.020314	-0.026632	-0.014267	0.006047	-1.426379	-1.054011	-0.988873	-0.045693	1.387443
cell_001830	donor_134	-2.349971	0.446138	1.150840	-1.486325	M	2.065827	0.03081	0.021276	0.020314	-0.026632	-0.014267	0.006047	1.383518	-0.488336	-2.236558	-1.166991	1.188601
cell_001831	donor_134	0.363887	0.584828	-0.411676	-1.486325	M	2.393089	0.03137	0.021276	0.020314	-0.026632	-0.014267	0.006047	0.231629	-0.355646	-0.425366	-0.750851	-1.203773
cell_001832	donor_134	-1.861390	0.691864	1.749754	-1.486325	M	1.914006	0.02349	0.021276	0.020314	-0.026632	-0.014267	0.006047	2.072063	1.718483	-0.821866	-1.753872	0.169018
cell_001833	donor_134	1.129581	-1.987876	-1.514894	-1.486325	M	1.859834	0.01221	0.021276	0.020314	-0.026632	-0.014267	0.006047	-0.147468	0.628142	0.854607	-1.170026	1.280218
cell_001834	donor_134	-0.845968	-1.592975	0.044190	-1.486325	M	2.292829	0.01154	0.021276	0.020314	-0.026632	-0.014267	0.006047	-0.353162	0.60791	-0.261466	0.92249	-2.362295
cell_001835	donor_135	0.393416	-1.430253	0.777128	-1.490386	M	2.143197	0.00324	0.03858	-0.01523	-0.009872	0.008391	0.012393	0.738333	-0.83192	0.073464	1.244703	-0.80315
cell_001836	donor_135	0.601104	-0.548159	-0.172522	-1.490386	M	1.671882	0.05362	0.03858	-0.01523	-0.009872	0.008391	0.012393	-0.960013	-0.371979	-0.43507	-1.050163	0.106272
cell_001837	donor_135	-1.949801	-0.332262	0.007385	-1.490386	M	2.538245	0.03925	0.03858	-0.01523	-0.009872	0.008391	0.012393	0.158171	0.462988	-0.819571	-0.944002	-0.118597
cell_001838	donor_135	0.168748	0.378877	0.244242	-1.490386	M	2.293004	0.03165	0.03858	-0.01523	-0.009872	0.008391	0.012393	-0.245046	-0.225839	-0.70723	0.33004	-0.94248
cell_001839	donor_135	-0.264344	0.286195	1.002032	-1.490386	M	1.970318	0.03591	0.03858	-0.01523	-0.009872	0.008391	0.012393	-0.122175	-0.306368	-0.033458	1.18527	-1.3145
cell_001840	donor_135	-0.095498	0.317595	-0.186171	-1.490386	M	1.812708	0.03679	0.03858	-0.01523	-0.009872	0.008391	0.012393	-2.391326	-0.594191	-1.151306	-3.012483	1.746351
cell_001841	donor_135	-0.646759	0.522880	-0.555226	-1.490386	M	2.145652	0.01531	0.03858	-0.01523	-0.009872	0.008391	0.012393	0.55971	0.667157	-0.285468	0.420817	-0.42264
cell_001842	donor_135	0.386147	0.028255	-0.303935	-1.490386	M	2.264194	0.02349	0.03858	-0.01523	-0.009872	0.008391	0.012393	0.814321	0.189066	-0.036525	0.038928	1.46545
cell_001843	donor_135	-0.328143	-0.508121	-1.645801	-1.490386	M	1.36237	0.02052	0.03858	-0.01523	-0.009872	0.008391	0.012393	0.167331	-1.029609	0.336191	0.489041	-0.14471
cell_001844	donor_135	0.382895	0.231547	0.849670	-1.490386	M	2.150272	0.08023	0.03858	-0.01523	-0.009872	0.008391	0.012393	-0.052103	-1.066216	0.097076	-1.214481	-0.250776
cell_001845	donor_135	-0.531457	1.895384	-0.379736	-1.490386	M	2.261022	0.0504	0.03858	-0.01523	-0.009872	0.008391	0.012393	-0.669323	0.982906	1.549943	-1.144324	-0.00462
cell_001846	donor_135	-0.875110	-0.993685	-1.733922	-1.490386	M	1.059021	0.03336	0.03858	-0.01523	-0.009872	0.008391	0.012393	-0.310359	0.464438	0.096242	-0.387375	0.093751
cell_001847	donor_135	1.532628	1.371067	0.600745	-1.490386	M	2.078476	0.05732	0.03858	-0.01523	-0.009872	0.008391	0.012393	-0.214651	1.589135	-0.793645	0.257487	0.509633
cell_001848	donor_135	-0.896089	1.811268	-0.351719	-1.490386	M	2.277844	0.05479	0.03858	-0.01523	-0.009872	0.008391	0.012393	0.438477	-0.29789	1.368274	-2.088884	-1.093936
cell_001849	donor_135	-0.269026	1.437259	0.658911	-1.490386	M	2.232351	0.00239	0.03858	-0.01523	-0.009872	0.008391	0.012393	0.66357	-0.880108	-0.93851	-0.467196	-0.785643
cell_001850	donor_135	2.201103	0.248722	-0.397031	-1.490386	M	2.320979	0.02554	0.03858	-0.01523	-0.009872	0.008391	0.012393	0.637089	0.904405	0.088315	1.054626	-1.386435
cell_001851	donor_136	-0.611805	-1.846996	-0.278596	-1.722659	F	1.868973	0.02967	0.013605	-0.016927	-0.010641	0.00431	0.025246	0.075888	1.347953	0.976856	1.436294	-0.590046
cell_001852	donor_136	1.144593	0.598834	0.020308	-1.722659	F	1.584037	0.04223	0.013605	-0.016927	-0.010641	0.00431	0.025246	0.91719	-0.426776	0.595153	1.310877	-0.794068
cell_001853	donor_136	-0.994934	0.226873	1.012814	-1.722659	F	1.280102	0.02552	0.013605	-0.016927	-0.010641	0.00431	0.025246	-1.855764	1.847565	0.488127	-0.10708	-0.162007
cell_001854	donor_136	0.430719	0.166735	-0.796958	-1.722659	F	2.436889	0.02803	0.013605	-0.016927	-0.010641	0.00431	0.025246	-2.096192	0.208731	-0.530565	0.052475	0.030293
cell_001855	donor_136	0.867182	-3.131905	0.382846	-1.722659	F	2.281226	0.02077	0.013605	-0.016927	-0.010641	0.00431	0.025246	-3.377759	0.489965	0.188969	0.32327	-0.18342
cell_001856	donor_136	2.570322	-1.508373	-0.241369	-1.722659	F	2.467396	0.05098	0.013605	-0.016927	-0.010641	0.00431	0.025246	0.048923	0.172808	0.274263	0.475586	0.282763
cell_001857	donor_136	-0.007911	-0.462583	1.036374	-1.722659	F	1.709943	0.00113	0.013605	-0.016927	-0.010641	0.00431	0.025246	1.849729	-0.726015	-0.374955	1.692956	-0.154603
cell_001858	donor_136	0.472451	0.152300	0.797273	-1.722659	F	2.321535	0.02145	0.013605	-0.016927	-0.010641	0.00431	0.025246	0.931638	0.135505	-0.227812	0.986248	0.518423
cell_001859	donor_136	0.016751	3.179864	0.151347	-1.722659	F	1.398928	0.00687	0.013605	-0.016927	-0.010641	0.00431	0.025246	-1.53401	0.173493	-0.995062	1.271153	1.75359
cell_001860	donor_136	0.195282	-1.710468	-0.543450	-1.722659	F	1.652203	0.00941	0.013605	-0.016927	-0.010641	0.00431	0.025246	1.873972	0.357514	-0.461568	0.321758	-0.939725
cell_001861	donor_136	1.147378	-1.335457	-2.157557	-1.722659	F	2.050391	0.03634	0.013605	-0.016927	-0.010641	0.00431	0.025246	2.345499	1.194357	0.304526	0.997049	-0.491724
cell_001862	donor_136	0.032315	1.370745	0.042381	-1.722659	F	2.265283	0.03672	0.013605	-0.016927	-0.010641	0.00431	0.025246	-1.107958	-2.213253	0.083057	-0.208154	0.519289
cell_001863	donor_137	-0.336125	-1.858488	0.452254	1.084337	F	2.671605	0.02374	-0.00477	-0.000446	-0.020519	0.037265	0.003085	0.013073	0.473885	0.811083	-1.460181	0.8689
cell_001864	donor_137	0.661275	-1.781732	1.134532	1.084337	F	1.903974	0.05248	-0.00477	-0.000446	-0.020519	0.037265	0.003085	-0.40658	0.517579	1.022227	1.029094	0.129153
cell_001865	donor_137	0.765696	1.132316	0.583525	1.084337	F	1.6537	0.05708	-0.00477	-0.000446	-0.020519	0.037265	0.003085	0.178476	0.891912	-1.501176	-0.951579	-0.279257
cell_001866	donor_137	0.653683	0.520721	0.868472	1.084337	F	1.63314	0.02862	-0.00477	-0.000446	-0.020519	0.037265	0.003085	-1.332794	-0.271717	-0.326349	0.087107	-0.056883
cell_001867	donor_137	-1.818758	-1.501059	-0.736008	1.084337	F	1.724862	0.03501	-0.00477	-0.000446	-0.020519	0.037265	0.003085	1.069349	0.573005	-0.071031	-0.333262	-0.047558
cell_001868	donor_137	-0.129820	0.388137	0.324682	1.084337	F	2.888411	0.02095	-0.00477	-0.000446	-0.020519	0.037265	0.003085	-0.029861	2.518756	-1.457527	-0.926275	-1.072926
cell_001869	donor_137	1.117106	1.148495	-0.872385	1.084337	F	2.302749	0.04254	-0.00477	-0.000446	-0.020519	0.037265	0.003085	0.269272	0.229673	-0.573072	0.896118	0.369657
cell_001870	donor_137	0.238576	-0.847832	-0.188247	1.084337	F	2.445013	0.00612	-0.00477	-0.000446	-0.020519	0.037265	0.003085	0.9381	1.203454	-2.131045	0.685617	-1.29006
cell_001871	donor_137	0.321791	-3.408712	2.411244	1.084337	F	1.904406	0.06592	-0.00477	-0.000446	-0.020519	0.037265	0.003085	0.249413	-0.072896	-0.030214	-1.204621	1.030487
cell_001872	donor_137	0.566409	-0.595703	1.927370	1.084337	F	1.999341	0.0528	-0.00477	-0.000446	-0.020519	0.037265	0.003085	-1.290495	0.750534	-1.43189	-0.017856	1.804391
cell_001873	donor_137	-0.347431	0.132519	-0.487116	1.084337	F	2.279706	0.00602	-0.00477	-0.000446	-0.020519	0.037265	0.003085	2.361631	-1.618719	-0.704538	-0.522661	2.255054
cell_001874	donor_137	1.651992	-0.104985	0.149484	1.084337	F	1.79768	0.01422	-0.00477	-0.000446	-0.020519	0.037265	0.003085	-0.068327	1.074664	0.299707	-1.199213	-1.859802
cell_001875	donor_137	1.203782	0.585139	-0.054348	1.084337	F	1.883477	0.03842	-0.00477	-0.000446	-0.020519	0.037265	0.003085	-0.613092	2.316873	0.257613	1.054374	-1.418243
cell_001876	donor_137	1.110391	2.538483	0.317410	1.084337	F	1.730118	0.02323	-0.00477	-0.000446	-0.020519	0.037265	0.003085	-0.325222	0.778844	-1.091167	-0.063967	-0.879766
cell_001877	donor_138	0.116760	0.170627	1.310430	-1.561402	M	1.821003	0.04089	0.021555	0.000598	0.001705	-0.030006	-0.043015	0.826434	0.398517	0.683385	0.871075	-0.227675
cell_001878	donor_138	-0.599198	-0.278318	-1.537443	-1.561402	M	2.019591	0.02281	0.021555	0.000598	0.001705	-0.030006	-0.043015	1.003232	-0.589848	0.62572	-1.970953	-0.746356
cell_001879	donor_138	-1.183868	-0.517800	-0.055937	-1.561402	M	1.671316	0.0605	0.021555	0.000598	0.001705	-0.030006	-0.043015	2.315803	0.610988	0.611347	-0.823896	-1.09421
cell_001880	donor_138	1.769083	0.535993	-0.912079	-1.561402	M	2.114392	0.03017	0.021555	0.000598	0.001705	-0.030006	-0.043015	-0.26436	-0.067128	1.914467	1.018939	0.108928
cell_001881	donor_138	-0.727980	1.374749	1.126610	-1.561402	M	2.113833	0.07841	0.021555	0.000598	0.001705	-0.030006	-0.043015	0.065713	0.758141	-1.318796	-1.92135	0.743388
cell_001882	donor_138	0.028150	-0.442526	1.124933	-1.561402	M	1.928301	0.04205	0.021555	0.000598	0.001705	-0.030006	-0.043015	0.072013	-1.312116	-2.094881	0.893867	-0.521555
cell_001883	donor_138	-0.993327	0.392030	2.272659	-1.561402	M	1.669016	0.00301	0.021555	0.000598	0.001705	-0.030006	-0.043015	0.400261	-0.26376	-0.034239	-0.592251	-0.07651
cell_001884	donor_138	0.205356	-0.775609	0.410369	-1.561402	M	2.041985	0.07173	0.021555	0.000598	0.001705	-0.030006	-0.043015	0.577073	-0.275729	-0.332824	0.607538	0.67418
cell_001885	donor_138	-0.470009	-1.394116	0.701036	-1.561402	M	1.798038	0.05197	0.021555	0.000598	0.001705	-0.030006	-0.043015	-1.13749	-0.028909	-0.523763	0.013718	1.433967
cell_001886	donor_138	1.117834	-0.310907	-0.377236	-1.561402	M	2.018638	0.0376	0.021555	0.000598	0.001705	-0.030006	-0.043015	0.358967	2.164245	0.219595	-0.166459	-0.019682
cell_001887	donor_139	-0.961565	-0.149936	-0.562368	1.949962	M	2.439251	0.04293	0.025038	0.001561	0.004129	-0.024981	-0.018061	0.14263	0.322851	-0.991967	-0.23316	-0.724396
cell_001888	donor_139	-1.011033	1.892169	0.466493	1.949962	M	1.498824	0.00622	0.025038	0.001561	0.004129	-0.024981	-0.018061	1.029622	-1.925669	0.156903	-1.51817	0.432238
cell_001889	donor_139	0.572395	0.883400	0.771036	1.949962	M	2.869395	0.00609	0.025038	0.001561	0.004129	-0.024981	-0.018061	-0.398905	-1.816795	0.942231	-2.516387	-0.031419
cell_001890	donor_139	-0.413110	0.272553	-0.269030	1.949962	M	1.970991	0.02917	0.025038	0.001561	0.004129	-0.024981	-0.018061	0.691191	1.376732	-1.610157	-0.516024	1.083653
cell_001891	donor_139	0.438464	0.341691	-0.382660	1.949962	M	2.164736	0.05758	0.025038	0.001561	0.004129	-0.024981	-0.018061	1.151241	1.280744	2.561581	-0.508693	0.372382
cell_001892	donor_139	-1.329299	0.146237	-0.204269	1.949962	M	1.6989	0.03791	0.025038	0.001561	0.004129	-0.024981	-0.018061	-0.345865	-1.975114	-0.090003	-1.994364	-0.520829
cell_001893	donor_139	-1.890372	0.507662	0.965342	1.949962	M	2.456885	0.06418	0.025038	0.001561	0.004129	-0.024981	-0.018061	-1.468158	0.438857	-0.778526	-1.785208	0.865659
cell_001894	donor_139	2.528356	-0.391198	-0.538712	1.949962	M	1.949749	0.05642	0.025038	0.001561	0.004129	-0.024981	-0.018061	-0.603752	-0.432102	-0.977757	1.149076	0.270519
cell_001895	donor_139	-1.109421	0.208642	0.202318	1.949962	M	1.842353	0.03041	0.025038	0.001561	0.004129	-0.024981	-0.018061	-0.613088	-1.914036	2.510634	1.979367	1.443102
cell_001896	donor_139	-0.811296	-0.174930	-1.978666	1.949962	M	1.769794	0.05368	0.025038	0.001561	0.004129	-0.024981	-0.018061	-0.703172	-0.500947	0.400665	-0.893854	-0.989399
cell_001897	donor_139	0.926377	-0.770679	-0.034656	1.949962	M	1.892603	0.06045	0.025038	0.001561	0.004129	-0.024981	-0.018061	1.458559	-0.05514	-1.119869	0.952667	-0.573898
cell_001898	donor_139	-1.426693	-0.582354	-0.279591	1.949962	M	2.167339	0.0284	0.025038	0.001561	0.004129	-0.024981	-0.018061	-1.979355	-1.134812	-0.516493	0.219959	0.171738
cell_001899	donor_140	-0.011291	0.479733	1.439075	-0.730378	M	2.069124	0.02572	0.021246	0.034803	-0.012425	0.01343	0.0038	1.22777	-0.237033	-0.465653	1.245047	0.9787
cell_001900	donor_140	0.732711	0.962165	1.446104	-0.730378	M	1.984056	0.03281	0.021246	0.034803	-0.012425	0.01343	0.0038	-0.213458	0.29203	-0.475322	-1.162162	2.197236
cell_001901	donor_140	0.569708	-0.036707	1.009112	-0.730378	M	1.715431	0.01824	0.021246	0.034803	-0.012425	0.01343	0.0038	-0.541888	0.294993	-1.515347	0.736452	-1.205858
cell_001902	donor_140	1.073009	0.648566	-1.454628	-0.730378	M	1.692331	0.03561	0.021246	0.034803	-0.012425	0.01343	0.0038	1.677959	1.79741	0.565639	0.114882	-0.187415
cell_001903	donor_140	-0.841460	-0.274854	0.779621	-0.730378	M	1.81565	0.04441	0.021246	0.034803	-0.012425	0.01343	0.0038	-0.047544	0.409235	0.089745	0.981705	-0.918298
cell_001904	donor_140	-0.021346	1.136869	1.315237	-0.730378	M	2.18411	0.03289	0.021246	0.034803	-0.012425	0.01343	0.0038	1.528082	-0.422659	-0.745879	0.362611	0.426552
cell_001905	donor_140	1.199170	1.205541	-1.036994	-0.730378	M	2.264904	0.03689	0.021246	0.034803	-0.012425	0.01343	0.0038	-1.73667	-0.48111	-2.17205	-0.675707	-0.632643
cell_001906	donor_140	0.482635	-0.607529	-1.649066	-0.730378	M	2.318818	0.02913	0.021246	0.034803	-0.012425	0.01343	0.0038	0.297461	-0.787796	-0.551048	1.303888	2.064192
cell_001907	donor_140	-0.287471	1.324737	0.460742	-0.730378	M	1.999413	0.00994	0.021246	0.034803	-0.012425	0.01343	0.0038	-0.920904	1.019257	0.387807	-1.738789	-0.79117
cell_001908	donor_140	2.017809	0.177230	2.447803	-0.730378	M	2.153425	0.06325	0.021246	0.034803	-0.012425	0.01343	0.0038	-3.027833	0.323566	-1.076791	0.133927	2.570952
cell_001909	donor_140	0.177521	0.022480	-1.279390	-0.730378	M	1.93262	0.02264	0.021246	0.034803	-0.012425	0.01343	0.0038	1.593138	-0.767006	-1.008782	1.292982	-1.004801
cell_001910	donor_140	1.110563	-0.502125	-0.647048	-0.730378	M	1.303081	0.01764	0.021246	0.034803	-0.012425	0.01343	0.0038	0.991123	2.735866	0.675418	1.184014	1.06803
cell_001911	donor_140	1.281231	1.158223	1.132051	-0.730378	M	1.913629	0.05716	0.021246	0.034803	-0.012425	0.01343	0.0038	-0.557098	0.290191	-0.956436	1.289928	-1.085127
cell_001912	donor_141	-0.362191	-0.050976	-0.059854	1.73735	M	1.849869	0.04957	-0.002411	0.037039	-0.009064	0.024814	0.007628	0.700988	1.131718	-0.491642	-0.720996	-0.169693
cell_001913	donor_141	0.782518	1.553565	0.368147	1.73735	M	1.584382	0.03546	-0.002411	0.037039	-0.009064	0.024814	0.007628	-0.892432	0.156398	-0.91697	-0.844556	0.546903
cell_001914	donor_141	1.974891	0.897194	-0.234799	1.73735	M	1.773042	0.04539	-0.002411	0.037039	-0.009064	0.024814	0.007628	0.617558	-0.293514	-1.646424	1.170861	-0.448401
cell_001915	donor_141	0.828711	1.705940	1.998289	1.73735	M	2.054037	0.0069	-0.002411	0.037039	-0.009064	0.024814	0.007628	2.062315	-0.132397	0.135777	-0.431751	0.243409
cell_001916	donor_141	1.186891	0.025674	-0.216693	1.73735	M	1.546701	0.02838	-0.002411	0.037039	-0.009064	0.024814	0.007628	3.476567	-0.348969	1.276329	0.090634	1.173793
cell_001917	donor_141	0.576070	1.673974	0.433769	1.73735	M	1.715686	0.0559	-0.002411	0.037039	-0.009064	0.024814	0.007628	-1.931887	1.944888	0.341025	-0.267755	0.90331
cell_001918	donor_141	0.454532	0.051398	-0.327891	1.73735	M	2.619161	0.01646	-0.002411	0.037039	-0.009064	0.024814	0.007628	0.14391	-1.147876	-2.42328	1.826059	-0.22285
cell_001919	donor_141	-0.162135	0.135426	1.718100	1.73735	M	1.358917	0.01003	-0.002411	0.037039	-0.009064	0.024814	0.007628	-0.612929	-0.535217	1.46447	-0.490111	0.644366
cell_001920	donor_141	-0.239714	0.052612	-0.865378	1.73735	M	1.926727	0.03157	-0.002411	0.037039	-0.009064	0.024814	0.007628	-0.33463	-1.254809	0.901285	1.103005	-0.679319
cell_001921	donor_141	0.716631	1.366679	1.624498	1.73735	M	1.533476	0.03204	-0.002411	0.037039	-0.009064	0.024814	0.007628	-0.037757	0.097009	0.445125	1.971291	-0.32387
cell_001922	donor_141	0.203365	0.574354	-0.153550	1.73735	M	1.699345	0.04295	-0.002411	0.037039	-0.009064	0.024814	0.007628	-0.330044	-0.175315	-0.942215	-1.722162	0.133763
cell_001923	donor_141	0.528019	0.313965	0.058264	1.73735	M	1.920905	0.00244	-0.002411	0.037039	-0.009064	0.024814	0.007628	0.527277	0.002452	-0.062706	-0.89873	0.252402
cell_001924	donor_141	0.137754	0.451922	-0.294152	1.73735	M	1.60497	0.02099	-0.002411	0.037039	-0.009064	0.024814	0.007628	0.169859	0.474892	0.323676	0.393816	1.318781
cell_001925	donor_141	-0.242497	1.707362	2.710547	1.73735	M	2.229572	0.04842	-0.002411	0.037039	-0.009064	0.024814	0.007628	0.572197	0.48061	-1.742511	1.053497	-0.297855
cell_001926	donor_141	-1.204367	-1.259471	-0.957153	1.73735	M	2.54046	0.00834	-0.002411	0.037039	-0.009064	0.024814	0.007628	0.079211	-1.272902	2.089874	-2.474216	1.488112
cell_001927	donor_141	-0.103288	0.895781	0.591253	1.73735	M	2.336671	0.0178	-0.002411	0.037039	-0.009064	0.024814	0.007628	0.425161	-1.905294	2.036397	0.513765	-2.358316
cell_001928	donor_141	0.172031	0.528936	-0.692086	1.73735	M	2.409845	0.01366	-0.002411	0.037039	-0.009064	0.024814	0.007628	-0.422457	0.534515	1.713238	-0.409248	-2.646911
cell_001929	donor_142	-0.244123	-0.020095	-1.584216	-0.365054	M	1.448106	0.05046	-0.000338	0.02744	0.005803	-0.001929	0.027589	1.459021	0.498202	-2.232554	0.342696	0.448566
cell_001930	donor_142	-1.161310	-1.121566	0.764108	-0.365054	M	1.902772	0.03701	-0.000338	0.02744	0.005803	-0.001929	0.027589	-0.324716	-0.827283	-0.609731	-0.325354	0.35472
cell_001931	donor_142	0.245355	0.611061	-1.839655	-0.365054	M	2.186968	0.0362	-0.000338	0.02744	0.005803	-0.001929	0.027589	0.78836	-2.147831	0.255972	0.487946	0.169141
cell_001932	donor_142	-1.483567	0.663215	-2.778670	-0.365054	M	2.348476	0.03607	-0.000338	0.02744	0.005803	-0.001929	0.027589	-0.404856	1.41981	1.344403	-0.366213	-0.083078
cell_001933	donor_142	1.224629	-1.823317	0.843345	-0.365054	M	2.701341	0.0112	-0.000338	0.02744	0.005803	-0.001929	0.027589	0.77184	1.282628	-0.815524	-1.046199	0.274162
cell_001934	donor_142	-0.888585	1.048904	3.208161	-0.365054	M	2.427616	0.0103	-0.000338	0.02744	0.005803	-0.001929	0.027589	-1.123579	-1.944997	-0.820376	0.417164	1.55361
cell_001935	donor_142	-2.273178	0.695377	-1.808163	-0.365054	M	2.358595	0.02097	-0.000338	0.02744	0.005803	-0.001929	0.027589	-0.708765	-0.124266	0.155545	-0.648599	-0.727164
cell_001936	donor_142	0.426769	-0.206772	0.129782	-0.365054	M	3.053438	0.01503	-0.000338	0.02744	0.005803	-0.001929	0.027589	0.334985	-1.197432	-0.767414	-0.202588	0.322461
cell_001937	donor_142	-0.911686	0.780541	-1.448358	-0.365054	M	2.038524	0.02457	-0.000338	0.02744	0.005803	-0.001929	0.027589	-1.515247	-0.130817	-1.290856	-0.684201	0.788627
cell_001938	donor_142	1.241637	-0.409250	-1.402691	-0.365054	M	1.884377	0.03492	-0.000338	0.02744	0.005803	-0.001929	0.027589	-0.073846	1.66907	-0.072198	0.968013	0.794775
cell_001939	donor_142	1.594937	-0.067343	1.907636	-0.365054	M	2.070943	0.05013	-0.000338	0.02744	0.005803	-0.001929	0.027589	-0.01322	-1.315653	-0.105126	-0.532771	-0.571419
cell_001940	donor_143	1.221356	-0.798146	-0.084990	-1.566187	M	1.633979	0.0004	0.024985	0.024039	-0.077756	0.008804	0.004242	0.155821	-1.449571	-0.873844	-1.012065	-0.254225
cell_001941	donor_143	0.121038	1.526303	0.437518	-1.566187	M	2.027054	0.02982	0.024985	0.024039	-0.077756	0.008804	0.004242	-0.768161	-0.702429	0.135463	-0.445685	0.004806
cell_001942	donor_143	0.176293	-0.199880	-0.050557	-1.566187	M	1.309259	0.04423	0.024985	0.024039	-0.077756	0.008804	0.004242	-1.115698	-0.828422	2.040828	-0.697405	-2.106428
cell_001943	donor_143	1.304592	0.003705	-0.394997	-1.566187	M	1.788192	0.01152	0.024985	0.024039	-0.077756	0.008804	0.004242	0.342128	-0.707969	0.243847	-0.089535	0.549876
cell_001944	donor_143	-0.564507	-0.553765	-1.402096	-1.566187	M	1.953866	0.02614	0.024985	0.024039	-0.077756	0.008804	0.004242	-0.099623	-0.226552	1.14792	-2.218142	-1.325488
cell_001945	donor_143	-0.750375	1.498420	-0.206599	-1.566187	M	2.379854	0.03933	0.024985	0.024039	-0.077756	0.008804	0.004242	-0.825095	-1.692844	-0.479387	-0.57808	0.9747
cell_001946	donor_143	0.704412	-2.478757	0.568311	-1.566187	M	2.444436	0.03022	0.024985	0.024039	-0.077756	0.008804	0.004242	-0.088272	-0.213011	-0.379839	-1.051996	0.890794
cell_001947	donor_143	-0.161353	-0.481440	0.180960	-1.566187	M	1.614553	0.04348	0.024985	0.024039	-0.077756	0.008804	0.004242	1.210077	-1.212166	1.620056	-0.670983	-0.752517
cell_001948	donor_143	-0.495825	-2.123875	0.922248	-1.566187	M	2.830413	0.03189	0.024985	0.024039	-0.077756	0.008804	0.004242	0.472794	0.562044	-0.071264	-0.346285	1.172353
cell_001949	donor_143	0.243018	-0.313942	-0.966185	-1.566187	M	2.059349	0.02376	0.024985	0.024039	-0.077756	0.008804	0.004242	-0.623299	-0.068769	1.693787	-1.337083	-0.45865
cell_001950	donor_143	-1.469858	0.223893	1.613441	-1.566187	M	2.096018	0.00655	0.024985	0.024039	-0.077756	0.008804	0.004242	1.025135	0.528	0.894018	-1.322884	0.321115
cell_001951	donor_143	0.203166	-1.382762	0.225117	-1.566187	M	1.352923	0.03494	0.024985	0.024039	-0.077756	0.008804	0.004242	-0.285207	2.272417	0.809378	-0.022319	0.285898
cell_001952	donor_144	-0.053343	0.864044	0.606733	1.283779	M	1.751977	0.032	-0.000697	0.012196	0.005211	0.013556	-0.005359	0.054288	0.699015	-0.856301	1.365217	-1.324727
cell_001953	donor_144	-2.985823	0.545242	-1.003479	1.283779	M	2.41993	0.01014	-0.000697	0.012196	0.005211	0.013556	-0.005359	0.205044	-0.82428	0.042827	0.988019	-1.712345
cell_001954	donor_144	-1.421729	-0.188473	0.410971	1.283779	M	2.067911	0.04164	-0.000697	0.012196	0.005211	0.013556	-0.005359	-0.169478	-1.439757	-0.279382	-1.442393	0.161786
cell_001955	donor_144	-1.640735	0.704576	0.763339	1.283779	M	2.043126	0.05536	-0.000697	0.012196	0.005211	0.013556	-0.005359	-0.42617	0.747123	1.228558	0.010648	0.893655
cell_001956	donor_144	0.046976	-0.867624	-0.979378	1.283779	M	2.090869	0.0168	-0.000697	0.012196	0.005211	0.013556	-0.005359	1.382459	-0.922103	1.434986	-0.036939	-0.978377
cell_001957	donor_144	1.025932	-1.511223	1.064470	1.283779	M	1.422718	0.01545	-0.000697	0.012196	0.005211	0.013556	-0.005359	0.298462	-0.072095	-1.407012	-1.101049	1.637314
cell_001958	donor_144	-0.165199	-0.095834	-1.708088	1.283779	M	1.961357	0.01472	-0.000697	0.012196	0.005211	0.013556	-0.005359	0.278575	1.481794	-0.416573	-0.801629	-1.683315
cell_001959	donor_144	-0.146717	0.613586	-1.336410	1.283779	M	2.563332	0.00357	-0.000697	0.012196	0.005211	0.013556	-0.005359	0.967977	0.410632	-0.407545	-0.79266	1.12687
cell_001960	donor_144	0.498636	0.089012	-0.643756	1.283779	M	2.434683	0.07009	-0.000697	0.012196	0.005211	0.013556	-0.005359	-0.177281	-0.16653	-0.600771	-0.407459	0.550123
cell_001961	donor_144	0.854673	-2.202257	0.346681	1.283779	M	1.94992	0.02102	-0.000697	0.012196	0.005211	0.013556	-0.005359	-1.41644	0.080737	0.955585	-0.084759	1.054226
cell_001962	donor_144	1.619435	1.439943	0.389807	1.283779	M	2.625467	0.01283	-0.000697	0.012196	0.005211	0.013556	-0.005359	1.340599	0.903582	-0.537256	-0.035438	0.34577
cell_001963	donor_144	-0.301681	-0.635803	-0.302926	1.283779	M	1.496361	0.00746	-0.000697	0.012196	0.005211	0.013556	-0.005359	-0.46975	-0.503106	-0.563313	2.543561	-0.271091
cell_001964	donor_144	0.543807	-0.807244	0.757424	1.283779	M	1.611321	0.02224	-0.000697	0.012196	0.005211	0.013556	-0.005359	1.068676	-0.869402	1.701775	-0.378567	0.052977
cell_001965	donor_145	2.133161	-0.061883	-1.344395	1.401866	F	2.745449	0.0161	0.029964	0.015579	0.010851	0.009874	0.023146	-1.832723	1.116601	1.33322	-1.187272	1.174804
cell_001966	donor_145	-1.344745	0.776566	-0.059746	1.401866	F	2.231189	0.05876	0.029964	0.015579	0.010851	0.009874	0.023146	-1.337288	0.632067	-0.28797	1.336254	0.249191
cell_001967	donor_145	0.876831	-0.533634	0.830624	1.401866	F	1.884445	0.00503	0.029964	0.015579	0.010851	0.009874	0.023146	0.931468	1.237757	-0.291032	-0.028903	-1.111182
cell_001968	donor_145	-0.158299	-0.732504	-0.400998	1.401866	F	1.977873	0.00077	0.029964	0.015579	0.010851	0.009874	0.023146	-0.300024	1.927073	0.755782	-1.0446	1.631443
cell_001969	donor_145	-1.197054	1.989360	-0.096382	1.401866	F	1.677348	0.04104	0.029964	0.015579	0.010851	0.009874	0.023146	0.389003	0.830424	0.490529	0.419758	-1.997714
cell_001970	donor_145	0.644514	-0.536869	-1.051928	1.401866	F	2.110637	0.02786	0.029964	0.015579	0.010851	0.009874	0.023146	1.106959	-2.254335	1.015988	0.099567	0.835464
cell_001971	donor_145	-0.233881	1.101193	-0.520732	1.401866	F	2.078955	0.02554	0.029964	0.015579	0.010851	0.009874	0.023146	0.158401	1.043752	0.016148	0.280927	0.40476
cell_001972	donor_145	-0.870532	0.155464	0.499023	1.401866	F	2.007954	0.04119	0.029964	0.015579	0.010851	0.009874	0.023146	1.878642	0.600275	-1.316853	-0.56398	0.598004
cell_001973	donor_145	1.642848	0.353750	0.643993	1.401866	F	1.536098	0.03273	0.029964	0.015579	0.010851	0.009874	0.023146	1.259746	-0.722176	2.239878	0.175604	0.420567
cell_001974	donor_145	0.719275	-1.153015	-0.963332	1.401866	F	2.105902	0.02906	0.029964	0.015579	0.010851	0.009874	0.023146	-1.254073	1.115477	-0.445784	-0.745883	-0.317193
cell_001975	donor_145	-1.083896	-1.332146	0.795460	1.401866	F	1.788195	0.00189	0.029964	0.015579	0.010851	0.009874	0.023146	1.382778	0.465743	-0.889085	-0.530379	1.409567
cell_001976	donor_145	0.290050	0.079496	-2.592717	1.401866	F	1.605609	0.00336	0.029964	0.015579	0.010851	0.009874	0.023146	-0.236381	0.560413	0.805149	-3.418788	1.264391
cell_001977	donor_145	2.055477	-0.894272	2.051813	1.401866	F	2.506697	0.01599	0.029964	0.015579	0.010851	0.009874	0.023146	-0.852351	-0.360588	1.539319	1.446925	0.49278
cell_001978	donor_145	-1.449241	-0.812401	-2.202849	1.401866	F	2.867889	0.00831	0.029964	0.015579	0.010851	0.009874	0.023146	0.728439	0.977962	1.430108	1.557419	0.107702
cell_001979	donor_145	0.362125	-1.101257	-1.073000	1.401866	F	2.777048	0.03538	0.029964	0.015579	0.010851	0.009874	0.023146	-0.737335	-0.255153	0.1272	-0.053067	-1.012222
cell_001980	donor_145	-1.372514	0.777355	0.711464	1.401866	F	2.260049	0.00597	0.029964	0.015579	0.010851	0.009874	0.023146	0.436794	-1.567788	0.085387	0.1495	0.115241
cell_001981	donor_145	1.812034	-0.685707	0.218819	1.401866	F	1.893766	0.02106	0.029964	0.015579	0.010851	0.009874	0.023146	0.851215	0.718606	2.222678	-0.517712	0.279333
cell_001982	donor_146	-1.289335	-0.335039	-0.518845	-0.906051	F	1.971858	0.02654	0.020434	-0.002255	0.019806	0.003481	0.038339	0.215237	0.168186	-1.264854	-1.183476	0.006466
cell_001983	donor_146	0.464450	1.017022	0.991067	-0.906051	F	2.162241	0.02921	0.020434	-0.002255	0.019806	0.003481	0.038339	-1.575894	-0.334205	-0.64754	-0.297977	1.132327
cell_001984	donor_146	-0.842812	0.998468	-0.044085	-0.906051	F	1.831901	0.03798	0.020434	-0.002255	0.019806	0.003481	0.038339	-1.078336	0.869799	-0.571288	-0.446753	0.465546
cell_001985	donor_146	-0.324597	-0.708511	-0.559936	-0.906051	F	2.527524	0.02347	0.020434	-0.002255	0.019806	0.003481	0.038339	-0.274149	-0.892468	-0.370277	-1.776634	0.381185
cell_001986	donor_146	1.742314	0.307411	0.174612	-0.906051	F	1.185709	0.01665	0.020434	-0.002255	0.019806	0.003481	0.038339	-3.10185	0.88802	0.615262	1.601435	2.182077
cell_001987	donor_146	-0.262247	2.445979	1.305010	-0.906051	F	1.88171	0.05489	0.020434	-0.002255	0.019806	0.003481	0.038339	0.935771	-0.627405	2.172622	-1.193933	-1.902704
cell_001988	donor_146	-0.721062	-0.273615	-0.214245	-0.906051	F	2.320429	0.0236	0.020434	-0.002255	0.019806	0.003481	0.038339	1.852464	0.601558	-1.875818	-1.355359	0.551285
cell_001989	donor_146	0.145872	-0.701226	0.438817	-0.906051	F	1.661936	0.05838	0.020434	-0.002255	0.019806	0.003481	0.038339	-0.869965	-0.726149	1.966422	2.148194	0.146762
cell_001990	donor_146	1.452088	-1.313628	-1.128147	-0.906051	F	1.90394	0.0235	0.020434	-0.002255	0.019806	0.003481	0.038339	-0.150493	0.902455	-0.561607	-2.230525	-2.76153
cell_001991	donor_146	-0.483159	-0.436796	1.998466	-0.906051	F	2.237457	0.02967	0.020434	-0.002255	0.019806	0.003481	0.038339	-0.073598	0.881879	0.016	0.809961	0.909834
cell_001992	donor_146	1.001709	0.944322	-0.264366	-0.906051	F	2.607308	0.02723	0.020434	-0.002255	0.019806	0.003481	0.038339	1.386041	0.186265	0.275875	-0.0368	-0.258403
cell_001993	donor_146	-0.286313	-1.451705	0.781740	-0.906051	F	1.482425	0.03462	0.020434	-0.002255	0.019806	0.003481	0.038339	-1.57203	1.171984	-0.38376	-0.441048	-0.541618
cell_001994	donor_146	0.491055	1.285997	-0.210830	-0.906051	F	1.45277	0.0216	0.020434	-0.002255	0.019806	0.003481	0.038339	-1.340388	-0.085543	0.516425	-0.705288	1.037601
cell_001995	donor_146	-0.141779	0.170046	0.891898	-0.906051	F	1.621588	0.03192	0.020434	-0.002255	0.019806	0.003481	0.038339	-0.368411	-1.532654	1.373698	0.198463	0.863283
cell_001996	donor_146	-1.470216	0.736056	-0.020496	-0.906051	F	1.384986	0.06062	0.020434	-0.002255	0.019806	0.003481	0.038339	0.88686	-0.94611	-0.521914	1.034286	1.835218
cell_001997	donor_146	-1.058637	-2.084606	-0.136474	-0.906051	F	1.413449	0.05098	0.020434	-0.002255	0.019806	0.003481	0.038339	0.063286	-0.62719	1.682336	-0.626627	0.328971
cell_001998	donor_147	1.447713	1.674685	0.355376	-0.331652	F	1.610936	0.05111	0.021955	-0.012512	0.046614	-0.042041	0.012747	-0.427783	0.269073	-0.945452	-0.374661	-0.627297
cell_001999	donor_147	1.962006	-0.042941	0.953304	-0.331652	F	2.493397	0.00316	0.021955	-0.012512	0.046614	-0.042041	0.012747	0.662238	0.163214	0.880201	-0.82576	-0.208451
cell_002000	donor_147	-0.451231	-0.514599	-0.677509	-0.331652	F	1.875169	0.0064	0.021955	-0.012512	0.046614	-0.042041	0.012747	0.625032	0.8587	-1.445784	0.317796	-0.81325
cell_002001	donor_147	-2.060529	1.287092	-0.641632	-0.331652	F	2.01255	0.03436	0.021955	-0.012512	0.046614	-0.042041	0.012747	0.909301	1.860505	-2.611918	-0.655948	0.263771
cell_002002	donor_147	-0.801439	-1.179972	-0.204359	-0.331652	F	1.617814	0.04541	0.021955	-0.012512	0.046614	-0.042041	0.012747	-0.003844	0.939651	0.079064	-0.529741	-1.020331
cell_002003	donor_147	1.763492	2.093779	-1.660867	-0.331652	F	2.253415	0.01962	0.021955	-0.012512	0.046614	-0.042041	0.012747	-1.188534	-0.74275	-0.565098	0.383752	-0.156727
cell_002004	donor_147	-0.354448	-1.034358	0.988338	-0.331652	F	2.750306	0.01605	0.021955	-0.012512	0.046614	-0.042041	0.012747	-0.650894	-1.009316	-0.702628	-0.564033	-0.748126
cell_002005	donor_147	0.286594	-0.636569	0.072573	-0.331652	F	1.644948	0.05788	0.021955	-0.012512	0.046614	-0.042041	0.012747	0.673113	1.368044	-1.176063	1.119254	0.693237
cell_002006	donor_147	-0.477419	1.614246	0.546960	-0.331652	F	2.689899	0.04372	0.021955	-0.012512	0.046614	-0.042041	0.012747	0.179869	1.526664	-0.170268	0.401897	0.123724
cell_002007	donor_147	0.669823	-2.666917	-0.066789	-0.331652	F	2.14577	0.05116	0.021955	-0.012512	0.046614	-0.042041	0.012747	0.049352	0.458999	0.046422	0.466118	-0.66982
cell_002008	donor_148	2.083211	1.326129	-1.847090	-0.905796	M	2.006745	0.02117	-0.013925	0.037644	0.005056	-0.015876	-0.00533	-0.63858	-0.674359	-0.364798	1.013285	-0.462205
cell_002009	donor_148	-0.313426	-1.201519	1.711102	-0.905796	M	2.16005	0.0196	-0.013925	0.037644	0.005056	-0.015876	-0.00533	0.652461	0.265446	-0.441422	1.309183	0.736111
cell_002010	donor_148	0.244278	-0.767796	0.034158	-0.905796	M	2.156211	0.04898	-0.013925	0.037644	0.005056	-0.015876	-0.00533	0.001782	-0.081139	0.093727	-1.529538	-0.824961
cell_002011	donor_148	-2.607366	-1.084961	0.036444	-0.905796	M	2.742842	0.02475	-0.013925	0.037644	0.005056	-0.015876	-0.00533	0.462516	-1.582925	-0.747625	-0.392544	2.903655
cell_002012	donor_148	0.845675	-1.941314	-0.381155	-0.905796	M	2.208088	0.01778	-0.013925	0.037644	0.005056	-0.015876	-0.00533	0.673737	1.097342	-0.805147	0.362056	-1.760175
cell_002013	donor_148	1.009686	-1.451453	0.229183	-0.905796	M	2.216443	0.01174	-0.013925	0.037644	0.005056	-0.015876	-0.00533	-0.330615	0.505366	-1.417578	0.393137	0.476071
cell_002014	donor_148	0.065975	1.714380	-0.230136	-0.905796	M	1.8314	0.01977	-0.013925	0.037644	0.005056	-0.015876	-0.00533	-0.602503	-0.834805	-0.715242	-0.346949	-0.316774
cell_002015	donor_148	-0.171601	0.854960	-1.326349	-0.905796	M	2.335631	0.0475	-0.013925	0.037644	0.005056	-0.015876	-0.00533	0.509609	-0.534403	1.602126	1.594874	0.236201
cell_002016	donor_148	-0.220883	-0.455725	-0.138912	-0.905796	M	1.617261	0.00019	-0.013925	0.037644	0.005056	-0.015876	-0.00533	-0.344634	-0.533281	0.316759	0.491715	-0.201004
cell_002017	donor_148	0.848406	0.554161	-0.748682	-0.905796	M	2.043602	0.04258	-0.013925	0.037644	0.005056	-0.015876	-0.00533	-0.39313	0.352743	0.069041	-0.572122	0.11304
cell_002018	donor_148	0.136699	1.490442	-0.831366	-0.905796	M	3.153313	0.01584	-0.013925	0.037644	0.005056	-0.015876	-0.00533	-0.605269	-0.751659	-0.004977	-0.574669	-0.732999
cell_002019	donor_149	0.145167	-0.193161	-0.063005	-0.120527	F	0.998324	0.02579	-0.014279	-0.006116	-0.006573	-0.015023	0.005401	1.045714	-0.392205	1.843362	0.626639	-0.820703
cell_002020	donor_149	-1.630658	1.410763	-0.774352	-0.120527	F	2.093259	0.02708	-0.014279	-0.006116	-0.006573	-0.015023	0.005401	1.15976	-0.716619	1.973348	0.226193	0.542567
cell_002021	donor_149	1.026072	-0.621377	-0.625505	-0.120527	F	2.108649	0.02559	-0.014279	-0.006116	-0.006573	-0.015023	0.005401	0.030953	0.265883	-0.22911	-0.925808	0.339675
cell_002022	donor_149	1.213123	0.993885	0.208666	-0.120527	F	1.908764	0.02426	-0.014279	-0.006116	-0.006573	-0.015023	0.005401	1.024799	-1.190642	1.540474	0.601137	-0.436908
cell_002023	donor_149	0.761151	-0.288553	-0.008368	-0.120527	F	1.918192	0.02111	-0.014279	-0.006116	-0.006573	-0.015023	0.005401	-0.454778	1.864162	0.938725	1.140051	-0.251062
cell_002024	donor_149	-0.661624	0.904065	-0.693413	-0.120527	F	2.036564	0.01857	-0.014279	-0.006116	-0.006573	-0.015023	0.005401	0.555516	0.349379	-0.17465	0.109257	1.110051
cell_002025	donor_149	1.485156	-0.315834	0.020509	-0.120527	F	1.899199	0.0564	-0.014279	-0.006116	-0.006573	-0.015023	0.005401	1.599592	-0.251497	-1.313056	1.643593	1.656158
cell_002026	donor_149	0.758728	0.023864	-0.297908	-0.120527	F	2.088792	0.0305	-0.014279	-0.006116	-0.006573	-0.015023	0.005401	0.400387	1.792631	0.327615	-0.909059	-1.31213
cell_002027	donor_149	-0.030023	0.893818	-0.662852	-0.120527	F	1.804956	0.02748	-0.014279	-0.006116	-0.006573	-0.015023	0.005401	-1.321688	0.004557	-0.466246	-0.578856	-0.106907
cell_002028	donor_149	-0.126237	0.010287	0.864585	-0.120527	F	2.808957	0.01711	-0.014279	-0.006116	-0.006573	-0.015023	0.005401	0.857971	-0.547008	-0.715393	-0.481011	0.920925
cell_002029	donor_149	-0.099845	1.808299	-0.156539	-0.120527	F	1.899195	0.02184	-0.014279	-0.006116	-0.006573	-0.015023	0.005401	-0.070018	0.279908	1.553024	2.843273	0.640387
cell_002030	donor_149	-0.237684	-0.171032	-1.316641	-0.120527	F	2.227845	0.01718	-0.014279	-0.006116	-0.006573	-0.015023	0.005401	0.541357	-1.184527	0.368516	0.061995	0.892248
cell_002031	donor_149	-1.036727	-0.530667	1.135830	-0.120527	F	1.732386	0.04531	-0.014279	-0.006116	-0.006573	-0.015023	0.005401	-0.391847	0.200717	0.605232	1.898543	1.563772
cell_002032	donor_149	-0.033126	-0.484644	1.226535	-0.120527	F	2.373257	0.01493	-0.014279	-0.006116	-0.006573	-0.015023	0.005401	1.266072	0.727119	-0.431327	0.726539	-0.772268
cell_002033	donor_149	1.551177	1.255382	-0.853090	-0.120527	F	2.293387	0.01492	-0.014279	-0.006116	-0.006573	-0.015023	0.005401	-0.206219	1.778369	0.537982	0.227013	0.355711
cell_002034	donor_149	-0.495249	1.813736	0.241140	-0.120527	F	2.167704	0.03117	-0.014279	-0.006116	-0.006573	-0.015023	0.005401	-0.093828	-2.155818	-1.264387	0.617238	-0.920545
cell_002035	donor_150	-0.267627	0.718348	1.007299	0.107829	F	1.589066	0.02441	0.007824	-0.019926	-0.033165	0.006219	0.010638	-0.107586	-1.227443	-0.718648	-0.004262	0.923861
cell_002036	donor_150	-0.571450	0.219440	0.926560	0.107829	F	1.699039	0.01828	0.007824	-0.019926	-0.033165	0.006219	0.010638	1.124327	-0.734637	0.306703	-1.425429	0.056411
cell_002037	donor_150	-1.160287	0.012345	-1.114390	0.107829	F	2.674469	0.04823	0.007824	-0.019926	-0.033165	0.006219	0.010638	0.953318	-0.067047	1.315687	0.836919	0.241325
cell_002038	donor_150	-0.983580	-0.563100	0.477120	0.107829	F	1.694611	0.02467	0.007824	-0.019926	-0.033165	0.006219	0.010638	-0.249705	-0.53433	-1.457967	-1.295157	0.994935
cell_002039	donor_150	-0.322023	-0.648418	0.051555	0.107829	F	2.256361	0.06152	0.007824	-0.019926	-0.033165	0.006219	0.010638	1.513691	-1.081037	0.068187	-1.574473	-0.976784
cell_002040	donor_150	-1.146963	0.428803	1.131387	0.107829	F	1.622131	0.05109	0.007824	-0.019926	-0.033165	0.006219	0.010638	0.259829	-0.518697	-1.916194	1.718865	-0.049147
cell_002041	donor_150	-0.079204	-0.202649	0.373440	0.107829	F	2.403353	0.01744	0.007824	-0.019926	-0.033165	0.006219	0.010638	-1.104406	0.128034	-0.080867	0.421826	-0.339855
cell_002042	donor_150	-2.028469	0.536817	3.101886	0.107829	F	1.725441	0.02098	0.007824	-0.019926	-0.033165	0.006219	0.010638	0.314258	0.943636	-1.318184	-0.693254	0.839262
cell_002043	donor_150	-0.122676	-0.119125	0.743607	0.107829	F	1.614725	0.04009	0.007824	-0.019926	-0.033165	0.006219	0.010638	-0.551385	-0.081672	-0.470392	-0.408025	-0.492935
cell_002044	donor_150	1.645333	0.974968	-2.155607	0.107829	F	1.715063	0.04062	0.007824	-0.019926	-0.033165	0.006219	0.010638	-1.258688	0.459197	1.062303	-0.176491	0.949463
cell_002045	donor_151	0.563399	2.571930	0.622441	-0.351383	F	1.778479	0.01732	0.014604	0.011023	0.031454	0.019941	0.053597	-0.491083	-0.550116	0.410697	0.427375	-0.112759
cell_002046	donor_151	-1.154602	0.281830	-1.280687	-0.351383	F	2.161869	0.00234	0.014604	0.011023	0.031454	0.019941	0.053597	0.676588	-1.286977	-0.303972	0.964818	0.962126
cell_002047	donor_151	1.232804	-0.955883	0.074244	-0.351383	F	2.027753	0.07227	0.014604	0.011023	0.031454	0.019941	0.053597	0.836026	1.020739	-0.372541	-1.705198	-0.258786
cell_002048	donor_151	-0.857780	-0.546448	1.486151	-0.351383	F	1.561938	0.04912	0.014604	0.011023	0.031454	0.019941	0.053597	0.635996	0.799437	-0.526271	-0.968016	-0.868509
cell_002049	donor_151	0.103457	-0.559202	-1.145228	-0.351383	F	1.988821	0.03314	0.014604	0.011023	0.031454	0.019941	0.053597	-0.543669	-1.89714	-0.527146	0.047877	-0.097884
cell_002050	donor_151	-1.871701	-1.251281	0.111959	-0.351383	F	1.542599	0.03352	0.014604	0.011023	0.031454	0.019941	0.053597	-0.330271	-0.68926	-0.572807	-0.555125	0.70548
cell_002051	donor_151	0.980234	-0.560351	1.570544	-0.351383	F	2.257423	0.04243	0.014604	0.011023	0.031454	0.019941	0.053597	-0.000929	3.166841	-0.332337	0.437873	-0.310034
cell_002052	donor_151	-0.717500	-0.238012	-1.079577	-0.351383	F	2.330761	0.04482	0.014604	0.011023	0.031454	0.019941	0.053597	-0.334335	1.562372	0.997548	-1.75469	-1.022526
cell_002053	donor_151	0.990762	2.097511	-1.761817	-0.351383	F	1.990421	0.01173	0.014604	0.011023	0.031454	0.019941	0.053597	-0.136242	-0.517113	-1.508327	0.115805	-1.878125
cell_002054	donor_151	-0.346162	1.264780	-1.446946	-0.351383	F	2.108661	0.02298	0.014604	0.011023	0.031454	0.019941	0.053597	0.126753	0.729977	0.872736	-0.144314	1.510816
cell_002055	donor_151	0.566684	1.221472	0.078229	-0.351383	F	2.70085	0.0209	0.014604	0.011023	0.031454	0.019941	0.053597	0.331626	0.845825	-0.736264	1.521635	-0.002958
cell_002056	donor_151	0.550263	1.760902	1.948427	-0.351383	F	1.936959	0.02677	0.014604	0.011023	0.031454	0.019941	0.053597	1.576771	1.358153	0.257638	0.405687	-0.179936
cell_002057	donor_151	-0.061967	-0.532378	-0.919980	-0.351383	F	1.622297	0.04542	0.014604	0.011023	0.031454	0.019941	0.053597	-0.819183	0.595198	0.544042	-1.618673	-0.082779
cell_002058	donor_151	0.976964	-1.371776	-0.252574	-0.351383	F	2.231678	0.0058	0.014604	0.011023	0.031454	0.019941	0.053597	0.868014	1.465737	0.725317	-1.517267	-1.054444
cell_002059	donor_151	0.102690	-0.503003	0.279820	-0.351383	F	1.546938	0.00302	0.014604	0.011023	0.031454	0.019941	0.053597	-0.345997	1.398812	-0.607076	1.0586	-0.623133
cell_002060	donor_151	2.564513	-0.121599	-0.435406	-0.351383	F	1.915772	0.01637	0.014604	0.011023	0.031454	0.019941	0.053597	0.532618	-0.940028	-0.193813	-1.131612	1.4431
cell_002061	donor_152	1.015332	0.239584	1.439336	-1.818891	F	1.760404	0.03309	0.062013	-0.035162	-0.043943	-0.000148	0.010085	-0.694852	-1.547146	-1.626317	-0.085433	-0.458068
cell_002062	donor_152	0.164688	-0.248423	-1.783725	-1.818891	F	1.719272	0.04664	0.062013	-0.035162	-0.043943	-0.000148	0.010085	0.648724	-0.235116	1.165966	-0.385416	1.026482
cell_002063	donor_152	-1.619735	-1.835699	0.379339	-1.818891	F	1.899965	0.06263	0.062013	-0.035162	-0.043943	-0.000148	0.010085	-0.952557	-1.503333	-0.823338	-1.128743	-1.240631
cell_002064	donor_152	-1.362249	1.255577	0.030247	-1.818891	F	2.359957	0.02427	0.062013	-0.035162	-0.043943	-0.000148	0.010085	0.413652	-0.264317	0.141775	0.527549	-1.685697
cell_002065	donor_152	-0.244187	-0.843855	0.622259	-1.818891	F	2.442268	0.04661	0.062013	-0.035162	-0.043943	-0.000148	0.010085	0.56993	-1.205205	-0.57682	-1.892126	0.65458
cell_002066	donor_152	-0.804498	-0.985378	1.188350	-1.818891	F	2.370482	0.0442	0.062013	-0.035162	-0.043943	-0.000148	0.010085	-1.689063	-1.200109	-1.127581	-0.12876	-0.159269
cell_002067	donor_152	0.354621	-0.234929	0.641433	-1.818891	F	2.134542	0.04083	0.062013	-0.035162	-0.043943	-0.000148	0.010085	0.811898	-0.104569	0.96577	0.379324	-0.945479
cell_002068	donor_152	0.008932	0.383013	-0.816848	-1.818891	F	1.896913	0.02951	0.062013	-0.035162	-0.043943	-0.000148	0.010085	-0.667194	1.510583	1.227431	0.824079	0.955489
cell_002069	donor_152	2.070399	-0.579620	1.556016	-1.818891	F	1.05687	0.02201	0.062013	-0.035162	-0.043943	-0.000148	0.010085	0.465126	0.335107	0.049715	1.698849	-0.464658
cell_002070	donor_152	-0.188869	0.807097	0.734223	-1.818891	F	2.147064	0.00869	0.062013	-0.035162	-0.043943	-0.000148	0.010085	0.2403	-1.70827	-1.430717	1.815162	0.61678
cell_002071	donor_152	1.146852	-0.840624	1.075635	-1.818891	F	1.088267	0.00737	0.062013	-0.035162	-0.043943	-0.000148	0.010085	-0.212699	0.078325	-1.358122	-0.42812	-1.458137
cell_002072	donor_152	1.846440	-0.258693	0.034706	-1.818891	F	1.230653	0.03694	0.062013	-0.035162	-0.043943	-0.000148	0.010085	-0.295305	0.680321	0.453301	1.589119	0.294733
cell_002073	donor_153	-0.523447	-0.346436	1.711423	-0.580879	F	1.935333	0.02891	-0.001518	0.014072	-0.005405	-0.013879	-0.010858	-2.478482	1.950667	-0.840693	0.162103	0.101828
cell_002074	donor_153	-1.004235	-0.942119	1.610901	-0.580879	F	2.105831	0.02169	-0.001518	0.014072	-0.005405	-0.013879	-0.010858	0.240899	0.048059	0.065676	-1.321637	2.586983
cell_002075	donor_153	0.624548	2.120370	-0.450439	-0.580879	F	1.819566	0.0433	-0.001518	0.014072	-0.005405	-0.013879	-0.010858	0.651436	0.051881	1.841867	-1.071925	0.86839
cell_002076	donor_153	0.126281	-0.660677	0.143301	-0.580879	F	2.614212	0.02599	-0.001518	0.014072	-0.005405	-0.013879	-0.010858	-0.555166	0.402333	0.424453	-2.336482	-1.431664
cell_002077	donor_153	-1.774097	0.684955	0.323474	-0.580879	F	2.184841	0.01174	-0.001518	0.014072	-0.005405	-0.013879	-0.010858	1.586439	-0.252165	2.00158	1.310125	-0.220275
cell_002078	donor_153	-0.057555	-0.390364	-0.894754	-0.580879	F	1.900237	0.02467	-0.001518	0.014072	-0.005405	-0.013879	-0.010858	-0.308514	1.648416	2.10302	-0.286602	1.538165
cell_002079	donor_153	0.727713	-1.171090	0.511896	-0.580879	F	2.554524	0.04641	-0.001518	0.014072	-0.005405	-0.013879	-0.010858	1.030019	1.202547	0.101146	-0.672418	-1.054375
cell_002080	donor_153	2.074451	1.485521	-1.505128	-0.580879	F	2.626045	0.00953	-0.001518	0.014072	-0.005405	-0.013879	-0.010858	-1.304266	1.910889	0.010945	-1.144776	1.002427
cell_002081	donor_153	-0.536738	0.421451	-0.070282	-0.580879	F	2.205023	0.03419	-0.001518	0.014072	-0.005405	-0.013879	-0.010858	-0.478872	-0.650976	2.06801	-1.330703	0.235047
cell_002082	donor_153	-1.399406	0.385316	-0.010017	-0.580879	F	1.689897	0.02889	-0.001518	0.014072	-0.005405	-0.013879	-0.010858	-0.59092	-0.750504	-1.463855	0.059584	-0.873901
cell_002083	donor_153	1.914325	-0.253229	1.168003	-0.580879	F	1.779892	0.01478	-0.001518	0.014072	-0.005405	-0.013879	-0.010858	0.591378	-0.047007	-0.312625	-0.868544	1.430706
cell_002084	donor_153	-1.267088	-1.028009	0.721662	-0.580879	F	1.421305	0.02413	-0.001518	0.014072	-0.005405	-0.013879	-0.010858	0.73568	-0.681343	-1.359205	-1.887989	1.137353
cell_002085	donor_153	1.083731	-0.957393	0.024077	-0.580879	F	1.983033	0.00143	-0.001518	0.014072	-0.005405	-0.013879	-0.010858	0.909173	1.04657	-0.120288	0.806012	1.027194
cell_002086	donor_153	-1.381579	-0.181220	0.836923	-0.580879	F	1.579983	0.03219	-0.001518	0.014072	-0.005405	-0.013879	-0.010858	-0.069795	-0.358148	-0.976284	0.426149	0.559214
cell_002087	donor_153	-0.434958	-0.249035	-1.129795	-0.580879	F	1.86837	0.00271	-0.001518	0.014072	-0.005405	-0.013879	-0.010858	-0.406535	-0.288742	-0.217295	0.791241	-1.374326
cell_002088	donor_153	-0.648358	1.758111	0.072925	-0.580879	F	2.10424	0.05145	-0.001518	0.014072	-0.005405	-0.013879	-0.010858	-1.105253	-1.085745	-0.148532	0.315277	-1.068876
cell_002089	donor_153	-1.002308	-0.314772	-1.597428	-0.580879	F	1.206517	0.02816	-0.001518	0.014072	-0.005405	-0.013879	-0.010858	0.909006	1.462649	0.413798	1.12279	-0.915172
cell_002090	donor_154	-1.014160	1.360340	-0.142482	0.703519	M	1.494503	0.01856	-0.004003	0.01687	-0.009735	-0.005779	0.011404	-0.89136	0.514624	-0.038403	-0.89322	1.425048
cell_002091	donor_154	1.890730	-0.095348	-0.035979	0.703519	M	1.797261	0.05321	-0.004003	0.01687	-0.009735	-0.005779	0.011404	0.29879	0.702175	-0.674251	1.679908	-0.155929
cell_002092	donor_154	0.640894	-2.672588	0.204939	0.703519	M	1.978989	0.00936	-0.004003	0.01687	-0.009735	-0.005779	0.011404	1.019057	-0.582828	0.168648	0.557836	1.995407
cell_002093	donor_154	-0.048986	1.486039	0.964679	0.703519	M	1.802444	0.01505	-0.004003	0.01687	-0.009735	-0.005779	0.011404	-0.439727	0.202563	0.591855	-1.41484	-2.17434
cell_002094	donor_154	-1.133692	1.242139	-0.262315	0.703519	M	1.891793	0.00658	-0.004003	0.01687	-0.009735	-0.005779	0.011404	-0.995837	0.96718	1.716407	-0.922985	-1.216725
cell_002095	donor_154	-0.904453	0.197103	-0.202769	0.703519	M	1.717525	0.05619	-0.004003	0.01687	-0.009735	-0.005779	0.011404	1.534746	-0.565427	-0.371791	1.459134	1.294701
cell_002096	donor_154	1.538465	0.340622	0.205659	0.703519	M	1.42024	0.06746	-0.004003	0.01687	-0.009735	-0.005779	0.011404	0.934066	-1.711471	-1.258455	1.120508	0.31789
cell_002097	donor_154	0.900647	1.092872	0.783605	0.703519	M	1.7861	0.00347	-0.004003	0.01687	-0.009735	-0.005779	0.011404	-0.777735	-0.344559	1.110985	1.52761	-0.005973
cell_002098	donor_154	1.419463	0.608682	0.167651	0.703519	M	1.914733	0.01368	-0.004003	0.01687	-0.009735	-0.005779	0.011404	-0.686918	-0.275493	1.343066	1.323533	0.194255
cell_002099	donor_154	1.239172	-0.090896	0.033247	0.703519	M	1.875844	0.0314	-0.004003	0.01687	-0.009735	-0.005779	0.011404	-0.52949	1.082765	1.622945	-1.453507	-0.232432
cell_002100	donor_154	1.721577	1.621924	-0.008176	0.703519	M	2.044718	0.01969	-0.004003	0.01687	-0.009735	-0.005779	0.011404	1.155959	0.073672	-0.488586	0.185188	0.370704
cell_002101	donor_154	-0.453552	1.463174	0.800418	0.703519	M	2.167558	0.02937	-0.004003	0.01687	-0.009735	-0.005779	0.011404	-1.126837	0.090795	0.367334	-0.490845	-0.779488
cell_002102	donor_155	0.315581	-0.321873	0.331697	-0.2089	F	2.27269	0.02765	-0.003976	0.022334	-0.01839	-0.022727	0.006093	-0.537888	-0.970913	0.850621	-0.98364	0.189043
cell_002103	donor_155	-0.021708	-0.664338	0.129042	-0.2089	F	1.74658	0.03815	-0.003976	0.022334	-0.01839	-0.022727	0.006093	-0.374199	-0.706184	1.371328	-0.130783	-0.669399
cell_002104	donor_155	0.265424	-0.375395	0.903826	-0.2089	F	1.369681	0.01078	-0.003976	0.022334	-0.01839	-0.022727	0.006093	-0.765119	0.339065	0.826588	1.270755	-0.167656
cell_002105	donor_155	1.288832	0.969898	-0.276248	-0.2089	F	2.508639	0.03385	-0.003976	0.022334	-0.01839	-0.022727	0.006093	-0.227731	0.130954	0.167125	-0.772057	1.462412
cell_002106	donor_155	0.755822	0.077961	-1.235746	-0.2089	F	2.154178	0.00768	-0.003976	0.022334	-0.01839	-0.022727	0.006093	0.022222	0.53474	0.424455	0.403933	-1.004097
cell_002107	donor_155	0.672729	0.146132	2.593548	-0.2089	F	1.618135	0.02176	-0.003976	0.022334	-0.01839	-0.022727	0.006093	-0.0064	2.280744	1.587169	0.157008	-0.366864
cell_002108	donor_155	1.457271	0.711150	0.249171	-0.2089	F	2.111082	0.00474	-0.003976	0.022334	-0.01839	-0.022727	0.006093	-2.21778	-0.497336	-0.078419	-0.317316	-0.247682
cell_002109	donor_155	0.163722	-1.003689	-1.738987	-0.2089	F	2.427198	0.02191	-0.003976	0.022334	-0.01839	-0.022727	0.006093	0.622431	-1.000356	0.272652	-0.110259	-0.882304
cell_002110	donor_155	-0.872559	-0.047717	-2.105539	-0.2089	F	2.691671	0.01855	-0.003976	0.022334	-0.01839	-0.022727	0.006093	1.674105	0.74781	-0.7864	0.517251	-1.389462
cell_002111	donor_155	-0.544322	-0.247613	-0.215427	-0.2089	F	2.100244	0.04887	-0.003976	0.022334	-0.01839	-0.022727	0.006093	-0.663479	1.32757	0.351515	0.271197	0.986968
cell_002112	donor_155	-0.661724	-0.341514	1.723894	-0.2089	F	2.423868	0.02881	-0.003976	0.022334	-0.01839	-0.022727	0.006093	0.611278	-0.266052	0.936405	-1.688956	-0.667475
cell_002113	donor_155	0.662145	-0.560301	-0.068348	-0.2089	F	1.516159	0.03245	-0.003976	0.022334	-0.01839	-0.022727	0.006093	-0.096951	0.547729	-0.324999	-1.784061	-1.924478
cell_002114	donor_155	-0.028313	-0.767955	-0.769130	-0.2089	F	1.985639	0.02955	-0.003976	0.022334	-0.01839	-0.022727	0.006093	-0.068093	-0.477776	-0.909977	-1.077271	0.133776
cell_002115	donor_156	1.010524	-0.419784	-1.094696	-0.327441	F	1.865995	0.01258	0.008086	-0.017299	0.026872	0.038499	-0.012557	1.302261	0.13386	1.315603	-0.373992	0.443442
cell_002116	donor_156	-0.043140	0.118010	-1.972704	-0.327441	F	2.137028	0.00994	0.008086	-0.017299	0.026872	0.038499	-0.012557	1.352039	-0.157875	0.025972	-0.374484	0.592506
cell_002117	donor_156	-0.040746	0.867980	0.451229	-0.327441	F	2.644478	0.02363	0.008086	-0.017299	0.026872	0.038499	-0.012557	0.902272	0.35128	-0.229442	-1.499724	-0.04843
cell_002118	donor_156	2.229795	1.251109	1.448934	-0.327441	F	2.099956	0.03557	0.008086	-0.017299	0.026872	0.038499	-0.012557	-0.191954	0.235996	0.116792	1.572408	-0.69641
cell_002119	donor_156	2.800086	0.758156	0.163070	-0.327441	F	1.624924	0.0253	0.008086	-0.017299	0.026872	0.038499	-0.012557	-1.575263	-1.142535	-0.633623	1.082007	-1.297243
cell_002120	donor_156	0.973740	-0.559236	0.107686	-0.327441	F	1.494625	0.01272	0.008086	-0.017299	0.026872	0.038499	-0.012557	-1.163802	0.413906	0.849306	-1.549239	-1.772055
cell_002121	donor_156	-0.647728	0.397985	-0.651909	-0.327441	F	2.658312	0.02519	0.008086	-0.017299	0.026872	0.038499	-0.012557	-0.786537	0.657362	0.143227	-0.749974	0.73943
cell_002122	donor_156	-0.686928	0.413473	-0.137711	-0.327441	F	2.205517	0.02346	0.008086	-0.017299	0.026872	0.038499	-0.012557	0.124305	-0.107596	-1.614349	-0.770519	1.956928
cell_002123	donor_156	-1.927521	-1.455557	-1.147266	-0.327441	F	2.179233	0.04558	0.008086	-0.017299	0.026872	0.038499	-0.012557	-0.336293	-0.956794	-0.382251	0.119085	0.883344
cell_002124	donor_156	-0.882972	0.414423	0.218939	-0.327441	F	1.862507	0.04446	0.008086	-0.017299	0.026872	0.038499	-0.012557	0.621085	-0.676596	1.271577	0.814688	-0.445134
cell_002125	donor_156	1.065279	0.752802	1.071903	-0.327441	F	2.107145	0.01893	0.008086	-0.017299	0.026872	0.038499	-0.012557	-0.128198	0.600669	1.074703	-1.518668	0.07045
cell_002126	donor_156	0.608396	0.209679	1.099352	-0.327441	F	1.605216	0.029	0.008086	-0.017299	0.026872	0.038499	-0.012557	-0.031125	-0.570634	-0.575801	1.054376	0.534678
cell_002127	donor_156	0.919413	0.376095	1.271072	-0.327441	F	2.154879	0.03552	0.008086	-0.017299	0.026872	0.038499	-0.012557	2.106635	-0.569793	0.137134	0.3097	0.896084
cell_002128	donor_156	-2.345788	-0.290463	-0.305790	-0.327441	F	1.530052	0.03849	0.008086	-0.017299	0.026872	0.038499	-0.012557	1.358413	0.093612	-1.094775	-0.710878	0.142728
cell_002129	donor_156	1.152683	1.571395	-1.450179	-0.327441	F	1.856285	0.06305	0.008086	-0.017299	0.026872	0.038499	-0.012557	1.122762	-1.446406	-1.170003	0.757153	-1.293627
cell_002130	donor_157	1.411167	-1.171445	-1.141215	-0.930777	F	1.742843	0.02944	0.029746	-0.047643	0.021522	-0.017155	0.019521	-1.125023	1.136537	-0.221322	-0.297812	1.368294
cell_002131	donor_157	-0.234286	-0.318206	-1.558417	-0.930777	F	0.697053	0.05337	0.029746	-0.047643	0.021522	-0.017155	0.019521	-1.062977	-1.263985	1.629213	0.233322	0.679705
cell_002132	donor_157	0.649878	0.679402	1.054042	-0.930777	F	1.861293	0.0068	0.029746	-0.047643	0.021522	-0.017155	0.019521	-0.311084	-0.106598	-0.703766	0.31812	0.831373
cell_002133	donor_157	-0.433455	-0.039583	-0.030427	-0.930777	F	1.640453	0.01725	0.029746	-0.047643	0.021522	-0.017155	0.019521	0.195982	1.060907	0.662396	-1.048442	-0.144744
cell_002134	donor_157	1.687995	-2.834245	-0.956944	-0.930777	F	1.915844	0.01272	0.029746	-0.047643	0.021522	-0.017155	0.019521	-0.448395	0.753434	0.461587	0.127383	1.013589
cell_002135	donor_157	0.005541	-1.085570	-0.258320	-0.930777	F	2.000689	0.03303	0.029746	-0.047643	0.021522	-0.017155	0.019521	-1.86568	-0.60313	-0.518287	0.251734	0.55281
cell_002136	donor_157	-0.126076	-0.657686	0.064469	-0.930777	F	2.707173	0.04295	0.029746	-0.047643	0.021522	-0.017155	0.019521	-0.001308	-1.31496	0.406772	0.128062	-1.468714
cell_002137	donor_157	0.628149	-0.236266	-0.453195	-0.930777	F	2.121884	0.02111	0.029746	-0.047643	0.021522	-0.017155	0.019521	-0.295402	0.374025	1.653209	-1.089071	0.79012
cell_002138	donor_157	-0.165765	-0.007436	-1.740320	-0.930777	F	2.133645	0.03377	0.029746	-0.047643	0.021522	-0.017155	0.019521	-1.076474	-1.270608	-1.211591	0.605014	0.129893
cell_002139	donor_157	0.461554	-0.451001	1.261535	-0.930777	F	2.198246	0.04208	0.029746	-0.047643	0.021522	-0.017155	0.019521	-0.314689	0.457832	0.040821	0.110519	-0.303526
cell_002140	donor_157	0.591053	1.170066	-1.011004	-0.930777	F	2.348723	0.04094	0.029746	-0.047643	0.021522	-0.017155	0.019521	-1.027547	1.691307	1.400432	1.590159	-0.539315
cell_002141	donor_158	-0.371387	-1.242458	-0.705191	-0.610051	M	2.181712	0.00608	-0.019226	-0.00137	-0.016202	-0.004278	0.036598	-0.681928	-0.414445	1.074107	-0.000192	-0.543192
cell_002142	donor_158	1.252105	1.487491	-1.148133	-0.610051	M	2.112685	0.04546	-0.019226	-0.00137	-0.016202	-0.004278	0.036598	0.363862	-0.736449	-1.355391	0.129235	-0.516073
cell_002143	donor_158	-0.458278	-0.076196	0.585606	-0.610051	M	2.284499	0.03019	-0.019226	-0.00137	-0.016202	-0.004278	0.036598	-0.0137	-2.68486	-0.892078	-0.045057	-1.516391
cell_002144	donor_158	-1.759810	-1.603000	0.489626	-0.610051	M	1.029346	0.04182	-0.019226	-0.00137	-0.016202	-0.004278	0.036598	-1.482389	0.038769	0.701582	-0.891716	-0.262127
cell_002145	donor_158	-1.949039	-0.446797	0.162092	-0.610051	M	2.835621	0.02748	-0.019226	-0.00137	-0.016202	-0.004278	0.036598	-0.239023	-1.562314	1.183886	-0.182957	-0.17224
cell_002146	donor_158	0.415666	-0.141718	-0.365757	-0.610051	M	2.635892	0.03762	-0.019226	-0.00137	-0.016202	-0.004278	0.036598	0.372983	-1.559995	0.919934	1.050611	0.140532
cell_002147	donor_158	0.844571	0.285206	-0.647017	-0.610051	M	2.086854	0.05218	-0.019226	-0.00137	-0.016202	-0.004278	0.036598	0.462208	-0.326079	0.863294	-0.82294	-0.032398
cell_002148	donor_158	0.037723	0.383169	1.718237	-0.610051	M	1.434797	0.02592	-0.019226	-0.00137	-0.016202	-0.004278	0.036598	0.027263	-0.038684	1.069126	2.188205	-0.109837
cell_002149	donor_158	0.786324	1.214557	-0.610607	-0.610051	M	2.48414	0.03568	-0.019226	-0.00137	-0.016202	-0.004278	0.036598	0.470358	-0.802427	1.031921	-0.517485	3.145128
cell_002150	donor_158	-0.524183	-0.235380	-0.143573	-0.610051	M	1.722449	0.055	-0.019226	-0.00137	-0.016202	-0.004278	0.036598	-1.67074	2.147445	0.991222	-1.122242	2.319448
cell_002151	donor_158	-1.008025	1.265934	0.883352	-0.610051	M	2.213536	0.02734	-0.019226	-0.00137	-0.016202	-0.004278	0.036598	-0.92841	-0.314331	-1.296593	-0.146452	-0.052697
cell_002152	donor_158	-0.305678	0.641711	0.222899	-0.610051	M	1.486838	0.00749	-0.019226	-0.00137	-0.016202	-0.004278	0.036598	0.830031	2.438314	-0.512961	-2.75263	0.648498
cell_002153	donor_158	0.719828	-1.344307	-0.145661	-0.610051	M	2.890563	0.04352	-0.019226	-0.00137	-0.016202	-0.004278	0.036598	-0.550311	1.818453	-0.034585	-0.759091	-1.012969
cell_002154	donor_158	-0.058039	0.623642	-0.628438	-0.610051	M	1.423113	0.0587	-0.019226	-0.00137	-0.016202	-0.004278	0.036598	0.622887	-0.275237	1.467707	-0.210589	1.41462
cell_002155	donor_159	-2.499931	-1.081700	-0.061048	1.408948	M	2.027594	0.05578	-0.002159	0.042206	-0.007716	0.029835	-0.032514	-1.380134	-1.73862	0.829188	-0.464426	-0.263551
cell_002156	donor_159	0.063884	1.683748	0.582746	1.408948	M	1.151125	0.0443	-0.002159	0.042206	-0.007716	0.029835	-0.032514	-1.012194	-1.085501	0.635667	-0.018847	-1.060201
cell_002157	donor_159	0.081530	-0.032391	1.104183	1.408948	M	1.983511	0.01688	-0.002159	0.042206	-0.007716	0.029835	-0.032514	0.790544	1.174913	-0.108832	1.0032	-1.001805
cell_002158	donor_159	-0.590110	-0.140284	-1.089258	1.408948	M	1.829886	0.01728	-0.002159	0.042206	-0.007716	0.029835	-0.032514	0.577209	0.16175	-0.791561	2.053059	0.232775
cell_002159	donor_159	1.418906	0.392499	-0.707523	1.408948	M	2.454873	0.01831	-0.002159	0.042206	-0.007716	0.029835	-0.032514	-0.59082	0.019624	-0.869694	-1.156878	-0.44942
cell_002160	donor_159	-0.114455	0.509651	-0.250719	1.408948	M	1.829848	0.0309	-0.002159	0.042206	-0.007716	0.029835	-0.032514	-0.381712	-0.804174	1.251113	-0.765777	-0.932229
cell_002161	donor_159	-0.534471	-0.654274	0.338962	1.408948	M	2.455449	0.06377	-0.002159	0.042206	-0.007716	0.029835	-0.032514	-1.18572	-1.281983	1.027452	0.258167	0.690328
cell_002162	donor_159	-0.358054	-0.453758	-1.336062	1.408948	M	1.590352	0.00839	-0.002159	0.042206	-0.007716	0.029835	-0.032514	1.018405	-0.3333	1.47224	-0.62689	-1.095726
cell_002163	donor_159	0.077641	-0.181223	-0.321648	1.408948	M	1.887215	0.07484	-0.002159	0.042206	-0.007716	0.029835	-0.032514	0.373617	0.144548	0.14296	1.015321	0.106211
cell_002164	donor_159	0.198771	0.748002	0.701565	1.408948	M	1.895235	0.02235	-0.002159	0.042206	-0.007716	0.029835	-0.032514	0.313052	1.359603	0.266681	0.494259	-1.417714
cell_002165	donor_159	0.552729	-0.240670	-0.566998	1.408948	M	2.198235	0.01466	-0.002159	0.042206	-0.007716	0.029835	-0.032514	3.719151	-1.590842	-0.539329	-0.569567	2.108016
cell_002166	donor_159	-1.043916	-0.593157	0.019650	1.408948	M	2.14735	0.0469	-0.002159	0.042206	-0.007716	0.029835	-0.032514	-0.600599	0.441879	-0.562766	-1.040097	0.570355
cell_002167	donor_159	-0.786286	0.096057	-0.965457	1.408948	M	2.28889	0.04849	-0.002159	0.042206	-0.007716	0.029835	-0.032514	-0.718966	0.20759	0.626693	1.906755	-1.262175
cell_002168	donor_159	-1.660992	0.819406	-0.474415	1.408948	M	2.106732	0.043	-0.002159	0.042206	-0.007716	0.029835	-0.032514	-0.152815	-0.111469	0.000928	2.568801	-0.173333
cell_002169	donor_160	-0.837034	-1.093847	0.423036	-1.139777	M	2.264526	0.01461	-0.00573	-0.010722	0.030754	0.003705	-0.041762	-2.52059	-0.198431	-0.118377	-0.241042	-0.718644
cell_002170	donor_160	1.374908	-0.403074	-0.215563	-1.139777	M	1.640854	0.04004	-0.00573	-0.010722	0.030754	0.003705	-0.041762	-1.321302	2.159491	0.318293	-0.19224	2.127626
cell_002171	donor_160	1.071632	-1.810446	1.966869	-1.139777	M	2.155519	0.00933	-0.00573	-0.010722	0.030754	0.003705	-0.041762	-0.868658	0.602408	-1.249061	0.750758	-1.134495
cell_002172	donor_160	2.444100	-2.706338	-0.097503	-1.139777	M	2.643282	0.01406	-0.00573	-0.010722	0.030754	0.003705	-0.041762	0.470463	1.953236	0.09345	-2.192581	0.035771
cell_002173	donor_160	-0.718947	-0.264772	-0.418385	-1.139777	M	1.328003	0.0281	-0.00573	-0.010722	0.030754	0.003705	-0.041762	0.480452	0.900984	1.473591	1.524571	-0.13094
cell_002174	donor_160	0.811759	-0.112570	-0.910907	-1.139777	M	2.195603	0.0136	-0.00573	-0.010722	0.030754	0.003705	-0.041762	-0.659439	-1.118511	-0.53995	0.476531	-1.348648
cell_002175	donor_160	-0.172185	0.514784	-1.183721	-1.139777	M	2.270712	0.05105	-0.00573	-0.010722	0.030754	0.003705	-0.041762	-0.92686	0.562299	-0.646487	0.369986	-0.81431
cell_002176	donor_160	-1.646234	1.992743	-0.642427	-1.139777	M	2.584475	0.01844	-0.00573	-0.010722	0.030754	0.003705	-0.041762	0.287798	-0.771877	-1.901976	0.955957	-0.695894
cell_002177	donor_160	-0.137353	-0.397795	0.548088	-1.139777	M	2.290419	0.02559	-0.00573	-0.010722	0.030754	0.003705	-0.041762	-0.24863	-0.691142	0.544478	0.333169	0.542093
cell_002178	donor_160	1.772790	0.579934	-1.518365	-1.139777	M	2.040126	0.0124	-0.00573	-0.010722	0.030754	0.003705	-0.041762	-0.549543	-0.049728	0.417032	1.545204	0.306531
cell_002179	donor_160	-1.384123	-0.398965	-0.268233	-1.139777	M	2.172029	0.05075	-0.00573	-0.010722	0.030754	0.003705	-0.041762	-1.00335	0.267894	-0.164998	-1.998734	-1.845157
cell_002180	donor_160	-1.721951	0.819341	-1.086321	-1.139777	M	1.705985	0.01668	-0.00573	-0.010722	0.030754	0.003705	-0.041762	-0.06649	0.017799	-0.29475	0.884182	-0.935146
cell_002181	donor_160	1.493302	1.820633	-0.248254	-1.139777	M	1.844813	0.05284	-0.00573	-0.010722	0.030754	0.003705	-0.041762	-1.386195	-0.825692	-0.609776	-0.058153	-0.79764
cell_002182	donor_160	0.438973	-1.231947	0.623676	-1.139777	M	1.465719	0.05137	-0.00573	-0.010722	0.030754	0.003705	-0.041762	-2.141726	-2.569305	0.123159	-1.129022	-2.005355
cell_002183	donor_160	-0.498192	-1.087235	-0.289335	-1.139777	M	2.594812	0.02108	-0.00573	-0.010722	0.030754	0.003705	-0.041762	0.624941	1.545181	-0.094459	0.26844	0.276916
cell_002184	donor_160	-0.465748	-0.325159	0.949680	-1.139777	M	2.180063	0.03059	-0.00573	-0.010722	0.030754	0.003705	-0.041762	-2.31315	0.888653	1.239882	1.836799	-0.43762
cell_002185	donor_161	-0.785308	1.735023	-1.325060	0.720823	F	1.633555	0.02053	-0.026203	-0.020253	0.018681	0.0161	-0.006008	-1.135121	1.358558	0.49891	0.874664	-0.647076
cell_002186	donor_161	1.615430	-1.016511	-0.001013	0.720823	F	2.108543	0.04091	-0.026203	-0.020253	0.018681	0.0161	-0.006008	0.271562	-1.0534	-0.00524	-0.347888	2.343554
cell_002187	donor_161	-0.490196	-0.343729	0.801357	0.720823	F	2.463739	0.02611	-0.026203	-0.020253	0.018681	0.0161	-0.006008	0.54863	-2.152006	-0.001555	0.368171	-0.47396
cell_002188	donor_161	1.499827	1.190525	-0.404856	0.720823	F	2.397117	0.02165	-0.026203	-0.020253	0.018681	0.0161	-0.006008	-1.102759	0.660516	-0.961387	0.575444	-1.045877
cell_002189	donor_161	0.184255	-0.782078	-0.991550	0.720823	F	1.628945	0.03092	-0.026203	-0.020253	0.018681	0.0161	-0.006008	-0.533901	0.95615	0.489174	0.031421	-0.029904
cell_002190	donor_161	-1.146301	-0.437573	0.249606	0.720823	F	0.746464	0.00164	-0.026203	-0.020253	0.018681	0.0161	-0.006008	0.090553	-0.791542	-1.516697	0.569173	1.5301
cell_002191	donor_161	-1.911815	-0.046354	1.516025	0.720823	F	2.158154	0.02848	-0.026203	-0.020253	0.018681	0.0161	-0.006008	0.604233	0.254172	-1.208524	0.877174	0.481394
cell_002192	donor_161	1.121911	-0.585184	-1.396873	0.720823	F	1.645252	0.04299	-0.026203	-0.020253	0.018681	0.0161	-0.006008	0.760147	1.033891	1.586007	-1.114722	-1.288977
cell_002193	donor_161	0.459830	-2.317428	1.110154	0.720823	F	2.248931	0.03276	-0.026203	-0.020253	0.018681	0.0161	-0.006008	0.148154	-0.922518	-1.095704	1.220096	-1.009063
cell_002194	donor_161	-0.213587	1.831300	-1.726965	0.720823	F	2.380108	0.04903	-0.026203	-0.020253	0.018681	0.0161	-0.006008	-0.011067	-1.631426	0.063039	1.182818	1.213093
cell_002195	donor_161	0.918146	-0.100509	-0.331051	0.720823	F	2.445453	0.02245	-0.026203	-0.020253	0.018681	0.0161	-0.006008	1.044992	-0.078372	1.111505	0.430081	-0.438946
cell_002196	donor_161	-1.369843	0.595748	0.676137	0.720823	F	2.697896	0.02081	-0.026203	-0.020253	0.018681	0.0161	-0.006008	0.381702	0.885674	-1.327718	-1.060417	-0.143613
cell_002197	donor_161	1.785128	1.008050	-0.593895	0.720823	F	2.494543	0.00765	-0.026203	-0.020253	0.018681	0.0161	-0.006008	-1.221758	-1.236029	-0.420587	0.991989	0.973151
cell_002198	donor_161	-1.003863	-1.368491	1.473224	0.720823	F	2.69982	0.02189	-0.026203	-0.020253	0.018681	0.0161	-0.006008	0.32108	0.180281	2.087478	-0.539351	0.241074
cell_002199	donor_161	-0.778174	1.480230	0.525072	0.720823	F	2.551624	0.06932	-0.026203	-0.020253	0.018681	0.0161	-0.006008	-0.588988	-1.287421	1.184881	-0.305205	0.694822
cell_002200	donor_161	0.329903	-0.306868	0.660673	0.720823	F	2.586487	0.03551	-0.026203	-0.020253	0.018681	0.0161	-0.006008	-0.246129	1.246637	-0.997237	1.163913	0.894205
cell_002201	donor_161	-0.015471	-0.369213	0.696005	0.720823	F	1.983653	0.01829	-0.026203	-0.020253	0.018681	0.0161	-0.006008	-1.794638	-0.516858	1.020829	1.637328	0.715496
cell_002202	donor_162	-0.143972	-0.798335	0.599827	0.047055	M	1.484269	0.00988	-0.01097	0.014328	-0.02259	0.009153	0.00745	-0.396558	-0.968339	0.566654	-0.426021	-0.383561
cell_002203	donor_162	-0.063986	0.488910	-0.453860	0.047055	M	2.992908	0.00197	-0.01097	0.014328	-0.02259	0.009153	0.00745	-0.224157	0.881757	1.806445	1.026879	0.009551
cell_002204	donor_162	-1.209121	1.735074	1.546611	0.047055	M	2.025181	0.01339	-0.01097	0.014328	-0.02259	0.009153	0.00745	-0.899194	0.667611	1.665443	1.003538	0.207731
cell_002205	donor_162	0.883785	-0.387811	-0.300318	0.047055	M	2.491483	0.04518	-0.01097	0.014328	-0.02259	0.009153	0.00745	-0.489014	0.345172	1.154577	0.232309	-0.103433
cell_002206	donor_162	1.382327	-0.353830	-0.632556	0.047055	M	1.77989	0.02146	-0.01097	0.014328	-0.02259	0.009153	0.00745	-0.687245	2.589427	-0.890931	-0.983357	0.164097
cell_002207	donor_162	1.872235	-0.047678	1.768425	0.047055	M	2.385569	0.01084	-0.01097	0.014328	-0.02259	0.009153	0.00745	-0.201928	1.023296	1.057112	-1.214296	-0.755564
cell_002208	donor_162	-1.398392	0.518185	2.071083	0.047055	M	1.022015	0.01304	-0.01097	0.014328	-0.02259	0.009153	0.00745	-0.875412	0.784527	0.42834	-0.371492	0.216399
cell_002209	donor_162	0.029751	-0.264004	-1.167752	0.047055	M	1.835823	0.04299	-0.01097	0.014328	-0.02259	0.009153	0.00745	-1.126261	-0.742553	-1.30002	0.14549	0.141694
cell_002210	donor_162	1.082343	-0.770128	-0.094809	0.047055	M	1.960636	0.02837	-0.01097	0.014328	-0.02259	0.009153	0.00745	-0.984367	0.421209	1.057115	-1.030483	-0.326321
cell_002211	donor_162	-1.234502	1.556895	1.154885	0.047055	M	2.185044	0.01746	-0.01097	0.014328	-0.02259	0.009153	0.00745	0.513621	-0.006368	-1.372038	-0.440789	-0.473979
cell_002212	donor_162	-0.031585	-1.154149	1.535907	0.047055	M	2.42881	0.02383	-0.01097	0.014328	-0.02259	0.009153	0.00745	-0.170418	-0.127835	1.566007	-0.208504	-1.718082
cell_002213	donor_162	-0.365932	-1.105205	-1.762118	0.047055	M	1.562343	0.07412	-0.01097	0.014328	-0.02259	0.009153	0.00745	0.091131	1.747751	-0.167116	-0.438087	-0.305124
cell_002214	donor_162	-0.645965	-1.454638	-0.622821	0.047055	M	2.263987	0.05439	-0.01097	0.014328	-0.02259	0.009153	0.00745	0.584145	-0.309375	-1.51561	-0.671777	-0.064691
cell_002215	donor_162	0.744409	-0.375400	0.355693	0.047055	M	2.490667	0.05937	-0.01097	0.014328	-0.02259	0.009153	0.00745	0.535625	-0.582695	-0.296214	0.044926	-0.777423
cell_002216	donor_162	-0.723335	0.065169	1.920901	0.047055	M	2.938365	0.00504	-0.01097	0.014328	-0.02259	0.009153	0.00745	-0.091747	0.467212	-1.186497	0.306456	-1.090307
cell_002217	donor_163	-0.348486	0.384429	-1.565527	0.244811	F	2.282651	0.02698	-0.005492	0.007954	0.002042	0.009948	-0.026682	-1.070291	-0.662796	1.365418	-1.715179	-0.463948
cell_002218	donor_163	1.520106	-0.477207	1.050534	0.244811	F	1.816198	0.0171	-0.005492	0.007954	0.002042	0.009948	-0.026682	-0.026451	1.167177	1.947942	-0.422025	0.53936
cell_002219	donor_163	-0.123180	0.611579	0.671012	0.244811	F	1.491294	0.04088	-0.005492	0.007954	0.002042	0.009948	-0.026682	-0.094551	-0.100971	0.27327	-1.585464	-0.047884
cell_002220	donor_163	-0.452440	1.091906	-0.758985	0.244811	F	2.731681	0.0512	-0.005492	0.007954	0.002042	0.009948	-0.026682	0.450758	-0.859766	0.457408	-1.728455	0.093567
cell_002221	donor_163	0.777934	-0.390205	0.349558	0.244811	F	2.294937	0.03653	-0.005492	0.007954	0.002042	0.009948	-0.026682	1.342179	-0.21859	-0.978177	-1.425138	0.390524
cell_002222	donor_163	-0.461993	0.049976	-1.074694	0.244811	F	1.99121	0.01255	-0.005492	0.007954	0.002042	0.009948	-0.026682	0.928016	-0.056094	-0.463691	-1.930908	0.124029
cell_002223	donor_163	0.247557	0.044188	-0.540154	0.244811	F	1.352073	0.01678	-0.005492	0.007954	0.002042	0.009948	-0.026682	-0.689267	-0.631767	1.616416	-1.801609	-1.667758
cell_002224	donor_163	-0.055028	0.134004	-0.616357	0.244811	F	1.627526	0.04241	-0.005492	0.007954	0.002042	0.009948	-0.026682	0.231326	-0.385311	-0.518801	0.272651	0.255909
cell_002225	donor_163	-0.128759	-1.005552	2.345733	0.244811	F	2.252528	0.0444	-0.005492	0.007954	0.002042	0.009948	-0.026682	-0.973637	-0.591698	0.049558	0.167076	0.483254
cell_002226	donor_163	1.059119	0.273094	1.172113	0.244811	F	2.141533	0.03282	-0.005492	0.007954	0.002042	0.009948	-0.026682	-0.583164	0.347049	0.950348	0.046859	-0.102828
cell_002227	donor_163	-1.979252	-2.557680	-0.399291	0.244811	F	1.221467	0.0326	-0.005492	0.007954	0.002042	0.009948	-0.026682	-0.235543	-0.617387	-0.937979	-0.298138	0.450799
cell_002228	donor_163	-1.378564	-0.236606	0.205657	0.244811	F	2.253045	0.031	-0.005492	0.007954	0.002042	0.009948	-0.026682	-0.889155	-0.0754	-0.191437	1.777806	0.722778
cell_002229	donor_163	0.920414	-1.138264	0.399631	0.244811	F	1.372625	0.03538	-0.005492	0.007954	0.002042	0.009948	-0.026682	0.706564	0.920045	-0.545694	1.376759	0.159172
cell_002230	donor_164	0.014390	0.347509	-0.519772	-0.732356	M	2.541604	0.04432	0.01229	0.020532	0.006419	0.012024	-0.002198	-0.044665	-1.214729	-0.401614	-1.765939	-0.248184
cell_002231	donor_164	1.383135	-0.103509	1.774182	-0.732356	M	2.083422	0.0426	0.01229	0.020532	0.006419	0.012024	-0.002198	-0.576301	-0.398351	-1.385956	0.703603	0.592533
cell_002232	donor_164	-0.790389	0.742827	-0.059668	-0.732356	M	1.814631	0.03047	0.01229	0.020532	0.006419	0.012024	-0.002198	1.689779	1.661468	0.156206	1.023403	0.261306
cell_002233	donor_164	-0.327742	0.632315	-0.299173	-0.732356	M	2.396062	0.02902	0.01229	0.020532	0.006419	0.012024	-0.002198	-0.427353	-0.27812	0.638921	4.087923	1.166874
cell_002234	donor_164	-2.661965	-3.062868	1.272422	-0.732356	M	2.1414	0.02825	0.01229	0.020532	0.006419	0.012024	-0.002198	0.246407	0.483792	0.474868	-0.090289	0.75647
cell_002235	donor_164	1.230258	1.887341	-0.017528	-0.732356	M	2.529971	0.01439	0.01229	0.020532	0.006419	0.012024	-0.002198	-0.155463	-1.011512	0.481662	0.615337	-0.145805
cell_002236	donor_164	-1.292635	-0.419584	0.011425	-0.732356	M	2.03219	0.01414	0.01229	0.020532	0.006419	0.012024	-0.002198	0.309858	0.96089	-0.05181	-0.447004	-0.709316
cell_002237	donor_164	-1.007038	1.648575	2.239503	-0.732356	M	2.055528	0.04088	0.01229	0.020532	0.006419	0.012024	-0.002198	-0.253785	1.534892	-0.198359	0.35945	-0.324478
cell_002238	donor_164	0.478281	-0.010864	-1.294967	-0.732356	M	1.8859	0.01574	0.01229	0.020532	0.006419	0.012024	-0.002198	-0.410231	-0.879302	0.100274	-0.517086	1.273665
cell_002239	donor_164	1.546434	0.076307	-0.289164	-0.732356	M	2.105187	0.04628	0.01229	0.020532	0.006419	0.012024	-0.002198	-0.107502	-0.044531	-0.180182	0.371064	1.49091
cell_002240	donor_164	0.481174	-0.585712	0.146875	-0.732356	M	2.67918	0.02897	0.01229	0.020532	0.006419	0.012024	-0.002198	-1.039776	0.27781	-1.56878	1.223208	-0.108138
cell_002241	donor_164	-1.442467	1.087087	-0.104411	-0.732356	M	1.798894	0.04639	0.01229	0.020532	0.006419	0.012024	-0.002198	-1.494913	-1.275773	0.81389	-1.664632	0.278289
cell_002242	donor_164	1.158801	-0.201136	-0.136200	-0.732356	M	2.259182	0.04274	0.01229	0.020532	0.006419	0.012024	-0.002198	-0.428546	-0.194758	-0.673846	-0.95285	-0.487437
cell_002243	donor_165	-1.212317	0.759757	-0.875840	-0.351777	M	1.647823	0.04686	0.017827	0.001305	-0.022959	0.016404	-0.032683	0.57197	-0.292584	0.421233	-0.24224	0.611245
cell_002244	donor_165	-0.486422	0.001047	0.121224	-0.351777	M	1.173307	0.02047	0.017827	0.001305	-0.022959	0.016404	-0.032683	0.414942	-0.540721	-0.953678	0.955653	-0.813389
cell_002245	donor_165	-1.706097	-0.230806	0.795230	-0.351777	M	2.082983	0.03818	0.017827	0.001305	-0.022959	0.016404	-0.032683	0.500785	0.031093	-0.463063	0.429467	1.367878
cell_002246	donor_165	-0.378338	-0.224732	0.162406	-0.351777	M	2.148162	0.04476	0.017827	0.001305	-0.022959	0.016404	-0.032683	0.625512	0.12929	1.621481	-1.674267	-1.112206
cell_002247	donor_165	-0.125960	-1.030516	-0.036346	-0.351777	M	1.955979	0.00103	0.017827	0.001305	-0.022959	0.016404	-0.032683	-0.46445	1.419323	0.942838	-1.716286	-0.436375
cell_002248	donor_165	0.994073	-1.051176	-0.374482	-0.351777	M	1.401606	0.06403	0.017827	0.001305	-0.022959	0.016404	-0.032683	-1.323827	-0.040451	0.901832	0.975654	0.268009
cell_002249	donor_165	-1.381631	0.941382	-0.092358	-0.351777	M	2.12172	0.07532	0.017827	0.001305	-0.022959	0.016404	-0.032683	-0.42502	-0.0954	0.68328	2.347303	-1.1851
cell_002250	donor_165	-0.850200	0.092266	-1.203600	-0.351777	M	2.106525	0.04895	0.017827	0.001305	-0.022959	0.016404	-0.032683	1.588849	0.244056	0.820253	0.185166	1.404194
cell_002251	donor_165	-1.033496	-1.460134	-1.066779	-0.351777	M	1.644488	0.04612	0.017827	0.001305	-0.022959	0.016404	-0.032683	0.329681	-0.648762	0.450114	1.126775	0.000214
cell_002252	donor_165	1.357338	-0.733118	0.466225	-0.351777	M	1.458603	0.04178	0.017827	0.001305	-0.022959	0.016404	-0.032683	-2.074081	-0.114934	0.09805	-0.044928	-0.495478
cell_002253	donor_165	-0.836301	0.759534	-1.026082	-0.351777	M	1.899045	0.02353	0.017827	0.001305	-0.022959	0.016404	-0.032683	1.323017	-2.372968	0.093977	0.107982	2.094853
cell_002254	donor_165	0.039228	0.052851	2.327805	-0.351777	M	2.261172	0.0278	0.017827	0.001305	-0.022959	0.016404	-0.032683	-0.014435	0.445629	0.125013	0.094428	1.762959
cell_002255	donor_165	0.630425	-0.592904	0.685049	-0.351777	M	2.166662	0.04929	0.017827	0.001305	-0.022959	0.016404	-0.032683	-1.111654	-0.667205	0.754172	0.25684	-0.283229
cell_002256	donor_166	2.138174	-1.629636	-0.842482	-0.00572	M	1.647665	0.01054	0.005656	-0.007684	-0.008963	0.00344	-0.014186	-0.070558	0.913925	0.48509	-0.712963	0.237776
cell_002257	donor_166	-0.236898	-0.417088	-0.332757	-0.00572	M	2.05477	0.00879	0.005656	-0.007684	-0.008963	0.00344	-0.014186	-0.049803	0.470422	-0.321078	-1.208308	0.672371
cell_002258	donor_166	-1.304232	1.403956	-1.422609	-0.00572	M	2.354851	0.02205	0.005656	-0.007684	-0.008963	0.00344	-0.014186	0.548619	1.415299	-1.316229	-0.070382	-0.2304
cell_002259	donor_166	-0.200213	1.045831	-0.030185	-0.00572	M	1.530934	0.04313	0.005656	-0.007684	-0.008963	0.00344	-0.014186	-0.396215	-1.54102	-1.066285	0.270521	-0.499749
cell_002260	donor_166	-0.979394	-1.348676	-0.229999	-0.00572	M	2.025262	0.01268	0.005656	-0.007684	-0.008963	0.00344	-0.014186	-0.82641	1.430396	2.373721	-0.05643	-1.502178
cell_002261	donor_166	-0.757030	0.205231	-1.401451	-0.00572	M	2.535856	0.02549	0.005656	-0.007684	-0.008963	0.00344	-0.014186	0.396404	-2.085371	-1.350168	0.413649	-1.383734
cell_002262	donor_166	0.813036	0.115550	0.189836	-0.00572	M	1.490027	0.02787	0.005656	-0.007684	-0.008963	0.00344	-0.014186	-0.296034	-1.483628	0.05626	1.12324	-0.612849
cell_002263	donor_166	1.441077	-0.437795	-0.725817	-0.00572	M	2.462211	0.00976	0.005656	-0.007684	-0.008963	0.00344	-0.014186	-0.019416	-0.815846	-0.745789	-0.831371	0.78593
cell_002264	donor_166	-0.547764	-0.192527	-0.090965	-0.00572	M	2.647675	0.0188	0.005656	-0.007684	-0.008963	0.00344	-0.014186	-1.413502	-0.331854	0.409817	0.909798	0.440607
cell_002265	donor_166	-0.830698	-2.023085	-0.560929	-0.00572	M	1.911118	0.00947	0.005656	-0.007684	-0.008963	0.00344	-0.014186	-0.072633	-0.568889	0.925316	-0.867224	-0.852203
cell_002266	donor_166	0.359826	0.136258	1.199554	-0.00572	M	1.862797	0.03522	0.005656	-0.007684	-0.008963	0.00344	-0.014186	1.352499	0.360262	0.395606	0.598549	-0.094855
cell_002267	donor_166	1.955487	0.759334	1.382521	-0.00572	M	2.413238	0.03972	0.005656	-0.007684	-0.008963	0.00344	-0.014186	-1.437693	0.251167	-0.018234	-0.859073	-1.089052
cell_002268	donor_166	0.766774	1.709899	1.850854	-0.00572	M	1.925548	0.03989	0.005656	-0.007684	-0.008963	0.00344	-0.014186	-0.046537	-1.3578	-0.143408	-0.26404	-0.11915
cell_002269	donor_166	0.951165	0.706380	-0.205232	-0.00572	M	1.058749	0.04219	0.005656	-0.007684	-0.008963	0.00344	-0.014186	0.402656	0.621955	-0.711497	0.869792	-0.219371
cell_002270	donor_166	-0.041337	-0.337837	0.621252	-0.00572	M	1.960482	0.01747	0.005656	-0.007684	-0.008963	0.00344	-0.014186	1.753301	-0.585421	-1.61133	0.833642	0.425621
cell_002271	donor_166	-0.720348	-0.191106	-2.355170	-0.00572	M	2.188162	0.01319	0.005656	-0.007684	-0.008963	0.00344	-0.014186	1.201661	0.309644	2.340009	-0.188888	1.046302
cell_002272	donor_167	1.723090	-0.220475	0.455580	-0.520667	M	2.296034	0.0375	0.010244	0.001136	-0.012346	0.026764	0.004096	-0.525457	0.491777	0.678022	0.832563	0.776327
cell_002273	donor_167	1.457787	0.300293	1.444344	-0.520667	M	1.647748	0.02576	0.010244	0.001136	-0.012346	0.026764	0.004096	-3.236735	-0.068677	-0.575108	-0.377885	-0.28341
cell_002274	donor_167	-1.241738	2.397377	1.087110	-0.520667	M	1.89208	0.04814	0.010244	0.001136	-0.012346	0.026764	0.004096	0.977474	0.202579	-0.507523	-1.468265	1.533058
cell_002275	donor_167	0.209202	1.425079	-1.168635	-0.520667	M	2.390763	0.03763	0.010244	0.001136	-0.012346	0.026764	0.004096	-0.647318	-0.130706	2.138869	-0.620108	-0.275679
cell_002276	donor_167	-0.288615	1.444250	-1.867060	-0.520667	M	1.976001	0.05568	0.010244	0.001136	-0.012346	0.026764	0.004096	0.232179	-1.605947	-1.721799	-0.481613	-0.447003
cell_002277	donor_167	0.560458	0.532176	1.969226	-0.520667	M	1.388505	0.02069	0.010244	0.001136	-0.012346	0.026764	0.004096	0.134226	-0.977994	0.43398	-2.156717	-0.070291
cell_002278	donor_167	-1.582955	1.609631	-0.559471	-0.520667	M	2.495055	0.05135	0.010244	0.001136	-0.012346	0.026764	0.004096	0.360176	0.328444	-0.162776	-0.660339	-0.19187
cell_002279	donor_167	-0.447009	-1.222004	-1.087852	-0.520667	M	1.914356	0.07069	0.010244	0.001136	-0.012346	0.026764	0.004096	1.233959	-0.599467	0.978111	1.137245	-1.735892
cell_002280	donor_167	0.403522	-1.112332	0.740284	-0.520667	M	2.436488	0.03107	0.010244	0.001136	-0.012346	0.026764	0.004096	-0.128151	-0.977742	-1.501834	0.792031	0.473323
cell_002281	donor_167	-0.662966	-1.213034	-0.527809	-0.520667	M	1.441817	0.03999	0.010244	0.001136	-0.012346	0.026764	0.004096	0.263459	-1.085497	0.210464	-1.310463	0.077262
cell_002282	donor_167	0.336707	-0.277353	0.034210	-0.520667	M	1.951605	0.01139	0.010244	0.001136	-0.012346	0.026764	0.004096	-0.661551	1.050791	-0.363145	0.231242	0.233368
cell_002283	donor_167	0.696207	1.082421	-0.310095	-0.520667	M	2.203894	0.04788	0.010244	0.001136	-0.012346	0.026764	0.004096	-0.0758	0.105332	0.30378	-0.896394	0.402939
cell_002284	donor_168	-1.044222	0.076094	0.470650	0.331432	M	1.965142	0.05258	0.012616	0.028332	0.028004	0.011596	-0.006053	0.863864	0.397348	-0.354173	0.174402	-0.363761
cell_002285	donor_168	-1.460725	-0.890608	-0.719187	0.331432	M	1.526798	0.02011	0.012616	0.028332	0.028004	0.011596	-0.006053	-0.11874	-1.187687	1.380066	1.935488	-0.703931
cell_002286	donor_168	-0.207822	-0.761034	0.707041	0.331432	M	1.045279	0.04172	0.012616	0.028332	0.028004	0.011596	-0.006053	0.786171	1.457868	-0.957627	-2.158433	1.516799
cell_002287	donor_168	-1.605133	-1.579719	-0.333889	0.331432	M	2.609306	0.03561	0.012616	0.028332	0.028004	0.011596	-0.006053	-0.010325	-0.519491	0.047339	-0.369079	2.959458
cell_002288	donor_168	-0.175653	-1.454644	-0.606749	0.331432	M	2.099215	0.03782	0.012616	0.028332	0.028004	0.011596	-0.006053	-0.530708	0.327325	1.292246	1.287427	1.095988
cell_002289	donor_168	-0.401044	-0.393298	0.151881	0.331432	M	2.46672	0.04624	0.012616	0.028332	0.028004	0.011596	-0.006053	-0.425676	-0.152099	-2.174465	-0.074495	0.032807
cell_002290	donor_168	-0.661579	1.477836	0.488205	0.331432	M	2.371468	0.04038	0.012616	0.028332	0.028004	0.011596	-0.006053	0.741723	1.795487	0.71131	1.070645	-0.017466
cell_002291	donor_168	-0.807114	0.094511	0.124015	0.331432	M	2.238739	0.02722	0.012616	0.028332	0.028004	0.011596	-0.006053	1.284298	0.011132	1.140606	0.8045	0.392726
cell_002292	donor_168	1.214721	-0.600382	0.767339	0.331432	M	1.871465	0.04667	0.012616	0.028332	0.028004	0.011596	-0.006053	-1.540729	1.093347	0.378136	0.702575	0.313541
cell_002293	donor_168	0.041854	1.491567	1.290891	0.331432	M	2.195907	0.05224	0.012616	0.028332	0.028004	0.011596	-0.006053	0.48593	1.300654	-0.473924	0.467639	-0.777435
cell_002294	donor_168	0.196979	-0.262283	0.506606	0.331432	M	2.573015	0.01892	0.012616	0.028332	0.028004	0.011596	-0.006053	0.57668	0.251287	-0.630969	0.093664	-0.568709
cell_002295	donor_169	-0.180450	1.680307	0.078470	0.457439	M	2.033204	0.02996	-0.028594	0.004134	0.021892	0.007086	-0.068892	-0.378001	0.354807	0.268399	-1.920478	0.370489
cell_002296	donor_169	-0.405643	-0.459615	-1.213036	0.457439	M	2.76068	0.00537	-0.028594	0.004134	0.021892	0.007086	-0.068892	-0.303333	-0.414308	-1.127155	-0.045391	-0.523018
cell_002297	donor_169	0.556559	-0.820011	1.098148	0.457439	M	1.400231	0.04167	-0.028594	0.004134	0.021892	0.007086	-0.068892	1.273523	-1.749431	-0.963924	-1.031632	0.258658
cell_002298	donor_169	-1.292935	0.127241	1.150224	0.457439	M	1.357237	0.05446	-0.028594	0.004134	0.021892	0.007086	-0.068892	1.173128	0.503122	-1.094647	-0.429231	-0.809177
cell_002299	donor_169	-2.152247	2.018266	-0.425285	0.457439	M	2.39523	0.02485	-0.028594	0.004134	0.021892	0.007086	-0.068892	0.507731	-0.44957	-1.412798	0.584707	1.263259
cell_002300	donor_169	0.141095	0.571449	0.726129	0.457439	M	1.672503	0.03267	-0.028594	0.004134	0.021892	0.007086	-0.068892	-0.178672	0.1204	-1.506301	-2.059238	-1.849084
cell_002301	donor_169	0.273884	0.997385	0.519071	0.457439	M	2.817335	0.0256	-0.028594	0.004134	0.021892	0.007086	-0.068892	-0.044722	-0.307942	0.546233	-0.197653	0.987762
cell_002302	donor_169	1.760881	0.522328	1.964636	0.457439	M	2.534937	0.02232	-0.028594	0.004134	0.021892	0.007086	-0.068892	0.872267	-0.32246	-1.003439	-1.916161	1.433569
cell_002303	donor_169	0.901079	-1.805750	2.611103	0.457439	M	2.635029	0.03464	-0.028594	0.004134	0.021892	0.007086	-0.068892	-0.942526	-1.496434	0.129857	-1.487541	0.128851
cell_002304	donor_169	-0.574344	1.495544	0.026793	0.457439	M	2.353775	0.01432	-0.028594	0.004134	0.021892	0.007086	-0.068892	-0.336311	0.923679	0.836696	1.103323	0.206262
cell_002305	donor_169	1.061090	-0.688479	0.625745	0.457439	M	1.631367	0.02529	-0.028594	0.004134	0.021892	0.007086	-0.068892	-0.85834	-1.036886	-0.530697	1.994275	-0.249188
cell_002306	donor_169	-0.253191	1.579003	0.438668	0.457439	M	1.336263	0.01191	-0.028594	0.004134	0.021892	0.007086	-0.068892	0.161015	1.518596	0.254613	-0.748651	0.730158
cell_002307	donor_170	0.935943	-2.164077	-0.085573	2.172707	M	2.598118	0.04178	0.017401	0.01863	-0.006024	0.019767	0.012559	-0.428476	0.289125	0.512157	-0.494305	0.186372
cell_002308	donor_170	0.410552	0.223615	0.961157	2.172707	M	1.400173	0.03478	0.017401	0.01863	-0.006024	0.019767	0.012559	1.600046	-0.626535	1.316893	-0.590497	1.802069
cell_002309	donor_170	-0.365904	0.048787	1.181227	2.172707	M	2.633954	0.02138	0.017401	0.01863	-0.006024	0.019767	0.012559	-0.855486	-0.393856	1.508256	1.552233	0.818427
cell_002310	donor_170	-2.278689	0.589351	-0.333885	2.172707	M	2.267846	0.03074	0.017401	0.01863	-0.006024	0.019767	0.012559	-1.08185	0.082409	0.001249	-0.855813	0.696837
cell_002311	donor_170	-0.912318	0.336544	1.227451	2.172707	M	1.969499	0.02559	0.017401	0.01863	-0.006024	0.019767	0.012559	-0.776693	-1.290589	-1.620868	1.712295	-0.510483
cell_002312	donor_170	1.039144	-0.135113	0.875741	2.172707	M	2.176819	0.05288	0.017401	0.01863	-0.006024	0.019767	0.012559	-0.489505	-1.03067	1.367925	-1.38025	-1.204134
cell_002313	donor_170	0.868068	-0.087371	-0.693081	2.172707	M	2.186116	0.02118	0.017401	0.01863	-0.006024	0.019767	0.012559	-0.321828	-0.021567	0.658635	-0.675595	1.544334
cell_002314	donor_170	-0.635234	0.837853	-0.042147	2.172707	M	1.919036	0.0427	0.017401	0.01863	-0.006024	0.019767	0.012559	-0.668788	-1.008581	-1.103775	-0.773891	-1.168542
cell_002315	donor_170	-1.046182	-1.684863	0.831831	2.172707	M	2.570275	0.0159	0.017401	0.01863	-0.006024	0.019767	0.012559	0.750905	-1.000842	-0.132829	-1.029549	-1.174461
cell_002316	donor_170	-0.546778	0.330388	1.239707	2.172707	M	2.55656	0.04628	0.017401	0.01863	-0.006024	0.019767	0.012559	1.106537	1.602776	1.269001	-1.471336	-1.332587
cell_002317	donor_171	-1.308924	-0.045137	-0.170694	0.27819	M	2.062264	0.05075	-0.01371	0.025426	-0.02535	-0.001145	-0.00314	1.978379	-0.254333	-1.374795	1.082237	0.067385
cell_002318	donor_171	0.379743	1.239160	-1.329452	0.27819	M	1.760002	0.05169	-0.01371	0.025426	-0.02535	-0.001145	-0.00314	0.569497	-2.23789	-0.326275	0.948803	-0.640362
cell_002319	donor_171	0.569798	1.031524	-0.186377	0.27819	M	2.522382	0.05942	-0.01371	0.025426	-0.02535	-0.001145	-0.00314	1.235	-1.316755	-0.11258	1.644921	-1.150859
cell_002320	donor_171	-0.137447	0.418449	0.344817	0.27819	M	1.190976	0.03585	-0.01371	0.025426	-0.02535	-0.001145	-0.00314	0.271477	0.5851	0.091404	-0.250048	-0.876318
cell_002321	donor_171	0.582353	0.561281	-0.981972	0.27819	M	2.177557	0.05476	-0.01371	0.025426	-0.02535	-0.001145	-0.00314	0.196546	-0.102657	-1.436295	1.099847	-0.910051
cell_002322	donor_171	0.990266	1.166783	0.186083	0.27819	M	2.29583	0.06248	-0.01371	0.025426	-0.02535	-0.001145	-0.00314	-1.410316	-0.595682	-0.89272	-0.258241	-1.242451
cell_002323	donor_171	-1.494155	-0.114746	0.194406	0.27819	M	1.668659	0.00756	-0.01371	0.025426	-0.02535	-0.001145	-0.00314	0.447971	1.381051	0.105865	-1.444286	-0.91322
cell_002324	donor_171	-1.144600	-0.360138	-1.409369	0.27819	M	2.389514	0.01794	-0.01371	0.025426	-0.02535	-0.001145	-0.00314	0.22128	-1.966954	-1.232782	-1.647504	0.115429
cell_002325	donor_171	0.607292	0.165955	-1.645783	0.27819	M	1.989446	9e-05	-0.01371	0.025426	-0.02535	-0.001145	-0.00314	2.162179	-1.260988	0.81633	-0.563876	-1.320173
cell_002326	donor_171	0.351465	-0.056509	0.516414	0.27819	M	1.78172	0.05122	-0.01371	0.025426	-0.02535	-0.001145	-0.00314	1.564129	2.159844	0.411863	0.362511	0.062271
cell_002327	donor_172	-0.391532	-0.801479	-0.770845	-1.912243	M	2.385289	0.00017	-0.016509	0.006076	0.026207	0.024955	0.014473	-0.148246	0.340079	0.676118	1.663341	-0.522733
cell_002328	donor_172	-0.538170	0.018825	0.147958	-1.912243	M	1.565726	0.0056	-0.016509	0.006076	0.026207	0.024955	0.014473	0.127387	-0.088452	1.024062	2.400081	1.058564
cell_002329	donor_172	-0.190720	-0.423320	-0.351403	-1.912243	M	2.347677	0.00805	-0.016509	0.006076	0.026207	0.024955	0.014473	0.798244	0.907874	1.267423	2.414447	-1.685385
cell_002330	donor_172	2.507725	-0.770725	-0.557972	-1.912243	M	1.207062	0.00477	-0.016509	0.006076	0.026207	0.024955	0.014473	0.599595	-2.58121	0.951354	0.551038	-0.546827
cell_002331	donor_172	3.293854	0.421013	-1.379981	-1.912243	M	2.114282	0.03544	-0.016509	0.006076	0.026207	0.024955	0.014473	-2.670031	-0.014395	0.222842	-0.063108	-0.621428
cell_002332	donor_172	0.842687	-0.910039	0.909062	-1.912243	M	2.017538	0.00831	-0.016509	0.006076	0.026207	0.024955	0.014473	-0.896789	-0.051785	-0.801877	0.8093	-0.078703
cell_002333	donor_172	-0.210962	-0.439796	1.609165	-1.912243	M	1.784122	0.00381	-0.016509	0.006076	0.026207	0.024955	0.014473	-1.724666	0.176699	0.414191	1.617988	0.928139
cell_002334	donor_172	0.566401	0.972989	0.434920	-1.912243	M	2.15585	0.02916	-0.016509	0.006076	0.026207	0.024955	0.014473	-0.898691	1.425826	-1.386032	0.028167	0.754068
cell_002335	donor_172	-0.444445	0.611354	1.209215	-1.912243	M	1.968172	0.03034	-0.016509	0.006076	0.026207	0.024955	0.014473	1.458695	1.888901	1.274724	-0.136615	0.579672
cell_002336	donor_172	0.134738	1.801643	0.850487	-1.912243	M	2.421878	0.0074	-0.016509	0.006076	0.026207	0.024955	0.014473	0.224404	-0.709435	-0.115625	1.79782	0.646162
cell_002337	donor_173	0.211983	0.251487	0.137237	1.163019	F	2.22406	0.01573	-0.033918	-0.026719	0.003323	-0.000685	-0.009962	2.059368	-1.082499	-0.381558	0.415258	0.742358
cell_002338	donor_173	-1.251239	-0.090072	0.221186	1.163019	F	2.181078	0.02851	-0.033918	-0.026719	0.003323	-0.000685	-0.009962	-0.116784	0.800501	0.792958	-1.387923	0.753442
cell_002339	donor_173	-0.416085	0.337677	0.021307	1.163019	F	2.116744	0.02286	-0.033918	-0.026719	0.003323	-0.000685	-0.009962	1.073264	0.296155	-1.839961	-0.276836	0.43794
cell_002340	donor_173	0.773692	0.663112	0.167153	1.163019	F	1.811133	0.02341	-0.033918	-0.026719	0.003323	-0.000685	-0.009962	-0.865705	0.918308	0.72959	0.134487	0.01744
cell_002341	donor_173	-1.367213	1.790723	-0.141891	1.163019	F	1.879279	0.05359	-0.033918	-0.026719	0.003323	-0.000685	-0.009962	0.192886	-0.00406	-1.285487	-0.430107	0.072476
cell_002342	donor_173	-0.080886	-0.342521	-0.488412	1.163019	F	2.099286	0.07293	-0.033918	-0.026719	0.003323	-0.000685	-0.009962	1.418603	0.692044	1.472318	-1.404955	-0.356177
cell_002343	donor_173	1.544058	1.386044	0.444393	1.163019	F	1.930656	0.02373	-0.033918	-0.026719	0.003323	-0.000685	-0.009962	2.073858	-0.742968	-0.762928	-0.271755	2.018112
cell_002344	donor_173	-0.107500	0.619118	0.073797	1.163019	F	2.444581	0.00356	-0.033918	-0.026719	0.003323	-0.000685	-0.009962	-0.671524	0.557484	0.392034	-1.928489	-0.015677
cell_002345	donor_173	-0.190223	0.338106	-0.441158	1.163019	F	2.03738	0.02531	-0.033918	-0.026719	0.003323	-0.000685	-0.009962	-0.552925	0.677972	1.73907	-0.344548	-0.344591
cell_002346	donor_173	0.252264	0.204221	0.602936	1.163019	F	2.150387	0.03389	-0.033918	-0.026719	0.003323	-0.000685	-0.009962	2.517828	-0.711542	-1.343002	1.377572	-0.050634
cell_002347	donor_173	-0.619137	0.710136	-0.906311	1.163019	F	1.438926	0.02893	-0.033918	-0.026719	0.003323	-0.000685	-0.009962	0.283319	2.231506	-1.402979	-0.195462	-1.236269
cell_002348	donor_173	-0.572567	-0.528925	-1.072052	1.163019	F	2.377292	0.04221	-0.033918	-0.026719	0.003323	-0.000685	-0.009962	0.335183	-0.553004	-1.172938	0.732277	0.010329
cell_002349	donor_173	1.015662	-0.969052	-0.698916	1.163019	F	1.767531	0.07424	-0.033918	-0.026719	0.003323	-0.000685	-0.009962	-1.251632	-1.190363	0.207808	-1.670774	0.227484
cell_002350	donor_173	1.255408	-0.570583	-0.188143	1.163019	F	1.582939	0.00426	-0.033918	-0.026719	0.003323	-0.000685	-0.009962	1.339557	0.66706	-0.623325	0.27434	-1.251576
cell_002351	donor_173	-1.012029	0.832951	0.846736	1.163019	F	2.658474	0.01986	-0.033918	-0.026719	0.003323	-0.000685	-0.009962	0.136284	-0.32685	-1.039351	0.623717	-1.977474
cell_002352	donor_173	0.738946	0.537530	0.073589	1.163019	F	2.279049	0.06082	-0.033918	-0.026719	0.003323	-0.000685	-0.009962	-1.185813	-1.065581	-0.504808	1.299337	0.75426
cell_002353	donor_174	-0.524377	-0.814969	1.289906	-0.203871	M	2.390838	0.01956	0.038106	0.002117	0.010848	0.019758	0.001099	0.105312	0.058164	-0.011757	1.371825	-1.815688
cell_002354	donor_174	0.764804	-0.693304	0.039832	-0.203871	M	2.181798	0.04579	0.038106	0.002117	0.010848	0.019758	0.001099	0.771558	-0.508194	0.50299	0.507776	0.733245
cell_002355	donor_174	-0.300115	-1.128211	0.177651	-0.203871	M	1.96274	0.04262	0.038106	0.002117	0.010848	0.019758	0.001099	1.583647	-1.371035	1.005445	-0.063855	-0.460856
cell_002356	donor_174	-0.415493	-0.952537	-1.479133	-0.203871	M	1.888158	0.05474	0.038106	0.002117	0.010848	0.019758	0.001099	2.033762	0.701911	-0.417205	0.957312	-0.046058
cell_002357	donor_174	-1.563804	-0.371426	-0.085095	-0.203871	M	2.311644	0.06827	0.038106	0.002117	0.010848	0.019758	0.001099	-0.432885	-0.606087	0.304563	-0.613872	0.155429
cell_002358	donor_174	-0.875301	0.650739	-0.065547	-0.203871	M	2.453008	0.03666	0.038106	0.002117	0.010848	0.019758	0.001099	0.887016	0.110511	1.976501	0.013206	1.349039
cell_002359	donor_174	0.576885	-0.182911	-0.787118	-0.203871	M	1.972727	0.00492	0.038106	0.002117	0.010848	0.019758	0.001099	0.976295	1.525301	1.972104	-1.761337	0.265164
cell_002360	donor_174	0.114118	-1.262675	0.539439	-0.203871	M	2.829017	0.01599	0.038106	0.002117	0.010848	0.019758	0.001099	-0.111869	0.111433	-0.3974	-0.543457	-1.099588
cell_002361	donor_174	-0.937149	0.918233	-0.338456	-0.203871	M	1.921073	0.07372	0.038106	0.002117	0.010848	0.019758	0.001099	0.097383	0.934015	-0.493695	-0.328508	-0.698073
cell_002362	donor_174	1.062534	-1.122623	-0.677770	-0.203871	M	1.442397	0.00172	0.038106	0.002117	0.010848	0.019758	0.001099	-0.994351	-0.236144	0.343216	1.257346	-1.192103
cell_002363	donor_174	0.380935	1.170497	1.666609	-0.203871	M	1.311391	0.03994	0.038106	0.002117	0.010848	0.019758	0.001099	-0.030385	1.178137	-1.178838	1.267016	-0.438954
cell_002364	donor_174	0.041366	1.837746	-0.289665	-0.203871	M	1.32489	0.02029	0.038106	0.002117	0.010848	0.019758	0.001099	0.711338	-0.218067	0.458749	1.60904	-0.121414
cell_002365	donor_174	1.098768	-0.942181	0.420201	-0.203871	M	1.834475	0.00298	0.038106	0.002117	0.010848	0.019758	0.001099	0.9965	0.274637	-0.78602	-0.145587	-0.208104
cell_002366	donor_174	-2.341693	-1.121591	0.466677	-0.203871	M	1.907193	0.04774	0.038106	0.002117	0.010848	0.019758	0.001099	-1.411809	0.459038	0.657971	0.812391	1.42979
cell_002367	donor_174	-1.312439	0.426950	0.906458	-0.203871	M	2.27304	0.03072	0.038106	0.002117	0.010848	0.019758	0.001099	0.953925	-0.603027	-0.390201	0.838758	0.389708
cell_002368	donor_175	-0.501320	-0.968953	-0.474187	2.011925	F	1.988557	0.02247	0.051821	-0.018807	-0.012121	-0.018857	0.031253	-0.017826	-0.874721	-0.530717	0.582809	-1.950847
cell_002369	donor_175	-0.965812	-0.101214	0.102091	2.011925	F	2.337348	0.01371	0.051821	-0.018807	-0.012121	-0.018857	0.031253	-2.339969	0.693377	-0.53348	0.468537	1.576672
cell_002370	donor_175	-0.306010	1.674359	-0.719404	2.011925	F	2.017957	0.00993	0.051821	-0.018807	-0.012121	-0.018857	0.031253	-1.013066	-1.669593	-0.276398	-0.6848	-0.025359
cell_002371	donor_175	1.391433	-1.041239	0.072778	2.011925	F	2.005409	0.04387	0.051821	-0.018807	-0.012121	-0.018857	0.031253	0.538033	0.326694	0.046252	1.058159	0.6707
cell_002372	donor_175	1.183105	1.131357	-0.420258	2.011925	F	1.768994	0.02434	0.051821	-0.018807	-0.012121	-0.018857	0.031253	-0.181399	0.635249	-1.545614	1.063749	0.02219
cell_002373	donor_175	0.555070	0.421179	-0.539939	2.011925	F	2.569035	0.00044	0.051821	-0.018807	-0.012121	-0.018857	0.031253	-1.200679	-0.416638	1.03754	-0.767659	0.410598
cell_002374	donor_175	0.615950	1.862492	0.471701	2.011925	F	1.387406	0.0306	0.051821	-0.018807	-0.012121	-0.018857	0.031253	0.878777	0.024438	-0.864593	-0.063903	-1.409392
cell_002375	donor_175	0.566356	0.672155	-1.460977	2.011925	F	2.120524	0.04162	0.051821	-0.018807	-0.012121	-0.018857	0.031253	-0.488656	-1.107229	-0.046909	-1.269313	0.083419
cell_002376	donor_175	0.460225	-1.016760	-0.589887	2.011925	F	1.92734	0.02599	0.051821	-0.018807	-0.012121	-0.018857	0.031253	1.13287	1.195665	-1.245443	-0.666097	0.852765
cell_002377	donor_175	2.161942	-0.253262	-0.740174	2.011925	F	2.312702	0.03232	0.051821	-0.018807	-0.012121	-0.018857	0.031253	0.704044	-0.615201	-0.48647	0.082265	-1.833293
cell_002378	donor_175	1.152583	-0.947677	-0.447419	2.011925	F	1.991668	0.03076	0.051821	-0.018807	-0.012121	-0.018857	0.031253	0.525331	1.083071	-0.389112	-1.419219	1.412614
cell_002379	donor_175	1.249052	0.042768	-1.561597	2.011925	F	2.003457	0.01586	0.051821	-0.018807	-0.012121	-0.018857	0.031253	0.219429	0.70896	-1.321133	-1.317481	0.414121
cell_002380	donor_175	0.543990	-0.396466	1.539851	2.011925	F	1.893344	0.03109	0.051821	-0.018807	-0.012121	-0.018857	0.031253	1.027565	-1.129238	-0.101802	-1.587223	-0.701561
cell_002381	donor_175	-0.606187	1.051226	1.775698	2.011925	F	2.557303	0.0447	0.051821	-0.018807	-0.012121	-0.018857	0.031253	-0.257024	0.488805	-2.105776	1.320399	-0.170549
cell_002382	donor_175	-0.850943	-0.193213	0.388625	2.011925	F	2.000962	0.05069	0.051821	-0.018807	-0.012121	-0.018857	0.031253	1.294387	0.698697	0.8523	2.020296	-0.781615
cell_002383	donor_176	-0.857346	0.270295	-0.224920	1.470924	F	2.78786	0.04581	0.016042	-0.010883	-0.017278	0.027698	0.007234	0.135443	-0.990708	-0.102209	0.720095	1.127336
cell_002384	donor_176	-0.245068	0.048938	0.071265	1.470924	F	2.108899	0.0165	0.016042	-0.010883	-0.017278	0.027698	0.007234	-0.38226	-1.204786	0.073306	-0.852168	-0.57788
cell_002385	donor_176	0.163881	-0.598826	-0.555172	1.470924	F	2.008704	0.04272	0.016042	-0.010883	-0.017278	0.027698	0.007234	0.671733	0.48563	0.834202	-0.337219	1.008974
cell_002386	donor_176	-0.118588	-0.044758	-0.438849	1.470924	F	1.941869	0.03931	0.016042	-0.010883	-0.017278	0.027698	0.007234	0.014349	-0.284155	-1.098803	-2.089935	-1.563928
cell_002387	donor_176	0.323940	-1.814762	-0.730466	1.470924	F	2.225699	0.01581	0.016042	-0.010883	-0.017278	0.027698	0.007234	0.215462	-0.90752	-1.645263	-0.419375	0.27978
cell_002388	donor_176	-0.279928	-0.856115	1.629198	1.470924	F	1.764643	0.02071	0.016042	-0.010883	-0.017278	0.027698	0.007234	0.415069	-0.02887	-0.060861	-0.53841	0.633906
cell_002389	donor_176	0.018862	0.176770	-0.483231	1.470924	F	2.058297	0.04359	0.016042	-0.010883	-0.017278	0.027698	0.007234	-0.176815	-0.076332	1.037845	0.7919	-0.184865
cell_002390	donor_176	-0.015779	-1.215253	-0.169817	1.470924	F	2.003255	0.05754	0.016042	-0.010883	-0.017278	0.027698	0.007234	-0.327057	-0.334838	-2.021266	1.096896	-0.684807
cell_002391	donor_176	-0.937008	-0.277404	-2.559917	1.470924	F	2.130099	0.00623	0.016042	-0.010883	-0.017278	0.027698	0.007234	0.854618	0.041588	1.391667	0.529485	0.912123
cell_002392	donor_176	-1.128003	1.463926	0.830398	1.470924	F	2.140012	0.0628	0.016042	-0.010883	-0.017278	0.027698	0.007234	-0.592078	-1.285409	0.147526	-1.917185	-0.467953
cell_002393	donor_176	1.319039	1.387721	0.672987	1.470924	F	2.160798	0.05328	0.016042	-0.010883	-0.017278	0.027698	0.007234	-1.189433	-0.839659	0.595693	0.529966	-0.16196
cell_002394	donor_176	-0.452869	-1.037251	1.146745	1.470924	F	2.037962	0.03398	0.016042	-0.010883	-0.017278	0.027698	0.007234	0.320009	-0.540689	2.426661	0.300837	-0.590322
cell_002395	donor_176	0.064568	2.494023	-0.365098	1.470924	F	2.627577	0.02519	0.016042	-0.010883	-0.017278	0.027698	0.007234	0.875367	1.240186	-0.774219	-1.41856	-1.220454
cell_002396	donor_177	1.972896	-0.156792	1.336049	-0.505267	F	2.169028	0.03781	0.028208	-0.001203	0.010231	0.006005	-0.012482	-0.669956	-0.054269	-1.62913	-0.418247	-0.207937
cell_002397	donor_177	1.696692	-1.022950	-0.484998	-0.505267	F	3.042395	0.01719	0.028208	-0.001203	0.010231	0.006005	-0.012482	0.32486	0.611782	0.401543	1.792173	1.094123
cell_002398	donor_177	-1.032979	-1.229944	0.667067	-0.505267	F	2.019941	0.02645	0.028208	-0.001203	0.010231	0.006005	-0.012482	0.221962	-0.970488	-0.675497	-1.428666	0.153345
cell_002399	donor_177	-0.196628	0.052366	0.556239	-0.505267	F	2.383565	0.0005	0.028208	-0.001203	0.010231	0.006005	-0.012482	0.331362	0.892913	0.267318	1.053989	1.074499
cell_002400	donor_177	-1.857387	1.286766	-0.349094	-0.505267	F	1.70958	0.00483	0.028208	-0.001203	0.010231	0.006005	-0.012482	-1.028096	-0.518063	-0.011038	-0.706075	-0.243323
cell_002401	donor_177	0.532401	0.620713	1.370797	-0.505267	F	2.560316	0.07665	0.028208	-0.001203	0.010231	0.006005	-0.012482	0.301259	-0.123076	0.000309	-0.942639	0.506442
cell_002402	donor_177	-0.104857	-2.123637	0.057128	-0.505267	F	1.718286	0.03126	0.028208	-0.001203	0.010231	0.006005	-0.012482	0.433262	-0.7625	-1.293227	1.230245	1.748175
cell_002403	donor_177	0.200707	-1.034261	0.147491	-0.505267	F	2.182351	0.03407	0.028208	-0.001203	0.010231	0.006005	-0.012482	0.23471	-0.361685	1.046278	0.47035	-0.210707
cell_002404	donor_177	-0.361018	-1.342754	0.671485	-0.505267	F	1.894229	0.02939	0.028208	-0.001203	0.010231	0.006005	-0.012482	0.968075	-0.809633	-0.690805	0.363632	0.114241
cell_002405	donor_177	-0.563725	-0.406379	-0.462579	-0.505267	F	2.180803	0.01344	0.028208	-0.001203	0.010231	0.006005	-0.012482	0.637279	1.193331	-1.552449	0.038952	1.90108
cell_002406	donor_177	1.235479	-0.040916	0.079100	-0.505267	F	1.906082	0.02386	0.028208	-0.001203	0.010231	0.006005	-0.012482	-0.596554	-0.714748	-2.240987	0.101748	0.580608
cell_002407	donor_177	-0.440636	0.462867	1.349318	-0.505267	F	1.684299	0.03182	0.028208	-0.001203	0.010231	0.006005	-0.012482	0.578554	-1.037051	-0.008714	0.221546	0.052108
cell_002408	donor_177	0.647861	0.686867	0.606230	-0.505267	F	1.891363	0.02607	0.028208	-0.001203	0.010231	0.006005	-0.012482	-1.094805	0.077308	-0.814565	-1.871907	0.681306
cell_002409	donor_177	-1.380243	-0.876119	-0.204987	-0.505267	F	2.616632	0.01496	0.028208	-0.001203	0.010231	0.006005	-0.012482	0.140036	0.591895	-0.534455	0.626542	1.022128
cell_002410	donor_177	-0.725864	-1.064537	-1.872176	-0.505267	F	2.186911	0.03959	0.028208	-0.001203	0.010231	0.006005	-0.012482	1.753989	0.813855	0.38479	-1.379884	-0.106525
cell_002411	donor_178	-1.346529	-0.256526	-0.069426	0.721903	F	1.48446	0.03377	-0.002883	-0.023686	0.009882	0.015225	0.019803	-1.422661	-0.818876	1.955058	-1.023034	-2.342593
cell_002412	donor_178	-0.793054	0.078925	-0.433834	0.721903	F	2.438153	0.03786	-0.002883	-0.023686	0.009882	0.015225	0.019803	0.813166	-0.673067	0.768007	-1.17013	-0.425914
cell_002413	donor_178	1.090574	-0.161626	0.696331	0.721903	F	1.643394	0.0441	-0.002883	-0.023686	0.009882	0.015225	0.019803	1.195881	-1.32202	-0.169266	0.291304	-0.719235
cell_002414	donor_178	0.203214	-1.402071	-0.090658	0.721903	F	2.297344	0.02659	-0.002883	-0.023686	0.009882	0.015225	0.019803	0.24197	0.015648	0.534543	1.842195	2.675211
cell_002415	donor_178	-1.235624	-0.108121	-0.745131	0.721903	F	2.221266	0.02662	-0.002883	-0.023686	0.009882	0.015225	0.019803	0.463329	-0.110394	0.440919	-0.232242	-1.587382
cell_002416	donor_178	0.381963	-1.342354	0.014702	0.721903	F	2.246524	0.05965	-0.002883	-0.023686	0.009882	0.015225	0.019803	-0.04659	1.082117	-1.464747	-0.98459	-0.581952
cell_002417	donor_178	0.572416	0.907596	-0.764168	0.721903	F	2.741276	0.01112	-0.002883	-0.023686	0.009882	0.015225	0.019803	0.372344	2.376999	-0.809316	0.091215	0.005779
cell_002418	donor_178	0.017751	0.184147	1.547126	0.721903	F	1.668544	0.00747	-0.002883	-0.023686	0.009882	0.015225	0.019803	-0.301246	-0.047703	-0.464737	2.742978	0.749675
cell_002419	donor_178	-1.481330	-0.911103	2.804462	0.721903	F	2.244318	0.04111	-0.002883	-0.023686	0.009882	0.015225	0.019803	-0.456144	1.183582	0.256692	0.057947	-0.182016
cell_002420	donor_178	-0.273097	-1.890994	-0.582550	0.721903	F	2.503835	0.01741	-0.002883	-0.023686	0.009882	0.015225	0.019803	-0.250034	-1.219971	-1.673662	0.37074	-0.192082
cell_002421	donor_178	-2.768873	0.240921	0.809785	0.721903	F	1.742663	0.00845	-0.002883	-0.023686	0.009882	0.015225	0.019803	0.877432	-0.889902	-1.097944	0.776179	-0.295338
cell_002422	donor_179	-0.911662	-0.470724	0.923654	-0.593955	M	1.701699	0.0477	0.013331	-0.002564	0.031039	0.017846	0.027771	0.855734	0.033461	1.877523	0.755741	0.409748
cell_002423	donor_179	-1.750215	-1.321571	-0.228115	-0.593955	M	1.885125	0.0271	0.013331	-0.002564	0.031039	0.017846	0.027771	0.799926	-0.272898	-1.642914	0.360928	1.941589
cell_002424	donor_179	-0.752335	-0.293867	-1.263750	-0.593955	M	2.129893	0.00473	0.013331	-0.002564	0.031039	0.017846	0.027771	-2.290442	0.469145	-1.53519	-0.023305	0.079459
cell_002425	donor_179	0.214313	-0.149233	0.549190	-0.593955	M	1.435809	0.0687	0.013331	-0.002564	0.031039	0.017846	0.027771	0.746854	0.210163	1.373519	1.1664	-0.196674
cell_002426	donor_179	0.200400	0.206690	-1.446307	-0.593955	M	2.220561	0.00221	0.013331	-0.002564	0.031039	0.017846	0.027771	1.094393	-0.312781	-0.484858	-1.204383	1.311964
cell_002427	donor_179	0.492592	-0.330866	-0.166598	-0.593955	M	1.436645	0.02827	0.013331	-0.002564	0.031039	0.017846	0.027771	-0.300025	-2.421504	0.542066	-0.434017	-0.298614
cell_002428	donor_179	1.048264	-0.719436	1.351184	-0.593955	M	2.517332	0.00779	0.013331	-0.002564	0.031039	0.017846	0.027771	-0.234017	-0.336552	2.727768	1.662706	0.699172
cell_002429	donor_179	1.444475	0.752784	-0.980621	-0.593955	M	2.205507	0.03541	0.013331	-0.002564	0.031039	0.017846	0.027771	0.241325	1.128761	0.24366	0.815866	0.558222
cell_002430	donor_179	-2.186293	1.078835	0.111385	-0.593955	M	2.765256	0.01718	0.013331	-0.002564	0.031039	0.017846	0.027771	0.128345	0.940312	-0.420175	0.058453	-0.979437
cell_002431	donor_179	-0.745197	1.173562	-0.861559	-0.593955	M	2.267514	0.04639	0.013331	-0.002564	0.031039	0.017846	0.027771	-0.863972	-2.529151	0.456568	0.73152	1.08542
cell_002432	donor_179	-0.424155	0.524890	-1.113603	-0.593955	M	1.878096	0.02965	0.013331	-0.002564	0.031039	0.017846	0.027771	-1.102427	0.439909	-0.000711	0.737582	-0.65142
cell_002433	donor_179	-0.109481	1.089137	0.211111	-0.593955	M	1.680529	0.05701	0.013331	-0.002564	0.031039	0.017846	0.027771	-0.336295	-1.5535	-0.71692	0.003098	0.174126
cell_002434	donor_179	1.247426	1.133602	0.007738	-0.593955	M	2.095556	0.02141	0.013331	-0.002564	0.031039	0.017846	0.027771	-1.685883	-0.511451	0.160316	1.408043	-0.845013
cell_002435	donor_179	-2.336741	-1.105772	0.763334	-0.593955	M	1.9879	0.00209	0.013331	-0.002564	0.031039	0.017846	0.027771	0.490064	-0.561565	-0.445776	-0.877571	-1.04434
cell_002436	donor_179	-1.550251	-0.326693	0.338481	-0.593955	M	2.474456	0.03475	0.013331	-0.002564	0.031039	0.017846	0.027771	-0.474793	1.048011	-0.75497	-0.910737	0.209128
cell_002437	donor_179	1.469571	-0.575020	-0.643488	-0.593955	M	1.628552	0.02495	0.013331	-0.002564	0.031039	0.017846	0.027771	0.005213	-0.068244	0.253988	-1.009578	-0.898902
cell_002438	donor_179	-0.052446	0.350913	-0.154247	-0.593955	M	2.808361	0.00639	0.013331	-0.002564	0.031039	0.017846	0.027771	0.986251	-0.145931	0.596441	1.224042	0.845743
cell_002439	donor_180	1.049268	-0.799144	0.120161	0.002691	F	2.509911	0.00889	0.029026	-0.002512	0.007758	0.015491	-0.022983	-1.369788	-0.116499	1.040831	0.522746	0.183941
cell_002440	donor_180	0.445213	-0.400233	0.839710	0.002691	F	1.918591	0.01526	0.029026	-0.002512	0.007758	0.015491	-0.022983	-1.63955	-0.616519	0.069327	-1.425899	0.793636
cell_002441	donor_180	0.148959	0.788846	0.194104	0.002691	F	2.719128	0.06111	0.029026	-0.002512	0.007758	0.015491	-0.022983	-0.117606	-1.979651	-0.566611	-0.286326	-0.129874
cell_002442	donor_180	0.376405	-0.632392	-0.630772	0.002691	F	1.686749	0.04415	0.029026	-0.002512	0.007758	0.015491	-0.022983	1.419621	0.57846	-1.365456	-1.489508	-0.266817
cell_002443	donor_180	1.224396	0.635510	-1.022965	0.002691	F	2.082236	0.02305	0.029026	-0.002512	0.007758	0.015491	-0.022983	0.12621	0.992384	1.729893	1.784223	-0.44235
cell_002444	donor_180	0.180863	-2.373776	-0.573940	0.002691	F	1.489412	0.03942	0.029026	-0.002512	0.007758	0.015491	-0.022983	0.934551	0.425629	-1.090787	-1.887895	0.144108
cell_002445	donor_180	0.961028	-0.125146	0.117913	0.002691	F	2.738628	0.01079	0.029026	-0.002512	0.007758	0.015491	-0.022983	-1.495169	-0.851459	-0.684833	0.218751	1.280621
cell_002446	donor_180	-3.016381	-0.392254	0.338272	0.002691	F	1.341045	0.0187	0.029026	-0.002512	0.007758	0.015491	-0.022983	0.012743	-0.538883	-2.068467	0.458374	0.028562
cell_002447	donor_180	0.465290	0.962356	-0.210258	0.002691	F	1.423823	0.03802	0.029026	-0.002512	0.007758	0.015491	-0.022983	-0.549687	1.166092	-1.190804	-0.684881	-0.245028
cell_002448	donor_180	-0.165656	-1.332117	-0.204522	0.002691	F	1.746115	0.03331	0.029026	-0.002512	0.007758	0.015491	-0.022983	-0.562183	0.550754	0.463914	1.05097	0.50232
cell_002449	donor_180	-1.261575	-1.847870	-1.085179	0.002691	F	2.528929	0.01921	0.029026	-0.002512	0.007758	0.015491	-0.022983	-0.115374	-0.339818	0.455278	-0.190306	0.047227
cell_002450	donor_180	1.508685	-0.270561	0.219877	0.002691	F	2.381938	0.02923	0.029026	-0.002512	0.007758	0.015491	-0.022983	0.509683	0.138556	0.308595	-0.790922	1.349706
cell_002451	donor_180	-0.513496	-1.790551	0.936113	0.002691	F	2.04882	0.03676	0.029026	-0.002512	0.007758	0.015491	-0.022983	-1.106673	0.439198	-0.485841	1.082346	0.883741
cell_002452	donor_180	-2.172198	-0.554793	-0.054615	0.002691	F	2.40757	0.02981	0.029026	-0.002512	0.007758	0.015491	-0.022983	-0.00205	1.55472	-0.187399	0.881692	-0.726231
cell_002453	donor_181	0.230490	-0.726470	-1.837961	0.675985	M	1.953835	0.04722	-0.022539	-0.025986	-0.002162	-0.006666	-0.028713	0.404974	-0.93246	0.019471	-0.051412	0.878559
cell_002454	donor_181	-0.801093	-0.748758	-0.773093	0.675985	M	2.168972	0.03637	-0.022539	-0.025986	-0.002162	-0.006666	-0.028713	-0.67075	3.07335	-1.382087	0.232949	0.287791
cell_002455	donor_181	0.970059	-1.213603	0.300979	0.675985	M	2.66069	0.04022	-0.022539	-0.025986	-0.002162	-0.006666	-0.028713	0.538094	-0.515393	0.24177	-0.564448	1.87314
cell_002456	donor_181	0.158297	0.960455	-0.133132	0.675985	M	1.901352	0.06427	-0.022539	-0.025986	-0.002162	-0.006666	-0.028713	-0.635108	-0.148021	-0.663334	-0.800265	-1.401087
cell_002457	donor_181	0.791131	-0.172220	0.434393	0.675985	M	1.693451	0.04655	-0.022539	-0.025986	-0.002162	-0.006666	-0.028713	0.672067	-0.672818	-0.79715	-0.963169	0.304384
cell_002458	donor_181	-1.502941	-2.638278	0.377547	0.675985	M	2.188149	0.06482	-0.022539	-0.025986	-0.002162	-0.006666	-0.028713	0.021675	0.026258	-0.76136	0.435233	-0.662349
cell_002459	donor_181	0.431183	0.475502	-0.524933	0.675985	M	2.29611	0.01656	-0.022539	-0.025986	-0.002162	-0.006666	-0.028713	0.070181	-0.139733	-1.688485	2.028784	0.574788
cell_002460	donor_181	1.489722	-0.459878	0.420879	0.675985	M	2.044179	0.00185	-0.022539	-0.025986	-0.002162	-0.006666	-0.028713	0.180206	0.338036	2.05233	1.136866	0.348764
cell_002461	donor_181	0.594636	1.718740	-0.317030	0.675985	M	2.401353	0.02719	-0.022539	-0.025986	-0.002162	-0.006666	-0.028713	-0.708309	-0.550541	-1.803256	-0.368282	0.661838
cell_002462	donor_181	-0.653193	-1.498145	1.552367	0.675985	M	1.919496	0.02549	-0.022539	-0.025986	-0.002162	-0.006666	-0.028713	0.633629	0.616146	-0.515364	0.551044	0.824184
cell_002463	donor_181	0.421411	0.453061	3.116704	0.675985	M	2.051018	0.05919	-0.022539	-0.025986	-0.002162	-0.006666	-0.028713	-2.226954	0.304422	2.081051	-0.291465	-2.52182
cell_002464	donor_181	0.325045	-1.302321	-0.195904	0.675985	M	2.14983	0.0074	-0.022539	-0.025986	-0.002162	-0.006666	-0.028713	-0.812659	-1.814539	-0.63436	-1.224066	0.930855
cell_002465	donor_181	-0.974782	-0.395868	-0.402590	0.675985	M	2.114944	0.02842	-0.022539	-0.025986	-0.002162	-0.006666	-0.028713	0.778515	0.342988	1.226231	-0.56538	0.073551
cell_002466	donor_181	-0.587024	-1.393283	1.592502	0.675985	M	2.645309	0.0381	-0.022539	-0.025986	-0.002162	-0.006666	-0.028713	2.194412	0.585281	0.582796	-0.767543	-0.416574
cell_002467	donor_181	0.298848	-0.225472	0.757638	0.675985	M	2.147823	0.032	-0.022539	-0.025986	-0.002162	-0.006666	-0.028713	-1.002957	1.680913	-1.558211	0.914139	0.581121
cell_002468	donor_181	0.471067	0.275691	0.684998	0.675985	M	1.878439	0.02657	-0.022539	-0.025986	-0.002162	-0.006666	-0.028713	-1.603363	1.142407	-0.258699	-1.320887	0.364482
cell_002469	donor_181	0.133935	0.670221	0.753112	0.675985	M	2.211193	0.03717	-0.022539	-0.025986	-0.002162	-0.006666	-0.028713	-0.822484	-0.204936	-0.50575	-0.879121	-1.188403
cell_002470	donor_182	0.162719	-0.220394	1.530398	1.113	F	2.40354	0.05158	0.002987	-0.001912	0.023645	0.04026	0.009129	0.796835	0.324876	0.260662	-0.364227	0.051297
cell_002471	donor_182	-0.477902	0.391314	0.413908	1.113	F	2.309694	0.06071	0.002987	-0.001912	0.023645	0.04026	0.009129	-0.736054	-0.753302	1.710239	0.884542	-0.561452
cell_002472	donor_182	-0.609558	-0.807822	-0.353852	1.113	F	2.287523	0.03066	0.002987	-0.001912	0.023645	0.04026	0.009129	-1.496163	-1.701086	-0.634176	0.107704	0.118368
cell_002473	donor_182	-0.492217	-1.458131	-0.651495	1.113	F	1.40078	0.01368	0.002987	-0.001912	0.023645	0.04026	0.009129	0.14832	0.334222	-1.038362	1.507752	-0.197386
cell_002474	donor_182	0.266223	1.265944	0.554391	1.113	F	1.002995	0.06069	0.002987	-0.001912	0.023645	0.04026	0.009129	0.294843	-0.656204	0.311489	2.076973	-0.989335
cell_002475	donor_182	-2.599534	0.641304	-0.558152	1.113	F	2.510106	0.00845	0.002987	-0.001912	0.023645	0.04026	0.009129	-1.115594	-0.864535	-0.333154	-0.521401	-1.040661
cell_002476	donor_182	0.453080	-0.014135	-0.192688	1.113	F	2.175543	0.06581	0.002987	-0.001912	0.023645	0.04026	0.009129	-0.049662	1.561141	-0.149819	-0.096439	0.342943
cell_002477	donor_182	-0.102236	-0.022424	1.344405	1.113	F	1.991369	0.05688	0.002987	-0.001912	0.023645	0.04026	0.009129	0.647665	1.373228	0.240041	-0.002656	-0.991533
cell_002478	donor_182	-0.019660	1.085536	0.939906	1.113	F	2.277725	0.05979	0.002987	-0.001912	0.023645	0.04026	0.009129	0.739961	-0.844516	-0.875499	0.193134	1.541525
cell_002479	donor_182	0.667046	-1.786619	1.116633	1.113	F	2.770924	0.04371	0.002987	-0.001912	0.023645	0.04026	0.009129	0.726457	-0.037533	-0.98159	1.522113	-0.05658
cell_002480	donor_182	-0.457901	0.715727	-0.972533	1.113	F	2.565412	0.01225	0.002987	-0.001912	0.023645	0.04026	0.009129	-0.290206	0.555167	-0.448051	-0.753004	-0.657094
cell_002481	donor_183	-1.185074	1.976389	-0.956983	0.895206	F	2.384888	0.00922	-0.013933	0.012934	0.000186	-0.004803	-0.017232	-0.659763	-1.127367	-1.238923	0.97203	0.668841
cell_002482	donor_183	1.146107	0.118420	-0.420120	0.895206	F	1.64531	0.03614	-0.013933	0.012934	0.000186	-0.004803	-0.017232	-0.822798	0.888402	0.309313	-0.323794	-1.225831
cell_002483	donor_183	-0.044829	-1.301094	-0.013754	0.895206	F	1.697284	0.01649	-0.013933	0.012934	0.000186	-0.004803	-0.017232	0.341447	1.865381	0.014572	0.998653	-0.211718
cell_002484	donor_183	-1.082740	-0.395444	0.925300	0.895206	F	1.045438	0.02369	-0.013933	0.012934	0.000186	-0.004803	-0.017232	0.921835	-0.150212	-2.405328	-0.721735	0.132261
cell_002485	donor_183	0.254191	-1.482170	0.851488	0.895206	F	2.253405	0.04226	-0.013933	0.012934	0.000186	-0.004803	-0.017232	1.082624	-0.1535	0.029815	-0.587269	1.560927
cell_002486	donor_183	-0.007100	-0.542185	0.746676	0.895206	F	2.443451	0.0266	-0.013933	0.012934	0.000186	-0.004803	-0.017232	1.50069	-0.676244	-1.516411	-1.807198	0.603409
cell_002487	donor_183	-0.167207	-1.165661	1.847810	0.895206	F	2.476071	0.00562	-0.013933	0.012934	0.000186	-0.004803	-0.017232	0.135221	-0.781795	0.271842	-1.230325	0.794923
cell_002488	donor_183	-0.017287	-0.081385	-0.405105	0.895206	F	2.270172	0.04771	-0.013933	0.012934	0.000186	-0.004803	-0.017232	-0.38231	-1.081459	-0.367015	-0.401475	0.365058
cell_002489	donor_183	1.179966	-0.524879	-1.544980	0.895206	F	1.938373	0.0403	-0.013933	0.012934	0.000186	-0.004803	-0.017232	1.165998	1.114134	0.159632	-0.187191	-0.568644
cell_002490	donor_183	-0.678678	1.326775	0.832132	0.895206	F	1.774289	0.02502	-0.013933	0.012934	0.000186	-0.004803	-0.017232	-1.76802	-0.019214	-0.851011	1.218339	-0.200721
cell_002491	donor_183	-0.255016	1.373255	0.747942	0.895206	F	1.669854	0.04423	-0.013933	0.012934	0.000186	-0.004803	-0.017232	0.747086	-0.482513	-0.675482	0.60479	0.277634
cell_002492	donor_183	-0.266589	-0.165910	0.329318	0.895206	F	1.93463	0.0319	-0.013933	0.012934	0.000186	-0.004803	-0.017232	0.322207	-0.093779	0.78939	0.644773	-2.17682
cell_002493	donor_183	-0.831887	0.004505	0.308513	0.895206	F	1.608869	0.05663	-0.013933	0.012934	0.000186	-0.004803	-0.017232	-0.257453	1.014741	-1.019535	-1.692396	-0.138782
cell_002494	donor_184	-1.686966	-0.189320	-0.303056	0.07499	F	2.702382	0.03302	-0.009284	-0.003556	0.016082	0.010221	0.036512	0.520736	-0.460481	1.292946	1.843622	-1.925078
cell_002495	donor_184	1.028068	-1.844497	-0.381506	0.07499	F	1.479051	0.05648	-0.009284	-0.003556	0.016082	0.010221	0.036512	-0.383994	-2.281841	0.661009	-0.679856	-0.475805
cell_002496	donor_184	-0.481755	0.960071	-0.043547	0.07499	F	1.921179	0.00747	-0.009284	-0.003556	0.016082	0.010221	0.036512	1.148092	-1.328396	-1.579562	-2.277476	1.270528
cell_002497	donor_184	1.796095	0.662213	-0.410223	0.07499	F	1.225513	0.03918	-0.009284	-0.003556	0.016082	0.010221	0.036512	1.038219	-0.293888	-1.275245	0.834097	2.754676
cell_002498	donor_184	0.239659	-0.354069	0.859396	0.07499	F	2.118622	0.02204	-0.009284	-0.003556	0.016082	0.010221	0.036512	-0.235688	-1.202904	1.241693	-1.132488	-0.366675
cell_002499	donor_184	-1.332198	-0.823696	0.455690	0.07499	F	1.999047	0.01282	-0.009284	-0.003556	0.016082	0.010221	0.036512	-2.63871	-0.303273	-1.278287	1.258833	-0.976144
cell_002500	donor_184	1.225756	-2.201969	1.374471	0.07499	F	1.857284	0.05317	-0.009284	-0.003556	0.016082	0.010221	0.036512	0.77981	-0.104939	0.125364	0.522221	-0.053453
cell_002501	donor_184	-0.140135	-1.883875	-3.001728	0.07499	F	1.626887	0.04778	-0.009284	-0.003556	0.016082	0.010221	0.036512	-0.647804	-0.812026	0.50898	-1.901739	1.678164
cell_002502	donor_184	-1.529386	-0.019705	-0.065898	0.07499	F	2.000985	0.01013	-0.009284	-0.003556	0.016082	0.010221	0.036512	0.131822	-0.337395	0.266085	-0.594298	-0.178048
cell_002503	donor_184	0.633200	-0.549487	-1.108041	0.07499	F	1.782216	0.04431	-0.009284	-0.003556	0.016082	0.010221	0.036512	-1.131723	0.375086	-0.078456	0.187469	1.48314
cell_002504	donor_184	-0.413086	0.033610	0.230773	0.07499	F	1.945253	0.04188	-0.009284	-0.003556	0.016082	0.010221	0.036512	-0.804208	-0.128884	-1.651416	0.550032	-0.017485
cell_002505	donor_184	-0.789165	0.901447	-0.621397	0.07499	F	2.782972	0.01554	-0.009284	-0.003556	0.016082	0.010221	0.036512	0.017346	-0.157361	-0.57819	2.496028	0.038217
cell_002506	donor_184	-0.869717	-0.542392	1.074840	0.07499	F	2.068871	0.01329	-0.009284	-0.003556	0.016082	0.010221	0.036512	0.296517	-1.139421	0.885107	-0.123465	0.445813
cell_002507	donor_184	-0.132796	-0.694514	0.926108	0.07499	F	2.213147	0.00181	-0.009284	-0.003556	0.016082	0.010221	0.036512	0.902334	-0.103908	-0.676994	-2.327737	-0.38718
cell_002508	donor_184	2.142749	0.209683	1.233842	0.07499	F	1.814214	0.02325	-0.009284	-0.003556	0.016082	0.010221	0.036512	-0.682407	-1.143053	1.453086	0.982766	-1.829839
cell_002509	donor_185	1.036078	-0.605640	0.026634	2.483424	M	1.686226	0.02645	0.013487	0.008486	-0.006125	-0.020749	-0.011398	0.15371	-0.817244	0.366794	-0.799647	-0.538997
cell_002510	donor_185	-1.282545	-0.204942	-0.626190	2.483424	M	1.990817	0.04594	0.013487	0.008486	-0.006125	-0.020749	-0.011398	0.963039	0.819341	1.50948	-0.217048	-1.455662
cell_002511	donor_185	-0.402886	-0.749895	-0.287097	2.483424	M	3.00157	0.03539	0.013487	0.008486	-0.006125	-0.020749	-0.011398	0.921294	0.927087	0.62827	-0.743751	-1.070802
cell_002512	donor_185	0.532233	-0.119492	-1.864373	2.483424	M	1.885029	0.0088	0.013487	0.008486	-0.006125	-0.020749	-0.011398	0.535964	-0.886153	-0.307973	2.90651	2.128949
cell_002513	donor_185	-0.746121	-1.519399	0.244060	2.483424	M	2.144575	0.03478	0.013487	0.008486	-0.006125	-0.020749	-0.011398	0.79269	-0.662267	-0.722325	0.715791	1.49699
cell_002514	donor_185	0.503317	0.256548	-0.787404	2.483424	M	1.668641	0.02492	0.013487	0.008486	-0.006125	-0.020749	-0.011398	-0.511635	-0.456801	0.087712	-1.388966	-1.35839
cell_002515	donor_185	0.246854	-0.470114	-1.138225	2.483424	M	0.897891	0.0113	0.013487	0.008486	-0.006125	-0.020749	-0.011398	-1.176006	0.546058	0.271995	1.13695	-1.737196
cell_002516	donor_185	0.741930	0.818028	0.948895	2.483424	M	1.684067	0.00179	0.013487	0.008486	-0.006125	-0.020749	-0.011398	-1.516913	0.455722	-0.87203	-0.799431	1.012751
cell_002517	donor_185	-0.608349	1.179362	-0.493582	2.483424	M	2.952284	0.0425	0.013487	0.008486	-0.006125	-0.020749	-0.011398	-0.552947	-0.435914	-0.250091	-0.18942	0.684936
cell_002518	donor_185	0.653501	-0.510913	-0.223982	2.483424	M	2.238156	0.03893	0.013487	0.008486	-0.006125	-0.020749	-0.011398	-1.210004	-0.188116	1.162372	2.132752	-1.356639
cell_002519	donor_185	-2.421178	-0.301913	0.091090	2.483424	M	2.65637	0.04114	0.013487	0.008486	-0.006125	-0.020749	-0.011398	0.331006	-0.190112	-0.098794	-0.789582	0.755804
cell_002520	donor_185	-0.410050	1.756188	-1.162466	2.483424	M	1.860911	0.01544	0.013487	0.008486	-0.006125	-0.020749	-0.011398	0.704494	2.522876	-1.321079	-1.74791	2.054731
cell_002521	donor_185	-0.563581	-0.904873	-0.563777	2.483424	M	1.057268	0.03342	0.013487	0.008486	-0.006125	-0.020749	-0.011398	-0.051892	-0.456798	0.188241	-1.394852	0.37586
cell_002522	donor_186	1.031413	1.478032	-0.700793	-0.36502	M	1.556516	0.00249	-0.013997	-0.051218	-0.020173	0.032044	0.007372	-0.080262	1.073779	0.857013	0.940333	0.190836
cell_002523	donor_186	-0.723008	-1.157129	1.306285	-0.36502	M	2.15881	0.01027	-0.013997	-0.051218	-0.020173	0.032044	0.007372	1.604346	0.576253	-0.533121	-0.809224	-0.696531
cell_002524	donor_186	1.121004	-0.105982	-1.396099	-0.36502	M	2.095046	0.03067	-0.013997	-0.051218	-0.020173	0.032044	0.007372	0.58883	-1.33162	0.155106	-0.832874	-1.253121
cell_002525	donor_186	-1.306663	0.170629	0.549338	-0.36502	M	1.99583	0.03525	-0.013997	-0.051218	-0.020173	0.032044	0.007372	-1.091665	-0.023792	0.763775	-0.675936	-2.075977
cell_002526	donor_186	-2.066145	-0.321310	1.618296	-0.36502	M	1.7879	0.00258	-0.013997	-0.051218	-0.020173	0.032044	0.007372	3.154334	1.117797	0.932279	1.627879	0.09237
cell_002527	donor_186	-0.217509	1.489638	0.649046	-0.36502	M	2.375886	0.00885	-0.013997	-0.051218	-0.020173	0.032044	0.007372	-0.135001	1.355791	1.349043	0.615187	0.882498
cell_002528	donor_186	-1.084280	-0.292671	-0.128694	-0.36502	M	1.799461	0.02269	-0.013997	-0.051218	-0.020173	0.032044	0.007372	-1.238772	-0.25747	1.703815	0.804344	-1.462021
cell_002529	donor_186	-0.952512	-0.969868	1.506769	-0.36502	M	2.123127	0.04917	-0.013997	-0.051218	-0.020173	0.032044	0.007372	-0.531103	1.540957	0.455217	0.181889	0.211961
cell_002530	donor_186	-0.977361	1.078436	-0.436484	-0.36502	M	2.078131	0.01374	-0.013997	-0.051218	-0.020173	0.032044	0.007372	-0.083561	-0.524243	-0.833589	1.010325	0.237545
cell_002531	donor_186	-0.025639	0.561844	-0.598559	-0.36502	M	1.852599	0.03281	-0.013997	-0.051218	-0.020173	0.032044	0.007372	0.707053	0.546689	1.408716	0.454643	0.82361
cell_002532	donor_186	0.567904	-2.046430	0.439707	-0.36502	M	1.647482	0.03491	-0.013997	-0.051218	-0.020173	0.032044	0.007372	0.167283	-0.947444	-0.225617	0.589919	0.677673
cell_002533	donor_186	-2.468530	-0.226847	0.854243	-0.36502	M	1.829068	0.02501	-0.013997	-0.051218	-0.020173	0.032044	0.007372	1.451028	-0.45992	0.225998	-0.129155	1.624313
cell_002534	donor_186	0.622295	-1.298410	-1.169664	-0.36502	M	2.749449	0.03536	-0.013997	-0.051218	-0.020173	0.032044	0.007372	0.376449	0.395594	-0.03566	-0.225069	-1.44867
cell_002535	donor_187	-0.688672	0.186216	-2.031933	-1.607201	F	2.444979	0.0031	-0.00753	0.00797	-0.039068	0.005642	0.02555	-1.261202	0.178844	0.054149	0.184423	0.941389
cell_002536	donor_187	-0.013224	0.311429	-0.283037	-1.607201	F	2.408155	0.01688	-0.00753	0.00797	-0.039068	0.005642	0.02555	0.092939	-0.348311	-0.209976	0.243907	-0.380002
cell_002537	donor_187	0.525321	0.223724	-0.541654	-1.607201	F	1.685415	0.05869	-0.00753	0.00797	-0.039068	0.005642	0.02555	1.064394	-0.011274	0.251662	-0.816567	1.064876
cell_002538	donor_187	-1.936189	0.133413	-0.953075	-1.607201	F	1.424924	0.0601	-0.00753	0.00797	-0.039068	0.005642	0.02555	1.438966	-1.363147	0.400889	-0.107911	0.284036
cell_002539	donor_187	-0.578343	0.479124	1.417333	-1.607201	F	2.438598	0.04686	-0.00753	0.00797	-0.039068	0.005642	0.02555	0.452094	-2.234956	0.759487	1.112398	1.224805
cell_002540	donor_187	-0.038060	0.554065	-1.444479	-1.607201	F	2.361907	0.05201	-0.00753	0.00797	-0.039068	0.005642	0.02555	-0.944622	-0.030973	-0.538916	-1.915246	-0.620537
cell_002541	donor_187	0.245524	-0.059906	1.229228	-1.607201	F	2.0549	0.00652	-0.00753	0.00797	-0.039068	0.005642	0.02555	-1.084108	0.334526	-1.631448	-0.979549	-0.519464
cell_002542	donor_187	-0.540458	-0.241638	1.058814	-1.607201	F	1.851784	0.01103	-0.00753	0.00797	-0.039068	0.005642	0.02555	0.77016	2.777775	0.30309	-1.032111	-0.6791
cell_002543	donor_187	-0.092034	-1.108841	2.551633	-1.607201	F	1.414422	0.02378	-0.00753	0.00797	-0.039068	0.005642	0.02555	0.658058	-1.346004	1.096719	0.27341	-0.125072
cell_002544	donor_187	-1.078593	-0.064700	0.346688	-1.607201	F	2.34696	0.07831	-0.00753	0.00797	-0.039068	0.005642	0.02555	-1.684886	0.920387	-0.761624	0.153692	-0.15716
cell_002545	donor_187	0.267618	-0.189744	-0.184760	-1.607201	F	2.474454	0.02374	-0.00753	0.00797	-0.039068	0.005642	0.02555	-1.5838	-0.230686	-1.210284	-0.652019	0.432779
cell_002546	donor_188	-0.234932	-1.115934	2.150219	-1.414699	M	1.728363	0.0449	-0.002422	-0.03544	-0.008279	0.025585	0.005173	0.70246	-0.018247	-0.883943	-0.647411	-0.664773
cell_002547	donor_188	-0.219991	0.596931	-0.334653	-1.414699	M	1.69496	0.03757	-0.002422	-0.03544	-0.008279	0.025585	0.005173	-2.137064	0.07326	-1.666075	0.076196	-1.459435
cell_002548	donor_188	-0.354764	-0.455444	-1.549846	-1.414699	M	2.496425	0.03712	-0.002422	-0.03544	-0.008279	0.025585	0.005173	-1.206254	0.668616	0.024569	-1.884842	-0.558798
cell_002549	donor_188	-0.160621	-0.407008	1.171525	-1.414699	M	1.743254	0.02953	-0.002422	-0.03544	-0.008279	0.025585	0.005173	0.261949	-0.619291	-0.343152	0.244072	0.044703
cell_002550	donor_188	-1.196700	-0.577147	-0.898440	-1.414699	M	2.711624	0.006	-0.002422	-0.03544	-0.008279	0.025585	0.005173	-0.992256	0.022302	-0.287344	1.724118	-0.103083
cell_002551	donor_188	1.442530	-0.869408	0.562300	-1.414699	M	1.956379	0.02402	-0.002422	-0.03544	-0.008279	0.025585	0.005173	0.134973	0.259786	-0.322305	-0.719923	0.459768
cell_002552	donor_188	0.970161	-0.146123	-1.376811	-1.414699	M	1.845375	0.05564	-0.002422	-0.03544	-0.008279	0.025585	0.005173	0.467946	2.082577	0.742415	0.759279	0.717735
cell_002553	donor_188	-1.364154	0.859764	-1.260594	-1.414699	M	2.018043	0.01767	-0.002422	-0.03544	-0.008279	0.025585	0.005173	-0.690322	-1.257974	-1.003593	0.687972	1.421627
cell_002554	donor_188	0.392027	0.114349	0.377132	-1.414699	M	1.845347	0.00734	-0.002422	-0.03544	-0.008279	0.025585	0.005173	0.734003	-0.166935	1.676675	-0.443654	-1.148153
cell_002555	donor_188	0.471585	-0.933671	-0.975528	-1.414699	M	2.450485	0.03876	-0.002422	-0.03544	-0.008279	0.025585	0.005173	0.252992	1.291861	-0.8438	-1.704794	0.037704
cell_002556	donor_188	0.714927	-0.629345	-2.750148	-1.414699	M	2.354324	0.03838	-0.002422	-0.03544	-0.008279	0.025585	0.005173	0.771437	-2.964566	0.977368	-1.366797	0.72483
cell_002557	donor_188	0.648755	-1.036261	0.467136	-1.414699	M	2.435243	0.04536	-0.002422	-0.03544	-0.008279	0.025585	0.005173	-1.996701	-1.474852	0.618718	1.21577	-0.009141
cell_002558	donor_188	1.392822	0.016762	0.995766	-1.414699	M	2.073808	0.05231	-0.002422	-0.03544	-0.008279	0.025585	0.005173	2.395344	-1.022596	-1.035368	-0.302216	-0.349808
cell_002559	donor_189	0.153798	1.587429	-1.062107	1.474008	M	1.817458	0.01162	-0.028366	0.047353	-0.025076	-0.004858	-0.020748	0.283482	-0.742855	0.567511	0.543609	1.613381
cell_002560	donor_189	-0.008215	0.673162	-0.190412	1.474008	M	1.996374	0.0125	-0.028366	0.047353	-0.025076	-0.004858	-0.020748	-0.490444	0.336971	0.605842	-0.007229	-0.211666
cell_002561	donor_189	1.152219	-0.432040	2.069371	1.474008	M	1.829721	0.02363	-0.028366	0.047353	-0.025076	-0.004858	-0.020748	-2.06376	0.083393	0.595499	-0.057816	-0.782275
cell_002562	donor_189	2.122198	0.282072	0.552601	1.474008	M	2.586639	0.04643	-0.028366	0.047353	-0.025076	-0.004858	-0.020748	-1.679215	0.453058	0.03313	1.389951	-1.449397
cell_002563	donor_189	1.191671	-1.187197	-1.312000	1.474008	M	2.400909	0.01205	-0.028366	0.047353	-0.025076	-0.004858	-0.020748	-0.470309	-1.321307	1.025319	1.239037	1.922584
cell_002564	donor_189	1.256419	0.273988	-0.226505	1.474008	M	1.963391	0.03256	-0.028366	0.047353	-0.025076	-0.004858	-0.020748	0.521425	0.789269	0.436084	0.573106	0.049077
cell_002565	donor_189	0.011123	-2.386041	-0.190562	1.474008	M	1.62941	0.04864	-0.028366	0.047353	-0.025076	-0.004858	-0.020748	0.618828	2.139993	0.218679	0.024007	0.198075
cell_002566	donor_189	-0.753047	0.918072	0.995031	1.474008	M	2.616336	0.04782	-0.028366	0.047353	-0.025076	-0.004858	-0.020748	-0.149092	0.246422	-0.182998	1.143983	1.04406
cell_002567	donor_189	0.576680	0.395459	-1.497347	1.474008	M	2.054674	0.04417	-0.028366	0.047353	-0.025076	-0.004858	-0.020748	2.165935	-0.02354	0.288637	0.246973	0.199593
cell_002568	donor_189	0.590643	0.629398	1.245193	1.474008	M	1.947933	0.05126	-0.028366	0.047353	-0.025076	-0.004858	-0.020748	1.129994	-1.624984	0.460709	1.995769	1.362946
cell_002569	donor_189	2.118210	-1.692561	-0.388477	1.474008	M	2.619861	0.02494	-0.028366	0.047353	-0.025076	-0.004858	-0.020748	1.248567	0.842061	-0.595781	-0.749843	-0.74203
cell_002570	donor_190	-0.742267	0.172507	0.013402	-0.076653	M	1.79602	0.06227	-0.02072	-0.009043	0.012723	0.025811	-0.007723	-1.138455	0.946609	1.468363	0.434427	0.804785
cell_002571	donor_190	-0.234082	1.027604	-1.101414	-0.076653	M	1.872429	0.03661	-0.02072	-0.009043	0.012723	0.025811	-0.007723	0.293469	0.568759	-2.11705	0.314677	-0.42554
cell_002572	donor_190	-1.041121	-1.024225	-0.360328	-0.076653	M	1.907696	0.05669	-0.02072	-0.009043	0.012723	0.025811	-0.007723	-0.04016	0.225765	-0.715601	-1.07561	-0.74595
cell_002573	donor_190	-1.228590	-0.048571	-0.165490	-0.076653	M	1.473372	0.00651	-0.02072	-0.009043	0.012723	0.025811	-0.007723	-1.448335	-1.155207	-1.017891	-1.435083	0.528775
cell_002574	donor_190	-0.786515	0.873766	-0.059501	-0.076653	M	2.126294	0.00508	-0.02072	-0.009043	0.012723	0.025811	-0.007723	-0.900497	-1.863175	-0.401253	-1.113223	1.459083
cell_002575	donor_190	1.062647	-0.195050	-0.024195	-0.076653	M	1.695062	0.06573	-0.02072	-0.009043	0.012723	0.025811	-0.007723	0.132914	-1.47048	0.568697	0.084976	-0.238609
cell_002576	donor_190	-0.562782	-0.007047	0.712231	-0.076653	M	1.771711	0.01147	-0.02072	-0.009043	0.012723	0.025811	-0.007723	1.574619	-0.975521	1.035146	-0.409522	-0.018356
cell_002577	donor_190	-0.411334	0.518412	-0.812747	-0.076653	M	1.718226	0.02378	-0.02072	-0.009043	0.012723	0.025811	-0.007723	-0.749826	-0.686075	-0.43604	-1.900765	0.346649
cell_002578	donor_190	0.759051	-0.579906	0.851680	-0.076653	M	1.765172	0.04055	-0.02072	-0.009043	0.012723	0.025811	-0.007723	0.114894	-1.497707	0.659953	1.457064	-0.664519
cell_002579	donor_190	0.060977	1.520954	-1.154068	-0.076653	M	1.664434	0.04546	-0.02072	-0.009043	0.012723	0.025811	-0.007723	-0.78477	1.113413	0.403251	-0.135924	0.814562
cell_002580	donor_190	-1.476177	-0.616217	-1.384611	-0.076653	M	2.098886	0.05157	-0.02072	-0.009043	0.012723	0.025811	-0.007723	0.27411	1.4285	-0.016754	0.426472	1.098061
cell_002581	donor_190	-1.382735	0.621551	-0.004179	-0.076653	M	1.937763	0.03447	-0.02072	-0.009043	0.012723	0.025811	-0.007723	-2.447829	1.134248	-0.505106	0.499947	1.664127
cell_002582	donor_191	-0.479681	-0.386963	-0.597238	0.159057	F	2.019203	0.00891	-0.020203	0.009573	0.010159	0.004808	0.005515	-0.305899	-0.455518	-0.054743	-1.45229	2.199124
cell_002583	donor_191	1.650369	-0.735506	-1.322134	0.159057	F	2.941515	0.04413	-0.020203	0.009573	0.010159	0.004808	0.005515	-0.042517	1.64559	-0.333207	0.034006	0.944264
cell_002584	donor_191	0.796051	-0.215756	2.038774	0.159057	F	1.937776	0.04445	-0.020203	0.009573	0.010159	0.004808	0.005515	-1.102215	-0.10255	0.906802	-0.213034	-0.483074
cell_002585	donor_191	-0.526206	0.845984	1.082197	0.159057	F	2.241979	0.0063	-0.020203	0.009573	0.010159	0.004808	0.005515	1.115228	1.401115	1.560133	-0.674991	-0.579316
cell_002586	donor_191	-0.521336	-0.742921	0.741367	0.159057	F	2.2875	0.05837	-0.020203	0.009573	0.010159	0.004808	0.005515	-0.47158	0.718521	-1.196798	-1.140336	-0.714338
cell_002587	donor_191	0.574892	-1.410610	-1.128436	0.159057	F	1.974857	0.01974	-0.020203	0.009573	0.010159	0.004808	0.005515	-0.938223	0.88436	0.816972	-0.481681	-0.193867
cell_002588	donor_191	-2.536430	0.595387	-0.261827	0.159057	F	2.10952	0.05069	-0.020203	0.009573	0.010159	0.004808	0.005515	-2.539733	-0.457428	1.243954	-0.51182	-1.09251
cell_002589	donor_191	-0.162150	-1.691444	-1.098102	0.159057	F	2.008279	0.01732	-0.020203	0.009573	0.010159	0.004808	0.005515	1.376225	-1.11448	1.54606	2.887912	-0.109377
cell_002590	donor_191	-0.477959	-0.672326	0.117836	0.159057	F	2.081023	0.04411	-0.020203	0.009573	0.010159	0.004808	0.005515	1.243778	-1.668934	-1.712941	-0.796727	0.82242
cell_002591	donor_191	0.583468	2.269613	-0.020017	0.159057	F	1.765393	0.0402	-0.020203	0.009573	0.010159	0.004808	0.005515	0.001744	-0.186402	-1.290836	-0.12735	-0.643612
cell_002592	donor_191	1.115403	-0.829973	-1.674946	0.159057	F	1.802315	0.02926	-0.020203	0.009573	0.010159	0.004808	0.005515	-0.922496	-1.007362	0.191939	-0.720327	-0.006517
cell_002593	donor_191	-0.352302	-1.597722	0.014673	0.159057	F	2.006769	0.03902	-0.020203	0.009573	0.010159	0.004808	0.005515	-1.769014	0.503139	0.240713	-0.231369	0.161517
cell_002594	donor_191	-0.780454	-1.954271	1.736025	0.159057	F	1.211239	0.02827	-0.020203	0.009573	0.010159	0.004808	0.005515	0.934168	-1.44881	0.066696	-1.305139	0.087608
cell_002595	donor_191	-0.537562	-1.637619	0.898172	0.159057	F	2.598429	0.04428	-0.020203	0.009573	0.010159	0.004808	0.005515	-0.258854	-0.024912	0.848413	0.81851	1.086709
cell_002596	donor_191	-0.728614	1.090166	-0.733394	0.159057	F	2.864343	0.07371	-0.020203	0.009573	0.010159	0.004808	0.005515	-0.396378	0.703171	0.506638	-0.371209	0.117203
cell_002597	donor_192	-0.540898	0.344832	0.593219	-0.542524	M	2.06814	0.00318	-0.002251	0.001963	-0.003633	0.021405	0.044569	-0.132186	1.394886	0.810216	-0.335865	-0.405443
cell_002598	donor_192	0.768484	-0.089741	0.528617	-0.542524	M	2.266188	0.03376	-0.002251	0.001963	-0.003633	0.021405	0.044569	0.957615	1.339969	0.315535	0.658572	1.303131
cell_002599	donor_192	0.745629	0.200569	-0.142658	-0.542524	M	2.432423	0.02169	-0.002251	0.001963	-0.003633	0.021405	0.044569	-0.174786	0.083471	0.486728	-0.428998	1.699045
cell_002600	donor_192	-1.445295	0.599174	0.042174	-0.542524	M	1.470132	0.02032	-0.002251	0.001963	-0.003633	0.021405	0.044569	-0.438003	0.061286	1.916376	-1.861776	0.215958
cell_002601	donor_192	-0.413616	1.277766	-1.427834	-0.542524	M	2.371311	0.02245	-0.002251	0.001963	-0.003633	0.021405	0.044569	-0.660566	0.000169	-1.20588	-0.370879	0.024777
cell_002602	donor_192	1.644036	-0.022273	0.317518	-0.542524	M	1.829424	0.01147	-0.002251	0.001963	-0.003633	0.021405	0.044569	0.23832	0.895645	-2.32384	-0.125869	-0.174692
cell_002603	donor_192	-0.395044	-1.667073	-0.139610	-0.542524	M	2.91629	0.04745	-0.002251	0.001963	-0.003633	0.021405	0.044569	-0.064278	0.032276	-0.830118	-1.546997	0.217106
cell_002604	donor_192	0.334745	0.676225	-0.198033	-0.542524	M	1.924696	0.00237	-0.002251	0.001963	-0.003633	0.021405	0.044569	-0.994252	0.402741	-0.937202	0.692722	-0.054456
cell_002605	donor_192	-2.192540	-1.541661	2.052020	-0.542524	M	2.363273	0.03902	-0.002251	0.001963	-0.003633	0.021405	0.044569	0.014958	-0.246345	-0.406689	-0.232983	1.18165
cell_002606	donor_192	-1.092536	1.427049	-0.934087	-0.542524	M	1.928635	0.04277	-0.002251	0.001963	-0.003633	0.021405	0.044569	-1.534373	-0.648136	1.056661	0.819773	1.34353
cell_002607	donor_192	-0.182456	0.625208	-0.820194	-0.542524	M	2.878677	0.03633	-0.002251	0.001963	-0.003633	0.021405	0.044569	-0.059242	-1.318291	-1.107842	-0.298711	0.760697
cell_002608	donor_192	1.592215	0.075728	0.460851	-0.542524	M	1.79506	0.03974	-0.002251	0.001963	-0.003633	0.021405	0.044569	-0.254679	-0.331682	0.396935	0.027721	-0.440588
cell_002609	donor_192	-0.267607	0.658720	1.578793	-0.542524	M	2.466036	0.04899	-0.002251	0.001963	-0.003633	0.021405	0.044569	-1.001513	0.946953	1.047813	-1.057687	-0.40261
cell_002610	donor_192	-0.131286	1.729713	-0.611596	-0.542524	M	2.250671	0.03107	-0.002251	0.001963	-0.003633	0.021405	0.044569	0.666973	-1.137662	0.365177	-0.326492	-1.216757
cell_002611	donor_192	0.764096	0.489114	-1.068582	-0.542524	M	2.161724	0.02307	-0.002251	0.001963	-0.003633	0.021405	0.044569	1.777342	-0.341434	0.524307	-1.121172	1.55234
cell_002612	donor_193	0.213810	0.007366	-0.853192	-0.452702	M	2.091603	0.03973	0.003593	-0.000131	0.005117	-0.013158	0.0153	1.947386	-1.502179	-0.16456	1.327889	-0.468432
cell_002613	donor_193	0.358002	0.146290	-0.072587	-0.452702	M	1.733195	0.04201	0.003593	-0.000131	0.005117	-0.013158	0.0153	0.409299	-1.680346	-0.788302	0.305044	-0.589462
cell_002614	donor_193	-0.068577	-0.090010	-0.367700	-0.452702	M	0.965577	0.04779	0.003593	-0.000131	0.005117	-0.013158	0.0153	-0.360535	-1.515574	0.654066	-1.339578	1.540693
cell_002615	donor_193	0.139834	-0.643914	2.656809	-0.452702	M	2.429757	0.00425	0.003593	-0.000131	0.005117	-0.013158	0.0153	-0.682692	0.800703	0.702204	-0.985078	-0.575757
cell_002616	donor_193	-1.409333	-0.584736	-0.505742	-0.452702	M	1.804464	0.02633	0.003593	-0.000131	0.005117	-0.013158	0.0153	-0.457438	-0.389653	-1.297668	0.533869	-0.688748
cell_002617	donor_193	2.040493	-1.320135	0.425922	-0.452702	M	2.46784	0.00869	0.003593	-0.000131	0.005117	-0.013158	0.0153	-0.114174	1.006353	0.571797	-0.621306	1.040932
cell_002618	donor_193	0.248394	0.333602	1.236343	-0.452702	M	2.140679	0.04122	0.003593	-0.000131	0.005117	-0.013158	0.0153	0.66554	-0.705845	-0.514048	1.000504	0.778676
cell_002619	donor_193	1.215829	-0.450957	0.194017	-0.452702	M	2.480103	0.04453	0.003593	-0.000131	0.005117	-0.013158	0.0153	-1.502565	-1.005593	0.695379	-1.174375	0.804938
cell_002620	donor_193	-1.864102	0.099093	-0.793989	-0.452702	M	2.320757	0.02451	0.003593	-0.000131	0.005117	-0.013158	0.0153	1.935787	0.37329	-0.922988	0.176506	1.034613
cell_002621	donor_193	-0.186382	-1.685372	0.404872	-0.452702	M	1.014122	0.01541	0.003593	-0.000131	0.005117	-0.013158	0.0153	0.09891	0.483836	-0.799413	-0.72367	0.906057
cell_002622	donor_193	-1.696569	0.148285	-1.226506	-0.452702	M	2.245958	0.04194	0.003593	-0.000131	0.005117	-0.013158	0.0153	-0.712062	-2.586203	-0.306333	0.314196	1.058511
cell_002623	donor_193	-0.849641	1.154732	0.587918	-0.452702	M	1.86253	0.02734	0.003593	-0.000131	0.005117	-0.013158	0.0153	1.645776	0.0847	0.658617	0.120626	0.35407
cell_002624	donor_193	1.149203	1.559727	-0.772839	-0.452702	M	2.466004	0.05853	0.003593	-0.000131	0.005117	-0.013158	0.0153	-0.18686	0.386441	-0.729923	1.980086	-2.391228
cell_002625	donor_193	1.498972	-1.465506	0.746100	-0.452702	M	2.236483	0.06546	0.003593	-0.000131	0.005117	-0.013158	0.0153	0.570887	0.319548	0.371282	-1.182817	-1.678146
cell_002626	donor_194	-0.493338	-0.930300	0.614470	-0.787096	M	2.241188	0.05001	0.008824	-0.008409	0.018041	0.00038	-0.019401	0.605775	1.341001	0.220229	0.80527	-0.458145
cell_002627	donor_194	0.944952	0.915268	0.214860	-0.787096	M	1.891103	0.03465	0.008824	-0.008409	0.018041	0.00038	-0.019401	0.331574	1.22566	-0.313547	1.185718	-1.634572
cell_002628	donor_194	0.131957	0.526867	0.303764	-0.787096	M	1.634958	0.06651	0.008824	-0.008409	0.018041	0.00038	-0.019401	-0.613003	0.545916	1.902811	0.014274	-1.033918
cell_002629	donor_194	0.541356	0.203999	0.842784	-0.787096	M	1.826845	0.03481	0.008824	-0.008409	0.018041	0.00038	-0.019401	1.880079	-0.126142	0.664779	-0.334425	0.142276
cell_002630	donor_194	-1.627208	-0.131273	-1.383846	-0.787096	M	1.280043	0.02042	0.008824	-0.008409	0.018041	0.00038	-0.019401	-0.562117	2.257644	1.191232	1.768123	-0.788462
cell_002631	donor_194	0.276702	1.641930	-0.474085	-0.787096	M	1.763863	0.01649	0.008824	-0.008409	0.018041	0.00038	-0.019401	-1.825023	-0.292954	2.516472	-0.321873	1.051788
cell_002632	donor_194	0.127252	0.756487	-2.067723	-0.787096	M	1.414336	0.01593	0.008824	-0.008409	0.018041	0.00038	-0.019401	-1.024844	-0.829007	-0.079792	2.109694	1.100233
cell_002633	donor_194	-0.522110	0.364516	-2.896995	-0.787096	M	1.424904	0.02987	0.008824	-0.008409	0.018041	0.00038	-0.019401	-2.053187	0.666731	-1.148735	-0.681562	0.51039
cell_002634	donor_194	-0.976808	1.100858	1.002997	-0.787096	M	2.046592	0.03926	0.008824	-0.008409	0.018041	0.00038	-0.019401	1.398436	1.349266	0.331567	0.345617	1.346212
cell_002635	donor_194	0.374318	0.882198	0.215104	-0.787096	M	2.21362	0.0017	0.008824	-0.008409	0.018041	0.00038	-0.019401	-1.575544	1.827355	-0.735982	0.260614	-0.496253
cell_002636	donor_194	0.555395	-0.315654	0.115813	-0.787096	M	1.987283	0.02102	0.008824	-0.008409	0.018041	0.00038	-0.019401	-1.156009	0.46159	0.236536	-0.105393	-0.152666
cell_002637	donor_194	-0.632370	1.263483	1.521559	-0.787096	M	1.800484	0.03426	0.008824	-0.008409	0.018041	0.00038	-0.019401	1.525947	2.192803	1.252903	0.277409	-1.637267
cell_002638	donor_195	1.379913	-0.408109	-0.953774	0.471151	F	1.621037	0.04287	0.007032	0.00474	0.019208	0.016631	-0.002185	0.627156	0.67139	0.771333	-1.140981	0.850064
cell_002639	donor_195	1.276974	0.543907	0.328584	0.471151	F	1.873123	0.02948	0.007032	0.00474	0.019208	0.016631	-0.002185	1.561586	-0.982622	0.684657	-0.811777	-0.10427
cell_002640	donor_195	-0.633632	0.425664	-1.085278	0.471151	F	1.671111	0.03489	0.007032	0.00474	0.019208	0.016631	-0.002185	-0.948691	-0.350712	-0.342959	0.412275	0.890358
cell_002641	donor_195	0.634062	1.378887	1.631046	0.471151	F	1.974868	0.00523	0.007032	0.00474	0.019208	0.016631	-0.002185	1.216178	-0.651966	0.359869	-1.098164	-0.110688
cell_002642	donor_195	0.708524	-1.382022	0.197330	0.471151	F	1.391387	0.01176	0.007032	0.00474	0.019208	0.016631	-0.002185	0.042741	-0.922537	0.559106	-0.155755	0.154369
cell_002643	donor_195	2.139682	-0.868612	-0.059182	0.471151	F	2.280527	0.02878	0.007032	0.00474	0.019208	0.016631	-0.002185	1.224509	-0.427677	0.850198	1.442878	1.381604
cell_002644	donor_195	1.413524	0.617134	2.480156	0.471151	F	1.773188	0.04021	0.007032	0.00474	0.019208	0.016631	-0.002185	-0.188135	-0.972662	-0.709932	-1.586683	0.686019
cell_002645	donor_195	-0.732869	-0.989756	1.224125	0.471151	F	2.150503	0.03463	0.007032	0.00474	0.019208	0.016631	-0.002185	0.748086	0.117399	-1.376136	-0.365284	1.380259
cell_002646	donor_195	-1.195879	-0.196768	-0.065647	0.471151	F	2.354889	0.01302	0.007032	0.00474	0.019208	0.016631	-0.002185	0.609664	0.783048	3.308059	0.328075	-2.158654
cell_002647	donor_195	1.035989	0.614268	0.457065	0.471151	F	2.131148	0.02527	0.007032	0.00474	0.019208	0.016631	-0.002185	-1.1011	0.305556	0.018739	-0.171988	-0.154432
cell_002648	donor_195	-0.402431	1.215004	4.025824	0.471151	F	2.319651	0.06024	0.007032	0.00474	0.019208	0.016631	-0.002185	-0.784435	0.373814	1.394361	1.732339	1.703983
cell_002649	donor_195	0.691282	0.099672	-1.297863	0.471151	F	1.173344	0.04089	0.007032	0.00474	0.019208	0.016631	-0.002185	-0.955967	-0.020175	-0.31384	0.591973	-0.082696
cell_002650	donor_195	-0.637481	-0.213710	-0.534600	0.471151	F	1.802857	0.02675	0.007032	0.00474	0.019208	0.016631	-0.002185	-0.225627	1.454579	0.098378	0.124184	0.413238
cell_002651	donor_195	-0.016078	1.778016	1.247167	0.471151	F	2.441231	0.00948	0.007032	0.00474	0.019208	0.016631	-0.002185	0.676194	0.681956	1.552137	-1.285616	0.324462
cell_002652	donor_195	-0.158833	-1.208280	1.337368	0.471151	F	2.203692	0.01573	0.007032	0.00474	0.019208	0.016631	-0.002185	-0.102379	-0.300879	0.757781	1.296543	-0.591759
cell_002653	donor_195	-0.049054	-1.726500	0.712430	0.471151	F	2.739385	0.03013	0.007032	0.00474	0.019208	0.016631	-0.002185	1.686938	-1.431648	0.590261	-0.890686	-0.641772
cell_002654	donor_195	1.025687	-2.425908	-0.824555	0.471151	F	2.681752	0.03552	0.007032	0.00474	0.019208	0.016631	-0.002185	0.06008	-0.398823	-2.863277	0.61147	0.779761
cell_002655	donor_196	-0.110454	0.734511	-0.515747	-0.09738	M	2.119837	0.04131	-0.009442	3.5e-05	0.007266	0.009675	0.006028	-0.161063	-0.239639	-0.37289	-1.711465	-1.817288
cell_002656	donor_196	-0.832142	0.727169	-0.468322	-0.09738	M	1.899209	0.03776	-0.009442	3.5e-05	0.007266	0.009675	0.006028	0.803632	1.064701	0.59683	0.379254	0.78272
cell_002657	donor_196	0.542055	-1.111516	-1.352333	-0.09738	M	1.616625	0.0226	-0.009442	3.5e-05	0.007266	0.009675	0.006028	0.71611	-0.785155	0.222461	-0.296073	-0.282863
cell_002658	donor_196	0.755269	0.252520	0.922456	-0.09738	M	1.809677	0.01978	-0.009442	3.5e-05	0.007266	0.009675	0.006028	1.140205	1.574661	-2.346342	-0.255074	-0.307437
cell_002659	donor_196	-0.532593	-0.795105	1.360719	-0.09738	M	1.836701	0.07094	-0.009442	3.5e-05	0.007266	0.009675	0.006028	1.161472	-1.450376	-2.989578	0.820935	0.962934
cell_002660	donor_196	-1.522959	1.251461	1.320505	-0.09738	M	1.7627	0.01887	-0.009442	3.5e-05	0.007266	0.009675	0.006028	-1.784004	-0.124402	1.530181	-1.078044	0.101052
cell_002661	donor_196	0.860090	-0.687808	-0.816524	-0.09738	M	1.632665	0.00417	-0.009442	3.5e-05	0.007266	0.009675	0.006028	0.507962	-1.427632	-0.563842	-1.690836	-0.164532
cell_002662	donor_196	-0.210056	-1.295040	-0.961694	-0.09738	M	2.160631	0.00277	-0.009442	3.5e-05	0.007266	0.009675	0.006028	-0.790993	0.207686	0.634825	1.388629	2.332281
cell_002663	donor_196	0.644734	0.649349	-1.049575	-0.09738	M	2.678656	0.02294	-0.009442	3.5e-05	0.007266	0.009675	0.006028	0.2077	-0.31657	-0.374665	-0.964866	0.448155
cell_002664	donor_196	0.676122	0.454303	1.509886	-0.09738	M	2.373303	0.0488	-0.009442	3.5e-05	0.007266	0.009675	0.006028	-0.494874	0.518052	-0.933027	-0.466077	0.432353
cell_002665	donor_197	0.569136	1.058581	0.477078	0.435005	F	1.871032	0.01848	-0.001815	0.019936	-0.013486	0.049588	0.015261	-0.124905	-1.920321	-0.015193	-0.801774	1.18143
cell_002666	donor_197	0.979929	-1.287117	-0.121744	0.435005	F	2.405612	0.05955	-0.001815	0.019936	-0.013486	0.049588	0.015261	0.971111	-2.28293	0.801499	0.3893	-1.484043
cell_002667	donor_197	-0.038983	-0.243750	0.443887	0.435005	F	2.13866	0.02985	-0.001815	0.019936	-0.013486	0.049588	0.015261	0.878323	-1.279885	1.145378	-0.646188	-1.518047
cell_002668	donor_197	0.634380	0.392257	-0.176944	0.435005	F	1.983718	0.05219	-0.001815	0.019936	-0.013486	0.049588	0.015261	2.120748	-1.546329	-0.806024	-0.60992	-0.455668
cell_002669	donor_197	-0.735730	1.097186	0.349733	0.435005	F	1.958751	0.01485	-0.001815	0.019936	-0.013486	0.049588	0.015261	0.698781	0.057912	1.004303	0.371917	-1.673
cell_002670	donor_197	-1.018614	-0.193688	-1.743300	0.435005	F	1.920024	0.01516	-0.001815	0.019936	-0.013486	0.049588	0.015261	0.549857	0.233807	-0.624629	2.073725	0.608348
cell_002671	donor_197	0.035371	-0.198380	-0.574467	0.435005	F	2.260426	0.03182	-0.001815	0.019936	-0.013486	0.049588	0.015261	0.941727	0.976573	-0.420054	0.633385	0.316027
cell_002672	donor_197	1.584600	-1.156154	0.706393	0.435005	F	2.055868	0.03965	-0.001815	0.019936	-0.013486	0.049588	0.015261	-0.557025	-1.221583	0.024232	0.586929	0.016243
cell_002673	donor_197	2.186708	1.077268	-0.031539	0.435005	F	1.708631	0.02642	-0.001815	0.019936	-0.013486	0.049588	0.015261	-0.182311	0.027358	-0.286979	1.549319	0.270241
cell_002674	donor_197	-1.134069	-1.362062	-0.411552	0.435005	F	1.689259	0.03585	-0.001815	0.019936	-0.013486	0.049588	0.015261	-0.486463	-1.808026	-0.197209	-0.576824	-0.613961
cell_002675	donor_197	-0.687001	-0.719547	-0.326313	0.435005	F	2.122362	0.04177	-0.001815	0.019936	-0.013486	0.049588	0.015261	0.942611	0.079736	-1.682445	0.618832	-1.582037
cell_002676	donor_197	-0.102247	0.485212	-1.237796	0.435005	F	2.17146	0.00159	-0.001815	0.019936	-0.013486	0.049588	0.015261	0.69332	-0.475075	0.086907	-0.024907	-0.148127
cell_002677	donor_198	-0.682244	-0.159672	-0.195485	0.339438	M	1.874747	0.02318	-0.02255	0.003705	0.015454	-0.006987	-0.029903	0.209524	0.081884	1.869729	0.223948	0.247186
cell_002678	donor_198	1.836424	0.232247	-1.613590	0.339438	M	1.547198	0.01963	-0.02255	0.003705	0.015454	-0.006987	-0.029903	-0.709521	0.380895	-1.023591	1.150128	-1.484348
cell_002679	donor_198	0.418181	0.545664	-0.125128	0.339438	M	2.500386	0.0206	-0.02255	0.003705	0.015454	-0.006987	-0.029903	-0.843659	-1.629133	0.419644	-0.423873	0.685927
cell_002680	donor_198	-1.213397	1.758055	-1.069884	0.339438	M	2.415442	0.03814	-0.02255	0.003705	0.015454	-0.006987	-0.029903	-0.975591	0.531475	0.579837	0.211798	0.030873
cell_002681	donor_198	0.660772	0.200051	0.600811	0.339438	M	1.205049	0.0199	-0.02255	0.003705	0.015454	-0.006987	-0.029903	0.137199	-0.910693	-1.07527	0.543873	-0.368691
cell_002682	donor_198	1.706858	0.561639	-0.558664	0.339438	M	2.535833	0.0101	-0.02255	0.003705	0.015454	-0.006987	-0.029903	0.453392	1.550988	-0.457158	-0.60009	-0.324283
cell_002683	donor_198	1.105992	-0.631099	0.163558	0.339438	M	1.91641	0.02527	-0.02255	0.003705	0.015454	-0.006987	-0.029903	0.038971	0.614139	-0.028387	2.078547	0.42085
cell_002684	donor_198	-1.293084	-1.033281	0.051387	0.339438	M	2.075995	0.00871	-0.02255	0.003705	0.015454	-0.006987	-0.029903	0.780824	-0.03686	1.011831	-0.205273	-0.644224
cell_002685	donor_198	0.368087	-1.702391	0.497287	0.339438	M	2.455289	0.03993	-0.02255	0.003705	0.015454	-0.006987	-0.029903	0.905345	-0.057289	0.245265	0.981883	0.138983
cell_002686	donor_198	-0.819429	1.279688	-0.351964	0.339438	M	2.661016	0.04611	-0.02255	0.003705	0.015454	-0.006987	-0.029903	-0.149249	-0.535396	1.061681	-0.341726	-0.0511
cell_002687	donor_199	-1.123622	0.075805	-0.916235	-0.425879	M	2.401146	0.0135	-0.020781	0.010842	-0.035092	-0.028987	0.010737	0.286908	0.282785	1.0137	-0.069819	1.376385
cell_002688	donor_199	1.268945	0.000530	-0.151677	-0.425879	M	2.096412	0.01452	-0.020781	0.010842	-0.035092	-0.028987	0.010737	-0.248757	0.370762	-0.183774	2.09314	-0.350637
cell_002689	donor_199	0.591801	-1.004947	-1.289154	-0.425879	M	1.449744	0.03707	-0.020781	0.010842	-0.035092	-0.028987	0.010737	-0.260199	0.114741	-0.266773	0.314488	1.229088
cell_002690	donor_199	0.408352	-1.099671	-1.100010	-0.425879	M	1.189507	0.00182	-0.020781	0.010842	-0.035092	-0.028987	0.010737	0.147304	0.18427	-0.22915	-0.505074	0.09653
cell_002691	donor_199	0.836756	0.525064	-1.253830	-0.425879	M	2.351264	0.04565	-0.020781	0.010842	-0.035092	-0.028987	0.010737	0.007599	1.173262	-0.959078	1.454535	-0.146815
cell_002692	donor_199	-0.619136	-0.903732	1.776319	-0.425879	M	2.536812	0.05099	-0.020781	0.010842	-0.035092	-0.028987	0.010737	0.148535	-1.064837	0.561937	-0.960476	0.37339
cell_002693	donor_199	0.906010	-0.420845	0.576195	-0.425879	M	1.674142	0.02676	-0.020781	0.010842	-0.035092	-0.028987	0.010737	0.275699	-0.325621	-2.065274	2.160625	-1.054191
cell_002694	donor_199	-1.356186	-0.672646	0.104863	-0.425879	M	1.892088	0.01452	-0.020781	0.010842	-0.035092	-0.028987	0.010737	0.272747	-0.729806	1.048003	-0.379486	-0.751975
cell_002695	donor_199	0.452231	-0.097459	0.248014	-0.425879	M	1.777094	0.01621	-0.020781	0.010842	-0.035092	-0.028987	0.010737	0.595157	-1.271957	-0.413279	0.690245	1.506843
cell_002696	donor_199	0.078336	-0.163577	-0.296146	-0.425879	M	1.76644	0.04628	-0.020781	0.010842	-0.035092	-0.028987	0.010737	-0.962412	-0.611559	0.352138	-1.997423	1.357624
cell_002697	donor_199	-0.426265	0.231938	0.410816	-0.425879	M	2.429984	0.07005	-0.020781	0.010842	-0.035092	-0.028987	0.010737	-0.999497	-0.43741	0.260844	0.051237	-0.963616
cell_002698	donor_199	0.198359	-1.178597	-0.998928	-0.425879	M	2.087349	0.06591	-0.020781	0.010842	-0.035092	-0.028987	0.010737	1.721459	-2.575132	-1.122008	-0.636775	-0.949705
cell_002699	donor_200	0.398882	1.471673	0.152415	-1.458731	F	1.908329	0.0261	-0.004451	-0.013916	-0.009895	-0.029416	0.009689	1.219554	-1.658344	1.557463	-0.278134	-1.360943
cell_002700	donor_200	-0.411668	0.224340	-1.136821	-1.458731	F	3.063008	0.00815	-0.004451	-0.013916	-0.009895	-0.029416	0.009689	-2.100904	-0.215131	-0.70197	0.236495	-0.450572
cell_002701	donor_200	1.308943	0.186594	-0.669457	-1.458731	F	1.426232	0.04675	-0.004451	-0.013916	-0.009895	-0.029416	0.009689	0.955803	-0.142491	-0.423908	0.973254	0.22817
cell_002702	donor_200	-0.166795	-0.527036	1.311670	-1.458731	F	2.219164	0.02746	-0.004451	-0.013916	-0.009895	-0.029416	0.009689	0.774632	1.148661	-0.2938	0.038248	0.843804
cell_002703	donor_200	-0.202240	0.155366	0.573726	-1.458731	F	1.580409	0.03956	-0.004451	-0.013916	-0.009895	-0.029416	0.009689	-2.450656	-0.101767	-0.224867	0.374052	-0.80111
cell_002704	donor_200	-0.740767	0.193709	0.274436	-1.458731	F	1.937025	0.03606	-0.004451	-0.013916	-0.009895	-0.029416	0.009689	1.095447	-0.737763	-0.459017	-0.66441	1.229882
cell_002705	donor_200	-1.554079	0.252696	-0.045762	-1.458731	F	2.059455	0.03186	-0.004451	-0.013916	-0.009895	-0.029416	0.009689	-2.085577	1.78688	1.473371	-0.564865	1.026924
cell_002706	donor_200	0.129966	0.035630	0.259170	-1.458731	F	2.337838	0.05057	-0.004451	-0.013916	-0.009895	-0.029416	0.009689	0.13009	1.652911	0.950654	2.193145	-1.562147
cell_002707	donor_200	1.337343	-1.179507	-0.342152	-1.458731	F	1.895527	0.05131	-0.004451	-0.013916	-0.009895	-0.029416	0.009689	0.191345	-1.724103	-0.518714	2.249653	0.4682
cell_002708	donor_200	0.666619	0.480926	0.459406	-1.458731	F	1.853221	0.01955	-0.004451	-0.013916	-0.009895	-0.029416	0.009689	0.984541	0.513939	0.450462	-0.522348	-0.708642
cell_002709	donor_200	2.753577	0.614136	1.130938	-1.458731	F	1.888366	0.01154	-0.004451	-0.013916	-0.009895	-0.029416	0.009689	-0.549158	-2.730394	-0.082039	0.23985	-0.61922
cell_002710	donor_200	-0.307072	-0.992912	-0.314317	-1.458731	F	1.568019	0.01998	-0.004451	-0.013916	-0.009895	-0.029416	0.009689	-0.130682	0.525049	0.884802	-1.19781	-0.794776
cell_002711	donor_200	0.711960	0.406828	0.403251	-1.458731	F	2.252924	0.02308	-0.004451	-0.013916	-0.009895	-0.029416	0.009689	0.752959	0.589007	1.344399	1.302925	2.414873
cell_002712	donor_200	-0.214344	-0.373803	-0.179857	-1.458731	F	2.112534	0.00813	-0.004451	-0.013916	-0.009895	-0.029416	0.009689	-0.292766	1.578564	-0.920015	2.394053	0.454697
cell_002713	donor_200	0.724475	0.840727	-1.006242	-1.458731	F	2.174067	0.03838	-0.004451	-0.013916	-0.009895	-0.029416	0.009689	0.54202	0.989926	-1.355363	-1.074755	0.115674
cell_002714	donor_200	0.762343	-0.650721	0.468922	-1.458731	F	1.972183	0.02328	-0.004451	-0.013916	-0.009895	-0.029416	0.009689	0.34572	2.082554	-0.9492	1.540193	-0.265589
cell_002715	donor_200	-0.191966	1.565789	-0.418075	-1.458731	F	1.922849	0.02545	-0.004451	-0.013916	-0.009895	-0.029416	0.009689	-0.279524	-0.163843	-0.305277	0.486538	-0.394943
cell_002716	donor_201	0.178612	0.606593	-0.873959	-1.5458	F	2.47024	0.04624	-0.016131	-0.010715	0.006936	-0.005133	-0.014093	-1.410457	-0.267809	0.456639	-1.402328	0.58183
cell_002717	donor_201	-0.072857	-0.266585	-0.513813	-1.5458	F	2.408715	0.03795	-0.016131	-0.010715	0.006936	-0.005133	-0.014093	1.18052	1.479931	0.337664	-1.804651	0.64762
cell_002718	donor_201	-0.439723	1.112015	-0.598551	-1.5458	F	2.56592	0.02767	-0.016131	-0.010715	0.006936	-0.005133	-0.014093	0.967171	-0.696534	-0.072683	0.483599	1.78726
cell_002719	donor_201	0.566408	0.314595	-1.396980	-1.5458	F	2.149038	0.06373	-0.016131	-0.010715	0.006936	-0.005133	-0.014093	-0.25585	0.891256	0.316298	0.199428	1.330469
cell_002720	donor_201	0.519169	-1.413513	0.628092	-1.5458	F	2.541066	0.04476	-0.016131	-0.010715	0.006936	-0.005133	-0.014093	-0.831422	0.230406	0.027185	-1.50692	1.232583
cell_002721	donor_201	-0.507192	0.008367	-1.294280	-1.5458	F	1.833567	0.02168	-0.016131	-0.010715	0.006936	-0.005133	-0.014093	0.829017	0.033879	-0.261379	0.000222	0.707372
cell_002722	donor_201	0.122382	0.926950	-0.806965	-1.5458	F	1.919659	0.02257	-0.016131	-0.010715	0.006936	-0.005133	-0.014093	0.052895	-0.6675	-0.51708	-0.012124	-0.932593
cell_002723	donor_201	-0.607167	0.454621	0.479618	-1.5458	F	2.47804	0.04577	-0.016131	-0.010715	0.006936	-0.005133	-0.014093	0.333324	-0.793016	-0.954338	3.193132	1.939851
cell_002724	donor_201	-2.434179	2.015406	0.528553	-1.5458	F	2.337369	0.03406	-0.016131	-0.010715	0.006936	-0.005133	-0.014093	0.143945	0.851016	1.020948	-0.075444	0.282756
cell_002725	donor_201	0.696919	-0.143540	-1.855354	-1.5458	F	1.88382	0.00758	-0.016131	-0.010715	0.006936	-0.005133	-0.014093	-0.26217	1.25567	1.269433	1.561919	0.265999
cell_002726	donor_201	0.674722	-0.565188	0.543932	-1.5458	F	1.581497	0.04789	-0.016131	-0.010715	0.006936	-0.005133	-0.014093	2.167805	-0.076351	2.04693	-0.4633	-1.29744
cell_002727	donor_201	-0.218801	0.238039	-0.774996	-1.5458	F	1.918414	0.05514	-0.016131	-0.010715	0.006936	-0.005133	-0.014093	2.027808	0.660377	0.519123	-0.360485	-0.845149
cell_002728	donor_202	0.864389	-1.188379	2.245569	3.026652	M	1.726053	0.05363	-0.039789	0.007349	0.00158	-0.010348	-0.020748	-0.750252	0.138547	-0.150201	-1.94058	1.693759
cell_002729	donor_202	2.237949	1.632700	1.275479	3.026652	M	2.689801	0.06085	-0.039789	0.007349	0.00158	-0.010348	-0.020748	-0.419711	1.238409	-0.705648	0.154843	0.972311
cell_002730	donor_202	-0.084548	1.166547	-0.096176	3.026652	M	2.304016	0.07138	-0.039789	0.007349	0.00158	-0.010348	-0.020748	0.834346	-0.267961	0.509294	0.675947	-0.14793
cell_002731	donor_202	-1.553518	1.503201	1.128824	3.026652	M	1.693631	0.0646	-0.039789	0.007349	0.00158	-0.010348	-0.020748	-1.113718	-0.624567	-0.379229	0.026059	1.59238
cell_002732	donor_202	-0.031339	-1.225184	-0.586201	3.026652	M	1.582004	0.03681	-0.039789	0.007349	0.00158	-0.010348	-0.020748	0.907482	-0.816064	1.836522	-0.07883	0.672286
cell_002733	donor_202	-1.821146	0.945081	-1.603309	3.026652	M	1.688675	0.02583	-0.039789	0.007349	0.00158	-0.010348	-0.020748	-0.938987	-0.452237	1.037938	-0.878872	0.055171
cell_002734	donor_202	0.286831	-0.843693	-1.426703	3.026652	M	1.77647	0.00659	-0.039789	0.007349	0.00158	-0.010348	-0.020748	0.470911	-1.022937	-1.777532	0.907384	2.863383
cell_002735	donor_202	0.238355	-0.333799	0.838189	3.026652	M	1.93332	0.03022	-0.039789	0.007349	0.00158	-0.010348	-0.020748	0.458866	0.650747	-0.884072	1.469675	-0.376766
cell_002736	donor_202	-1.267605	-0.757315	-2.387642	3.026652	M	2.445819	0.04038	-0.039789	0.007349	0.00158	-0.010348	-0.020748	1.163717	0.607298	0.631697	0.593306	0.561435
cell_002737	donor_202	-2.184347	1.798192	2.083598	3.026652	M	1.613393	0.03087	-0.039789	0.007349	0.00158	-0.010348	-0.020748	0.28339	0.969263	-0.726049	-0.23882	1.468088
cell_002738	donor_202	0.092726	-0.823829	-0.298449	3.026652	M	2.915815	0.00776	-0.039789	0.007349	0.00158	-0.010348	-0.020748	0.172906	-0.32594	1.034869	0.837431	-1.299819
cell_002739	donor_202	0.873574	-0.514389	0.237634	3.026652	M	1.62268	0.02427	-0.039789	0.007349	0.00158	-0.010348	-0.020748	0.729932	0.137338	0.711902	0.010705	0.464301
cell_002740	donor_202	-0.012756	-0.568813	-0.526193	3.026652	M	1.436381	0.04291	-0.039789	0.007349	0.00158	-0.010348	-0.020748	-1.830999	-0.894935	0.740101	2.621436	0.367275
cell_002741	donor_202	0.293321	-0.976888	0.451729	3.026652	M	2.675322	0.00948	-0.039789	0.007349	0.00158	-0.010348	-0.020748	-0.692805	0.13541	-0.893424	1.249823	0.04808
cell_002742	donor_202	-0.471579	0.127367	1.383963	3.026652	M	2.528502	0.03331	-0.039789	0.007349	0.00158	-0.010348	-0.020748	1.053208	-0.153455	1.141961	-1.623595	0.024478
cell_002743	donor_202	-0.168192	0.919804	-1.792033	3.026652	M	1.92706	0.03863	-0.039789	0.007349	0.00158	-0.010348	-0.020748	0.539589	-0.268351	0.35951	0.342544	1.048833
cell_002744	donor_202	-0.470363	0.027689	1.923331	3.026652	M	2.152533	0.05236	-0.039789	0.007349	0.00158	-0.010348	-0.020748	0.621526	0.392928	0.879464	-1.353052	-0.75241
cell_002745	donor_203	-1.959952	-0.096210	1.456689	1.478173	M	2.162628	0.06425	0.000255	0.009609	0.001955	0.032761	0.014095	-1.385259	0.548602	0.413814	1.385295	0.351666
cell_002746	donor_203	-0.785020	-0.212839	0.331739	1.478173	M	2.054685	0.02244	0.000255	0.009609	0.001955	0.032761	0.014095	-0.631701	0.134001	-1.875421	-0.408226	-2.347103
cell_002747	donor_203	0.184509	1.565770	0.448474	1.478173	M	1.481408	0.03368	0.000255	0.009609	0.001955	0.032761	0.014095	0.328521	-0.279298	-0.132276	-0.931584	-0.668857
cell_002748	donor_203	1.327773	-0.360008	-0.740525	1.478173	M	1.007213	0.0343	0.000255	0.009609	0.001955	0.032761	0.014095	0.692616	-1.43607	0.505688	-0.811222	-1.681003
cell_002749	donor_203	-0.225723	-1.159103	0.483512	1.478173	M	1.66211	0.04299	0.000255	0.009609	0.001955	0.032761	0.014095	1.226344	1.329181	-0.539468	-0.549275	-0.250875
cell_002750	donor_203	-0.385878	-0.671789	0.498658	1.478173	M	2.726462	0.04075	0.000255	0.009609	0.001955	0.032761	0.014095	-0.810065	-0.633847	0.450061	2.073894	-0.35471
cell_002751	donor_203	-1.143716	0.770502	-0.478337	1.478173	M	2.742165	0.0585	0.000255	0.009609	0.001955	0.032761	0.014095	1.023104	0.352892	-1.672235	-0.024436	-0.150052
cell_002752	donor_203	1.159096	-0.392738	0.631910	1.478173	M	1.895265	0.01663	0.000255	0.009609	0.001955	0.032761	0.014095	1.464538	1.505153	0.3768	1.214259	-0.14636
cell_002753	donor_203	0.179562	0.743902	0.109947	1.478173	M	1.616814	0.03836	0.000255	0.009609	0.001955	0.032761	0.014095	1.119356	0.100337	1.097675	1.19941	0.716451
cell_002754	donor_203	-1.663397	1.008794	-0.087683	1.478173	M	2.111248	0.03975	0.000255	0.009609	0.001955	0.032761	0.014095	-0.741588	-0.420544	0.752255	0.89346	0.15839
cell_002755	donor_203	0.789516	0.690246	-0.773296	1.478173	M	2.175592	0.0253	0.000255	0.009609	0.001955	0.032761	0.014095	-0.312291	0.191389	-0.278476	-0.272911	1.960033
cell_002756	donor_203	-0.914795	0.655355	-0.303249	1.478173	M	2.240288	0.01528	0.000255	0.009609	0.001955	0.032761	0.014095	-0.475487	0.507788	0.152924	-1.226547	-1.261018
cell_002757	donor_203	0.936429	-0.178201	1.023410	1.478173	M	0.989189	0.02878	0.000255	0.009609	0.001955	0.032761	0.014095	-0.081117	-1.952695	1.830406	-0.361615	-0.443192
cell_002758	donor_204	0.423304	0.287975	-0.374011	1.340183	F	3.263102	0.01579	-0.002146	0.014766	0.000973	0.000904	0.025927	1.223064	-0.140719	0.651043	-0.572585	0.045433
cell_002759	donor_204	0.232428	1.192853	-0.054215	1.340183	F	2.45299	0.06356	-0.002146	0.014766	0.000973	0.000904	0.025927	0.968478	-0.861813	0.527735	-2.416512	1.265505
cell_002760	donor_204	0.531174	0.046360	0.124604	1.340183	F	1.920855	0.03751	-0.002146	0.014766	0.000973	0.000904	0.025927	-0.556416	-0.085657	-0.097954	-0.974857	-1.05163
cell_002761	donor_204	1.723411	1.201730	0.079404	1.340183	F	1.712609	0.01409	-0.002146	0.014766	0.000973	0.000904	0.025927	0.521345	0.568335	-0.885273	0.541064	0.557894
cell_002762	donor_204	0.214454	-0.701871	-0.172972	1.340183	F	2.394922	0.01105	-0.002146	0.014766	0.000973	0.000904	0.025927	-0.378219	-1.293495	-0.037543	0.365082	-0.058865
cell_002763	donor_204	0.309398	0.850614	0.749221	1.340183	F	2.198158	0.04181	-0.002146	0.014766	0.000973	0.000904	0.025927	-0.592494	0.466969	1.265325	-0.770297	-0.298008
cell_002764	donor_204	-1.109259	0.976983	-0.088774	1.340183	F	2.036859	0.04392	-0.002146	0.014766	0.000973	0.000904	0.025927	2.743143	0.290868	-1.266807	-0.477583	-0.756921
cell_002765	donor_204	-0.986991	1.336385	1.463279	1.340183	F	2.183334	0.02568	-0.002146	0.014766	0.000973	0.000904	0.025927	0.380393	0.307727	-0.636487	1.856311	0.085133
cell_002766	donor_204	0.263747	0.708794	0.767449	1.340183	F	1.954912	0.04207	-0.002146	0.014766	0.000973	0.000904	0.025927	-0.45573	-1.221122	-0.894765	-1.246024	-0.190568
cell_002767	donor_204	1.395772	0.728069	-1.327688	1.340183	F	2.160745	0.02303	-0.002146	0.014766	0.000973	0.000904	0.025927	-0.884964	0.783984	-0.584432	0.840201	0.491467
cell_002768	donor_204	2.009808	1.065657	-0.509524	1.340183	F	2.290545	0.05134	-0.002146	0.014766	0.000973	0.000904	0.025927	0.645508	0.896749	1.993323	-0.848997	0.845999
cell_002769	donor_204	-1.029625	0.504813	-0.278260	1.340183	F	2.137327	0.04985	-0.002146	0.014766	0.000973	0.000904	0.025927	0.398119	1.06328	0.110798	1.176011	-1.291603
cell_002770	donor_204	0.329995	0.743407	-0.566442	1.340183	F	2.116369	0.00278	-0.002146	0.014766	0.000973	0.000904	0.025927	-1.004309	-0.56921	-0.07475	0.046356	-0.740027
cell_002771	donor_204	-1.116108	0.385818	-0.533388	1.340183	F	2.557144	0.0021	-0.002146	0.014766	0.000973	0.000904	0.025927	-0.990872	-0.65529	-1.709307	-0.288135	-0.058406
cell_002772	donor_204	0.146096	-1.343326	-0.252183	1.340183	F	1.361157	0.07063	-0.002146	0.014766	0.000973	0.000904	0.025927	0.441036	0.166872	1.793398	0.812373	0.737313
cell_002773	donor_205	0.714952	0.605933	-0.788358	-0.674607	M	1.680847	0.04864	-0.017961	0.000466	0.023794	0.00618	-0.007381	0.364702	0.535725	-0.22074	0.099622	1.921557
cell_002774	donor_205	-1.168264	0.015764	0.561033	-0.674607	M	2.010624	0.00475	-0.017961	0.000466	0.023794	0.00618	-0.007381	-0.070055	-1.331865	0.696808	0.875209	0.154523
cell_002775	donor_205	0.405175	-0.512160	0.297824	-0.674607	M	1.708053	0.00141	-0.017961	0.000466	0.023794	0.00618	-0.007381	-1.878345	1.286606	0.229907	-0.310258	1.188059
cell_002776	donor_205	1.502355	0.205145	-1.633148	-0.674607	M	1.841587	0.03416	-0.017961	0.000466	0.023794	0.00618	-0.007381	-2.024638	0.111861	-0.540793	1.492146	0.242883
cell_002777	donor_205	0.203200	2.043957	-1.287391	-0.674607	M	2.515097	0.00715	-0.017961	0.000466	0.023794	0.00618	-0.007381	-0.864655	1.138235	-2.459032	0.507902	-1.263292
cell_002778	donor_205	0.029725	-0.226335	0.095883	-0.674607	M	1.940412	0.02367	-0.017961	0.000466	0.023794	0.00618	-0.007381	-0.462438	-0.240677	0.910112	2.203411	-1.779553
cell_002779	donor_205	0.194252	1.139972	0.084783	-0.674607	M	1.268316	0.02905	-0.017961	0.000466	0.023794	0.00618	-0.007381	0.446304	2.202456	-0.57293	-0.634999	0.235946
cell_002780	donor_205	1.277260	-0.117656	-0.350137	-0.674607	M	1.830663	0.02819	-0.017961	0.000466	0.023794	0.00618	-0.007381	0.828835	0.657598	-0.358702	-0.802537	1.31613
cell_002781	donor_205	-0.669183	-1.817087	0.275781	-0.674607	M	2.023245	0.05253	-0.017961	0.000466	0.023794	0.00618	-0.007381	-0.774571	-1.916185	-1.453396	-0.57614	1.492506
cell_002782	donor_205	2.054000	0.458235	0.686747	-0.674607	M	2.015876	0.0667	-0.017961	0.000466	0.023794	0.00618	-0.007381	-1.188362	1.521918	1.306819	0.225231	-2.549094
cell_002783	donor_205	-0.413031	-0.244333	0.984641	-0.674607	M	2.222415	0.02042	-0.017961	0.000466	0.023794	0.00618	-0.007381	-1.184059	-0.633536	1.730702	-0.569168	-0.772932
cell_002784	donor_205	2.008694	1.487948	0.805245	-0.674607	M	2.189755	0.00739	-0.017961	0.000466	0.023794	0.00618	-0.007381	0.188302	-1.409526	-0.024621	-0.798557	2.68775
cell_002785	donor_205	0.035151	0.209719	-0.753507	-0.674607	M	1.94447	0.03778	-0.017961	0.000466	0.023794	0.00618	-0.007381	-0.917624	1.929935	-1.140167	0.262775	0.500314
cell_002786	donor_206	-1.448168	-1.126798	0.049800	0.00951	F	1.522784	0.06263	-0.034123	-0.045407	0.041524	0.00617	-0.011681	0.141765	0.080401	0.861457	0.417368	-0.172902
cell_002787	donor_206	-0.291992	-1.469442	-0.037323	0.00951	F	1.823544	0.02194	-0.034123	-0.045407	0.041524	0.00617	-0.011681	-0.674433	-0.165743	-0.178088	-0.197765	0.0762
cell_002788	donor_206	-0.318430	-1.172849	-0.370179	0.00951	F	1.750889	0.04701	-0.034123	-0.045407	0.041524	0.00617	-0.011681	-1.409322	-1.027579	0.831774	-2.250418	1.197032
cell_002789	donor_206	-0.320953	-0.616637	0.926670	0.00951	F	1.885958	0.01326	-0.034123	-0.045407	0.041524	0.00617	-0.011681	-0.558921	1.669472	1.226216	-0.3274	-0.223716
cell_002790	donor_206	-1.902902	-1.985799	0.003286	0.00951	F	2.276467	0.03043	-0.034123	-0.045407	0.041524	0.00617	-0.011681	1.593261	1.273234	0.97274	1.144191	-1.087522
cell_002791	donor_206	0.096127	0.404215	-0.538974	0.00951	F	2.161641	0.00676	-0.034123	-0.045407	0.041524	0.00617	-0.011681	0.205297	-0.770377	-1.11323	0.163888	-0.413843
cell_002792	donor_206	-0.917924	-0.007316	-0.441578	0.00951	F	2.329602	0.03022	-0.034123	-0.045407	0.041524	0.00617	-0.011681	-0.16625	-0.500035	-1.254477	1.696793	0.155827
cell_002793	donor_206	1.551071	-0.324227	-0.053185	0.00951	F	1.846367	0.02767	-0.034123	-0.045407	0.041524	0.00617	-0.011681	-1.442194	0.181971	1.52139	0.958727	-0.518722
cell_002794	donor_206	2.475418	-0.194760	0.556157	0.00951	F	2.603344	0.04216	-0.034123	-0.045407	0.041524	0.00617	-0.011681	-0.494707	-0.957076	-0.742254	-0.660886	-1.468272
cell_002795	donor_206	0.646309	0.731402	0.289487	0.00951	F	2.269135	0.06556	-0.034123	-0.045407	0.041524	0.00617	-0.011681	-0.44398	0.343979	-0.413997	0.217353	1.621933
cell_002796	donor_206	0.193841	0.100334	-0.575994	0.00951	F	2.044894	0.02222	-0.034123	-0.045407	0.041524	0.00617	-0.011681	1.835665	-0.067927	0.880182	-0.166646	-0.487874
cell_002797	donor_206	0.325519	2.028646	1.210682	0.00951	F	2.241339	0.00999	-0.034123	-0.045407	0.041524	0.00617	-0.011681	-1.116825	0.086612	1.084382	-1.27442	-0.287094
cell_002798	donor_207	0.303918	0.855830	-0.869176	-0.815363	M	1.729696	0.02596	0.006989	-0.018953	-0.006624	-0.018819	-0.028265	-0.335342	0.246879	0.262766	0.537236	1.896982
cell_002799	donor_207	-0.260512	0.947850	1.487167	-0.815363	M	1.156498	0.03599	0.006989	-0.018953	-0.006624	-0.018819	-0.028265	-0.870496	-0.925452	0.247366	1.452724	-1.462378
cell_002800	donor_207	-0.770866	-0.483588	2.181376	-0.815363	M	1.757321	0.03404	0.006989	-0.018953	-0.006624	-0.018819	-0.028265	0.331372	-0.201339	0.854288	0.62819	0.048517
cell_002801	donor_207	0.096261	1.823362	0.206857	-0.815363	M	2.298983	0.02685	0.006989	-0.018953	-0.006624	-0.018819	-0.028265	0.487523	-0.658278	0.800224	1.386524	0.100161
cell_002802	donor_207	0.246180	-0.305491	0.942555	-0.815363	M	2.032086	0.05975	0.006989	-0.018953	-0.006624	-0.018819	-0.028265	-0.407953	-0.145152	0.789707	-0.041866	-1.199643
cell_002803	donor_207	1.357778	-1.035002	-0.352451	-0.815363	M	1.945266	0.03272	0.006989	-0.018953	-0.006624	-0.018819	-0.028265	0.952105	-0.982836	0.424494	-1.866362	0.108151
cell_002804	donor_207	0.915079	-0.129549	-0.493385	-0.815363	M	1.660864	0.0279	0.006989	-0.018953	-0.006624	-0.018819	-0.028265	-0.068296	-1.967067	0.332815	-1.10136	0.084752
cell_002805	donor_207	1.009542	1.103453	-0.449642	-0.815363	M	1.21767	0.01445	0.006989	-0.018953	-0.006624	-0.018819	-0.028265	-0.411734	-1.480556	-1.045726	-0.965694	0.982413
cell_002806	donor_207	0.212367	-1.208475	-0.895481	-0.815363	M	2.569938	0.00493	0.006989	-0.018953	-0.006624	-0.018819	-0.028265	0.835816	2.194501	-0.511876	-0.544066	0.134873
cell_002807	donor_207	0.124165	0.031407	-0.966876	-0.815363	M	1.916842	0.03658	0.006989	-0.018953	-0.006624	-0.018819	-0.028265	-0.355267	-0.582563	0.054425	0.703609	-2.112141
cell_002808	donor_207	-0.715974	-1.065044	0.455060	-0.815363	M	1.828185	0.03491	0.006989	-0.018953	-0.006624	-0.018819	-0.028265	-0.572201	-1.402793	-0.153831	0.43263	1.116942
cell_002809	donor_207	-1.967639	-1.011577	-1.862942	-0.815363	M	1.731341	0.00881	0.006989	-0.018953	-0.006624	-0.018819	-0.028265	-0.433746	0.106273	-1.682125	-0.860466	0.207142
cell_002810	donor_207	0.419021	-1.802734	0.031729	-0.815363	M	2.501809	0.02911	0.006989	-0.018953	-0.006624	-0.018819	-0.028265	-1.359014	1.237012	0.523516	-0.904582	-1.482164
cell_002811	donor_207	1.639524	1.673434	-1.805908	-0.815363	M	2.35254	0.02712	0.006989	-0.018953	-0.006624	-0.018819	-0.028265	-0.719297	-0.89932	-1.216998	-1.40681	-0.2304
cell_002812	donor_207	0.298410	-0.988971	-1.193136	-0.815363	M	1.613104	0.01751	0.006989	-0.018953	-0.006624	-0.018819	-0.028265	0.732261	-0.711082	0.444884	-0.327743	0.612317
cell_002813	donor_207	-0.113470	1.228291	0.599659	-0.815363	M	2.465817	0.01413	0.006989	-0.018953	-0.006624	-0.018819	-0.028265	-0.786478	0.280991	0.120131	1.362319	0.558743
cell_002814	donor_208	-0.715141	0.705034	-2.243708	-1.312082	F	1.941972	0.0381	-0.0421	-0.031953	0.020426	-0.019738	0.010698	0.256007	-1.469888	-0.525248	-0.800398	-0.822205
cell_002815	donor_208	-0.752946	-0.823892	0.078321	-1.312082	F	1.755783	0.02548	-0.0421	-0.031953	0.020426	-0.019738	0.010698	0.015507	0.240821	0.279941	1.261444	0.483549
cell_002816	donor_208	-0.202828	-0.141471	-0.174720	-1.312082	F	1.882555	0.01818	-0.0421	-0.031953	0.020426	-0.019738	0.010698	-1.227851	0.202541	0.584377	1.262189	-0.154192
cell_002817	donor_208	0.022407	0.540131	0.149331	-1.312082	F	1.686681	0.01277	-0.0421	-0.031953	0.020426	-0.019738	0.010698	-0.144468	1.078897	0.178583	-1.598408	-1.812872
cell_002818	donor_208	-0.284352	0.401748	0.826124	-1.312082	F	1.471649	0.0274	-0.0421	-0.031953	0.020426	-0.019738	0.010698	1.840777	-1.713728	-0.167212	0.883117	-1.764607
cell_002819	donor_208	-0.556026	-0.059403	1.161907	-1.312082	F	2.310452	0.04849	-0.0421	-0.031953	0.020426	-0.019738	0.010698	-1.081561	-1.246741	1.801126	2.018154	-0.734172
cell_002820	donor_208	-1.102761	1.804702	-1.339155	-1.312082	F	1.911718	0.03413	-0.0421	-0.031953	0.020426	-0.019738	0.010698	0.579498	0.308062	-0.280793	-1.626776	2.307464
cell_002821	donor_208	-0.345365	-0.950190	2.187927	-1.312082	F	2.246884	0.02526	-0.0421	-0.031953	0.020426	-0.019738	0.010698	-1.816014	0.212105	-0.647598	1.008061	0.845947
cell_002822	donor_208	-0.503350	-0.500841	-0.370749	-1.312082	F	2.114885	0.03617	-0.0421	-0.031953	0.020426	-0.019738	0.010698	-0.978813	-0.790127	-1.550151	0.194801	0.710877
cell_002823	donor_208	0.095603	-0.328442	-0.132887	-1.312082	F	2.219416	0.05729	-0.0421	-0.031953	0.020426	-0.019738	0.010698	-0.441664	-0.244804	1.907847	0.936238	1.347765
cell_002824	donor_208	-3.529210	0.057160	0.017807	-1.312082	F	1.181605	0.03981	-0.0421	-0.031953	0.020426	-0.019738	0.010698	-2.242045	0.547192	0.251372	-1.251985	-1.043898
cell_002825	donor_208	1.038569	1.309061	-0.187708	-1.312082	F	1.653296	0.0352	-0.0421	-0.031953	0.020426	-0.019738	0.010698	-0.218436	-1.341996	-0.7987	-0.461593	0.573519
cell_002826	donor_208	0.816229	-1.101569	0.767342	-1.312082	F	2.227746	0.04277	-0.0421	-0.031953	0.020426	-0.019738	0.010698	-0.706806	-0.447237	1.024335	-1.764259	0.227286
cell_002827	donor_208	-0.572476	-1.184697	-0.185589	-1.312082	F	1.490068	0.02684	-0.0421	-0.031953	0.020426	-0.019738	0.010698	0.389404	0.416829	-0.501355	-1.064863	1.519515
cell_002828	donor_208	1.400472	0.181006	1.496488	-1.312082	F	2.149226	0.03368	-0.0421	-0.031953	0.020426	-0.019738	0.010698	-0.856495	-1.11703	0.020201	-0.739122	1.050804
cell_002829	donor_208	-0.748733	1.047851	-0.652160	-1.312082	F	1.443718	0.02022	-0.0421	-0.031953	0.020426	-0.019738	0.010698	-0.265175	1.180474	0.448775	-0.388211	1.114017
cell_002830	donor_208	0.225329	0.216683	0.661492	-1.312082	F	2.006578	0.00101	-0.0421	-0.031953	0.020426	-0.019738	0.010698	-0.650837	-0.320143	0.529159	0.226625	-0.673687
cell_002831	donor_209	0.250741	-0.739185	0.880307	-0.588774	M	2.643996	0.03686	0.019133	0.000332	-0.005971	0.00266	-0.008332	-1.53635	-0.018644	-0.727118	0.029646	-0.420974
cell_002832	donor_209	1.731657	-0.583803	-1.835232	-0.588774	M	2.30984	0.03693	0.019133	0.000332	-0.005971	0.00266	-0.008332	-0.717568	-0.268156	-0.073424	0.69501	0.423189
cell_002833	donor_209	0.499320	-0.331180	-0.131103	-0.588774	M	1.259704	0.02425	0.019133	0.000332	-0.005971	0.00266	-0.008332	2.094423	0.141436	-0.672931	-0.166295	0.568323
cell_002834	donor_209	0.556178	-0.456392	-0.268852	-0.588774	M	2.339349	0.05072	0.019133	0.000332	-0.005971	0.00266	-0.008332	1.003426	1.34147	-1.017004	1.280674	-0.046021
cell_002835	donor_209	-0.100120	1.469754	0.030070	-0.588774	M	2.728895	0.01557	0.019133	0.000332	-0.005971	0.00266	-0.008332	-0.926951	-0.203778	1.210755	0.457276	-1.212043
cell_002836	donor_209	-1.235674	-1.195878	0.139230	-0.588774	M	3.118806	0.00543	0.019133	0.000332	-0.005971	0.00266	-0.008332	-1.204543	-1.232295	-0.731538	0.07745	-1.126181
cell_002837	donor_209	-1.129428	-1.562303	0.635536	-0.588774	M	2.19003	0.01606	0.019133	0.000332	-0.005971	0.00266	-0.008332	-0.428326	1.402036	1.617808	1.550473	-1.794904
cell_002838	donor_209	0.684498	-0.368137	0.293659	-0.588774	M	1.454232	0.00082	0.019133	0.000332	-0.005971	0.00266	-0.008332	1.673722	0.091697	0.07797	1.028903	0.703459
cell_002839	donor_209	0.188122	0.602419	0.604750	-0.588774	M	2.173871	0.03676	0.019133	0.000332	-0.005971	0.00266	-0.008332	-1.868678	-0.612466	-0.366069	-1.330266	0.997157
cell_002840	donor_209	-2.605789	-0.240499	0.517904	-0.588774	M	2.638413	0.01496	0.019133	0.000332	-0.005971	0.00266	-0.008332	1.43893	-0.010562	0.298593	-0.011282	0.099153
cell_002841	donor_209	-0.410457	0.036203	0.750700	-0.588774	M	1.925165	0.04969	0.019133	0.000332	-0.005971	0.00266	-0.008332	1.117682	-1.765499	0.486103	0.011854	-0.713472
cell_002842	donor_209	0.080925	1.507919	1.126986	-0.588774	M	2.417244	0.04928	0.019133	0.000332	-0.005971	0.00266	-0.008332	-0.503353	1.83237	-1.327501	-0.168557	1.629487
cell_002843	donor_210	-0.118564	-0.198046	-2.850324	1.326185	M	1.664159	0.0115	0.024078	0.037531	0.028996	-0.043031	-0.008741	-1.27013	-0.456165	0.042309	0.41266	-0.080312
cell_002844	donor_210	-0.326502	-1.353269	0.221230	1.326185	M	2.148941	0.01384	0.024078	0.037531	0.028996	-0.043031	-0.008741	-0.895364	0.447403	-0.100603	0.627756	0.923694
cell_002845	donor_210	0.152871	0.695856	1.396670	1.326185	M	1.004168	0.04069	0.024078	0.037531	0.028996	-0.043031	-0.008741	-1.48624	1.03313	-0.254629	0.825211	0.493872
cell_002846	donor_210	-0.026269	2.280416	0.232451	1.326185	M	1.619866	0.0496	0.024078	0.037531	0.028996	-0.043031	-0.008741	1.854082	0.006254	-0.403316	-0.512966	-1.037094
cell_002847	donor_210	-1.310216	-0.562072	-0.372747	1.326185	M	1.997552	0.01025	0.024078	0.037531	0.028996	-0.043031	-0.008741	0.808102	-1.101419	0.799328	-0.223497	-1.763225
cell_002848	donor_210	0.592127	-0.947250	-0.297976	1.326185	M	1.854657	0.03563	0.024078	0.037531	0.028996	-0.043031	-0.008741	1.488272	-3.375819	-0.081759	0.233959	-2.306048
cell_002849	donor_210	-0.161040	-0.448121	0.811415	1.326185	M	1.479753	0.01395	0.024078	0.037531	0.028996	-0.043031	-0.008741	0.441254	-0.669788	-0.248519	1.343011	0.14272
cell_002850	donor_210	0.641321	1.166567	-0.331025	1.326185	M	1.800138	0.01903	0.024078	0.037531	0.028996	-0.043031	-0.008741	-0.350563	-0.17046	1.776103	0.404613	-0.883763
cell_002851	donor_210	1.202528	-1.363997	-1.388384	1.326185	M	2.131862	0.05187	0.024078	0.037531	0.028996	-0.043031	-0.008741	-0.488317	-1.190071	-0.45171	1.607894	-0.166334
cell_002852	donor_210	-1.213802	0.009212	1.202378	1.326185	M	1.965509	0.0902	0.024078	0.037531	0.028996	-0.043031	-0.008741	-1.337013	0.430927	-0.392578	0.56141	-0.242399
cell_002853	donor_210	-0.602142	-0.476693	-0.216018	1.326185	M	2.024375	0.02522	0.024078	0.037531	0.028996	-0.043031	-0.008741	1.44527	-0.910646	-1.165162	0.9376	-2.003556
cell_002854	donor_210	0.572828	-0.477625	-0.533417	1.326185	M	2.292788	0.00506	0.024078	0.037531	0.028996	-0.043031	-0.008741	-0.171933	0.800614	-2.194396	0.064643	-1.495949
cell_002855	donor_210	-1.345395	-0.571721	1.177462	1.326185	M	1.862735	0.01973	0.024078	0.037531	0.028996	-0.043031	-0.008741	-1.844844	-1.065941	-0.183392	-0.705876	1.107067
cell_002856	donor_210	0.090926	-0.739855	1.236144	1.326185	M	2.543671	0.03132	0.024078	0.037531	0.028996	-0.043031	-0.008741	0.082386	-0.488956	-1.309904	0.224109	2.058899
cell_002857	donor_210	-0.585214	1.419956	1.403607	1.326185	M	1.604292	0.0166	0.024078	0.037531	0.028996	-0.043031	-0.008741	-0.702916	-0.585552	-1.060715	1.184179	0.927006
cell_002858	donor_210	0.056012	-1.498550	2.289501	1.326185	M	2.771201	0.0115	0.024078	0.037531	0.028996	-0.043031	-0.008741	-0.446271	-0.599044	-0.943853	-0.289312	1.019879
cell_002859	donor_211	0.387276	-0.323887	0.956128	0.840745	F	2.445215	0.02146	8.3e-05	0.009261	-0.034546	-0.034869	0.026136	0.041525	1.287647	-0.720161	-2.312717	2.605335
cell_002860	donor_211	0.702303	1.310938	-0.662348	0.840745	F	1.857601	0.03791	8.3e-05	0.009261	-0.034546	-0.034869	0.026136	0.214583	0.778526	-0.787515	-1.362543	0.154748
cell_002861	donor_211	0.318473	-1.185870	0.666334	0.840745	F	1.884273	0.02661	8.3e-05	0.009261	-0.034546	-0.034869	0.026136	-1.99169	-0.267061	1.022311	0.448471	0.254902
cell_002862	donor_211	-0.022945	0.281009	-0.146350	0.840745	F	2.082694	0.01237	8.3e-05	0.009261	-0.034546	-0.034869	0.026136	1.743739	0.375342	-1.904426	-0.14907	1.925318
cell_002863	donor_211	-0.250989	-0.868231	0.790430	0.840745	F	2.239468	0.0166	8.3e-05	0.009261	-0.034546	-0.034869	0.026136	-0.309437	1.864096	1.023644	-0.408476	-1.080496
cell_002864	donor_211	1.489704	-0.556668	0.553541	0.840745	F	2.437819	0.02172	8.3e-05	0.009261	-0.034546	-0.034869	0.026136	0.339894	1.2705	-1.578638	0.120387	-2.041388
cell_002865	donor_211	0.432184	0.008098	-1.526596	0.840745	F	1.463764	0.01001	8.3e-05	0.009261	-0.034546	-0.034869	0.026136	-0.339591	-1.654733	0.562236	-0.688998	1.158036
cell_002866	donor_211	-1.301597	-0.780982	-2.139005	0.840745	F	2.174977	0.01586	8.3e-05	0.009261	-0.034546	-0.034869	0.026136	-0.540492	-0.631572	-1.615166	0.39105	0.492101
cell_002867	donor_211	1.408031	0.367703	-0.029961	0.840745	F	1.153394	0.04287	8.3e-05	0.009261	-0.034546	-0.034869	0.026136	0.939744	0.655201	0.40127	0.595851	0.696831
cell_002868	donor_211	-2.190236	-1.823871	-0.002341	0.840745	F	1.92908	0.02539	8.3e-05	0.009261	-0.034546	-0.034869	0.026136	0.907657	-1.527572	-0.461818	-1.623057	0.332134
cell_002869	donor_211	1.970490	-0.698644	0.863798	0.840745	F	2.581565	0.00507	8.3e-05	0.009261	-0.034546	-0.034869	0.026136	1.62996	0.896341	-0.607053	0.505414	0.34894
cell_002870	donor_211	-0.479902	0.055239	1.214684	0.840745	F	1.432956	0.0505	8.3e-05	0.009261	-0.034546	-0.034869	0.026136	0.23313	-1.303346	1.315136	-1.17809	-0.366744
cell_002871	donor_212	-0.345952	-0.690105	1.418071	-0.970048	M	1.360305	0.03833	-0.011182	-0.029748	-0.022073	0.007809	-0.016451	0.959142	-0.373416	0.079302	0.119606	0.065913
cell_002872	donor_212	0.045558	1.091205	-0.685249	-0.970048	M	2.088318	0.00234	-0.011182	-0.029748	-0.022073	0.007809	-0.016451	0.115055	0.213919	0.074703	-0.895488	-1.550042
cell_002873	donor_212	1.406674	0.273627	0.434788	-0.970048	M	2.554972	0.02269	-0.011182	-0.029748	-0.022073	0.007809	-0.016451	0.998129	1.043779	0.337473	0.329123	-0.915188
cell_002874	donor_212	0.131629	-0.505475	-0.001683	-0.970048	M	2.130158	0.01416	-0.011182	-0.029748	-0.022073	0.007809	-0.016451	-2.438585	-0.248688	-1.897352	0.1844	1.304239
cell_002875	donor_212	-0.442590	0.959546	-0.203057	-0.970048	M	1.238153	0.04354	-0.011182	-0.029748	-0.022073	0.007809	-0.016451	-0.616139	-0.558695	-1.005828	0.044252	-0.03323
cell_002876	donor_212	-1.496507	-1.679424	-1.726718	-0.970048	M	1.326749	0.02257	-0.011182	-0.029748	-0.022073	0.007809	-0.016451	-1.019131	0.912575	2.70237	1.189859	-0.110604
cell_002877	donor_212	0.617971	-1.151504	0.300086	-0.970048	M	2.039099	0.02854	-0.011182	-0.029748	-0.022073	0.007809	-0.016451	-0.122543	-0.513559	-0.534173	0.958157	1.001707
cell_002878	donor_212	0.136575	-0.064709	0.438405	-0.970048	M	1.528303	0.02622	-0.011182	-0.029748	-0.022073	0.007809	-0.016451	-1.16953	0.366315	1.111125	-0.350182	-0.211534
cell_002879	donor_212	0.158304	-2.709730	-0.323625	-0.970048	M	2.054675	0.0004	-0.011182	-0.029748	-0.022073	0.007809	-0.016451	0.695983	0.724418	0.429058	0.254229	0.388588
cell_002880	donor_212	0.425103	1.640283	1.686458	-0.970048	M	2.078398	0.05811	-0.011182	-0.029748	-0.022073	0.007809	-0.016451	-0.277717	-1.117716	-1.556614	0.595561	0.108197
cell_002881	donor_212	-1.363151	-0.349725	-1.566115	-0.970048	M	1.804097	0.04325	-0.011182	-0.029748	-0.022073	0.007809	-0.016451	0.45552	-0.828879	0.102586	0.07864	1.279007
cell_002882	donor_212	1.519885	1.012856	0.350588	-0.970048	M	2.725902	0.01505	-0.011182	-0.029748	-0.022073	0.007809	-0.016451	0.851755	-0.73996	0.504553	-0.746891	-2.61298
cell_002883	donor_212	0.166095	1.380631	1.211325	-0.970048	M	2.236187	0.03384	-0.011182	-0.029748	-0.022073	0.007809	-0.016451	1.725951	-0.37493	1.039463	-0.661343	-0.807348
cell_002884	donor_212	1.158045	0.456680	-0.349228	-0.970048	M	2.484636	0.04948	-0.011182	-0.029748	-0.022073	0.007809	-0.016451	-0.546593	0.252649	0.176147	0.497697	-0.496369
cell_002885	donor_212	0.767125	0.816042	-0.190637	-0.970048	M	2.368233	0.03111	-0.011182	-0.029748	-0.022073	0.007809	-0.016451	0.040427	-0.843171	1.469298	-1.314001	-0.821971
cell_002886	donor_213	-0.351249	1.133313	1.664116	-0.314816	F	1.939971	0.06114	0.004833	-0.019575	-0.034884	0.028488	0.007964	-0.423424	2.388932	0.766831	-0.853579	0.822191
cell_002887	donor_213	-0.749396	-0.263377	0.350933	-0.314816	F	1.922221	0.08836	0.004833	-0.019575	-0.034884	0.028488	0.007964	0.51583	0.273744	0.695814	0.058072	0.170798
cell_002888	donor_213	0.486599	-0.522366	1.883521	-0.314816	F	1.880952	0.02748	0.004833	-0.019575	-0.034884	0.028488	0.007964	-1.552927	1.443099	-0.447505	-1.237226	-0.504324
cell_002889	donor_213	0.422095	0.531383	1.758884	-0.314816	F	2.272441	0.01835	0.004833	-0.019575	-0.034884	0.028488	0.007964	-0.464054	-0.801235	0.77765	0.974193	-1.959199
cell_002890	donor_213	-0.449062	-0.088432	-1.253322	-0.314816	F	1.739854	0.01021	0.004833	-0.019575	-0.034884	0.028488	0.007964	-0.514776	-0.443105	-0.172145	1.706317	-0.813579
cell_002891	donor_213	-0.172350	-1.488928	0.747849	-0.314816	F	2.690013	0.01427	0.004833	-0.019575	-0.034884	0.028488	0.007964	1.562412	-0.14621	1.571728	-0.310957	-0.428082
cell_002892	donor_213	0.419997	-0.277069	-0.100424	-0.314816	F	1.701652	0.05496	0.004833	-0.019575	-0.034884	0.028488	0.007964	-0.022637	1.292251	0.158316	0.209252	0.636698
cell_002893	donor_213	0.761466	-1.135796	0.204168	-0.314816	F	2.08579	0.02293	0.004833	-0.019575	-0.034884	0.028488	0.007964	-0.879723	0.336688	-0.628148	1.471265	0.418662
cell_002894	donor_213	0.699510	-1.782274	0.684938	-0.314816	F	1.908368	0.04751	0.004833	-0.019575	-0.034884	0.028488	0.007964	0.692726	-2.039327	0.706732	-0.177541	-1.437158
cell_002895	donor_213	-1.674062	-0.117594	-1.163391	-0.314816	F	1.819683	0.05153	0.004833	-0.019575	-0.034884	0.028488	0.007964	0.094979	-1.518288	0.611029	1.433971	-1.790569
cell_002896	donor_213	1.431247	-1.157121	-1.650190	-0.314816	F	2.868939	0.00838	0.004833	-0.019575	-0.034884	0.028488	0.007964	-0.029982	-0.164891	-1.989571	0.916504	0.62571
cell_002897	donor_213	0.133352	-0.413703	-1.504605	-0.314816	F	1.824378	0.01138	0.004833	-0.019575	-0.034884	0.028488	0.007964	2.026088	0.496167	-0.879	0.514336	1.284807
cell_002898	donor_213	0.525815	-1.991499	-1.036241	-0.314816	F	1.878112	0.06489	0.004833	-0.019575	-0.034884	0.028488	0.007964	-0.46487	0.852414	-2.354909	1.475067	0.800388
cell_002899	donor_213	-0.575218	0.802222	1.295468	-0.314816	F	1.734347	0.0286	0.004833	-0.019575	-0.034884	0.028488	0.007964	-2.544369	0.382656	-1.986503	-0.611085	0.678868
cell_002900	donor_213	1.102782	-0.153274	-2.427308	-0.314816	F	2.016416	0.01679	0.004833	-0.019575	-0.034884	0.028488	0.007964	-0.136026	1.256613	0.063735	-0.03745	1.098495
cell_002901	donor_213	0.390853	1.470574	1.233790	-0.314816	F	1.959477	0.0091	0.004833	-0.019575	-0.034884	0.028488	0.007964	-0.337597	-0.025166	0.106669	-0.067501	1.160218
cell_002902	donor_214	0.462949	-1.189503	-0.525307	0.749123	F	1.552299	0.02717	-0.006675	-0.010427	0.029298	0.011831	0.022936	-0.666802	-0.830306	-1.06168	-2.141832	1.483742
cell_002903	donor_214	1.933814	-1.416730	-1.147841	0.749123	F	1.830252	0.06016	-0.006675	-0.010427	0.029298	0.011831	0.022936	-0.900787	-0.238595	1.557986	-0.141887	0.514404
cell_002904	donor_214	0.942552	-0.431159	-1.181755	0.749123	F	2.243875	0.04371	-0.006675	-0.010427	0.029298	0.011831	0.022936	-1.420593	1.398354	-0.121598	-1.018294	-1.019024
cell_002905	donor_214	1.527971	0.461056	-0.381801	0.749123	F	2.410795	0.03364	-0.006675	-0.010427	0.029298	0.011831	0.022936	1.689976	-0.586177	-0.996594	-0.433069	0.045372
cell_002906	donor_214	-1.145775	2.047407	-0.024452	0.749123	F	2.0096	0.06177	-0.006675	-0.010427	0.029298	0.011831	0.022936	0.151819	0.444358	0.234761	0.647139	-0.272747
cell_002907	donor_214	1.397328	0.893634	-0.520902	0.749123	F	2.023598	0.05792	-0.006675	-0.010427	0.029298	0.011831	0.022936	2.072179	-0.48844	1.352394	-0.599012	-1.427767
cell_002908	donor_214	-0.512941	1.446315	1.462517	0.749123	F	1.855602	0.03668	-0.006675	-0.010427	0.029298	0.011831	0.022936	-1.667089	0.303951	1.161959	-1.151021	-0.877494
cell_002909	donor_214	-1.876916	0.549780	-0.121215	0.749123	F	1.799023	0.08552	-0.006675	-0.010427	0.029298	0.011831	0.022936	0.386128	-0.002542	-0.585647	-1.279262	0.309076
cell_002910	donor_214	-1.033323	0.261746	-1.349597	0.749123	F	1.632171	0.02505	-0.006675	-0.010427	0.029298	0.011831	0.022936	0.652931	0.491749	0.026514	-1.055705	0.314555
cell_002911	donor_214	-0.466455	-0.798474	-0.499791	0.749123	F	1.37734	0.05196	-0.006675	-0.010427	0.029298	0.011831	0.022936	0.239828	-1.313215	-0.302342	0.36643	-0.07824
cell_002912	donor_214	-0.071478	-1.015567	1.573179	0.749123	F	1.719021	0.02214	-0.006675	-0.010427	0.029298	0.011831	0.022936	-1.960534	-0.640354	-0.706877	0.559294	2.598383
cell_002913	donor_214	0.493283	1.794563	-0.160080	0.749123	F	2.361621	0.04806	-0.006675	-0.010427	0.029298	0.011831	0.022936	0.133965	-1.197967	-0.160506	0.010635	0.756595
cell_002914	donor_214	-0.548790	1.758416	-0.578060	0.749123	F	1.830233	0.02503	-0.006675	-0.010427	0.029298	0.011831	0.022936	1.242122	1.391018	0.537229	-0.000793	1.483402
cell_002915	donor_215	-0.178292	0.720047	-1.237726	-0.570971	M	1.861593	0.03923	-0.011674	0.001013	0.008044	-0.011001	-0.001911	-0.347502	0.05448	-0.243437	-2.131292	1.271757
cell_002916	donor_215	0.711295	0.583347	1.269325	-0.570971	M	1.853806	0.0778	-0.011674	0.001013	0.008044	-0.011001	-0.001911	0.675519	-2.37001	1.001754	-0.303437	0.988546
cell_002917	donor_215	0.890045	1.299978	-0.110422	-0.570971	M	2.497883	0.04904	-0.011674	0.001013	0.008044	-0.011001	-0.001911	0.07579	-1.357339	0.026354	-0.898452	-1.222885
cell_002918	donor_215	-0.862670	2.109985	-1.526696	-0.570971	M	1.628647	0.03954	-0.011674	0.001013	0.008044	-0.011001	-0.001911	0.867029	0.391546	1.497569	-0.394385	-0.962903
cell_002919	donor_215	-1.426513	0.565128	1.624986	-0.570971	M	2.110821	0.01451	-0.011674	0.001013	0.008044	-0.011001	-0.001911	0.638804	-0.833682	-0.310195	0.525095	-0.125946
cell_002920	donor_215	0.189551	0.999304	-1.995803	-0.570971	M	1.972614	0.03376	-0.011674	0.001013	0.008044	-0.011001	-0.001911	-0.488731	-1.402662	0.936891	-0.368427	0.618093
cell_002921	donor_215	-0.499545	-1.873948	0.780411	-0.570971	M	2.027171	0.00984	-0.011674	0.001013	0.008044	-0.011001	-0.001911	0.485993	1.091287	-0.235568	-0.347719	-1.108268
cell_002922	donor_215	-1.547231	-1.277819	0.514025	-0.570971	M	2.09774	0.04774	-0.011674	0.001013	0.008044	-0.011001	-0.001911	-0.542651	0.341163	-0.817054	0.315787	1.467292
cell_002923	donor_215	1.061824	-0.158968	0.570173	-0.570971	M	2.022866	0.04724	-0.011674	0.001013	0.008044	-0.011001	-0.001911	-0.445212	-1.31437	-0.413401	-1.42266	1.334224
cell_002924	donor_215	0.537788	-0.215427	-1.094705	-0.570971	M	2.317209	0.02641	-0.011674	0.001013	0.008044	-0.011001	-0.001911	0.084851	-0.728454	-0.559856	-1.182113	1.01114
cell_002925	donor_215	0.564891	0.613096	0.894024	-0.570971	M	1.988297	0.06327	-0.011674	0.001013	0.008044	-0.011001	-0.001911	1.837196	-1.494093	1.043261	-0.245851	1.26749
cell_002926	donor_215	0.312066	-1.168500	0.690340	-0.570971	M	2.697751	0.06046	-0.011674	0.001013	0.008044	-0.011001	-0.001911	-1.833828	0.225395	-0.407899	0.659089	0.061142
cell_002927	donor_215	-0.001381	-0.482737	-0.294636	-0.570971	M	2.017792	0.03299	-0.011674	0.001013	0.008044	-0.011001	-0.001911	0.022256	-0.105987	1.562299	-0.174974	0.864283
cell_002928	donor_215	-0.690257	0.888844	-1.418115	-0.570971	M	1.318613	0.04131	-0.011674	0.001013	0.008044	-0.011001	-0.001911	0.628513	0.888809	-1.01475	0.707173	0.336869
cell_002929	donor_215	-0.993486	-0.328773	1.613751	-0.570971	M	2.255324	0.01823	-0.011674	0.001013	0.008044	-0.011001	-0.001911	-1.189457	-0.212396	2.29428	-0.391806	-0.36765
cell_002930	donor_216	1.054281	-1.640841	1.351347	0.079586	M	2.156839	0.02456	-0.011672	0.007981	-0.026428	0.011439	0.006214	0.45071	-0.540871	0.140453	-0.448909	0.402386
cell_002931	donor_216	1.349420	-1.174008	-2.521458	0.079586	M	2.013018	0.00844	-0.011672	0.007981	-0.026428	0.011439	0.006214	-0.061887	1.951993	0.046007	-0.222611	1.029436
cell_002932	donor_216	-0.072222	1.122424	1.591262	0.079586	M	1.896171	0.02043	-0.011672	0.007981	-0.026428	0.011439	0.006214	-1.391084	1.691723	-0.988481	1.192448	1.45661
cell_002933	donor_216	-0.870827	1.751979	-2.227932	0.079586	M	1.154152	0.02791	-0.011672	0.007981	-0.026428	0.011439	0.006214	-0.525806	-0.429713	-0.109178	0.621546	-0.998058
cell_002934	donor_216	-0.368051	-0.417211	1.152337	0.079586	M	1.221262	0.00321	-0.011672	0.007981	-0.026428	0.011439	0.006214	-0.109226	-0.313425	-1.151312	-1.045004	0.128247
cell_002935	donor_216	1.298302	0.954224	-1.350550	0.079586	M	2.659008	0.04154	-0.011672	0.007981	-0.026428	0.011439	0.006214	0.110525	-0.763977	0.079242	-0.646953	1.307091
cell_002936	donor_216	0.862619	0.509042	-1.671234	0.079586	M	1.765799	0.05044	-0.011672	0.007981	-0.026428	0.011439	0.006214	-0.102982	1.097535	-1.69269	0.322766	0.596079
cell_002937	donor_216	-2.067014	1.037989	-0.180099	0.079586	M	2.386248	0.02984	-0.011672	0.007981	-0.026428	0.011439	0.006214	-0.137883	-0.538853	-0.153884	0.742465	-1.210533
cell_002938	donor_216	-1.285182	-0.208172	0.364041	0.079586	M	1.358787	0.02394	-0.011672	0.007981	-0.026428	0.011439	0.006214	0.70049	0.318366	-0.260792	-0.218063	0.06186
cell_002939	donor_216	-0.082851	-1.551986	1.885557	0.079586	M	1.581257	0.02494	-0.011672	0.007981	-0.026428	0.011439	0.006214	1.65862	0.348002	-0.942692	-0.435298	-1.144578
cell_002940	donor_216	1.004218	-0.335377	-0.295095	0.079586	M	2.271456	0.00213	-0.011672	0.007981	-0.026428	0.011439	0.006214	-1.889788	-1.162138	0.120076	1.273957	0.995773
cell_002941	donor_216	0.359487	-1.129621	0.322676	0.079586	M	1.959	0.01781	-0.011672	0.007981	-0.026428	0.011439	0.006214	-1.155261	-0.79765	-0.938684	-2.581609	-0.167641
cell_002942	donor_217	-1.330732	-0.070534	-1.168571	0.401847	F	2.215067	0.05904	-0.004066	0.00899	-0.007299	-0.013403	0.010875	0.803255	-0.25239	-1.267817	-0.845148	-0.328847
cell_002943	donor_217	-1.118084	1.645723	0.059226	0.401847	F	1.994547	0.01869	-0.004066	0.00899	-0.007299	-0.013403	0.010875	0.77022	-0.182818	0.634909	-0.081341	0.236789
cell_002944	donor_217	0.207406	-2.011380	-0.597002	0.401847	F	1.916931	0.01367	-0.004066	0.00899	-0.007299	-0.013403	0.010875	-0.940169	-0.685845	-1.25581	0.601655	-0.291185
cell_002945	donor_217	0.461212	0.194136	-2.154030	0.401847	F	1.727982	0.04659	-0.004066	0.00899	-0.007299	-0.013403	0.010875	-3.597631	0.481154	0.974141	-0.811711	0.480285
cell_002946	donor_217	0.207138	0.366559	1.283762	0.401847	F	1.522399	0.01596	-0.004066	0.00899	-0.007299	-0.013403	0.010875	-0.209728	-2.11782	1.952968	-0.20372	0.201416
cell_002947	donor_217	-0.655231	-2.242069	-0.996771	0.401847	F	2.561081	0.01443	-0.004066	0.00899	-0.007299	-0.013403	0.010875	-0.624591	-0.29553	0.161662	-1.04254	1.693965
cell_002948	donor_217	-1.097065	0.736709	-2.716737	0.401847	F	2.626924	0.07065	-0.004066	0.00899	-0.007299	-0.013403	0.010875	0.838147	0.516829	-0.141782	-0.761219	1.03009
cell_002949	donor_217	-0.448356	1.425795	0.007212	0.401847	F	1.584519	0.03757	-0.004066	0.00899	-0.007299	-0.013403	0.010875	0.610693	-0.399422	-1.084522	-1.575903	0.028572
cell_002950	donor_217	0.896317	-1.641798	-1.601990	0.401847	F	1.558368	0.04869	-0.004066	0.00899	-0.007299	-0.013403	0.010875	-0.248924	1.185625	0.992205	0.038894	-0.08112
cell_002951	donor_217	1.437242	0.101215	0.103274	0.401847	F	1.860891	0.03989	-0.004066	0.00899	-0.007299	-0.013403	0.010875	-1.152087	1.060978	-0.05673	0.605281	1.176804
cell_002952	donor_218	-1.118153	0.100782	-1.145938	0.390931	F	2.136174	0.03323	0.01174	-0.010145	-0.011861	-0.003659	-0.01104	-0.565608	-0.827916	2.468706	0.594469	-0.278598
cell_002953	donor_218	1.186870	2.727831	0.483941	0.390931	F	1.927273	0.05528	0.01174	-0.010145	-0.011861	-0.003659	-0.01104	1.239896	-0.308257	0.325485	-0.568233	-0.016971
cell_002954	donor_218	-0.634946	-2.533658	-1.684464	0.390931	F	2.199808	0.06811	0.01174	-0.010145	-0.011861	-0.003659	-0.01104	-0.27407	-0.751881	0.242862	-0.638595	0.575987
cell_002955	donor_218	1.554862	-1.029192	-0.370835	0.390931	F	1.9803	0.00367	0.01174	-0.010145	-0.011861	-0.003659	-0.01104	-0.304544	-1.7201	0.620848	0.637597	2.253552
cell_002956	donor_218	0.655326	1.482290	-0.199587	0.390931	F	1.954148	0.02929	0.01174	-0.010145	-0.011861	-0.003659	-0.01104	0.017722	0.183322	0.47859	1.019702	0.957199
cell_002957	donor_218	-0.404667	0.071621	-0.627638	0.390931	F	2.965231	0.02914	0.01174	-0.010145	-0.011861	-0.003659	-0.01104	0.318785	-0.032975	0.842662	-0.074599	-1.289168
cell_002958	donor_218	-0.573819	0.411880	0.185292	0.390931	F	1.789919	0.02141	0.01174	-0.010145	-0.011861	-0.003659	-0.01104	-1.501225	-0.293265	0.119969	2.472029	-0.120026
cell_002959	donor_218	2.131605	0.438849	1.151146	0.390931	F	2.655979	0.04962	0.01174	-0.010145	-0.011861	-0.003659	-0.01104	0.046601	-0.404333	0.618806	0.280343	-0.638337
cell_002960	donor_218	-1.071285	0.525157	-0.722981	0.390931	F	2.578745	0.03514	0.01174	-0.010145	-0.011861	-0.003659	-0.01104	-1.011461	-0.402367	-0.843371	-0.231161	0.14148
cell_002961	donor_218	0.395453	0.688515	0.049869	0.390931	F	2.201637	0.06851	0.01174	-0.010145	-0.011861	-0.003659	-0.01104	-0.501194	1.454499	1.159395	-0.229558	-0.964166
cell_002962	donor_219	2.407326	1.427980	1.177245	0.254145	F	1.229547	0.05201	0.030502	0.00633	0.000292	-0.018654	0.01478	-0.029794	-0.133718	-0.062782	-0.398025	-1.049396
cell_002963	donor_219	0.764286	1.763361	-1.436969	0.254145	F	2.012423	0.05729	0.030502	0.00633	0.000292	-0.018654	0.01478	0.03489	-0.350865	-0.261935	0.093961	-0.069358
cell_002964	donor_219	1.370283	-0.991244	-0.564339	0.254145	F	1.794122	0.00602	0.030502	0.00633	0.000292	-0.018654	0.01478	0.07222	-0.397184	0.360145	-0.717799	-1.087942
cell_002965	donor_219	0.561392	1.233220	-1.153577	0.254145	F	2.008036	0.01388	0.030502	0.00633	0.000292	-0.018654	0.01478	-0.889979	-0.67669	-1.287802	-1.692707	0.503461
cell_002966	donor_219	-0.512545	0.097532	-0.186366	0.254145	F	1.574813	0.01553	0.030502	0.00633	0.000292	-0.018654	0.01478	1.274243	0.557704	-0.483097	-1.716436	0.191944
cell_002967	donor_219	0.854032	3.435928	0.419321	0.254145	F	2.302503	0.05646	0.030502	0.00633	0.000292	-0.018654	0.01478	-1.607307	-0.086659	-0.79958	-2.280595	1.480534
cell_002968	donor_219	-0.735196	-1.296508	-0.325254	0.254145	F	2.393994	0.01066	0.030502	0.00633	0.000292	-0.018654	0.01478	-1.255804	-0.355791	-0.128971	-0.470451	0.46458
cell_002969	donor_219	-0.940250	0.467550	0.452022	0.254145	F	2.46801	0.01124	0.030502	0.00633	0.000292	-0.018654	0.01478	-0.74097	0.381908	0.318505	-1.377752	0.235841
cell_002970	donor_219	-0.463168	1.984955	-0.735447	0.254145	F	1.847129	0.00757	0.030502	0.00633	0.000292	-0.018654	0.01478	-1.053972	-1.165641	0.290563	-0.408354	0.372938
cell_002971	donor_219	-0.119431	0.639163	0.892055	0.254145	F	1.57623	0.08506	0.030502	0.00633	0.000292	-0.018654	0.01478	0.381738	-1.428005	0.740618	0.285016	-0.586638
cell_002972	donor_219	1.277577	0.428496	1.050913	0.254145	F	2.140673	0.02716	0.030502	0.00633	0.000292	-0.018654	0.01478	-0.135874	0.769143	-0.319611	2.115259	1.490693
cell_002973	donor_219	-0.665108	0.918082	0.904729	0.254145	F	2.70243	0.0406	0.030502	0.00633	0.000292	-0.018654	0.01478	0.116784	-0.227987	-0.184673	-0.600653	0.125222
cell_002974	donor_219	1.512887	-1.668436	-0.907183	0.254145	F	2.027756	0.00719	0.030502	0.00633	0.000292	-0.018654	0.01478	0.687547	-1.349478	0.642779	0.933551	0.572177
cell_002975	donor_220	0.823141	-2.651364	0.492006	-0.653697	F	2.180919	0.04919	-0.012232	-0.013055	0.015452	0.007746	-0.050069	-0.129945	0.530631	1.299281	-0.058194	0.02361
cell_002976	donor_220	1.059804	-0.576375	-0.430190	-0.653697	F	1.906031	0.00547	-0.012232	-0.013055	0.015452	0.007746	-0.050069	2.132545	0.307244	-1.007294	0.872971	0.401942
cell_002977	donor_220	-1.074137	-0.521547	-0.492569	-0.653697	F	1.798612	0.01042	-0.012232	-0.013055	0.015452	0.007746	-0.050069	-0.655417	-1.103952	0.238598	-0.060101	-1.24425
cell_002978	donor_220	-0.682841	-0.737678	-0.271005	-0.653697	F	2.26331	0.01537	-0.012232	-0.013055	0.015452	0.007746	-0.050069	-0.088474	-0.151439	-0.062414	0.49159	-1.761894
cell_002979	donor_220	-0.283104	1.874132	-0.394185	-0.653697	F	1.957573	0.03438	-0.012232	-0.013055	0.015452	0.007746	-0.050069	-1.112129	-0.486945	1.326179	2.367782	0.004843
cell_002980	donor_220	0.344150	-0.576883	-0.589596	-0.653697	F	2.161409	0.01414	-0.012232	-0.013055	0.015452	0.007746	-0.050069	0.045545	-2.443365	0.904462	0.449644	0.283136
cell_002981	donor_220	-1.704371	-1.571366	-1.206998	-0.653697	F	2.203003	0.06048	-0.012232	-0.013055	0.015452	0.007746	-0.050069	-1.246213	1.979888	1.520543	0.294354	0.991995
cell_002982	donor_220	0.183697	1.076174	-1.786665	-0.653697	F	2.139007	0.04006	-0.012232	-0.013055	0.015452	0.007746	-0.050069	0.05111	0.821077	-1.307252	-2.273709	-1.269492
cell_002983	donor_220	-0.549077	-1.366891	-0.264277	-0.653697	F	2.223142	0.01621	-0.012232	-0.013055	0.015452	0.007746	-0.050069	-0.806483	-0.643563	0.448113	-0.257338	-0.028664
cell_002984	donor_220	1.075769	-0.446882	-0.047517	-0.653697	F	1.658798	0.04995	-0.012232	-0.013055	0.015452	0.007746	-0.050069	-1.18461	-1.271166	0.041103	-0.542105	0.004565
cell_002985	donor_220	1.455228	0.457901	-0.760092	-0.653697	F	1.634388	0.02213	-0.012232	-0.013055	0.015452	0.007746	-0.050069	0.544399	1.639486	-0.020452	1.813344	0.406275
cell_002986	donor_220	0.158915	-0.827549	0.420482	-0.653697	F	1.982951	0.01819	-0.012232	-0.013055	0.015452	0.007746	-0.050069	0.689503	1.053085	0.719747	-0.801707	1.083055
cell_002987	donor_220	0.515340	-1.367160	0.175149	-0.653697	F	1.992575	0.04792	-0.012232	-0.013055	0.015452	0.007746	-0.050069	-0.374083	0.301689	0.132851	1.144096	0.393067
cell_002988	donor_220	-0.117573	0.544677	0.831347	-0.653697	F	1.791071	0.01906	-0.012232	-0.013055	0.015452	0.007746	-0.050069	-1.386161	2.091657	0.834934	-0.550493	-1.137299
cell_002989	donor_220	0.477450	-0.303193	0.933330	-0.653697	F	2.0964	0.0447	-0.012232	-0.013055	0.015452	0.007746	-0.050069	0.949269	-1.019066	0.800717	1.069083	-0.649768
cell_002990	donor_220	-0.873063	-1.320522	-3.195287	-0.653697	F	2.363287	0.01574	-0.012232	-0.013055	0.015452	0.007746	-0.050069	-0.738987	-0.470217	-0.98888	0.229569	0.372279
cell_002991	donor_220	-0.070141	-0.821546	0.397754	-0.653697	F	2.475005	0.01571	-0.012232	-0.013055	0.015452	0.007746	-0.050069	0.727492	-0.833324	0.839959	-0.987676	0.839392
cell_002992	donor_221	-1.971227	-0.647179	0.470270	-0.550975	M	2.564905	0.06916	-0.003155	0.00251	-0.006792	0.003207	-0.036194	-1.486659	1.56774	-0.521516	0.599089	0.678462
cell_002993	donor_221	-1.029836	0.409257	-0.557023	-0.550975	M	1.474079	0.01938	-0.003155	0.00251	-0.006792	0.003207	-0.036194	-1.269534	0.835133	-0.550748	-0.306074	-0.670222
cell_002994	donor_221	-0.032808	0.595158	0.952797	-0.550975	M	1.534801	0.04912	-0.003155	0.00251	-0.006792	0.003207	-0.036194	1.613794	-1.169975	0.430288	-0.623661	1.091072
cell_002995	donor_221	0.092492	-0.814010	-0.458039	-0.550975	M	1.884142	0.03558	-0.003155	0.00251	-0.006792	0.003207	-0.036194	2.321354	-0.630345	0.140059	-0.385202	1.038071
cell_002996	donor_221	0.636955	-1.021254	-0.178067	-0.550975	M	2.032115	0.03766	-0.003155	0.00251	-0.006792	0.003207	-0.036194	-0.248702	0.905522	-0.397731	2.243737	-2.191524
cell_002997	donor_221	-0.385884	-0.103362	-1.009283	-0.550975	M	1.904633	0.02499	-0.003155	0.00251	-0.006792	0.003207	-0.036194	0.376866	-0.010541	-0.046735	0.285394	0.058434
cell_002998	donor_221	-1.851944	0.520743	0.964131	-0.550975	M	1.778944	0.02395	-0.003155	0.00251	-0.006792	0.003207	-0.036194	0.219038	0.408101	1.748981	-2.76558	1.84708
cell_002999	donor_221	-1.792175	0.368926	1.083183	-0.550975	M	1.878233	0.06056	-0.003155	0.00251	-0.006792	0.003207	-0.036194	2.559798	-1.751079	0.047856	1.371293	0.918533
cell_003000	donor_221	0.595911	-0.416670	-0.943496	-0.550975	M	2.193326	0.04861	-0.003155	0.00251	-0.006792	0.003207	-0.036194	1.67621	0.371943	-2.032793	1.304629	0.635476
cell_003001	donor_221	0.080978	0.247785	0.095808	-0.550975	M	1.468151	0.02001	-0.003155	0.00251	-0.006792	0.003207	-0.036194	1.466344	-1.53399	-1.21599	0.016456	1.333094
cell_003002	donor_221	-0.180135	-1.082652	0.422688	-0.550975	M	2.937343	0.00908	-0.003155	0.00251	-0.006792	0.003207	-0.036194	1.611589	-0.725746	-0.406439	2.871961	-0.552779
cell_003003	donor_222	0.470854	0.200822	0.110994	-1.13365	F	2.008397	0.01831	-0.05662	-0.019509	0.005645	-0.064499	-0.016871	0.675348	-0.451843	0.474759	-0.866333	-0.837836
cell_003004	donor_222	1.679249	-0.624379	1.281435	-1.13365	F	2.420339	0.04963	-0.05662	-0.019509	0.005645	-0.064499	-0.016871	-0.370783	-0.545217	-0.304117	0.525851	1.890378
cell_003005	donor_222	-0.734024	1.108951	1.233368	-1.13365	F	1.767998	0.05357	-0.05662	-0.019509	0.005645	-0.064499	-0.016871	-0.590505	-0.988466	0.009509	-0.851346	-1.635133
cell_003006	donor_222	-0.293051	1.660963	0.469036	-1.13365	F	2.22974	0.0411	-0.05662	-0.019509	0.005645	-0.064499	-0.016871	1.064266	0.080506	0.178493	-1.927164	-0.584762
cell_003007	donor_222	-0.877272	-0.374157	1.132762	-1.13365	F	2.040036	0.00234	-0.05662	-0.019509	0.005645	-0.064499	-0.016871	-1.415877	-0.02047	0.134325	0.133599	-0.666946
cell_003008	donor_222	0.923065	-1.058040	-0.139257	-1.13365	F	2.342723	0.04508	-0.05662	-0.019509	0.005645	-0.064499	-0.016871	-0.852971	-0.193216	0.357012	-0.579215	-0.937406
cell_003009	donor_222	0.203523	-0.507605	2.357800	-1.13365	F	1.920541	0.05607	-0.05662	-0.019509	0.005645	-0.064499	-0.016871	-0.894713	-0.658429	-0.452649	-1.098181	-0.445511
cell_003010	donor_222	0.233664	-0.061812	1.190851	-1.13365	F	2.620625	0.03347	-0.05662	-0.019509	0.005645	-0.064499	-0.016871	1.236134	-0.294506	-1.23885	-2.258493	1.836387
cell_003011	donor_222	-0.365214	1.007428	-1.667732	-1.13365	F	1.403178	0.0696	-0.05662	-0.019509	0.005645	-0.064499	-0.016871	1.13932	0.284605	1.162703	0.527596	-0.07567
cell_003012	donor_222	-0.453654	1.049070	1.570198	-1.13365	F	2.37975	0.00358	-0.05662	-0.019509	0.005645	-0.064499	-0.016871	-1.240188	1.908634	-0.437041	-0.38239	0.037457
cell_003013	donor_222	-0.773296	-0.889822	0.567446	-1.13365	F	2.047488	0.0437	-0.05662	-0.019509	0.005645	-0.064499	-0.016871	0.054621	0.574707	0.459588	-0.576864	0.025887
cell_003014	donor_222	-0.623034	-0.268578	0.876405	-1.13365	F	1.592669	0.0096	-0.05662	-0.019509	0.005645	-0.064499	-0.016871	0.543078	-0.661991	1.446655	-0.020252	1.598476
cell_003015	donor_222	-0.544102	-1.965426	-1.301084	-1.13365	F	2.780826	0.05117	-0.05662	-0.019509	0.005645	-0.064499	-0.016871	-1.392136	0.654629	-0.89037	-0.634472	0.904851
cell_003016	donor_223	0.009956	-1.863423	-0.297160	-1.561337	M	2.739479	0.04226	-0.038455	-0.004852	0.039158	-0.004344	-0.00215	-0.228477	2.597412	0.518028	-0.695776	0.519801
cell_003017	donor_223	-1.392097	1.639939	2.165143	-1.561337	M	1.170452	0.06603	-0.038455	-0.004852	0.039158	-0.004344	-0.00215	-0.2372	0.832051	-0.296187	0.406677	0.198432
cell_003018	donor_223	-1.058197	0.256759	-0.960404	-1.561337	M	2.070714	0.03999	-0.038455	-0.004852	0.039158	-0.004344	-0.00215	0.078429	1.041798	-1.803253	0.097511	-0.701174
cell_003019	donor_223	-0.309316	1.803469	-0.466689	-1.561337	M	2.282265	0.02192	-0.038455	-0.004852	0.039158	-0.004344	-0.00215	-1.348651	-0.837807	-0.619754	-0.235337	0.337329
cell_003020	donor_223	-0.286037	-0.942529	1.146189	-1.561337	M	2.176682	0.02018	-0.038455	-0.004852	0.039158	-0.004344	-0.00215	0.542293	-0.409068	1.584623	-0.37133	-1.946457
cell_003021	donor_223	-3.263267	-0.442797	-0.045886	-1.561337	M	2.606212	0.025	-0.038455	-0.004852	0.039158	-0.004344	-0.00215	-0.344591	0.04716	-3.272967	1.207336	-0.099077
cell_003022	donor_223	-0.661077	0.863546	1.202027	-1.561337	M	2.523053	0.01979	-0.038455	-0.004852	0.039158	-0.004344	-0.00215	-1.152396	-0.96013	0.761725	0.883921	-0.648766
cell_003023	donor_223	-1.412040	2.093487	-1.423259	-1.561337	M	2.106075	0.05694	-0.038455	-0.004852	0.039158	-0.004344	-0.00215	-1.355292	0.130881	0.31441	0.565269	-0.563127
cell_003024	donor_223	1.288631	0.149828	-0.503701	-1.561337	M	2.910841	0.05551	-0.038455	-0.004852	0.039158	-0.004344	-0.00215	-0.122099	0.020143	0.966812	1.329304	1.60069
cell_003025	donor_223	-0.409367	-0.033513	0.208418	-1.561337	M	2.374739	7e-05	-0.038455	-0.004852	0.039158	-0.004344	-0.00215	1.302481	1.813461	1.013161	-0.589353	1.533509
cell_003026	donor_223	-0.920154	-0.233940	-0.770673	-1.561337	M	1.859434	0.03077	-0.038455	-0.004852	0.039158	-0.004344	-0.00215	-1.37642	2.364465	-0.975235	0.887648	1.444254
cell_003027	donor_223	-1.215050	-0.817312	-1.149975	-1.561337	M	1.779061	0.03125	-0.038455	-0.004852	0.039158	-0.004344	-0.00215	0.45929	-2.050352	-0.947944	0.356814	0.635621
cell_003028	donor_223	-0.420155	0.432475	0.120710	-1.561337	M	2.497337	0.01437	-0.038455	-0.004852	0.039158	-0.004344	-0.00215	-0.178792	0.074335	-1.468902	1.774352	-0.377934
cell_003029	donor_223	1.974345	-2.210453	0.469341	-1.561337	M	1.682818	0.03876	-0.038455	-0.004852	0.039158	-0.004344	-0.00215	0.788759	1.403562	-1.155043	0.128015	0.277992
cell_003030	donor_223	0.006420	0.815670	0.716465	-1.561337	M	1.836105	0.05922	-0.038455	-0.004852	0.039158	-0.004344	-0.00215	-0.258051	0.927355	-0.667244	0.054978	-0.370895
cell_003031	donor_224	-0.164992	0.172651	-0.744069	-0.114749	F	1.904171	0.04784	0.016785	0.000426	-0.0043	0.018533	0.009438	2.325543	-0.6628	0.744946	1.796641	-0.918365
cell_003032	donor_224	0.613680	-1.878876	0.776826	-0.114749	F	2.142261	0.05694	0.016785	0.000426	-0.0043	0.018533	0.009438	0.095333	-0.986413	-2.01292	-0.785017	-0.570363
cell_003033	donor_224	-0.023173	-0.487062	-0.232533	-0.114749	F	1.922617	0.01563	0.016785	0.000426	-0.0043	0.018533	0.009438	-0.510928	-0.299643	0.006127	-1.196802	0.35162
cell_003034	donor_224	-0.159196	1.297304	3.233494	-0.114749	F	1.473212	0.03073	0.016785	0.000426	-0.0043	0.018533	0.009438	1.213332	1.330645	-0.260174	0.893888	-0.681
cell_003035	donor_224	1.219871	-0.565326	0.629782	-0.114749	F	2.464832	0.01469	0.016785	0.000426	-0.0043	0.018533	0.009438	-0.343364	0.398525	-0.334712	-1.263906	0.833255
cell_003036	donor_224	0.673329	-0.925161	-1.260799	-0.114749	F	1.838241	0.03479	0.016785	0.000426	-0.0043	0.018533	0.009438	-0.828604	-0.519976	1.058223	0.537125	0.176111
cell_003037	donor_224	-0.063281	0.807708	-1.611808	-0.114749	F	2.807974	0.03659	0.016785	0.000426	-0.0043	0.018533	0.009438	-1.469307	-1.1633	0.397324	0.630032	0.253019
cell_003038	donor_224	-0.720898	0.572652	0.041724	-0.114749	F	2.121596	0.0492	0.016785	0.000426	-0.0043	0.018533	0.009438	-0.47374	-0.506605	0.215831	-1.251772	0.091689
cell_003039	donor_224	1.416274	-1.411367	2.352165	-0.114749	F	2.506883	0.05627	0.016785	0.000426	-0.0043	0.018533	0.009438	-1.38877	-1.052628	0.178214	0.583232	0.3418
cell_003040	donor_224	-1.537992	-2.029164	-0.058913	-0.114749	F	2.252345	0.04378	0.016785	0.000426	-0.0043	0.018533	0.009438	-1.114532	-1.871018	-0.008315	-1.899379	0.944426
cell_003041	donor_224	-1.134459	-0.038756	-0.073727	-0.114749	F	2.526023	0.0128	0.016785	0.000426	-0.0043	0.018533	0.009438	-1.081335	2.234189	-0.961992	0.462954	-0.736608
cell_003042	donor_225	-0.195774	-0.842411	0.432656	0.81626	F	2.228136	0.00296	0.005773	-0.002776	-0.006921	0.018343	-0.006729	-0.168174	0.183974	0.860292	1.019515	0.727319
cell_003043	donor_225	-0.317337	1.103665	-0.180372	0.81626	F	2.094068	0.0404	0.005773	-0.002776	-0.006921	0.018343	-0.006729	1.037631	-0.616114	0.648796	-0.340894	0.986228
cell_003044	donor_225	-0.964647	-1.687711	-0.172109	0.81626	F	2.437294	0.06001	0.005773	-0.002776	-0.006921	0.018343	-0.006729	0.115574	0.620262	0.291476	0.760378	-0.807652
cell_003045	donor_225	-1.269205	-1.349962	0.527457	0.81626	F	2.994389	0.0295	0.005773	-0.002776	-0.006921	0.018343	-0.006729	-1.571914	0.988968	1.344994	-0.115898	0.811101
cell_003046	donor_225	-1.777670	1.412193	0.159716	0.81626	F	1.892081	0.00055	0.005773	-0.002776	-0.006921	0.018343	-0.006729	-1.629311	-0.62154	0.081955	-1.735267	-1.529488
cell_003047	donor_225	-0.043843	-1.034766	0.764372	0.81626	F	2.317971	0.0717	0.005773	-0.002776	-0.006921	0.018343	-0.006729	0.157952	-0.605682	-0.346676	-0.406302	-1.283579
cell_003048	donor_225	-0.002905	-0.686097	0.199825	0.81626	F	1.997902	0.03979	0.005773	-0.002776	-0.006921	0.018343	-0.006729	-0.217523	-0.013704	-0.58271	-0.501475	-0.203973
cell_003049	donor_225	-1.682785	-1.635327	-1.120186	0.81626	F	2.202424	0.03342	0.005773	-0.002776	-0.006921	0.018343	-0.006729	0.819761	-0.094462	-1.926328	-1.193857	0.931814
cell_003050	donor_225	0.349527	-0.003258	1.048979	0.81626	F	2.016863	0.00664	0.005773	-0.002776	-0.006921	0.018343	-0.006729	-0.685605	-0.088487	1.924891	0.631816	-2.148325
cell_003051	donor_225	-0.919990	0.574668	-0.113871	0.81626	F	1.136903	0.03032	0.005773	-0.002776	-0.006921	0.018343	-0.006729	1.444908	0.149647	0.3693	0.30417	0.913356
cell_003052	donor_225	-0.943045	0.385308	-0.066012	0.81626	F	1.919925	0.04374	0.005773	-0.002776	-0.006921	0.018343	-0.006729	-0.079741	-1.481568	0.323526	-1.381817	1.816588
cell_003053	donor_225	-0.629119	0.041999	-0.129530	0.81626	F	2.399822	0.04006	0.005773	-0.002776	-0.006921	0.018343	-0.006729	-0.362141	-0.051741	-0.676026	0.339167	0.454365
cell_003054	donor_225	-0.153688	-0.412593	-1.304949	0.81626	F	1.693917	0.0164	0.005773	-0.002776	-0.006921	0.018343	-0.006729	-0.678703	0.453064	0.067726	-0.095869	-0.751538
cell_003055	donor_225	0.074765	-0.802714	-1.020329	0.81626	F	2.368379	0.02886	0.005773	-0.002776	-0.006921	0.018343	-0.006729	2.314388	1.182792	0.728363	1.126484	0.299908
cell_003056	donor_225	-0.240700	0.734027	0.185614	0.81626	F	2.073444	0.01768	0.005773	-0.002776	-0.006921	0.018343	-0.006729	-0.349332	-2.643065	-1.218987	2.165025	1.160201
cell_003057	donor_226	-0.531142	-0.571346	0.635813	-1.380282	M	1.923404	0.06328	0.024625	-0.020943	0.028676	0.009441	-0.019371	0.202319	-1.577537	0.634776	-0.278044	0.697958
cell_003058	donor_226	-2.396736	0.797365	-1.874016	-1.380282	M	2.362326	0.0479	0.024625	-0.020943	0.028676	0.009441	-0.019371	-1.111918	-0.489949	0.885113	1.927813	-0.65844
cell_003059	donor_226	-1.415408	-0.514266	2.170124	-1.380282	M	2.272413	0.01951	0.024625	-0.020943	0.028676	0.009441	-0.019371	-0.999612	1.022886	-1.259919	-1.188026	0.265936
cell_003060	donor_226	1.677419	0.706488	0.356542	-1.380282	M	2.168219	0.00663	0.024625	-0.020943	0.028676	0.009441	-0.019371	2.085685	-0.848786	-0.369756	0.111304	-0.472717
cell_003061	donor_226	-1.862277	0.156758	-0.549222	-1.380282	M	2.40636	0.03556	0.024625	-0.020943	0.028676	0.009441	-0.019371	-1.766835	0.801957	0.186325	0.366865	-0.141704
cell_003062	donor_226	-0.816669	0.154803	-0.471110	-1.380282	M	2.081239	0.02014	0.024625	-0.020943	0.028676	0.009441	-0.019371	1.513175	-0.504539	-1.07705	1.663707	-2.198619
cell_003063	donor_226	0.869300	-1.935955	0.075011	-1.380282	M	1.342134	0.02163	0.024625	-0.020943	0.028676	0.009441	-0.019371	-0.153798	-0.075508	-0.114552	-1.551212	-1.185045
cell_003064	donor_226	-0.879097	-0.409636	0.304626	-1.380282	M	1.848752	0.0073	0.024625	-0.020943	0.028676	0.009441	-0.019371	0.95799	1.38534	-0.41731	-0.930664	-1.784791
cell_003065	donor_226	-1.117308	0.164232	-0.212338	-1.380282	M	1.278239	0.00977	0.024625	-0.020943	0.028676	0.009441	-0.019371	0.94057	0.999647	-2.810792	-2.423912	0.136818
cell_003066	donor_226	-0.660587	-0.470572	-0.154552	-1.380282	M	2.262946	0.03325	0.024625	-0.020943	0.028676	0.009441	-0.019371	0.266181	-0.477328	-0.032949	-0.247239	0.026428
cell_003067	donor_226	-0.767837	0.007094	-0.278177	-1.380282	M	2.35848	0.02466	0.024625	-0.020943	0.028676	0.009441	-0.019371	-0.900909	-0.012252	-0.674367	-0.757711	-1.866893
cell_003068	donor_226	-0.611283	1.589842	0.415240	-1.380282	M	2.376681	0.07993	0.024625	-0.020943	0.028676	0.009441	-0.019371	-0.175541	0.802974	-0.325585	-0.353483	1.255719
cell_003069	donor_227	-0.382712	0.145860	-1.026820	0.272973	M	2.195638	0.04189	0.01018	-0.013006	0.000669	-0.009733	-0.002658	1.024982	1.734583	2.257085	0.059487	-1.157168
cell_003070	donor_227	-0.436772	-0.320077	-1.246794	0.272973	M	2.38717	0.00697	0.01018	-0.013006	0.000669	-0.009733	-0.002658	-0.521139	0.573002	1.440105	-1.048863	0.255278
cell_003071	donor_227	0.387354	-0.505613	-0.355467	0.272973	M	1.369359	0.00071	0.01018	-0.013006	0.000669	-0.009733	-0.002658	-0.792862	-0.146654	-0.161613	0.381186	2.032326
cell_003072	donor_227	-0.568720	2.959091	-0.662615	0.272973	M	1.956973	0.03796	0.01018	-0.013006	0.000669	-0.009733	-0.002658	0.475088	-0.429833	-0.594871	-0.190842	-0.87169
cell_003073	donor_227	-2.068677	-1.599932	0.759303	0.272973	M	1.434034	0.02206	0.01018	-0.013006	0.000669	-0.009733	-0.002658	0.139649	-2.411235	-0.211194	-0.132009	-1.160651
cell_003074	donor_227	1.336453	-0.681797	1.278950	0.272973	M	1.856668	0.05663	0.01018	-0.013006	0.000669	-0.009733	-0.002658	-0.382143	1.119916	1.192049	-0.533138	0.523485
cell_003075	donor_227	0.741590	-0.189480	-0.260446	0.272973	M	2.646501	0.03564	0.01018	-0.013006	0.000669	-0.009733	-0.002658	-1.498502	-0.296159	0.230806	1.526928	1.192803
cell_003076	donor_227	0.180870	0.877456	0.397295	0.272973	M	2.437295	0.00965	0.01018	-0.013006	0.000669	-0.009733	-0.002658	0.20893	-0.911522	1.358516	-0.340288	0.448489
cell_003077	donor_227	-0.676808	-0.174207	1.981263	0.272973	M	2.264914	0.00961	0.01018	-0.013006	0.000669	-0.009733	-0.002658	-0.122527	1.992242	-0.610044	0.916254	-0.086405
cell_003078	donor_227	0.251214	0.869325	0.539885	0.272973	M	1.927352	0.01649	0.01018	-0.013006	0.000669	-0.009733	-0.002658	0.569105	1.620012	-2.004573	-0.065389	-0.894065
cell_003079	donor_227	0.273358	0.108699	0.897391	0.272973	M	1.602562	0.03884	0.01018	-0.013006	0.000669	-0.009733	-0.002658	0.445732	0.691331	-0.470477	-0.522052	0.203807
cell_003080	donor_227	0.718642	0.263893	-0.693763	0.272973	M	2.074811	0.00894	0.01018	-0.013006	0.000669	-0.009733	-0.002658	-1.273205	0.333218	-0.81771	0.733648	-1.317881
cell_003081	donor_227	0.385559	-0.067008	-0.308256	0.272973	M	2.44427	0.03306	0.01018	-0.013006	0.000669	-0.009733	-0.002658	-0.567268	-0.751137	-0.298158	1.37634	0.845968
cell_003082	donor_227	2.678776	-1.539051	0.958513	0.272973	M	2.163949	0.00328	0.01018	-0.013006	0.000669	-0.009733	-0.002658	-0.479684	-0.480553	0.885313	-1.163957	0.022382
cell_003083	donor_227	-0.862671	0.131195	2.568588	0.272973	M	1.365724	0.03012	0.01018	-0.013006	0.000669	-0.009733	-0.002658	-0.605763	-0.171689	0.809108	-0.669251	0.974148
cell_003084	donor_227	-0.962369	-0.723873	-0.017514	0.272973	M	2.041844	0.0374	0.01018	-0.013006	0.000669	-0.009733	-0.002658	2.199587	0.604009	-0.084086	1.157135	-1.108845
cell_003085	donor_228	-0.847217	0.884056	-0.534529	0.784631	F	1.234669	0.05923	0.018829	0.01037	-0.022507	-0.021362	0.005416	1.521073	-0.753067	2.168094	-0.717121	0.661702
cell_003086	donor_228	0.654010	-1.329189	-1.806832	0.784631	F	2.321674	0.03491	0.018829	0.01037	-0.022507	-0.021362	0.005416	-1.559575	-0.213252	-1.079693	-1.441518	1.205519
cell_003087	donor_228	-0.228985	-1.568508	1.518269	0.784631	F	1.722797	0.01367	0.018829	0.01037	-0.022507	-0.021362	0.005416	-1.227554	-0.735073	-0.851609	1.139663	1.017499
cell_003088	donor_228	-1.529803	-1.037687	0.413620	0.784631	F	1.510751	0.05986	0.018829	0.01037	-0.022507	-0.021362	0.005416	1.270295	-0.786463	1.349601	-0.794985	-0.754688
cell_003089	donor_228	-0.586364	-1.518388	2.039964	0.784631	F	2.327172	0.02634	0.018829	0.01037	-0.022507	-0.021362	0.005416	-0.698727	-0.662311	-0.090787	-0.838694	0.231411
cell_003090	donor_228	-1.001634	-0.196258	-0.209193	0.784631	F	2.223751	0.04547	0.018829	0.01037	-0.022507	-0.021362	0.005416	-2.609398	0.228146	-1.08968	-0.669406	-0.645261
cell_003091	donor_228	0.710309	0.462352	-0.826801	0.784631	F	2.09296	0.01774	0.018829	0.01037	-0.022507	-0.021362	0.005416	0.943172	0.504601	-0.165542	-0.715234	0.782878
cell_003092	donor_228	-0.325827	-0.226922	0.748959	0.784631	F	2.876683	0.03182	0.018829	0.01037	-0.022507	-0.021362	0.005416	1.79471	-0.027995	-1.598319	-0.702896	0.559216
cell_003093	donor_228	-1.168322	2.018111	-0.759183	0.784631	F	2.254	0.01397	0.018829	0.01037	-0.022507	-0.021362	0.005416	-0.442713	-0.858695	-0.902183	0.091678	-1.533828
cell_003094	donor_228	-0.008749	-1.159989	-1.298159	0.784631	F	1.742017	0.03645	0.018829	0.01037	-0.022507	-0.021362	0.005416	-0.034657	0.088466	-0.449522	-1.042861	1.018404
cell_003095	donor_228	-0.874428	-0.970523	-0.414257	0.784631	F	2.207682	0.04608	0.018829	0.01037	-0.022507	-0.021362	0.005416	-1.33278	0.172731	0.727753	0.159462	1.231182
cell_003096	donor_228	-0.978965	0.695552	-0.782984	0.784631	F	1.885569	0.0201	0.018829	0.01037	-0.022507	-0.021362	0.005416	-1.135396	-0.790914	-0.461234	3.290697	0.507804
cell_003097	donor_228	-0.893815	-0.392969	0.992839	0.784631	F	2.506704	0.01898	0.018829	0.01037	-0.022507	-0.021362	0.005416	0.695017	0.65335	0.07882	1.049438	-1.870304
cell_003098	donor_228	0.214876	-0.099690	-1.433045	0.784631	F	2.112391	0.03714	0.018829	0.01037	-0.022507	-0.021362	0.005416	0.276975	0.428218	1.018649	-1.155682	-1.082088
cell_003099	donor_229	-1.142708	-1.278410	1.306851	-1.836734	F	2.151969	0.0135	0.006864	-0.013489	0.031826	0.01627	-0.012512	-1.018879	0.52232	0.536585	-0.949804	1.914276
cell_003100	donor_229	0.530563	-0.861621	-0.564372	-1.836734	F	1.423053	0.00036	0.006864	-0.013489	0.031826	0.01627	-0.012512	0.286371	0.124206	-0.207627	0.930494	0.389494
cell_003101	donor_229	-0.825290	-0.885861	0.460301	-1.836734	F	2.024541	0.03706	0.006864	-0.013489	0.031826	0.01627	-0.012512	1.889852	-1.2139	-1.545564	-0.740058	0.55335
cell_003102	donor_229	-0.287536	2.081168	1.250360	-1.836734	F	1.977494	0.02785	0.006864	-0.013489	0.031826	0.01627	-0.012512	-0.428091	1.271028	-0.393558	1.081908	-0.830761
cell_003103	donor_229	1.309480	0.671357	-0.422659	-1.836734	F	1.590315	0.02742	0.006864	-0.013489	0.031826	0.01627	-0.012512	1.183053	1.369153	-0.564786	0.489562	0.267715
cell_003104	donor_229	0.597791	-0.348833	1.630276	-1.836734	F	1.911399	0.04042	0.006864	-0.013489	0.031826	0.01627	-0.012512	0.516707	1.284437	0.973212	0.514113	0.663052
cell_003105	donor_229	0.404279	0.262360	0.127073	-1.836734	F	2.174301	0.04322	0.006864	-0.013489	0.031826	0.01627	-0.012512	-1.269268	-0.04092	-1.101504	-0.018159	1.116809
cell_003106	donor_229	1.740266	-1.433750	1.838288	-1.836734	F	1.99826	0.02678	0.006864	-0.013489	0.031826	0.01627	-0.012512	-0.007054	-2.50559	-1.0468	0.581088	-0.539114
cell_003107	donor_229	-0.186154	-1.406149	-0.752210	-1.836734	F	1.43516	0.00755	0.006864	-0.013489	0.031826	0.01627	-0.012512	0.783844	-1.20721	0.381719	0.431943	0.789901
cell_003108	donor_229	-1.650807	0.653657	-1.038293	-1.836734	F	1.890713	0.01723	0.006864	-0.013489	0.031826	0.01627	-0.012512	-0.65521	0.779793	1.506559	-2.272694	0.051703
cell_003109	donor_229	0.168668	1.134217	-0.672017	-1.836734	F	1.81279	0.0417	0.006864	-0.013489	0.031826	0.01627	-0.012512	-1.80635	-0.860196	-0.778574	-0.066451	0.377541
cell_003110	donor_229	-0.268104	-1.303367	-0.388357	-1.836734	F	2.077405	0.03273	0.006864	-0.013489	0.031826	0.01627	-0.012512	0.904983	0.264021	0.673628	-1.078499	1.056659
cell_003111	donor_229	2.574024	0.777933	-0.264730	-1.836734	F	2.034213	0.019	0.006864	-0.013489	0.031826	0.01627	-0.012512	-3.295823	1.526692	1.3472	0.750054	2.228966
cell_003112	donor_229	-0.611688	-0.042633	0.130051	-1.836734	F	1.835355	0.01431	0.006864	-0.013489	0.031826	0.01627	-0.012512	-1.803818	0.779427	0.135106	0.244086	-1.16357
cell_003113	donor_230	-0.419070	0.530059	-0.953447	-0.270581	F	1.819735	0.04236	-0.014445	-0.004556	-0.006637	0.025123	0.01969	0.394808	0.347823	-0.689595	-0.068693	-1.314504
cell_003114	donor_230	-0.958388	0.370195	-1.168642	-0.270581	F	2.026889	0.02557	-0.014445	-0.004556	-0.006637	0.025123	0.01969	-0.395399	0.960818	0.980807	0.768702	0.960387
cell_003115	donor_230	0.729017	-0.014281	-1.827909	-0.270581	F	2.385191	0.04505	-0.014445	-0.004556	-0.006637	0.025123	0.01969	0.973465	-0.643547	0.339547	1.08678	-1.379562
cell_003116	donor_230	0.109499	-1.685147	0.693362	-0.270581	F	2.111456	0.04759	-0.014445	-0.004556	-0.006637	0.025123	0.01969	-1.385319	-1.440649	-1.78554	-1.050806	-0.525469
cell_003117	donor_230	-0.248714	1.851084	1.071313	-0.270581	F	2.569228	0.02374	-0.014445	-0.004556	-0.006637	0.025123	0.01969	1.512306	-0.437474	-1.51637	0.166188	-0.188964
cell_003118	donor_230	-1.060693	-2.020740	-0.755101	-0.270581	F	2.453276	0.04899	-0.014445	-0.004556	-0.006637	0.025123	0.01969	-0.782132	-0.588563	1.067089	-1.409885	-1.665769
cell_003119	donor_230	-1.221259	1.825738	-0.010315	-0.270581	F	2.598673	0.03277	-0.014445	-0.004556	-0.006637	0.025123	0.01969	0.466836	-0.61397	1.552209	-0.154303	-0.100373
cell_003120	donor_230	0.933419	-0.285031	-0.179667	-0.270581	F	2.547451	0.03536	-0.014445	-0.004556	-0.006637	0.025123	0.01969	0.786552	-1.67216	0.337586	-0.365618	1.026807
cell_003121	donor_230	-0.032627	1.106539	0.311625	-0.270581	F	2.62518	0.01377	-0.014445	-0.004556	-0.006637	0.025123	0.01969	-0.646777	0.176822	-0.358964	0.4129	-0.251146
cell_003122	donor_230	-1.057334	1.622514	-0.292815	-0.270581	F	1.538743	0.01058	-0.014445	-0.004556	-0.006637	0.025123	0.01969	0.26231	1.753239	-0.285987	0.402749	2.286468
cell_003123	donor_230	-0.455520	-2.829505	0.634400	-0.270581	F	2.258971	0.01167	-0.014445	-0.004556	-0.006637	0.025123	0.01969	0.389855	-2.434178	-0.666263	-1.203749	0.921963
cell_003124	donor_231	0.101013	0.099926	-0.402825	1.64621	M	2.487328	0.02363	0.000701	0.013558	0.01646	0.001165	0.008052	-0.093819	1.063518	0.611557	0.60724	-1.223307
cell_003125	donor_231	-0.575218	-0.369580	0.463161	1.64621	M	2.559611	0.03229	0.000701	0.013558	0.01646	0.001165	0.008052	0.504895	1.36659	-1.447097	-0.317143	0.354419
cell_003126	donor_231	0.639118	-0.231032	0.948937	1.64621	M	1.691712	0.03311	0.000701	0.013558	0.01646	0.001165	0.008052	0.098016	1.436587	0.728507	0.406092	0.817602
cell_003127	donor_231	-0.078974	-0.504226	0.198416	1.64621	M	2.262952	0.03571	0.000701	0.013558	0.01646	0.001165	0.008052	0.76429	0.041069	-0.35482	0.99031	-0.743079
cell_003128	donor_231	-1.359386	0.232718	-1.542182	1.64621	M	2.030081	0.0163	0.000701	0.013558	0.01646	0.001165	0.008052	-0.072279	-1.156734	0.731676	1.232523	-0.935548
cell_003129	donor_231	-1.027727	-2.018691	-0.175117	1.64621	M	2.738824	0.04383	0.000701	0.013558	0.01646	0.001165	0.008052	-0.153929	-0.480066	1.075326	1.416971	-0.479093
cell_003130	donor_231	1.609634	-0.117077	0.643585	1.64621	M	1.445083	0.06619	0.000701	0.013558	0.01646	0.001165	0.008052	-3.091175	1.152801	0.045095	0.048953	0.963714
cell_003131	donor_231	2.352314	0.404056	-0.765212	1.64621	M	1.692284	0.02293	0.000701	0.013558	0.01646	0.001165	0.008052	-0.364018	-0.630276	-0.355708	0.489086	0.878967
cell_003132	donor_231	-0.627569	0.000658	-0.632895	1.64621	M	1.275746	0.01673	0.000701	0.013558	0.01646	0.001165	0.008052	1.633154	0.403392	-0.144626	0.886191	-0.971258
cell_003133	donor_231	-0.558087	0.985254	1.026156	1.64621	M	2.057847	0.01629	0.000701	0.013558	0.01646	0.001165	0.008052	1.419388	0.211377	-0.22869	-0.968025	0.62694
cell_003134	donor_231	-1.646892	-0.818170	-0.464004	1.64621	M	2.905536	0.03171	0.000701	0.013558	0.01646	0.001165	0.008052	-0.280617	-0.094282	-1.671194	-0.434679	-0.568497
cell_003135	donor_231	0.599089	1.143076	2.701968	1.64621	M	1.982263	0.01948	0.000701	0.013558	0.01646	0.001165	0.008052	0.418563	-0.267646	-2.648873	-0.415012	-1.454483
cell_003136	donor_231	-0.465673	-0.415729	0.588570	1.64621	M	2.040413	0.00461	0.000701	0.013558	0.01646	0.001165	0.008052	-1.042845	1.003885	-1.688984	0.294844	-0.50722
cell_003137	donor_232	-0.682217	-0.140962	-0.415038	0.551941	F	2.220096	0.00086	0.011884	0.009752	-0.015576	-0.013554	-0.005772	-0.700035	-0.979324	0.319523	0.431805	-1.72515
cell_003138	donor_232	-2.621654	0.123233	-0.182361	0.551941	F	1.953484	0.0504	0.011884	0.009752	-0.015576	-0.013554	-0.005772	1.150524	-1.186264	0.388609	-1.180967	-0.459062
cell_003139	donor_232	1.271231	0.005490	-1.254747	0.551941	F	2.14641	0.05564	0.011884	0.009752	-0.015576	-0.013554	-0.005772	-1.278802	-0.528741	-0.200975	-1.149319	0.314441
cell_003140	donor_232	-0.258099	-2.091083	-1.210918	0.551941	F	2.156885	0.062	0.011884	0.009752	-0.015576	-0.013554	-0.005772	0.445432	2.70603	0.928696	1.17642	-1.769015
cell_003141	donor_232	0.635506	-0.247340	0.922508	0.551941	F	1.661777	0.03453	0.011884	0.009752	-0.015576	-0.013554	-0.005772	-1.958466	-0.296991	1.786816	2.474363	-0.687536
cell_003142	donor_232	-1.966892	-0.242461	-0.475512	0.551941	F	1.962381	0.01018	0.011884	0.009752	-0.015576	-0.013554	-0.005772	-0.586223	0.543894	-0.197159	-0.171934	0.634899
cell_003143	donor_232	0.955849	0.672763	0.642252	0.551941	F	2.296773	0.02124	0.011884	0.009752	-0.015576	-0.013554	-0.005772	2.715518	1.304573	1.869127	-1.844135	1.074781
cell_003144	donor_232	1.541410	-0.368087	1.335081	0.551941	F	2.37143	0.00017	0.011884	0.009752	-0.015576	-0.013554	-0.005772	-0.949869	1.676448	1.357327	0.603815	-0.742893
cell_003145	donor_232	-1.044206	-1.080878	0.752747	0.551941	F	2.519401	0.0006	0.011884	0.009752	-0.015576	-0.013554	-0.005772	-0.483818	-0.402907	0.762334	0.403888	1.420032
cell_003146	donor_232	-1.504741	0.572766	0.101313	0.551941	F	2.134174	0.03511	0.011884	0.009752	-0.015576	-0.013554	-0.005772	1.61082	-0.845358	0.475197	0.463036	-0.095024
cell_003147	donor_232	1.071853	-0.059444	0.056049	0.551941	F	2.142314	0.04078	0.011884	0.009752	-0.015576	-0.013554	-0.005772	0.941765	0.490973	-0.574558	-0.142117	-0.349221
cell_003148	donor_232	0.509265	-0.662650	-0.706206	0.551941	F	2.300074	0.06917	0.011884	0.009752	-0.015576	-0.013554	-0.005772	-0.727517	-0.085322	-1.296925	0.473883	1.404118
cell_003149	donor_232	0.474429	-0.029288	-0.407314	0.551941	F	1.762092	0.02834	0.011884	0.009752	-0.015576	-0.013554	-0.005772	0.050471	0.946428	0.15533	-1.022105	2.007065
cell_003150	donor_232	-0.082784	1.594560	-0.443018	0.551941	F	1.745688	0.00284	0.011884	0.009752	-0.015576	-0.013554	-0.005772	-2.422429	0.010307	-0.768553	1.581693	0.215968
cell_003151	donor_232	-0.472020	-1.707444	-0.042353	0.551941	F	1.950081	0.02756	0.011884	0.009752	-0.015576	-0.013554	-0.005772	2.555477	0.036007	-0.760842	-1.710269	1.106645
cell_003152	donor_232	0.656884	0.836198	0.108218	0.551941	F	1.489993	0.02435	0.011884	0.009752	-0.015576	-0.013554	-0.005772	-0.83473	-0.419809	1.228107	1.053366	-0.609635
cell_003153	donor_233	0.955834	0.731230	1.112950	-1.870457	F	2.16276	0.02018	-0.014133	-0.029462	0.013519	0.006928	-0.026787	-0.454008	-1.756068	-2.055512	0.763698	0.874042
cell_003154	donor_233	0.984303	1.569978	-0.169693	-1.870457	F	2.419633	0.03687	-0.014133	-0.029462	0.013519	0.006928	-0.026787	0.35721	0.187225	-0.706167	1.468133	-1.784021
cell_003155	donor_233	-1.327058	0.663719	0.780553	-1.870457	F	1.715983	0.00571	-0.014133	-0.029462	0.013519	0.006928	-0.026787	-0.468494	0.160701	-0.000412	-0.002049	-0.519249
cell_003156	donor_233	1.569995	1.281290	1.945472	-1.870457	F	2.17406	0.03261	-0.014133	-0.029462	0.013519	0.006928	-0.026787	0.540907	-1.215392	-0.144005	0.431901	-0.33253
cell_003157	donor_233	0.619854	0.228811	-1.384983	-1.870457	F	1.748348	0.04303	-0.014133	-0.029462	0.013519	0.006928	-0.026787	0.004787	0.215514	-1.760821	-1.6673	0.133929
cell_003158	donor_233	0.308097	-0.552503	0.211510	-1.870457	F	1.59337	0.05839	-0.014133	-0.029462	0.013519	0.006928	-0.026787	-0.608382	-0.548022	0.569007	-0.988838	-2.41324
cell_003159	donor_233	0.054513	0.471734	-0.097331	-1.870457	F	2.822224	0.03621	-0.014133	-0.029462	0.013519	0.006928	-0.026787	1.657029	1.209843	1.197169	-1.120748	-0.077419
cell_003160	donor_233	0.935020	-2.723154	0.189994	-1.870457	F	1.599107	0.05086	-0.014133	-0.029462	0.013519	0.006928	-0.026787	-1.268419	-0.05996	-0.348011	-1.078056	0.503286
cell_003161	donor_233	1.202490	1.870049	0.731961	-1.870457	F	1.488272	0.02112	-0.014133	-0.029462	0.013519	0.006928	-0.026787	-0.258743	1.7227	0.08578	-2.547896	-1.812127
cell_003162	donor_233	1.684883	0.168936	0.002863	-1.870457	F	2.085886	0.02391	-0.014133	-0.029462	0.013519	0.006928	-0.026787	2.095638	-0.359037	0.240008	0.009729	1.41632
cell_003163	donor_234	0.529416	-0.003194	-0.782357	0.658339	M	2.107409	0.05696	-0.004818	-0.003686	0.003639	-0.021638	-0.02708	-1.90691	1.329252	1.260372	0.006159	0.413286
cell_003164	donor_234	-0.515240	-1.112153	0.528377	0.658339	M	2.266893	0.00257	-0.004818	-0.003686	0.003639	-0.021638	-0.02708	-0.370597	-1.685251	0.580286	0.24658	0.267359
cell_003165	donor_234	0.011392	-0.360286	-0.566684	0.658339	M	2.800491	0.02194	-0.004818	-0.003686	0.003639	-0.021638	-0.02708	0.482294	-0.604333	1.493267	0.008132	0.541711
cell_003166	donor_234	0.505056	0.780448	-1.130514	0.658339	M	1.689148	0.05257	-0.004818	-0.003686	0.003639	-0.021638	-0.02708	-0.272125	1.050222	0.103993	-0.085119	1.207357
cell_003167	donor_234	-1.287685	0.954510	-1.375133	0.658339	M	1.768625	0.02578	-0.004818	-0.003686	0.003639	-0.021638	-0.02708	-1.72287	-0.280017	-0.612646	0.37388	0.315802
cell_003168	donor_234	0.547487	1.616909	1.619235	0.658339	M	2.643522	0.02429	-0.004818	-0.003686	0.003639	-0.021638	-0.02708	-0.011798	-0.714002	-0.024031	0.323369	-0.178434
cell_003169	donor_234	0.737873	0.708810	2.251907	0.658339	M	2.37565	0.02469	-0.004818	-0.003686	0.003639	-0.021638	-0.02708	1.107547	0.612015	0.019032	-2.34602	-0.218309
cell_003170	donor_234	-2.334396	-0.464336	0.848492	0.658339	M	2.320033	0.03234	-0.004818	-0.003686	0.003639	-0.021638	-0.02708	0.630097	-0.27936	0.303255	-0.224577	0.232493
cell_003171	donor_234	-0.337287	1.239778	-0.039354	0.658339	M	1.764053	0.05172	-0.004818	-0.003686	0.003639	-0.021638	-0.02708	1.401008	0.786745	-1.295581	-1.658024	0.442558
cell_003172	donor_234	0.131744	-0.274675	-0.522511	0.658339	M	2.450355	0.04848	-0.004818	-0.003686	0.003639	-0.021638	-0.02708	1.167853	-1.660649	-0.209808	2.373218	-0.268638
cell_003173	donor_234	-0.547110	0.271166	-0.774565	0.658339	M	2.321273	0.03023	-0.004818	-0.003686	0.003639	-0.021638	-0.02708	2.525857	-0.823601	-0.646903	-0.702952	-1.279188
cell_003174	donor_234	0.953205	0.653226	1.099416	0.658339	M	2.075815	0.05185	-0.004818	-0.003686	0.003639	-0.021638	-0.02708	-1.691308	-0.221242	0.144865	-0.71678	-0.476219
cell_003175	donor_234	-1.128924	-1.699477	-0.004186	0.658339	M	1.766029	0.03684	-0.004818	-0.003686	0.003639	-0.021638	-0.02708	1.446075	0.971744	-0.258676	0.429875	-1.636424
cell_003176	donor_234	2.898801	1.266209	-0.554446	0.658339	M	2.042678	0.04718	-0.004818	-0.003686	0.003639	-0.021638	-0.02708	0.269627	-0.062409	-0.374166	0.03281	-0.128842
cell_003177	donor_234	0.424512	0.727587	-1.368388	0.658339	M	2.659395	0.00943	-0.004818	-0.003686	0.003639	-0.021638	-0.02708	-1.313639	1.679773	0.950818	-0.387796	-1.760568
cell_003178	donor_234	1.369626	-0.167424	-0.090681	0.658339	M	1.562413	0.06477	-0.004818	-0.003686	0.003639	-0.021638	-0.02708	-2.45628	2.004704	-0.173661	0.762982	-0.948729
cell_003179	donor_235	0.023785	1.144540	-0.755182	-0.747737	M	1.68008	0.0344	0.010394	-0.030679	-0.004653	-0.006522	-0.002466	-0.307371	-0.256333	0.241461	0.089868	-0.922266
cell_003180	donor_235	-1.706970	0.322955	-2.043658	-0.747737	M	1.748879	0.02497	0.010394	-0.030679	-0.004653	-0.006522	-0.002466	-0.932687	-0.081547	-1.754313	-0.823076	-0.154138
cell_003181	donor_235	-0.301104	1.186874	0.579094	-0.747737	M	1.835672	0.06319	0.010394	-0.030679	-0.004653	-0.006522	-0.002466	0.3975	1.503435	-0.476465	0.036114	-1.867364
cell_003182	donor_235	1.042356	0.620351	2.410334	-0.747737	M	1.993705	0.0301	0.010394	-0.030679	-0.004653	-0.006522	-0.002466	0.334814	-0.909358	-0.308235	0.475882	0.517684
cell_003183	donor_235	-0.588240	0.398132	-0.438120	-0.747737	M	2.383428	0.02209	0.010394	-0.030679	-0.004653	-0.006522	-0.002466	-1.453748	0.80195	-0.038874	1.267179	1.461631
cell_003184	donor_235	0.956801	-0.061575	1.718845	-0.747737	M	2.184566	0.01789	0.010394	-0.030679	-0.004653	-0.006522	-0.002466	1.606131	-1.42442	0.402285	-1.5774	1.301451
cell_003185	donor_235	-0.530816	1.407127	0.593140	-0.747737	M	2.024336	0.03879	0.010394	-0.030679	-0.004653	-0.006522	-0.002466	1.443771	0.978051	-0.424599	0.544247	-0.552245
cell_003186	donor_235	-0.032461	0.542442	0.261264	-0.747737	M	2.110797	0.01223	0.010394	-0.030679	-0.004653	-0.006522	-0.002466	0.01377	-0.092209	-1.998343	-0.809506	2.270859
cell_003187	donor_235	0.355955	-0.206871	-0.701589	-0.747737	M	2.249596	0.01846	0.010394	-0.030679	-0.004653	-0.006522	-0.002466	-0.086692	0.160227	-0.008671	-0.410524	0.036107
cell_003188	donor_235	-0.335071	-1.683145	0.841948	-0.747737	M	1.327318	0.01894	0.010394	-0.030679	-0.004653	-0.006522	-0.002466	-0.40701	-2.28295	0.786228	1.61287	-1.164178
cell_003189	donor_235	-1.235164	-0.217647	0.648045	-0.747737	M	2.428634	0.02416	0.010394	-0.030679	-0.004653	-0.006522	-0.002466	-0.412849	1.499954	-0.771403	0.387717	4.326921
cell_003190	donor_235	0.839397	-1.774652	-0.091848	-0.747737	M	1.669435	0.0197	0.010394	-0.030679	-0.004653	-0.006522	-0.002466	0.63227	0.068825	0.88171	0.776747	-0.662263
cell_003191	donor_235	0.459745	0.052016	1.344075	-0.747737	M	1.822596	0.04706	0.010394	-0.030679	-0.004653	-0.006522	-0.002466	-1.736443	0.593913	0.743857	-0.29751	1.645196
cell_003192	donor_236	-0.821807	-2.049041	0.810326	0.691307	M	2.136174	0.03542	0.005054	0.031971	-0.03199	0.017532	-0.050243	1.444736	0.774518	-0.278621	-2.090926	-0.174355
cell_003193	donor_236	-0.537086	-1.758541	-0.158512	0.691307	M	1.969838	0.03786	0.005054	0.031971	-0.03199	0.017532	-0.050243	-1.836191	-2.357092	0.647159	1.172307	-1.950596
cell_003194	donor_236	1.230558	-1.263253	2.335996	0.691307	M	2.194772	0.04221	0.005054	0.031971	-0.03199	0.017532	-0.050243	-0.256546	-0.017493	-0.292405	-1.378513	1.331037
cell_003195	donor_236	-0.837882	0.087011	-1.219132	0.691307	M	2.056731	0.02814	0.005054	0.031971	-0.03199	0.017532	-0.050243	-1.35089	-1.949198	-1.374448	0.481342	-0.267204
cell_003196	donor_236	0.041610	-0.133748	-1.489494	0.691307	M	1.884267	0.00959	0.005054	0.031971	-0.03199	0.017532	-0.050243	-0.770247	0.527649	0.332628	-2.307322	0.517567
cell_003197	donor_236	2.825827	-0.495337	-0.494463	0.691307	M	2.611503	0.0661	0.005054	0.031971	-0.03199	0.017532	-0.050243	1.181233	-0.123182	-0.234915	1.893875	-0.709819
cell_003198	donor_236	0.969036	1.814255	1.126437	0.691307	M	2.283226	0.04855	0.005054	0.031971	-0.03199	0.017532	-0.050243	-0.165661	0.33098	0.04844	-0.272284	0.089224
cell_003199	donor_236	-1.201180	0.213909	-1.881372	0.691307	M	2.120847	0.06226	0.005054	0.031971	-0.03199	0.017532	-0.050243	1.568946	0.807658	-0.074718	-0.86394	-0.731004
cell_003200	donor_236	0.901705	-1.635188	-0.803201	0.691307	M	2.277008	0.05069	0.005054	0.031971	-0.03199	0.017532	-0.050243	0.950217	-1.593322	2.40319	-0.031785	-1.378548
cell_003201	donor_236	-0.003202	0.445007	-0.260935	0.691307	M	1.717868	0.02079	0.005054	0.031971	-0.03199	0.017532	-0.050243	0.181976	-0.800706	-0.418987	-1.510772	-0.238603
cell_003202	donor_236	1.519084	0.723240	0.644725	0.691307	M	2.869909	0.01696	0.005054	0.031971	-0.03199	0.017532	-0.050243	-2.122638	-0.599866	-0.827307	-0.502318	-0.764199
cell_003203	donor_236	-1.229401	1.699368	-0.803065	0.691307	M	1.564945	0.00542	0.005054	0.031971	-0.03199	0.017532	-0.050243	0.033964	0.888005	0.360612	1.299262	-0.498529
cell_003204	donor_236	1.737542	2.022195	0.512657	0.691307	M	2.045267	0.04273	0.005054	0.031971	-0.03199	0.017532	-0.050243	0.324715	0.364115	1.151652	-0.730445	0.788832
cell_003205	donor_236	1.032013	-3.082920	-0.195002	0.691307	M	1.885429	0.02797	0.005054	0.031971	-0.03199	0.017532	-0.050243	-0.85731	-0.56992	-0.358656	0.453173	-1.087008
cell_003206	donor_236	1.102166	0.924510	-1.219723	0.691307	M	1.870234	0.0216	0.005054	0.031971	-0.03199	0.017532	-0.050243	-0.947654	-0.645064	0.048443	-0.936248	0.263972
cell_003207	donor_237	-0.293722	-2.536366	0.412993	-0.690082	F	1.818297	0.01991	0.027874	-0.040857	0.048728	-0.007795	0.025808	-0.357832	0.657906	0.062942	1.752134	0.121146
cell_003208	donor_237	-1.883328	1.130478	1.182725	-0.690082	F	1.691316	0.02974	0.027874	-0.040857	0.048728	-0.007795	0.025808	-1.218389	-0.212767	0.02114	-0.908674	1.517099
cell_003209	donor_237	-0.474367	0.521276	-0.217099	-0.690082	F	2.475337	0.00836	0.027874	-0.040857	0.048728	-0.007795	0.025808	-0.309938	-0.644669	0.181541	-0.906207	0.966347
cell_003210	donor_237	0.241908	-1.147259	0.622493	-0.690082	F	1.518119	0.01551	0.027874	-0.040857	0.048728	-0.007795	0.025808	0.765352	0.130625	0.591553	-0.499671	-1.50272
cell_003211	donor_237	-1.641185	-1.829930	-0.121928	-0.690082	F	2.393426	0.047	0.027874	-0.040857	0.048728	-0.007795	0.025808	-0.325608	-0.501515	-2.036536	-1.057853	-1.230375
cell_003212	donor_237	-0.211243	0.272302	-0.649507	-0.690082	F	2.259415	0.00942	0.027874	-0.040857	0.048728	-0.007795	0.025808	-1.053795	1.33331	0.511939	0.964973	0.509588
cell_003213	donor_237	1.885692	0.160605	0.232882	-0.690082	F	1.847644	0.01133	0.027874	-0.040857	0.048728	-0.007795	0.025808	1.083011	0.026928	1.515672	-1.231392	-0.067739
cell_003214	donor_237	0.197234	1.002910	0.576017	-0.690082	F	2.213043	0.03371	0.027874	-0.040857	0.048728	-0.007795	0.025808	-1.024886	1.241702	0.419793	1.186695	-1.403467
cell_003215	donor_237	0.442018	0.735984	-1.824615	-0.690082	F	1.93684	0.04745	0.027874	-0.040857	0.048728	-0.007795	0.025808	-0.602438	-1.78395	0.361277	-0.428136	0.755587
cell_003216	donor_237	-1.786848	-0.076059	-0.197674	-0.690082	F	1.559597	0.02195	0.027874	-0.040857	0.048728	-0.007795	0.025808	0.031655	-2.130185	-1.660378	0.082414	0.465722
cell_003217	donor_237	0.579810	0.020017	0.581865	-0.690082	F	1.563827	0.05934	0.027874	-0.040857	0.048728	-0.007795	0.025808	-2.216285	-0.083478	-1.017402	-1.110214	-0.655013
cell_003218	donor_237	-1.245595	-0.010745	-1.341057	-0.690082	F	2.262177	0.00443	0.027874	-0.040857	0.048728	-0.007795	0.025808	0.123519	-0.706545	-1.986144	0.115633	-0.350697
cell_003219	donor_237	0.386858	-1.878285	0.348310	-0.690082	F	2.241428	0.00092	0.027874	-0.040857	0.048728	-0.007795	0.025808	-0.938286	-0.307828	-0.347855	0.044013	-0.24789
cell_003220	donor_237	-1.468999	-0.383528	0.894928	-0.690082	F	2.096805	0.00079	0.027874	-0.040857	0.048728	-0.007795	0.025808	0.165409	-0.048607	0.819694	1.584738	-0.015134
cell_003221	donor_237	0.227380	-1.645660	-0.672394	-0.690082	F	1.843393	0.00304	0.027874	-0.040857	0.048728	-0.007795	0.025808	-0.621613	-1.436841	0.646348	-0.902494	2.347547
cell_003222	donor_238	-1.501379	-1.694758	0.117663	-0.053032	M	1.923827	0.03673	0.021683	-0.00873	-0.007195	-0.016743	0.015747	2.779173	-0.213029	-1.665001	0.653784	2.09879
cell_003223	donor_238	0.560298	0.440606	0.602627	-0.053032	M	1.869779	0.01044	0.021683	-0.00873	-0.007195	-0.016743	0.015747	-1.312276	1.898052	-1.849003	-1.454201	0.308964
cell_003224	donor_238	-0.011911	-0.273390	-1.073069	-0.053032	M	1.301222	0.0018	0.021683	-0.00873	-0.007195	-0.016743	0.015747	1.016709	-0.066439	0.449419	1.104413	1.220186
cell_003225	donor_238	-0.440080	-1.321348	-0.845166	-0.053032	M	2.024501	0.0376	0.021683	-0.00873	-0.007195	-0.016743	0.015747	-0.6223	-0.863455	1.053576	0.454214	0.588733
cell_003226	donor_238	0.088927	-0.117806	3.064728	-0.053032	M	2.208982	0.04648	0.021683	-0.00873	-0.007195	-0.016743	0.015747	-0.661184	0.638057	-1.094486	0.247241	0.111771
cell_003227	donor_238	-1.345796	-0.125099	-1.423732	-0.053032	M	2.027044	0.05102	0.021683	-0.00873	-0.007195	-0.016743	0.015747	0.118679	0.781198	-1.020204	0.676926	0.020651
cell_003228	donor_238	-0.387786	-0.347093	0.844880	-0.053032	M	2.70766	0.04751	0.021683	-0.00873	-0.007195	-0.016743	0.015747	-0.791552	-1.321819	1.888676	-0.06945	-0.354968
cell_003229	donor_238	-0.449667	-0.191320	-0.430318	-0.053032	M	1.598175	0.01164	0.021683	-0.00873	-0.007195	-0.016743	0.015747	-1.143674	1.088654	1.011085	0.8185	-0.061033
cell_003230	donor_238	-1.401052	-0.652102	-0.381937	-0.053032	M	1.735559	0.03552	0.021683	-0.00873	-0.007195	-0.016743	0.015747	0.751258	-0.823822	0.217615	-0.054324	0.267047
cell_003231	donor_238	0.073826	0.558947	-0.234597	-0.053032	M	2.053208	0.03994	0.021683	-0.00873	-0.007195	-0.016743	0.015747	-1.813161	1.869688	1.618531	-1.150033	0.577362
cell_003232	donor_238	-0.252176	-1.720813	0.539735	-0.053032	M	2.097507	0.0205	0.021683	-0.00873	-0.007195	-0.016743	0.015747	-1.486979	0.083864	-2.195727	-0.292164	-0.487759
cell_003233	donor_238	-0.695898	0.747123	1.316440	-0.053032	M	1.239517	0.0333	0.021683	-0.00873	-0.007195	-0.016743	0.015747	1.156742	1.668477	1.690988	1.158259	0.082418
cell_003234	donor_238	-0.187915	-1.023311	-0.016699	-0.053032	M	2.241079	0.00497	0.021683	-0.00873	-0.007195	-0.016743	0.015747	0.388298	0.383437	-1.180318	1.145926	0.690058
cell_003235	donor_239	0.348702	-0.315520	-0.564038	-0.537543	F	2.099327	0.01745	-0.008469	-0.01638	0.010746	-0.017944	-0.00658	0.736503	-2.281471	0.452749	1.005641	-0.015243
cell_003236	donor_239	0.563532	0.497578	-0.346290	-0.537543	F	1.152243	0.03744	-0.008469	-0.01638	0.010746	-0.017944	-0.00658	-0.500741	-1.362411	-1.434149	0.154333	-0.234754
cell_003237	donor_239	-1.654066	0.456378	-0.767327	-0.537543	F	1.953316	0.06015	-0.008469	-0.01638	0.010746	-0.017944	-0.00658	-0.248775	1.528924	-1.255915	-0.345702	1.694109
cell_003238	donor_239	0.214341	0.151157	-1.888947	-0.537543	F	1.676583	0.05303	-0.008469	-0.01638	0.010746	-0.017944	-0.00658	-0.312092	0.066288	-0.175093	0.705785	-2.055042
cell_003239	donor_239	0.081082	0.514533	0.637152	-0.537543	F	1.818671	0.04322	-0.008469	-0.01638	0.010746	-0.017944	-0.00658	-0.203355	0.054445	-0.998203	0.343592	0.786379
cell_003240	donor_239	0.117366	-1.977186	1.277081	-0.537543	F	1.46476	0.03159	-0.008469	-0.01638	0.010746	-0.017944	-0.00658	0.451938	1.779279	-0.43336	0.498576	0.476044
cell_003241	donor_239	0.411023	-1.203319	-0.787763	-0.537543	F	2.166475	0.0285	-0.008469	-0.01638	0.010746	-0.017944	-0.00658	-0.235616	1.133399	0.288237	-1.201045	0.750596
cell_003242	donor_239	0.231224	0.679784	-0.487963	-0.537543	F	2.704711	0.00105	-0.008469	-0.01638	0.010746	-0.017944	-0.00658	-0.499374	-0.322751	-0.248691	0.735291	1.078986
cell_003243	donor_239	0.825525	-1.792767	-1.042459	-0.537543	F	2.106009	0.01329	-0.008469	-0.01638	0.010746	-0.017944	-0.00658	-0.159487	-0.21684	-2.047145	-0.709827	-0.946765
cell_003244	donor_239	-2.064364	-0.897405	1.508077	-0.537543	F	1.136246	0.01394	-0.008469	-0.01638	0.010746	-0.017944	-0.00658	0.311194	-0.107068	-0.908836	0.152703	-0.067656
cell_003245	donor_239	2.057802	0.234590	-0.638429	-0.537543	F	2.114238	0.0415	-0.008469	-0.01638	0.010746	-0.017944	-0.00658	-2.540423	1.107921	1.010891	-0.23792	0.352597
cell_003246	donor_239	-0.221640	0.473340	-1.562981	-0.537543	F	1.922144	0.0489	-0.008469	-0.01638	0.010746	-0.017944	-0.00658	-0.325272	-1.604448	2.163724	0.749765	0.940603
cell_003247	donor_240	-0.572499	1.434893	-1.045710	0.003158	M	1.559595	0.04473	0.002142	-0.012849	-0.009831	0.0307	-0.004085	-0.284544	1.125977	-1.370229	-0.245487	0.739813
cell_003248	donor_240	-0.749025	0.013194	0.283142	0.003158	M	2.14145	0.05365	0.002142	-0.012849	-0.009831	0.0307	-0.004085	-0.626807	0.910712	0.303752	0.209617	-0.720067
cell_003249	donor_240	-0.625004	0.076964	0.607940	0.003158	M	2.351906	0.03145	0.002142	-0.012849	-0.009831	0.0307	-0.004085	0.404376	1.932546	0.175286	0.555966	0.703522
cell_003250	donor_240	1.961452	-0.126244	-0.041297	0.003158	M	1.732603	0.01034	0.002142	-0.012849	-0.009831	0.0307	-0.004085	-1.144415	-0.132576	-0.163023	-2.12491	0.788972
cell_003251	donor_240	1.527452	-0.549166	-1.324353	0.003158	M	1.342507	0.029	0.002142	-0.012849	-0.009831	0.0307	-0.004085	-0.931824	0.679633	-0.758027	2.042113	-0.278557
cell_003252	donor_240	0.250249	1.076175	0.361047	0.003158	M	1.195331	0.0155	0.002142	-0.012849	-0.009831	0.0307	-0.004085	1.921161	-0.17271	-0.05347	1.566591	-0.917568
cell_003253	donor_240	-0.097016	-1.448393	-0.058369	0.003158	M	1.733726	0.04316	0.002142	-0.012849	-0.009831	0.0307	-0.004085	0.049957	0.539537	0.403789	0.043023	-0.094326
cell_003254	donor_240	1.233155	-1.234117	-0.244747	0.003158	M	1.937799	0.02282	0.002142	-0.012849	-0.009831	0.0307	-0.004085	0.846442	0.176787	0.966379	0.391895	0.650205
cell_003255	donor_240	-0.387485	-0.697705	0.247923	0.003158	M	1.793598	0.02803	0.002142	-0.012849	-0.009831	0.0307	-0.004085	1.133563	-0.310082	1.106449	-0.156815	-1.400661
cell_003256	donor_240	0.443305	0.432827	-0.976810	0.003158	M	1.726687	0.04387	0.002142	-0.012849	-0.009831	0.0307	-0.004085	-0.329197	-0.722702	0.375335	-0.285778	0.127872
cell_003257	donor_240	-1.645984	0.262388	-0.505919	0.003158	M	2.22716	0.01518	0.002142	-0.012849	-0.009831	0.0307	-0.004085	1.014218	1.485774	0.292701	1.08565	-0.177144
cell_003258	donor_240	1.838312	1.884510	1.990690	0.003158	M	2.18513	0.04928	0.002142	-0.012849	-0.009831	0.0307	-0.004085	-1.563159	-1.179322	-0.195709	0.795594	-0.192871
cell_003259	donor_240	-0.940111	0.569369	0.870953	0.003158	M	2.079837	0.00305	0.002142	-0.012849	-0.009831	0.0307	-0.004085	1.18588	1.831648	-0.888275	2.124861	-1.634744
cell_003260	donor_240	0.758354	-0.354398	1.279165	0.003158	M	2.326595	0.03613	0.002142	-0.012849	-0.009831	0.0307	-0.004085	1.848834	-0.033524	-0.232844	-0.008019	-0.799969
cell_003261	donor_240	0.000475	0.128106	-1.537833	0.003158	M	1.737477	0.02818	0.002142	-0.012849	-0.009831	0.0307	-0.004085	1.501556	-0.692004	-0.564511	-1.379251	-0.730663
cell_003262	donor_241	0.644765	-0.260412	0.464779	-0.56728	F	1.562176	0.04655	-0.007193	-0.003503	0.009089	-0.020677	0.008544	-0.700245	-0.767363	-0.175705	-1.11475	1.59452
cell_003263	donor_241	0.235114	0.180937	-0.045714	-0.56728	F	1.791067	0.00251	-0.007193	-0.003503	0.009089	-0.020677	0.008544	-0.152801	0.374034	0.861791	2.024937	0.909883
cell_003264	donor_241	0.786600	-0.198893	-1.455197	-0.56728	F	1.763479	0.00062	-0.007193	-0.003503	0.009089	-0.020677	0.008544	-0.247831	-1.072737	0.338095	1.062297	0.141932
cell_003265	donor_241	0.568956	-0.809006	-1.324262	-0.56728	F	1.179484	0.045	-0.007193	-0.003503	0.009089	-0.020677	0.008544	0.065216	0.213485	-1.869786	0.146469	0.732275
cell_003266	donor_241	-1.022243	0.283332	-0.096519	-0.56728	F	1.781773	0.02218	-0.007193	-0.003503	0.009089	-0.020677	0.008544	-0.045683	1.12351	1.156886	-0.503899	0.441789
cell_003267	donor_241	-2.132683	-0.383656	1.169231	-0.56728	F	2.44194	0.02818	-0.007193	-0.003503	0.009089	-0.020677	0.008544	0.042756	-2.028533	-0.187187	-1.030901	0.13399
cell_003268	donor_241	-0.451296	-0.165477	1.042991	-0.56728	F	2.320341	0.01681	-0.007193	-0.003503	0.009089	-0.020677	0.008544	0.682751	-0.217618	-0.900035	0.233966	2.443705
cell_003269	donor_241	0.795489	1.021751	-2.772554	-0.56728	F	2.210074	0.04826	-0.007193	-0.003503	0.009089	-0.020677	0.008544	-2.172293	0.232805	-0.543784	-0.426082	-0.10469
cell_003270	donor_241	1.733523	0.636400	2.461476	-0.56728	F	2.052647	0.03598	-0.007193	-0.003503	0.009089	-0.020677	0.008544	-0.344057	0.601804	-0.24179	-2.161875	1.279669
cell_003271	donor_241	-0.782326	-1.763451	0.007218	-0.56728	F	2.579559	0.03481	-0.007193	-0.003503	0.009089	-0.020677	0.008544	1.129279	-0.606758	0.049772	1.217589	1.033164
cell_003272	donor_241	-0.275372	0.653664	1.074928	-0.56728	F	1.575933	0.00661	-0.007193	-0.003503	0.009089	-0.020677	0.008544	1.357369	0.374478	0.769534	1.408768	-0.343286
cell_003273	donor_242	-0.087294	-0.240708	0.522720	-0.223538	M	1.614069	0.04003	0.005116	-0.035773	0.035885	0.029216	-0.016011	0.440622	-2.14659	-1.579841	0.499983	0.652663
cell_003274	donor_242	-0.256329	-0.339982	1.037135	-0.223538	M	2.449718	0.01016	0.005116	-0.035773	0.035885	0.029216	-0.016011	-0.387285	-0.606413	-0.355568	0.191869	-2.313726
cell_003275	donor_242	1.259778	1.083966	-0.168230	-0.223538	M	2.011042	0.01683	0.005116	-0.035773	0.035885	0.029216	-0.016011	0.465619	0.032408	0.247429	-0.123729	-1.383087
cell_003276	donor_242	-2.139789	-0.148206	-0.757980	-0.223538	M	1.731529	0.00269	0.005116	-0.035773	0.035885	0.029216	-0.016011	-1.098195	1.523486	-0.642625	0.807815	-1.082365
cell_003277	donor_242	-0.129725	-0.671091	-0.020740	-0.223538	M	2.22077	0.02687	0.005116	-0.035773	0.035885	0.029216	-0.016011	-0.014996	-0.440683	-0.287498	-0.340003	1.443922
cell_003278	donor_242	-1.039276	-1.280717	1.222691	-0.223538	M	1.824613	0.05129	0.005116	-0.035773	0.035885	0.029216	-0.016011	1.927486	0.23763	-0.412698	-1.329227	-1.39807
cell_003279	donor_242	-0.969658	0.000332	0.954515	-0.223538	M	1.66499	0.03453	0.005116	-0.035773	0.035885	0.029216	-0.016011	1.449356	-1.468596	-0.440337	0.155307	-2.601563
cell_003280	donor_242	0.914304	0.794848	0.302867	-0.223538	M	1.653859	0.02116	0.005116	-0.035773	0.035885	0.029216	-0.016011	-1.250594	-1.338426	-0.665705	0.258683	1.027777
cell_003281	donor_242	0.724003	1.373088	0.425023	-0.223538	M	2.12862	0.03218	0.005116	-0.035773	0.035885	0.029216	-0.016011	-0.663555	-0.46166	-0.119581	-0.805537	0.41781
cell_003282	donor_242	-1.837202	-0.528533	0.696370	-0.223538	M	2.082326	0.03207	0.005116	-0.035773	0.035885	0.029216	-0.016011	0.448694	-2.721576	0.639424	0.127207	0.258769
cell_003283	donor_242	-0.627096	1.620106	-0.063180	-0.223538	M	2.606699	0.03132	0.005116	-0.035773	0.035885	0.029216	-0.016011	1.179595	-1.786295	-1.255491	-0.070239	-2.321376
cell_003284	donor_242	0.085249	1.124744	-0.182850	-0.223538	M	1.883964	0.03355	0.005116	-0.035773	0.035885	0.029216	-0.016011	-0.211651	0.846065	0.396639	0.078994	-0.232724
cell_003285	donor_242	0.176277	0.899123	-1.472271	-0.223538	M	1.87714	0.0092	0.005116	-0.035773	0.035885	0.029216	-0.016011	-0.42787	-0.48548	0.228723	-1.550893	1.463115
cell_003286	donor_242	-0.285298	0.829153	0.065600	-0.223538	M	2.575853	0.03213	0.005116	-0.035773	0.035885	0.029216	-0.016011	-0.737639	0.557679	0.080363	-1.153639	1.292665
cell_003287	donor_243	1.467334	-1.575923	-1.690002	-1.175605	F	2.394259	0.0051	-0.022449	0.004561	-0.028517	0.027286	-0.009369	1.081463	-1.570663	-0.07357	0.207366	-2.071337
cell_003288	donor_243	0.769687	0.865807	-0.193250	-1.175605	F	2.057959	0.04151	-0.022449	0.004561	-0.028517	0.027286	-0.009369	-2.120545	-0.833663	-1.313221	-1.043523	-1.313054
cell_003289	donor_243	0.400394	0.745207	-0.813863	-1.175605	F	1.375595	0.00795	-0.022449	0.004561	-0.028517	0.027286	-0.009369	-0.122394	-0.892276	1.113966	0.18027	0.794313
cell_003290	donor_243	-0.706848	0.189726	0.904089	-1.175605	F	1.675258	0.05355	-0.022449	0.004561	-0.028517	0.027286	-0.009369	-1.688268	-0.628224	0.136216	0.452979	-0.647696
cell_003291	donor_243	-1.165957	-0.197948	-0.244237	-1.175605	F	1.578362	0.0189	-0.022449	0.004561	-0.028517	0.027286	-0.009369	-0.50113	-0.391539	-0.297864	2.164197	0.313243
cell_003292	donor_243	0.417959	-0.008698	-0.545884	-1.175605	F	2.014581	0.06349	-0.022449	0.004561	-0.028517	0.027286	-0.009369	0.039875	-1.259008	-1.235346	-0.213208	1.130375
cell_003293	donor_243	1.248566	-0.539257	-0.292096	-1.175605	F	1.796664	0.00278	-0.022449	0.004561	-0.028517	0.027286	-0.009369	-0.19914	-0.156311	-0.744249	-1.741673	0.436895
cell_003294	donor_243	-1.591498	-0.713626	0.516076	-1.175605	F	2.641162	0.006	-0.022449	0.004561	-0.028517	0.027286	-0.009369	-0.25435	0.446031	0.154632	-0.9641	0.22541
cell_003295	donor_243	0.320602	0.599517	0.550982	-1.175605	F	1.371425	0.03598	-0.022449	0.004561	-0.028517	0.027286	-0.009369	-1.291051	0.217542	-0.062837	1.540599	-0.86689
cell_003296	donor_243	2.087714	-0.747859	-1.619424	-1.175605	F	1.535464	0.04237	-0.022449	0.004561	-0.028517	0.027286	-0.009369	-1.326888	-0.413163	0.609086	-2.797723	0.875533
cell_003297	donor_244	-1.050553	-0.703652	-0.974327	0.49066	F	2.097852	0.02433	0.032436	-0.016488	-0.002244	0.025344	-0.006465	-0.208616	-1.14191	-0.367846	-0.741073	-1.225106
cell_003298	donor_244	0.093661	1.252655	1.539659	0.49066	F	2.208574	0.04785	0.032436	-0.016488	-0.002244	0.025344	-0.006465	-1.938604	0.730479	-0.55948	-0.391475	0.844778
cell_003299	donor_244	0.504309	2.141272	-0.356373	0.49066	F	0.965146	0.01407	0.032436	-0.016488	-0.002244	0.025344	-0.006465	0.055864	-1.559417	0.672797	1.483836	0.503094
cell_003300	donor_244	-1.632519	1.053178	-1.838594	0.49066	F	1.305836	0.02201	0.032436	-0.016488	-0.002244	0.025344	-0.006465	-0.865012	-1.472783	-0.901393	0.103033	1.426256
cell_003301	donor_244	-0.755003	0.520112	-0.102381	0.49066	F	1.894559	0.02396	0.032436	-0.016488	-0.002244	0.025344	-0.006465	-0.759358	-0.648911	1.021444	-0.434012	1.713979
cell_003302	donor_244	-0.190953	-1.180790	-0.010802	0.49066	F	2.542417	0.01923	0.032436	-0.016488	-0.002244	0.025344	-0.006465	-0.148103	1.16777	0.382782	0.70709	-0.177068
cell_003303	donor_244	1.003662	0.019968	-0.830226	0.49066	F	2.755104	0.00868	0.032436	-0.016488	-0.002244	0.025344	-0.006465	-0.111662	0.41892	0.79814	0.526062	-1.767446
cell_003304	donor_244	-1.247538	-0.809595	0.392334	0.49066	F	1.834201	0.02951	0.032436	-0.016488	-0.002244	0.025344	-0.006465	0.257682	-0.656587	-0.54588	0.457503	1.697919
cell_003305	donor_244	0.343602	-0.800507	-2.210759	0.49066	F	1.931741	0.0277	0.032436	-0.016488	-0.002244	0.025344	-0.006465	-0.232051	1.972881	-1.096999	1.231743	0.430692
cell_003306	donor_244	0.420013	-0.897707	0.689062	0.49066	F	1.665254	0.05156	0.032436	-0.016488	-0.002244	0.025344	-0.006465	0.208557	1.383162	-0.636533	1.277569	-0.208315
cell_003307	donor_244	-0.756110	-0.987900	0.153172	0.49066	F	2.253283	0.00428	0.032436	-0.016488	-0.002244	0.025344	-0.006465	-0.642107	-1.326659	1.585354	1.141261	-0.478063
cell_003308	donor_244	2.357699	0.749030	0.136219	0.49066	F	2.611412	0.01721	0.032436	-0.016488	-0.002244	0.025344	-0.006465	0.545419	0.1266	-0.352913	0.964758	-0.625417
cell_003309	donor_244	0.358852	-1.751116	-1.122340	0.49066	F	2.502408	0.05407	0.032436	-0.016488	-0.002244	0.025344	-0.006465	-2.191641	0.259837	0.066766	-0.593271	-0.89242
cell_003310	donor_244	-2.510929	1.729874	1.527386	0.49066	F	1.9884	0.03587	0.032436	-0.016488	-0.002244	0.025344	-0.006465	-1.559398	-0.362722	-0.875232	0.964396	0.516503
cell_003311	donor_244	0.392819	0.135115	-1.551590	0.49066	F	1.664587	0.04099	0.032436	-0.016488	-0.002244	0.025344	-0.006465	-0.484534	0.52272	-0.107475	-0.269449	-0.05481
cell_003312	donor_245	-0.219300	1.792392	0.131416	0.175285	M	2.003279	0.03907	0.005442	0.021853	-0.011121	-0.025235	-0.029174	1.77131	0.644018	-0.298482	0.893863	0.857808
cell_003313	donor_245	-0.564646	-1.758071	1.380306	0.175285	M	2.552315	0.03916	0.005442	0.021853	-0.011121	-0.025235	-0.029174	0.259717	-0.32857	-0.39461	-1.075147	0.180492
cell_003314	donor_245	-0.070084	-1.756734	-0.924266	0.175285	M	1.839793	0.06642	0.005442	0.021853	-0.011121	-0.025235	-0.029174	-0.609868	-0.436719	0.624018	1.687183	0.374201
cell_003315	donor_245	-1.277538	-0.131744	0.207339	0.175285	M	1.273828	0.03183	0.005442	0.021853	-0.011121	-0.025235	-0.029174	-0.105146	-0.018764	1.137965	0.387703	0.193736
cell_003316	donor_245	-0.503217	0.777047	0.078802	0.175285	M	1.855996	0.00977	0.005442	0.021853	-0.011121	-0.025235	-0.029174	0.26457	-1.428617	0.390476	-0.875219	0.394417
cell_003317	donor_245	1.062312	-0.357194	3.045326	0.175285	M	1.88839	0.04278	0.005442	0.021853	-0.011121	-0.025235	-0.029174	-0.73519	0.59117	-0.153073	-1.145361	-0.290681
cell_003318	donor_245	-0.564489	-0.903330	-1.026301	0.175285	M	1.271481	0.01867	0.005442	0.021853	-0.011121	-0.025235	-0.029174	2.205889	-2.273055	0.166342	-1.010566	1.376876
cell_003319	donor_245	-0.210941	-1.719536	0.294563	0.175285	M	2.092815	0.0278	0.005442	0.021853	-0.011121	-0.025235	-0.029174	0.816309	0.18591	0.917432	0.244572	0.006119
cell_003320	donor_245	-1.905304	0.161671	-1.351252	0.175285	M	2.202402	0.0374	0.005442	0.021853	-0.011121	-0.025235	-0.029174	-0.598859	-0.360915	-0.464061	0.010345	-1.892101
cell_003321	donor_245	-0.381293	0.604540	2.304038	0.175285	M	2.743957	0.01357	0.005442	0.021853	-0.011121	-0.025235	-0.029174	1.029664	1.946872	-0.432216	1.174952	-0.134103
cell_003322	donor_245	-1.078001	-0.150317	-0.723759	0.175285	M	1.467049	0.01979	0.005442	0.021853	-0.011121	-0.025235	-0.029174	-0.602303	-0.381784	0.085692	-0.721306	0.606182
cell_003323	donor_245	-0.869870	-0.714973	0.824066	0.175285	M	2.292209	0.03952	0.005442	0.021853	-0.011121	-0.025235	-0.029174	-0.51928	-1.073226	-0.019916	-0.693935	-0.327315
cell_003324	donor_245	-0.488056	2.249313	0.415979	0.175285	M	2.386734	0.01903	0.005442	0.021853	-0.011121	-0.025235	-0.029174	-0.054309	-1.339707	1.458865	0.812644	-0.630055
cell_003325	donor_245	-1.010011	-0.366705	-0.801847	0.175285	M	2.207848	0.04947	0.005442	0.021853	-0.011121	-0.025235	-0.029174	-0.019127	0.635789	0.208713	1.879852	-0.238663
cell_003326	donor_245	0.800069	-1.638780	-1.340951	0.175285	M	1.597279	0.01028	0.005442	0.021853	-0.011121	-0.025235	-0.029174	1.188979	-1.334637	-1.1808	1.684472	-0.431956
cell_003327	donor_246	-0.591546	0.682947	1.233060	-1.616532	F	1.574029	0.01021	0.011669	0.007776	0.021233	-0.005481	-0.028615	-1.167448	-0.047724	1.263977	-0.763525	-0.041705
cell_003328	donor_246	1.380542	0.529802	-0.082890	-1.616532	F	2.038879	0.06812	0.011669	0.007776	0.021233	-0.005481	-0.028615	-1.854489	-0.46884	0.997199	-0.784342	-1.271906
cell_003329	donor_246	0.794626	-1.144501	-1.844657	-1.616532	F	2.036071	0.0006	0.011669	0.007776	0.021233	-0.005481	-0.028615	-0.776113	-0.609681	0.764714	0.379777	0.572941
cell_003330	donor_246	0.436638	-1.005678	-0.065307	-1.616532	F	1.776226	0.02947	0.011669	0.007776	0.021233	-0.005481	-0.028615	0.028432	-0.619861	-0.776365	0.432328	1.589003
cell_003331	donor_246	0.119627	0.248120	0.937792	-1.616532	F	2.516655	0.06703	0.011669	0.007776	0.021233	-0.005481	-0.028615	-0.940735	-1.017983	-1.135828	0.831528	-0.042143
cell_003332	donor_246	0.832075	0.195000	-0.442015	-1.616532	F	1.839699	0.02943	0.011669	0.007776	0.021233	-0.005481	-0.028615	0.555397	-0.507968	0.618236	-0.287635	-1.544926
cell_003333	donor_246	0.107762	-0.596210	-0.196429	-1.616532	F	1.24252	0.05694	0.011669	0.007776	0.021233	-0.005481	-0.028615	0.922898	-0.036225	-0.310299	0.281291	-1.444166
cell_003334	donor_246	2.618173	0.182190	0.450245	-1.616532	F	1.910377	0.04305	0.011669	0.007776	0.021233	-0.005481	-0.028615	0.430723	-0.595811	-0.156105	1.139294	0.642195
cell_003335	donor_246	-0.705481	1.020073	0.760272	-1.616532	F	2.192109	0.02986	0.011669	0.007776	0.021233	-0.005481	-0.028615	-0.176382	-0.101084	-2.560569	-0.821892	0.167127
cell_003336	donor_246	0.767353	0.214891	1.034190	-1.616532	F	2.136784	0.02739	0.011669	0.007776	0.021233	-0.005481	-0.028615	-0.764165	-1.326433	0.48015	1.306444	-0.721397
cell_003337	donor_247	1.271685	0.283099	-0.114612	0.992917	M	2.133689	0.01239	-0.047055	0.057359	0.010538	0.002736	0.005573	0.87501	0.724806	-0.976818	-0.727687	1.803103
cell_003338	donor_247	0.894571	-0.904125	-0.717960	0.992917	M	2.597596	0.02362	-0.047055	0.057359	0.010538	0.002736	0.005573	-1.117023	-0.60902	1.965749	-0.568869	1.352991
cell_003339	donor_247	-0.053300	-1.741357	0.827595	0.992917	M	1.554084	0.03464	-0.047055	0.057359	0.010538	0.002736	0.005573	-1.022017	0.138268	1.08592	-0.467466	0.099736
cell_003340	donor_247	-0.962914	-0.471491	-0.213280	0.992917	M	1.830517	0.03463	-0.047055	0.057359	0.010538	0.002736	0.005573	0.744436	-0.901993	2.240355	1.037724	-0.357282
cell_003341	donor_247	0.039287	-0.343653	-0.067371	0.992917	M	2.618022	0.07932	-0.047055	0.057359	0.010538	0.002736	0.005573	-0.234823	1.911721	-0.354815	-0.472158	1.146165
cell_003342	donor_247	-0.059628	-0.447031	-0.773194	0.992917	M	1.21306	0.03562	-0.047055	0.057359	0.010538	0.002736	0.005573	-1.400558	-0.078332	0.084159	-0.703714	-1.565599
cell_003343	donor_247	1.081474	-2.104406	-0.205715	0.992917	M	1.978522	0.0426	-0.047055	0.057359	0.010538	0.002736	0.005573	0.0691	0.688181	-0.679055	-1.179807	1.256081
cell_003344	donor_247	-0.468899	0.418791	-1.454293	0.992917	M	2.491568	0.0533	-0.047055	0.057359	0.010538	0.002736	0.005573	0.528128	-0.361803	0.920855	0.24174	1.789215
cell_003345	donor_247	-0.499785	-0.102360	1.070074	0.992917	M	2.485607	0.04081	-0.047055	0.057359	0.010538	0.002736	0.005573	0.664169	-1.389865	-0.658739	-0.610905	0.30956
cell_003346	donor_247	0.332185	-1.183488	-0.487477	0.992917	M	2.264047	0.02828	-0.047055	0.057359	0.010538	0.002736	0.005573	-0.303489	-1.127287	0.58914	1.000117	-0.102734
cell_003347	donor_247	0.886051	-1.200775	-0.078644	0.992917	M	2.274176	0.02838	-0.047055	0.057359	0.010538	0.002736	0.005573	0.209458	-0.967557	-0.522537	-0.481633	0.558587
cell_003348	donor_247	-0.009120	-0.385783	2.695752	0.992917	M	1.583591	0.02299	-0.047055	0.057359	0.010538	0.002736	0.005573	0.256026	-0.329692	-0.369382	-1.967818	1.605874
cell_003349	donor_247	-0.412731	0.449765	-0.766301	0.992917	M	2.549271	0.03888	-0.047055	0.057359	0.010538	0.002736	0.005573	-2.085446	0.42188	0.03771	-0.265682	-0.008193
cell_003350	donor_247	0.527748	0.870788	-0.587964	0.992917	M	1.519975	0.02659	-0.047055	0.057359	0.010538	0.002736	0.005573	-0.662983	0.652815	-1.313568	0.327815	-0.677763
cell_003351	donor_247	-0.054702	-0.895280	-1.144404	0.992917	M	1.543835	0.0425	-0.047055	0.057359	0.010538	0.002736	0.005573	-0.426928	-0.399907	-0.165356	0.502153	-0.035795
cell_003352	donor_247	1.036795	-0.554001	-2.413612	0.992917	M	2.15515	0.00982	-0.047055	0.057359	0.010538	0.002736	0.005573	0.932979	1.044897	0.308768	0.68259	2.024931
cell_003353	donor_248	1.765356	-0.802095	-0.246373	-0.176288	M	1.802794	0.03294	-0.028627	-0.015897	0.034867	0.013167	-0.015272	-1.413329	1.076136	1.544846	0.433671	1.904046
cell_003354	donor_248	1.640907	-0.141742	-0.163337	-0.176288	M	2.082679	0.06104	-0.028627	-0.015897	0.034867	0.013167	-0.015272	1.773755	-0.337034	-0.260443	0.530607	-0.624114
cell_003355	donor_248	-1.228173	-1.634834	-0.166386	-0.176288	M	2.172307	0.02551	-0.028627	-0.015897	0.034867	0.013167	-0.015272	2.711221	0.788835	0.046538	-1.410201	0.251919
cell_003356	donor_248	0.362810	0.305525	-0.481261	-0.176288	M	2.711244	0.06686	-0.028627	-0.015897	0.034867	0.013167	-0.015272	-1.18565	0.759917	-2.502196	1.383725	-0.424145
cell_003357	donor_248	0.020258	-1.837210	0.460167	-0.176288	M	2.17349	0.03327	-0.028627	-0.015897	0.034867	0.013167	-0.015272	-1.691721	-0.01639	0.016823	-0.064318	1.379727
cell_003358	donor_248	0.161406	1.973661	0.007480	-0.176288	M	1.752586	0.02887	-0.028627	-0.015897	0.034867	0.013167	-0.015272	0.380879	0.796088	-0.248726	0.426999	-1.308488
cell_003359	donor_248	-0.942669	-0.050723	-0.327800	-0.176288	M	2.270595	0.03233	-0.028627	-0.015897	0.034867	0.013167	-0.015272	0.258103	-0.758209	1.319637	0.075505	0.662868
cell_003360	donor_248	0.434708	0.026892	-1.259947	-0.176288	M	1.667298	0.02377	-0.028627	-0.015897	0.034867	0.013167	-0.015272	0.262323	1.806301	-1.560363	-0.113797	-0.960087
cell_003361	donor_248	-1.635743	0.262908	1.383115	-0.176288	M	2.365262	0.00961	-0.028627	-0.015897	0.034867	0.013167	-0.015272	-2.049633	-1.025029	1.172036	-0.030175	-0.219771
cell_003362	donor_248	0.079348	0.813297	1.012809	-0.176288	M	2.025851	0.0476	-0.028627	-0.015897	0.034867	0.013167	-0.015272	0.773501	0.115432	0.613333	0.322844	0.542702
cell_003363	donor_248	0.266792	-0.814491	0.195308	-0.176288	M	2.160218	0.07385	-0.028627	-0.015897	0.034867	0.013167	-0.015272	-0.449687	1.047087	-1.212132	-0.08598	1.096921
cell_003364	donor_248	1.207073	0.529891	0.748245	-0.176288	M	1.287738	0.03961	-0.028627	-0.015897	0.034867	0.013167	-0.015272	-0.154064	-0.430854	2.288441	1.418592	0.141633
cell_003365	donor_248	-0.462546	-0.202354	-0.118727	-0.176288	M	1.099702	0.04083	-0.028627	-0.015897	0.034867	0.013167	-0.015272	-0.970478	-2.035085	0.708662	1.265869	0.395771
cell_003366	donor_249	-0.051338	1.167958	-2.347174	0.161762	M	1.39943	0.02635	-0.024536	-0.010314	-0.006309	0.040983	-0.003765	-1.7107	0.160319	-0.486851	0.161656	1.943428
cell_003367	donor_249	0.030538	-0.079496	-1.371501	0.161762	M	2.698308	0.05316	-0.024536	-0.010314	-0.006309	0.040983	-0.003765	0.789402	0.576075	-0.045344	0.414475	-0.723018
cell_003368	donor_249	0.671767	-0.724500	-0.357033	0.161762	M	1.540738	0.02921	-0.024536	-0.010314	-0.006309	0.040983	-0.003765	0.554936	-0.193368	-0.822256	0.815002	-2.231554
cell_003369	donor_249	1.848782	1.009974	0.574487	0.161762	M	2.292924	0.03534	-0.024536	-0.010314	-0.006309	0.040983	-0.003765	-0.544624	0.61332	1.224585	0.471703	-0.672087
cell_003370	donor_249	0.380777	-0.164680	1.999377	0.161762	M	1.743237	0.0013	-0.024536	-0.010314	-0.006309	0.040983	-0.003765	-0.050932	0.291275	1.560534	0.920598	0.92793
cell_003371	donor_249	0.802168	-0.749550	-1.400102	0.161762	M	1.903988	0.01941	-0.024536	-0.010314	-0.006309	0.040983	-0.003765	0.065419	-1.070986	-1.406041	-0.301266	0.699431
cell_003372	donor_249	0.566838	-0.055869	-1.428938	0.161762	M	1.982112	0.03735	-0.024536	-0.010314	-0.006309	0.040983	-0.003765	-0.501886	0.572175	-0.794685	-0.640421	1.40801
cell_003373	donor_249	0.428586	-0.269027	0.530665	0.161762	M	2.657511	0.04814	-0.024536	-0.010314	-0.006309	0.040983	-0.003765	0.766872	-0.306489	-0.830551	0.948915	0.87646
cell_003374	donor_249	0.441740	-0.608264	0.632845	0.161762	M	2.233802	0.0487	-0.024536	-0.010314	-0.006309	0.040983	-0.003765	0.639197	-0.177828	-1.094591	-0.014836	1.4076
cell_003375	donor_249	-0.497905	-0.432882	-0.532271	0.161762	M	2.154013	0.00158	-0.024536	-0.010314	-0.006309	0.040983	-0.003765	-0.909039	0.047453	1.635792	-0.304233	-0.127482
cell_003376	donor_249	1.130974	-0.280572	1.372443	0.161762	M	2.518679	0.00044	-0.024536	-0.010314	-0.006309	0.040983	-0.003765	-1.350403	0.623201	-0.740598	-1.554603	-0.953559
cell_003377	donor_249	1.783485	-0.738719	-2.920995	0.161762	M	1.746721	0.04168	-0.024536	-0.010314	-0.006309	0.040983	-0.003765	0.208446	-1.580105	-1.385815	0.559284	-0.072384
cell_003378	donor_249	1.044510	-0.341972	-0.866186	0.161762	M	2.427337	0.01506	-0.024536	-0.010314	-0.006309	0.040983	-0.003765	-0.913989	-0.321267	1.738171	1.281732	-0.107434
cell_003379	donor_249	-0.588718	-0.414814	1.297193	0.161762	M	2.360521	0.04789	-0.024536	-0.010314	-0.006309	0.040983	-0.003765	0.816182	0.121003	-1.774194	-1.953156	-0.909333
cell_003380	donor_249	0.159911	1.283599	0.494220	0.161762	M	2.35596	0.0026	-0.024536	-0.010314	-0.006309	0.040983	-0.003765	-1.575753	0.271567	-0.54994	0.425329	0.440696
cell_003381	donor_249	-0.309231	-0.390357	0.561609	0.161762	M	1.937993	0.02803	-0.024536	-0.010314	-0.006309	0.040983	-0.003765	0.690027	-0.930621	0.515672	-0.955462	0.71134
cell_003382	donor_250	0.820426	0.996793	-0.261539	0.764562	F	1.825074	0.02932	-0.023791	-0.001172	0.005287	-0.025611	0.008043	1.222654	0.723154	-0.177078	0.566768	-1.53327
cell_003383	donor_250	0.175206	0.584040	-0.383965	0.764562	F	1.652071	0.03961	-0.023791	-0.001172	0.005287	-0.025611	0.008043	-1.758706	0.466796	1.307734	-1.231449	0.015185
cell_003384	donor_250	-1.134940	-0.806271	-0.241035	0.764562	F	1.677127	0.00938	-0.023791	-0.001172	0.005287	-0.025611	0.008043	0.438864	-0.614552	-0.339383	0.613243	0.108186
cell_003385	donor_250	0.662207	1.258977	-1.356047	0.764562	F	1.633195	0.00934	-0.023791	-0.001172	0.005287	-0.025611	0.008043	0.112557	-0.982298	-0.031149	-0.397913	-0.344382
cell_003386	donor_250	-0.597345	-0.357862	0.794717	0.764562	F	2.146739	0.03343	-0.023791	-0.001172	0.005287	-0.025611	0.008043	-0.541404	-0.02728	-0.868278	0.01209	-0.365032
cell_003387	donor_250	-0.528111	-0.429732	-1.411993	0.764562	F	1.908665	0.04053	-0.023791	-0.001172	0.005287	-0.025611	0.008043	-0.932094	-1.948591	0.947466	0.74631	-0.804854
cell_003388	donor_250	0.483407	-0.161399	-0.654045	0.764562	F	2.17256	0.05015	-0.023791	-0.001172	0.005287	-0.025611	0.008043	0.681668	-1.024787	-0.307129	-0.53028	-0.277591
cell_003389	donor_250	-0.259513	1.126996	-1.004887	0.764562	F	2.195153	0.02283	-0.023791	-0.001172	0.005287	-0.025611	0.008043	0.64618	-0.401874	-0.339639	0.743227	0.061708
cell_003390	donor_250	-0.841660	1.252252	0.075775	0.764562	F	1.576098	0.04551	-0.023791	-0.001172	0.005287	-0.025611	0.008043	-0.591788	0.240642	0.992662	1.055917	-1.324628
cell_003391	donor_250	0.669754	0.401752	-0.035335	0.764562	F	1.564093	0.03972	-0.023791	-0.001172	0.005287	-0.025611	0.008043	-1.274544	0.999084	-0.287519	-2.200006	-0.729902
cell_003392	donor_251	-0.348299	0.831558	1.162337	0.328242	M	1.908536	0.05645	0.024178	0.002773	-0.015941	-0.010577	-0.033177	-0.439042	-0.312569	0.764928	-0.929168	0.935532
cell_003393	donor_251	1.084188	-1.185472	1.304911	0.328242	M	1.689952	0.02889	0.024178	0.002773	-0.015941	-0.010577	-0.033177	0.285132	-1.286541	-0.319474	0.494667	0.039562
cell_003394	donor_251	-0.357935	-0.755030	-0.169328	0.328242	M	1.647835	0.0046	0.024178	0.002773	-0.015941	-0.010577	-0.033177	0.378973	-0.587416	0.554768	-0.398462	2.546166
cell_003395	donor_251	0.831128	0.540464	-0.255386	0.328242	M	2.678275	0.02865	0.024178	0.002773	-0.015941	-0.010577	-0.033177	-1.319452	2.697951	-0.951148	1.271225	0.827441
cell_003396	donor_251	0.837666	0.139861	-0.572971	0.328242	M	1.386658	0.03177	0.024178	0.002773	-0.015941	-0.010577	-0.033177	-0.909565	0.599471	-0.49581	0.27485	0.147867
cell_003397	donor_251	-0.708035	0.410235	-0.082518	0.328242	M	2.809226	0.04036	0.024178	0.002773	-0.015941	-0.010577	-0.033177	-0.34931	-0.43243	0.340872	-0.903822	-0.866095
cell_003398	donor_251	-1.375505	0.847161	-0.480275	0.328242	M	2.115551	0.00065	0.024178	0.002773	-0.015941	-0.010577	-0.033177	0.954976	0.428386	-1.306667	-1.00328	-2.136511
cell_003399	donor_251	1.592120	-1.402990	-0.180709	0.328242	M	2.394495	0.02376	0.024178	0.002773	-0.015941	-0.010577	-0.033177	0.90969	0.688576	-1.088757	0.649651	1.985501
cell_003400	donor_251	-0.699978	-0.975423	-0.486791	0.328242	M	2.347333	0.04736	0.024178	0.002773	-0.015941	-0.010577	-0.033177	-1.539339	-0.615101	-1.561191	0.948544	-0.096058
cell_003401	donor_251	1.770568	0.143370	-0.791708	0.328242	M	2.246784	0.02792	0.024178	0.002773	-0.015941	-0.010577	-0.033177	-0.398105	0.227418	-0.556934	-0.401632	0.274762
cell_003402	donor_251	-1.828628	-1.721363	-0.536463	0.328242	M	2.664733	0.02389	0.024178	0.002773	-0.015941	-0.010577	-0.033177	-0.610078	-0.468986	-0.15652	0.09134	0.601644
cell_003403	donor_252	-0.633688	-0.224051	-2.272184	1.165203	F	1.567033	0.06813	-0.002677	0.006216	-0.017933	0.038794	0.015846	0.583228	-1.499589	1.407951	0.059117	-0.331661
cell_003404	donor_252	-0.091682	1.027730	1.622841	1.165203	F	1.937449	0.0086	-0.002677	0.006216	-0.017933	0.038794	0.015846	-0.903541	1.989167	2.359863	1.866181	0.121416
cell_003405	donor_252	-1.894446	-0.801393	-0.854234	1.165203	F	1.658861	0.05466	-0.002677	0.006216	-0.017933	0.038794	0.015846	0.344105	1.491036	-0.240751	0.541303	0.227219
cell_003406	donor_252	0.145721	-1.219772	1.682263	1.165203	F	1.321568	0.05042	-0.002677	0.006216	-0.017933	0.038794	0.015846	1.918768	1.436328	-0.137972	1.525051	-0.003843
cell_003407	donor_252	0.043522	-0.123146	1.592714	1.165203	F	1.735504	0.0255	-0.002677	0.006216	-0.017933	0.038794	0.015846	-0.545778	-0.285337	0.147411	-0.78505	-0.517619
cell_003408	donor_252	-0.016048	0.400303	-0.750798	1.165203	F	2.749019	0.02934	-0.002677	0.006216	-0.017933	0.038794	0.015846	-1.443383	-0.822483	0.234547	1.042138	0.914032
cell_003409	donor_252	-1.370502	-0.610362	2.186976	1.165203	F	1.930613	0.02927	-0.002677	0.006216	-0.017933	0.038794	0.015846	0.42984	-1.529274	-0.861003	-0.197443	0.962833
cell_003410	donor_252	0.633021	0.274535	-0.976373	1.165203	F	2.793406	0.03364	-0.002677	0.006216	-0.017933	0.038794	0.015846	-0.556854	-1.219756	1.448288	-0.734933	-1.127871
cell_003411	donor_252	0.911251	-1.357693	-1.567056	1.165203	F	2.834331	0.01811	-0.002677	0.006216	-0.017933	0.038794	0.015846	0.227335	-0.050075	-0.500126	0.000368	-0.92594
cell_003412	donor_252	-0.558887	1.954491	1.897894	1.165203	F	3.198052	0.02144	-0.002677	0.006216	-0.017933	0.038794	0.015846	-0.511581	-0.036129	-2.035856	0.955066	-1.372904
cell_003413	donor_252	-0.451237	-0.674199	-1.640362	1.165203	F	2.762197	0.0229	-0.002677	0.006216	-0.017933	0.038794	0.015846	-0.938856	1.000153	0.569311	0.087323	-1.708191
cell_003414	donor_252	0.078031	0.162013	0.789556	1.165203	F	2.943253	0.02353	-0.002677	0.006216	-0.017933	0.038794	0.015846	-0.605681	-0.216157	-0.143518	1.141419	1.994293
cell_003415	donor_252	0.910708	-0.197422	0.556028	1.165203	F	2.130067	0.02378	-0.002677	0.006216	-0.017933	0.038794	0.015846	0.614854	-0.534392	1.214413	-0.58957	-2.623694
cell_003416	donor_253	-0.700639	0.537043	-0.507232	-0.293296	F	2.091331	0.01482	-0.035856	-0.035445	-0.01968	0.031464	0.017818	-1.249533	-2.371922	-0.38383	-0.178284	-1.592671
cell_003417	donor_253	0.459459	0.378501	0.068804	-0.293296	F	2.117936	0.03195	-0.035856	-0.035445	-0.01968	0.031464	0.017818	-0.854115	-1.426357	-0.127003	-0.853486	1.00994
cell_003418	donor_253	0.794540	-1.570399	-1.064916	-0.293296	F	2.000025	0.01945	-0.035856	-0.035445	-0.01968	0.031464	0.017818	0.169685	1.604787	-0.454765	2.144366	0.00252
cell_003419	donor_253	-0.270060	-1.443263	-0.406865	-0.293296	F	2.059865	0.00734	-0.035856	-0.035445	-0.01968	0.031464	0.017818	-0.528465	2.408736	-1.828506	-0.552679	-1.665049
cell_003420	donor_253	-0.374630	1.309684	0.142534	-0.293296	F	2.300873	0.023	-0.035856	-0.035445	-0.01968	0.031464	0.017818	-1.838275	-2.067136	0.616757	-1.329052	-0.254776
cell_003421	donor_253	1.029430	0.301675	-0.535667	-0.293296	F	1.813673	0.02238	-0.035856	-0.035445	-0.01968	0.031464	0.017818	0.891916	0.463345	0.41392	1.213821	1.60943
cell_003422	donor_253	0.133717	0.729426	1.193401	-0.293296	F	1.44895	0.0555	-0.035856	-0.035445	-0.01968	0.031464	0.017818	-1.251735	0.483203	-0.272217	-0.146675	-1.511475
cell_003423	donor_253	-0.132310	-1.647511	-1.717802	-0.293296	F	2.145448	0.01922	-0.035856	-0.035445	-0.01968	0.031464	0.017818	-0.531948	-0.422745	1.430254	-1.155303	-2.385455
cell_003424	donor_253	-0.326413	-2.337902	1.795104	-0.293296	F	1.722878	0.04336	-0.035856	-0.035445	-0.01968	0.031464	0.017818	-0.0061	-1.256766	-0.139576	0.660756	-0.099816
cell_003425	donor_253	0.596933	-0.635667	-1.109648	-0.293296	F	1.764291	0.05766	-0.035856	-0.035445	-0.01968	0.031464	0.017818	-0.431245	-0.156561	0.847399	-1.154667	0.728482
cell_003426	donor_253	1.028119	-1.113637	-1.018227	-0.293296	F	1.942899	0.01744	-0.035856	-0.035445	-0.01968	0.031464	0.017818	-1.004441	0.602071	-1.54309	0.54251	-0.101871
cell_003427	donor_254	-0.765946	0.114087	0.620797	1.034429	F	1.851143	0.02905	0.032474	0.000204	-0.00419	-0.02495	0.006994	0.096554	0.958943	-0.821094	-0.025051	0.303301
cell_003428	donor_254	1.192672	1.044971	0.000774	1.034429	F	2.444017	0.06457	0.032474	0.000204	-0.00419	-0.02495	0.006994	-0.299011	0.716789	0.329821	-0.579929	1.260732
cell_003429	donor_254	1.020522	-0.671000	-1.820866	1.034429	F	1.933303	0.03458	0.032474	0.000204	-0.00419	-0.02495	0.006994	0.561896	-0.842567	-0.852595	-0.219513	0.447478
cell_003430	donor_254	-0.671131	-0.806261	-0.631987	1.034429	F	2.46418	0.03747	0.032474	0.000204	-0.00419	-0.02495	0.006994	-2.21344	-0.800509	-0.577478	-1.437654	-1.021767
cell_003431	donor_254	-0.959375	-0.461110	0.620017	1.034429	F	2.082406	0.02185	0.032474	0.000204	-0.00419	-0.02495	0.006994	0.137301	-0.488912	-0.410326	-1.37864	-0.213517
cell_003432	donor_254	1.715257	-1.725346	-1.287735	1.034429	F	1.964588	0.04374	0.032474	0.000204	-0.00419	-0.02495	0.006994	-1.504064	1.45903	1.743328	-0.473166	-1.12244
cell_003433	donor_254	-0.791446	0.765742	-0.204947	1.034429	F	2.063288	0.02921	0.032474	0.000204	-0.00419	-0.02495	0.006994	0.854602	0.592364	1.874745	2.141078	-2.026808
cell_003434	donor_254	-0.724109	0.716733	0.956390	1.034429	F	1.483348	0.00664	0.032474	0.000204	-0.00419	-0.02495	0.006994	1.158659	-0.222508	0.549088	0.777848	0.735915
cell_003435	donor_254	-0.018760	-0.816219	0.270280	1.034429	F	2.135231	0.0229	0.032474	0.000204	-0.00419	-0.02495	0.006994	1.00037	-0.56027	-0.952881	1.186913	-0.871728
cell_003436	donor_254	-0.233268	-0.241013	-0.512400	1.034429	F	2.339676	0.00634	0.032474	0.000204	-0.00419	-0.02495	0.006994	1.861399	-0.764375	-0.380836	-0.19041	-1.54106
cell_003437	donor_254	0.924983	0.249880	1.035701	1.034429	F	2.39634	0.03224	0.032474	0.000204	-0.00419	-0.02495	0.006994	-1.538176	0.912034	-1.720039	2.519663	-0.094126
cell_003438	donor_254	1.336326	0.458981	-0.506477	1.034429	F	1.45913	0.01166	0.032474	0.000204	-0.00419	-0.02495	0.006994	-1.029344	0.420218	-2.461908	-0.333568	-0.205341
cell_003439	donor_255	1.040326	0.465665	2.603368	0.122925	F	1.392408	0.03956	-0.003923	-0.004693	0.032361	-0.002527	0.02662	-1.266205	-0.631781	1.526023	0.18325	0.399467
cell_003440	donor_255	0.310103	0.697688	0.290424	0.122925	F	1.785273	0.0309	-0.003923	-0.004693	0.032361	-0.002527	0.02662	-0.786826	-1.323399	-0.24106	-2.457622	-1.096813
cell_003441	donor_255	-0.099099	-0.258792	0.294244	0.122925	F	2.553865	0.00504	-0.003923	-0.004693	0.032361	-0.002527	0.02662	-1.2525	-2.038766	0.649217	-0.130506	-0.61967
cell_003442	donor_255	0.521176	1.154388	0.308851	0.122925	F	2.08839	0.02015	-0.003923	-0.004693	0.032361	-0.002527	0.02662	0.671016	-1.644271	-1.343579	1.117326	2.281407
cell_003443	donor_255	-0.462889	-0.326854	-1.322937	0.122925	F	1.690122	0.04241	-0.003923	-0.004693	0.032361	-0.002527	0.02662	0.684227	0.471572	-0.581859	-0.558864	0.227269
cell_003444	donor_255	1.661214	-0.541174	0.967440	0.122925	F	1.418824	0.05296	-0.003923	-0.004693	0.032361	-0.002527	0.02662	1.372898	0.426543	0.957958	-0.916228	0.616925
cell_003445	donor_255	0.276551	0.303732	-0.117448	0.122925	F	1.726404	0.01195	-0.003923	-0.004693	0.032361	-0.002527	0.02662	-0.671344	0.140152	0.615821	-0.531233	-1.017078
cell_003446	donor_255	-0.787799	-0.968535	1.728465	0.122925	F	1.69938	0.00805	-0.003923	-0.004693	0.032361	-0.002527	0.02662	0.362596	-0.134772	0.13613	0.657144	1.307286
cell_003447	donor_255	0.113961	1.125268	1.384907	0.122925	F	2.374247	0.06902	-0.003923	-0.004693	0.032361	-0.002527	0.02662	0.663265	0.53194	-0.500377	-0.34684	0.454503
cell_003448	donor_255	-0.410847	0.423506	0.045011	0.122925	F	2.405018	0.0298	-0.003923	-0.004693	0.032361	-0.002527	0.02662	-0.363249	0.45036	-0.815617	1.92935	0.193678
cell_003449	donor_255	-1.157214	-0.185480	0.587507	0.122925	F	1.580039	0.03183	-0.003923	-0.004693	0.032361	-0.002527	0.02662	0.128005	-0.482605	1.913021	-1.25329	-0.703017
cell_003450	donor_255	-0.499029	-0.324843	-0.173367	0.122925	F	2.301266	0.01521	-0.003923	-0.004693	0.032361	-0.002527	0.02662	0.853592	0.239656	-0.576768	-0.548088	-0.290891
cell_003451	donor_255	2.111529	-1.834049	0.501643	0.122925	F	2.260303	0.0343	-0.003923	-0.004693	0.032361	-0.002527	0.02662	0.10214	1.553631	0.605162	1.023335	-0.434274
cell_003452	donor_255	-0.253339	-0.640655	-0.277876	0.122925	F	1.528128	0.0643	-0.003923	-0.004693	0.032361	-0.002527	0.02662	0.51573	-1.554789	0.182137	0.11796	1.821417
cell_003453	donor_255	0.667376	0.724524	0.186017	0.122925	F	1.966473	0.03509	-0.003923	-0.004693	0.032361	-0.002527	0.02662	1.557585	-0.25844	-0.81714	-0.789692	-0.294645
cell_003454	donor_256	1.092741	1.268833	0.816376	0.507633	F	2.136328	0.0513	-0.031761	0.053762	-0.007465	0.014144	0.017325	1.301741	0.414907	0.518008	0.811207	-0.994157
cell_003455	donor_256	-0.546192	0.494442	0.499201	0.507633	F	2.065294	0.03058	-0.031761	0.053762	-0.007465	0.014144	0.017325	-0.709059	0.520233	-0.778922	-1.526408	-1.082582
cell_003456	donor_256	-0.815631	-1.569439	-2.022776	0.507633	F	1.315784	0.00948	-0.031761	0.053762	-0.007465	0.014144	0.017325	1.054361	-0.374081	0.225851	-1.032526	0.379403
cell_003457	donor_256	0.069855	0.298040	-1.181782	0.507633	F	2.052473	0.01634	-0.031761	0.053762	-0.007465	0.014144	0.017325	-0.269592	0.446198	-0.477881	0.504284	-0.527013
cell_003458	donor_256	1.046032	0.152218	1.349453	0.507633	F	2.254506	0.00764	-0.031761	0.053762	-0.007465	0.014144	0.017325	-0.080323	-0.27168	0.026238	0.279065	-0.494904
cell_003459	donor_256	0.370536	-1.066334	0.458281	0.507633	F	2.631838	0.03436	-0.031761	0.053762	-0.007465	0.014144	0.017325	-0.119618	0.186487	0.507687	-0.076085	-0.887053
cell_003460	donor_256	0.670111	-0.547624	-1.442093	0.507633	F	1.732484	0.05448	-0.031761	0.053762	-0.007465	0.014144	0.017325	0.086454	0.670344	-1.333132	-1.321465	-0.662211
cell_003461	donor_256	0.100296	-1.000845	1.120888	0.507633	F	1.781819	0.03322	-0.031761	0.053762	-0.007465	0.014144	0.017325	-0.19233	-2.196915	0.57409	-0.182532	-2.3511
cell_003462	donor_256	-0.407177	1.724601	-2.124159	0.507633	F	1.916453	0.02384	-0.031761	0.053762	-0.007465	0.014144	0.017325	-1.113168	-0.300584	-1.772537	0.970461	0.186833
cell_003463	donor_256	0.134796	1.429393	-0.890304	0.507633	F	2.116486	0.01421	-0.031761	0.053762	-0.007465	0.014144	0.017325	0.678189	-1.029021	0.411373	-0.660643	-0.192469
cell_003464	donor_256	-0.159201	-0.403036	-0.683768	0.507633	F	2.038807	0.03711	-0.031761	0.053762	-0.007465	0.014144	0.017325	0.35283	-0.070065	0.80842	0.139078	-0.463126
cell_003465	donor_257	0.244623	-1.295422	-0.110969	0.403629	F	2.241723	0.00524	-0.009947	0.016381	0.01742	-0.014263	-0.014026	0.842881	1.053653	0.087596	1.336107	-0.235442
cell_003466	donor_257	0.515994	-0.215094	-1.000204	0.403629	F	1.549925	0.00732	-0.009947	0.016381	0.01742	-0.014263	-0.014026	-0.127935	0.004379	-0.129797	-0.310544	-0.714858
cell_003467	donor_257	1.030185	0.730257	-1.041187	0.403629	F	2.158741	0.048	-0.009947	0.016381	0.01742	-0.014263	-0.014026	-0.994122	0.110761	1.198341	0.814202	0.388085
cell_003468	donor_257	-1.294108	-0.951924	0.545273	0.403629	F	1.703114	0.02445	-0.009947	0.016381	0.01742	-0.014263	-0.014026	1.249169	0.019247	-0.988813	-0.349446	-0.060661
cell_003469	donor_257	0.275573	0.790083	-0.326150	0.403629	F	1.942666	0.02405	-0.009947	0.016381	0.01742	-0.014263	-0.014026	-0.512423	0.610067	0.93554	-1.732124	-0.14546
cell_003470	donor_257	-0.924734	0.918846	-0.553449	0.403629	F	2.683205	0.02662	-0.009947	0.016381	0.01742	-0.014263	-0.014026	-2.903122	-0.091574	-0.102752	1.77621	1.476257
cell_003471	donor_257	0.186548	-1.549925	-0.569810	0.403629	F	1.440703	0.04452	-0.009947	0.016381	0.01742	-0.014263	-0.014026	0.93235	-0.959739	-1.017508	-1.096054	1.526617
cell_003472	donor_257	1.009396	-0.716275	0.814504	0.403629	F	1.888213	0.03331	-0.009947	0.016381	0.01742	-0.014263	-0.014026	-0.910442	-0.38557	-0.899768	-1.258172	0.332616
cell_003473	donor_257	-2.331020	-0.559392	-0.171355	0.403629	F	1.490142	0.01514	-0.009947	0.016381	0.01742	-0.014263	-0.014026	0.153343	-2.224559	-1.301935	0.255188	-0.072214
cell_003474	donor_257	1.742540	-1.169063	0.670993	0.403629	F	2.061227	0.01586	-0.009947	0.016381	0.01742	-0.014263	-0.014026	-0.400932	0.605678	-1.443033	-0.594992	0.518037
cell_003475	donor_257	1.056932	-0.721490	-0.373524	0.403629	F	2.419293	0.0261	-0.009947	0.016381	0.01742	-0.014263	-0.014026	-0.649295	0.312547	-1.14623	-0.823849	-1.782198
cell_003476	donor_257	0.141629	-1.481485	-0.455103	0.403629	F	2.067862	0.03604	-0.009947	0.016381	0.01742	-0.014263	-0.014026	-2.057127	-0.475947	0.450024	-0.114799	1.160285
cell_003477	donor_257	1.276112	0.522655	-0.156751	0.403629	F	1.953314	0.02929	-0.009947	0.016381	0.01742	-0.014263	-0.014026	-0.392799	-2.120139	0.344194	-1.078528	0.125881
cell_003478	donor_257	0.113072	0.580905	0.772410	0.403629	F	2.531361	0.02751	-0.009947	0.016381	0.01742	-0.014263	-0.014026	-2.285482	-0.275049	0.702692	0.58048	-0.250742
cell_003479	donor_257	-0.556414	1.534721	1.316348	0.403629	F	2.132201	0.03093	-0.009947	0.016381	0.01742	-0.014263	-0.014026	-0.051332	-0.497186	-0.298299	0.626774	-0.749888
cell_003480	donor_258	0.677258	-0.842960	-1.020224	1.24073	F	2.327826	0.02928	0.000906	-0.00231	0.027863	0.014053	-0.001408	-0.651898	-1.579549	0.646698	-0.319862	-1.262942
cell_003481	donor_258	-0.326604	0.060765	-1.768492	1.24073	F	2.286103	0.01439	0.000906	-0.00231	0.027863	0.014053	-0.001408	0.822349	-0.101044	-0.796798	0.838113	-0.395944
cell_003482	donor_258	0.494693	1.287462	0.576474	1.24073	F	0.849504	0.05214	0.000906	-0.00231	0.027863	0.014053	-0.001408	-1.623872	0.904005	-0.894523	2.965701	-0.500173
cell_003483	donor_258	-0.676053	-0.794403	0.299852	1.24073	F	1.969332	0.02035	0.000906	-0.00231	0.027863	0.014053	-0.001408	-2.069964	1.699912	-0.110768	0.201486	0.327373
cell_003484	donor_258	-0.153304	0.443041	0.601721	1.24073	F	1.56877	0.03258	0.000906	-0.00231	0.027863	0.014053	-0.001408	-1.41504	-2.221081	1.899374	-1.617733	1.583659
cell_003485	donor_258	1.091891	-1.132123	0.221619	1.24073	F	1.668273	0.01121	0.000906	-0.00231	0.027863	0.014053	-0.001408	0.472121	0.120872	-0.522479	2.25461	-0.746995
cell_003486	donor_258	-0.363475	-0.098635	0.864409	1.24073	F	2.589834	0.0257	0.000906	-0.00231	0.027863	0.014053	-0.001408	-0.719058	0.618844	-0.727028	-1.065514	-0.111327
cell_003487	donor_258	0.973126	1.398444	0.425590	1.24073	F	1.850078	0.00801	0.000906	-0.00231	0.027863	0.014053	-0.001408	0.634486	1.826481	2.030442	-1.843669	0.989763
cell_003488	donor_258	-0.110017	-0.252878	-1.734755	1.24073	F	2.757027	0.01042	0.000906	-0.00231	0.027863	0.014053	-0.001408	-1.036706	-0.986844	-0.592025	-0.655706	-1.122114
cell_003489	donor_258	1.339735	-0.321898	0.505897	1.24073	F	1.436925	0.07844	0.000906	-0.00231	0.027863	0.014053	-0.001408	-2.377702	1.394797	0.84686	-0.06781	-1.018827
cell_003490	donor_259	0.678997	-1.245316	-0.923346	0.721412	F	1.566532	0.03499	0.012122	-0.040933	-0.012306	0.005756	0.022307	1.183968	-0.114658	-0.626268	-1.695269	0.48719
cell_003491	donor_259	1.547020	0.290436	-0.580586	0.721412	F	2.30494	0.05452	0.012122	-0.040933	-0.012306	0.005756	0.022307	-0.385396	0.210181	0.117674	0.584765	0.166627
cell_003492	donor_259	-0.126347	1.086237	0.934314	0.721412	F	1.863451	0.04711	0.012122	-0.040933	-0.012306	0.005756	0.022307	-0.355541	0.50412	0.900413	1.495982	-1.170898
cell_003493	donor_259	-1.466082	1.634284	0.966148	0.721412	F	2.122931	0.04966	0.012122	-0.040933	-0.012306	0.005756	0.022307	1.061857	-1.638168	0.964317	-0.640659	0.79151
cell_003494	donor_259	-0.152475	-1.191722	1.054009	0.721412	F	1.955077	0.02602	0.012122	-0.040933	-0.012306	0.005756	0.022307	1.442636	0.179311	-0.047344	-0.098399	-0.470584
cell_003495	donor_259	0.476428	-1.457798	-0.232078	0.721412	F	1.94297	0.06213	0.012122	-0.040933	-0.012306	0.005756	0.022307	1.124411	-0.107779	-2.175249	0.884165	0.831641
cell_003496	donor_259	3.126173	0.016502	-0.741971	0.721412	F	1.878306	0.04693	0.012122	-0.040933	-0.012306	0.005756	0.022307	0.043119	-0.78822	-1.160213	-0.785354	0.198814
cell_003497	donor_259	-1.008497	1.772099	0.847759	0.721412	F	2.071797	0.03083	0.012122	-0.040933	-0.012306	0.005756	0.022307	-1.843541	0.424415	0.072562	1.287273	0.701247
cell_003498	donor_259	1.407439	0.248185	1.254019	0.721412	F	2.256655	0.03527	0.012122	-0.040933	-0.012306	0.005756	0.022307	-0.723058	-1.690893	-0.821226	1.381236	0.294363
cell_003499	donor_259	-0.848320	0.162591	0.287054	0.721412	F	2.645769	0.02727	0.012122	-0.040933	-0.012306	0.005756	0.022307	0.597338	-0.629184	0.484763	-1.520163	0.935203
cell_003500	donor_259	1.382447	0.318843	-0.625512	0.721412	F	1.918995	0.03104	0.012122	-0.040933	-0.012306	0.005756	0.022307	-1.155427	-1.974414	2.262332	0.134886	0.107208
cell_003501	donor_260	0.064074	-1.676413	-2.320969	-0.442945	F	1.842545	0.02913	0.003995	0.029165	0.017359	-0.009767	-0.002801	-1.869956	0.62256	0.88602	-0.199295	0.889908
cell_003502	donor_260	0.831341	-0.374744	-0.261417	-0.442945	F	1.791015	0.03763	0.003995	0.029165	0.017359	-0.009767	-0.002801	1.170509	0.525723	-2.166222	-1.15161	1.686896
cell_003503	donor_260	0.830947	1.397010	0.534488	-0.442945	F	2.587914	0.0648	0.003995	0.029165	0.017359	-0.009767	-0.002801	0.082384	0.08688	-0.831656	-0.637474	1.19265
cell_003504	donor_260	1.928073	0.502689	0.302213	-0.442945	F	2.27613	0.0059	0.003995	0.029165	0.017359	-0.009767	-0.002801	1.498472	0.797209	0.551572	0.626622	-0.070373
cell_003505	donor_260	0.240389	-1.285496	0.955999	-0.442945	F	1.240387	0.05285	0.003995	0.029165	0.017359	-0.009767	-0.002801	-1.20366	-1.419798	1.314767	-0.032924	0.47707
cell_003506	donor_260	-2.445466	-0.586253	0.022930	-0.442945	F	1.222752	0.02264	0.003995	0.029165	0.017359	-0.009767	-0.002801	0.210757	0.261491	0.344947	0.697402	-0.767555
cell_003507	donor_260	-0.789762	-0.451756	1.839376	-0.442945	F	1.667977	0.05539	0.003995	0.029165	0.017359	-0.009767	-0.002801	1.182408	-0.737733	0.239463	-1.182991	-0.166631
cell_003508	donor_260	1.104024	-0.685828	-0.469567	-0.442945	F	2.092058	0.02333	0.003995	0.029165	0.017359	-0.009767	-0.002801	-0.659831	0.024215	0.735401	0.076053	1.960859
cell_003509	donor_260	-1.277004	0.704994	-0.249742	-0.442945	F	1.986612	0.03826	0.003995	0.029165	0.017359	-0.009767	-0.002801	0.795919	-0.228453	-0.086106	0.377763	0.704324
cell_003510	donor_260	-1.966466	0.100784	0.438979	-0.442945	F	2.205911	0.02682	0.003995	0.029165	0.017359	-0.009767	-0.002801	-1.234052	0.636654	-1.208092	0.53985	1.100097
cell_003511	donor_260	0.963141	-0.073355	-0.372671	-0.442945	F	1.929823	0.00461	0.003995	0.029165	0.017359	-0.009767	-0.002801	0.299732	-2.325745	-1.782354	0.562717	-2.453761
cell_003512	donor_260	1.986265	0.006586	0.719562	-0.442945	F	2.558968	0.06478	0.003995	0.029165	0.017359	-0.009767	-0.002801	0.609877	0.984826	1.135178	-0.241475	0.438506
cell_003513	donor_260	-0.539540	0.689910	-1.455629	-0.442945	F	2.308845	0.01114	0.003995	0.029165	0.017359	-0.009767	-0.002801	0.208892	-1.472832	0.745019	1.390477	0.689401
cell_003514	donor_260	-0.462068	-1.208274	-0.604973	-0.442945	F	2.031031	0.03168	0.003995	0.029165	0.017359	-0.009767	-0.002801	-0.502801	0.73995	1.297631	1.166238	1.026871
cell_003515	donor_261	1.250470	-0.612326	0.718256	-0.641267	M	2.458136	0.00895	0.008168	-0.008973	0.030626	-0.022175	0.006322	-1.59186	0.398215	0.645646	1.03866	0.515624
cell_003516	donor_261	1.517265	-0.027577	0.993767	-0.641267	M	1.340438	0.00326	0.008168	-0.008973	0.030626	-0.022175	0.006322	1.551951	-1.827845	0.55835	0.478997	0.902717
cell_003517	donor_261	0.531086	0.116437	0.750316	-0.641267	M	1.96597	0.0259	0.008168	-0.008973	0.030626	-0.022175	0.006322	1.542124	-0.888281	1.50854	0.814896	-0.187165
cell_003518	donor_261	1.839938	-0.637269	-0.959201	-0.641267	M	2.055005	0.01813	0.008168	-0.008973	0.030626	-0.022175	0.006322	-0.908794	0.196314	0.285677	0.341187	-0.62695
cell_003519	donor_261	-1.017915	0.994428	1.129368	-0.641267	M	2.240815	0.00662	0.008168	-0.008973	0.030626	-0.022175	0.006322	0.609339	-0.40554	1.216576	1.710207	-0.812599
cell_003520	donor_261	-0.537037	-2.136014	-0.674757	-0.641267	M	1.313934	0.02929	0.008168	-0.008973	0.030626	-0.022175	0.006322	0.05989	0.972164	0.27588	-1.352525	0.864798
cell_003521	donor_261	0.547854	-0.066723	0.180348	-0.641267	M	1.895837	0.00036	0.008168	-0.008973	0.030626	-0.022175	0.006322	-0.605772	0.200469	-0.994044	0.794596	-0.421042
cell_003522	donor_261	-0.523344	1.014089	0.343192	-0.641267	M	2.160184	0.03251	0.008168	-0.008973	0.030626	-0.022175	0.006322	0.900427	-0.214881	-0.481233	0.412236	-1.074374
cell_003523	donor_261	0.586463	0.159066	0.524368	-0.641267	M	2.190865	0.02745	0.008168	-0.008973	0.030626	-0.022175	0.006322	1.798233	0.185619	-0.56626	-0.399341	0.017573
cell_003524	donor_261	0.458572	-0.928075	0.373063	-0.641267	M	2.474452	0.01961	0.008168	-0.008973	0.030626	-0.022175	0.006322	0.995828	-0.894517	-0.368784	-0.04951	1.542472
cell_003525	donor_261	0.791508	1.155141	0.416107	-0.641267	M	2.304602	0.01954	0.008168	-0.008973	0.030626	-0.022175	0.006322	0.999144	1.590171	0.031035	1.432755	1.267277
cell_003526	donor_261	-0.965251	-0.811317	-0.435148	-0.641267	M	1.975662	0.03937	0.008168	-0.008973	0.030626	-0.022175	0.006322	0.696762	0.776999	-0.594573	1.828304	-0.245147
cell_003527	donor_261	0.189464	-0.122236	-1.123732	-0.641267	M	2.269989	0.00873	0.008168	-0.008973	0.030626	-0.022175	0.006322	0.559701	0.676698	-1.371342	-0.051098	0.203375
cell_003528	donor_261	-1.129720	-2.098522	-3.119475	-0.641267	M	1.919455	0.04024	0.008168	-0.008973	0.030626	-0.022175	0.006322	-0.113385	-0.039235	1.492685	-0.827139	-1.268757
cell_003529	donor_261	-0.131782	2.320230	1.796780	-0.641267	M	2.05871	0.03865	0.008168	-0.008973	0.030626	-0.022175	0.006322	-0.586491	0.744247	0.841677	0.606008	0.911812
cell_003530	donor_261	-0.978231	0.149903	-1.464580	-0.641267	M	2.317921	0.00965	0.008168	-0.008973	0.030626	-0.022175	0.006322	0.256039	-0.518014	-0.945157	-1.262118	-0.227171
cell_003531	donor_262	-1.312110	-1.197473	-0.225499	-0.049754	F	1.98188	0.02975	0.014709	-0.006269	-0.010776	-0.001522	0.01624	0.788344	0.236911	0.022947	-1.055375	2.579268
cell_003532	donor_262	-0.182460	0.252702	0.663216	-0.049754	F	2.144796	0.0465	0.014709	-0.006269	-0.010776	-0.001522	0.01624	-0.825459	0.120612	1.003017	0.042331	-0.806939
cell_003533	donor_262	-0.336881	0.036202	-1.093813	-0.049754	F	2.384524	0.01247	0.014709	-0.006269	-0.010776	-0.001522	0.01624	0.80866	-1.339555	1.742048	0.282234	-0.25341
cell_003534	donor_262	-1.344497	-1.498972	0.649248	-0.049754	F	2.284866	0.02588	0.014709	-0.006269	-0.010776	-0.001522	0.01624	-1.416382	-1.151978	-0.052093	1.892747	0.232976
cell_003535	donor_262	-0.337908	-1.871120	-0.063089	-0.049754	F	2.493389	0.053	0.014709	-0.006269	-0.010776	-0.001522	0.01624	0.34706	0.386107	2.364042	-0.44139	1.565468
cell_003536	donor_262	-1.248821	1.660379	-0.578822	-0.049754	F	2.931379	0.01285	0.014709	-0.006269	-0.010776	-0.001522	0.01624	-0.398579	-0.703613	-0.079611	-0.084544	0.562013
cell_003537	donor_262	0.681506	1.088963	-0.954928	-0.049754	F	2.281171	0.03918	0.014709	-0.006269	-0.010776	-0.001522	0.01624	-2.323984	0.14786	-0.598747	-0.723953	-1.295777
cell_003538	donor_262	0.076047	0.553468	0.115546	-0.049754	F	1.815483	0.00842	0.014709	-0.006269	-0.010776	-0.001522	0.01624	-0.364804	-0.516607	-0.426631	-1.638607	0.09815
cell_003539	donor_262	0.361101	-1.329629	0.554036	-0.049754	F	2.204729	0.02678	0.014709	-0.006269	-0.010776	-0.001522	0.01624	-0.791629	-1.635035	-0.548162	-0.774075	0.041137
cell_003540	donor_262	-0.486164	0.349451	0.919989	-0.049754	F	2.187527	0.03893	0.014709	-0.006269	-0.010776	-0.001522	0.01624	-0.56151	-1.449541	-0.888354	-1.726652	1.137128
cell_003541	donor_262	0.668809	0.348720	0.642128	-0.049754	F	2.245404	0.01809	0.014709	-0.006269	-0.010776	-0.001522	0.01624	1.297861	1.418915	-0.589848	1.29711	0.406998
cell_003542	donor_263	0.688411	1.495501	-0.034051	-0.760101	M	2.598006	0.01931	-0.009997	-0.021378	0.023012	0.007986	0.020157	-0.822156	-0.628519	-0.171981	0.102452	0.362905
cell_003543	donor_263	0.163957	0.932067	-0.490388	-0.760101	M	1.326355	0.03859	-0.009997	-0.021378	0.023012	0.007986	0.020157	-0.001786	-0.348521	1.352091	-0.113783	-0.171028
cell_003544	donor_263	-1.335267	0.493230	-0.206024	-0.760101	M	2.605535	0.03452	-0.009997	-0.021378	0.023012	0.007986	0.020157	-0.217271	-0.1132	-1.362423	-1.003097	2.445987
cell_003545	donor_263	-1.207527	0.500542	1.431133	-0.760101	M	2.740167	0.01955	-0.009997	-0.021378	0.023012	0.007986	0.020157	-1.650419	0.271777	0.342525	1.012724	0.366781
cell_003546	donor_263	-1.629743	1.022325	-2.537068	-0.760101	M	2.227228	0.00791	-0.009997	-0.021378	0.023012	0.007986	0.020157	1.890867	0.239646	1.347855	1.039972	1.54199
cell_003547	donor_263	-0.400287	1.840516	-0.328324	-0.760101	M	2.236854	0.04257	-0.009997	-0.021378	0.023012	0.007986	0.020157	0.024838	0.397894	-0.369177	0.159754	0.214987
cell_003548	donor_263	0.089938	0.762866	-1.716474	-0.760101	M	1.903342	0.02355	-0.009997	-0.021378	0.023012	0.007986	0.020157	-2.077408	-0.143143	0.889873	-1.350189	-0.986342
cell_003549	donor_263	0.072095	0.064213	1.862321	-0.760101	M	2.00253	0.04091	-0.009997	-0.021378	0.023012	0.007986	0.020157	1.155647	1.343128	-0.620769	0.173985	-0.078052
cell_003550	donor_263	-1.235741	-0.381539	-0.928356	-0.760101	M	2.279181	0.0376	-0.009997	-0.021378	0.023012	0.007986	0.020157	1.176976	-0.533346	-0.378646	1.340767	-1.003331
cell_003551	donor_263	-1.034412	1.127403	0.026652	-0.760101	M	2.253421	0.02105	-0.009997	-0.021378	0.023012	0.007986	0.020157	-0.497959	0.132898	1.52377	-1.193462	-0.710587
cell_003552	donor_263	-0.555567	-0.517846	-0.563227	-0.760101	M	2.288284	0.05145	-0.009997	-0.021378	0.023012	0.007986	0.020157	0.592551	0.74695	0.211556	-0.116721	0.129652
cell_003553	donor_263	-0.473803	-1.264445	-0.258730	-0.760101	M	2.250667	0.01811	-0.009997	-0.021378	0.023012	0.007986	0.020157	-1.507268	0.101422	1.482123	-1.320148	-0.784051
cell_003554	donor_264	-0.359207	-0.757797	0.155046	-1.052192	M	2.359356	0.05381	0.015187	0.043598	0.022299	-0.014482	0.009405	-0.396879	-0.333926	1.841365	-0.931908	-1.131711
cell_003555	donor_264	0.239889	-0.556647	-0.144134	-1.052192	M	2.314659	0.05643	0.015187	0.043598	0.022299	-0.014482	0.009405	0.771072	-0.646857	0.787675	-0.197062	0.45902
cell_003556	donor_264	2.158624	2.120433	-1.054090	-1.052192	M	1.590261	0.051	0.015187	0.043598	0.022299	-0.014482	0.009405	-1.567877	0.455656	0.217796	-0.255381	-1.232738
cell_003557	donor_264	-0.914448	-1.059403	1.057054	-1.052192	M	2.332907	0.02639	0.015187	0.043598	0.022299	-0.014482	0.009405	0.216835	0.724046	-0.531154	-0.51149	0.793889
cell_003558	donor_264	-0.398529	0.239674	1.996967	-1.052192	M	2.743435	0.08094	0.015187	0.043598	0.022299	-0.014482	0.009405	1.710221	0.939619	0.229463	-0.243226	-0.027501
cell_003559	donor_264	-0.010465	0.706249	0.520421	-1.052192	M	1.989349	0.03304	0.015187	0.043598	0.022299	-0.014482	0.009405	-1.325491	-0.154386	1.119885	0.039635	-0.6255
cell_003560	donor_264	-0.588217	1.059162	-0.849701	-1.052192	M	2.599792	0.03482	0.015187	0.043598	0.022299	-0.014482	0.009405	-0.717998	-0.031766	-1.234637	-0.908555	1.532818
cell_003561	donor_264	1.339880	-0.587451	-0.477968	-1.052192	M	1.633082	0.02956	0.015187	0.043598	0.022299	-0.014482	0.009405	-1.0361	-0.80154	0.291338	-0.441764	0.088634
cell_003562	donor_264	-1.088488	-0.924259	-0.426764	-1.052192	M	1.988095	0.0074	0.015187	0.043598	0.022299	-0.014482	0.009405	0.862876	-1.54708	0.754246	-0.58239	-0.286076
cell_003563	donor_264	-2.431349	-0.233332	-0.507974	-1.052192	M	1.743537	0.0559	0.015187	0.043598	0.022299	-0.014482	0.009405	1.922092	-1.402624	0.590703	1.128029	-0.683531
cell_003564	donor_264	0.790011	0.422981	-0.707637	-1.052192	M	2.551689	0.01855	0.015187	0.043598	0.022299	-0.014482	0.009405	-0.667729	-0.368668	-0.689456	0.066471	0.892606
cell_003565	donor_264	-0.458551	-0.234618	1.485957	-1.052192	M	2.656191	0.04839	0.015187	0.043598	0.022299	-0.014482	0.009405	-0.363234	0.928554	1.401011	0.431059	0.525484
cell_003566	donor_264	-0.822305	-0.719761	-1.128584	-1.052192	M	1.960322	0.05319	0.015187	0.043598	0.022299	-0.014482	0.009405	-0.593955	-2.622967	0.585705	0.796476	0.242444
cell_003567	donor_264	-1.482039	0.307004	0.202903	-1.052192	M	2.468425	0.04207	0.015187	0.043598	0.022299	-0.014482	0.009405	0.909769	-0.548263	0.518516	1.472144	0.665668
cell_003568	donor_264	1.282762	1.041409	2.397117	-1.052192	M	2.660251	0.01616	0.015187	0.043598	0.022299	-0.014482	0.009405	1.342756	1.349157	-1.221384	0.719181	-0.631955
cell_003569	donor_264	-0.073873	-0.260530	-1.300226	-1.052192	M	1.986832	0.02318	0.015187	0.043598	0.022299	-0.014482	0.009405	-1.107483	-0.285654	1.754159	-0.5438	-1.758216
cell_003570	donor_264	0.696578	0.118534	0.651266	-1.052192	M	2.051901	0.02354	0.015187	0.043598	0.022299	-0.014482	0.009405	-1.444608	0.478379	-0.758825	-2.043186	-1.405113
cell_003571	donor_265	-1.139124	0.351604	0.205200	-2.128052	F	2.293446	0.02767	-0.01115	-0.009083	-0.02825	-0.005722	0.010901	0.166918	0.779486	-0.445716	0.648979	0.91493
cell_003572	donor_265	0.139035	-0.683266	1.189325	-2.128052	F	1.662985	0.04605	-0.01115	-0.009083	-0.02825	-0.005722	0.010901	-0.78371	-0.121219	-0.600482	0.53888	-0.612234
cell_003573	donor_265	2.050308	-1.110344	0.720444	-2.128052	F	2.044039	0.02525	-0.01115	-0.009083	-0.02825	-0.005722	0.010901	-1.213177	0.052587	1.110345	0.510573	1.006835
cell_003574	donor_265	-2.877850	0.668610	-1.870155	-2.128052	F	2.857115	0.0182	-0.01115	-0.009083	-0.02825	-0.005722	0.010901	0.919021	0.042149	-0.597488	-0.86973	-1.586608
cell_003575	donor_265	-0.524967	-1.313025	-0.215611	-2.128052	F	1.799995	0.02405	-0.01115	-0.009083	-0.02825	-0.005722	0.010901	1.18955	-0.330605	-1.70477	1.234325	0.094267
cell_003576	donor_265	0.838794	-1.857313	-0.359480	-2.128052	F	2.34153	0.05431	-0.01115	-0.009083	-0.02825	-0.005722	0.010901	0.967769	-0.261542	-0.793274	0.445749	0.528635
cell_003577	donor_265	-0.513369	1.581049	0.431761	-2.128052	F	2.209522	0.02891	-0.01115	-0.009083	-0.02825	-0.005722	0.010901	-0.279901	1.313528	0.945469	0.564764	-1.109972
cell_003578	donor_265	-1.177217	-0.471294	1.556104	-2.128052	F	1.934494	0.06716	-0.01115	-0.009083	-0.02825	-0.005722	0.010901	-1.250859	1.199018	-2.188345	-0.090979	0.146644
cell_003579	donor_265	0.714365	-0.918233	-0.267071	-2.128052	F	2.088662	0.01859	-0.01115	-0.009083	-0.02825	-0.005722	0.010901	-0.489713	-0.035321	0.420297	-0.587221	0.88141
cell_003580	donor_265	-0.235109	-0.537982	-1.710212	-2.128052	F	2.701048	0.03434	-0.01115	-0.009083	-0.02825	-0.005722	0.010901	0.582476	-0.179959	-0.826431	-0.090661	2.11067
cell_003581	donor_265	-0.677622	1.389199	-0.381144	-2.128052	F	2.221439	0.02133	-0.01115	-0.009083	-0.02825	-0.005722	0.010901	-0.757429	1.530781	-1.755182	-0.860786	-0.54263
cell_003582	donor_265	-0.103254	0.140526	2.218141	-2.128052	F	2.283927	0.07149	-0.01115	-0.009083	-0.02825	-0.005722	0.010901	0.949089	0.055357	1.310072	-0.332642	-0.05386
cell_003583	donor_265	0.008875	1.093945	-0.598180	-2.128052	F	2.640345	0.03359	-0.01115	-0.009083	-0.02825	-0.005722	0.010901	-0.328681	2.026401	-1.120241	-0.508197	-0.977962
cell_003584	donor_265	-0.259399	0.012553	-0.774133	-2.128052	F	1.884236	0.07256	-0.01115	-0.009083	-0.02825	-0.005722	0.010901	0.573312	-1.14101	1.822146	0.08068	0.41238
cell_003585	donor_265	-0.203718	0.888051	-0.800365	-2.128052	F	1.581234	0.0216	-0.01115	-0.009083	-0.02825	-0.005722	0.010901	0.463102	-0.020059	0.121664	0.084731	0.519243
cell_003586	donor_265	0.000089	0.708734	-0.824466	-2.128052	F	2.707339	0.06055	-0.01115	-0.009083	-0.02825	-0.005722	0.010901	-0.822369	-0.992078	0.820968	-0.001918	-2.006452
cell_003587	donor_265	1.095414	0.072883	-0.165123	-2.128052	F	2.054609	0.03236	-0.01115	-0.009083	-0.02825	-0.005722	0.010901	-0.47519	1.529974	-0.160377	-0.530991	-1.494794
cell_003588	donor_266	-2.008148	-0.373612	0.371592	-1.549263	M	2.35744	0.04673	-0.00132	-0.021987	-0.03046	0.042237	0.006503	-0.567831	-1.163753	0.429205	0.049293	-0.363463
cell_003589	donor_266	1.745345	0.567889	1.126216	-1.549263	M	1.695068	0.00561	-0.00132	-0.021987	-0.03046	0.042237	0.006503	-0.762218	1.52644	-0.705317	-0.701599	-0.242968
cell_003590	donor_266	-1.209105	-0.126822	1.220746	-1.549263	M	2.155411	0.03697	-0.00132	-0.021987	-0.03046	0.042237	0.006503	-0.103119	0.482046	0.930445	0.855573	2.429894
cell_003591	donor_266	-0.887734	0.965223	0.733318	-1.549263	M	1.561227	0.00862	-0.00132	-0.021987	-0.03046	0.042237	0.006503	-1.692874	0.230851	-0.520507	2.00976	0.175603
cell_003592	donor_266	0.274724	-0.328703	-0.986295	-1.549263	M	2.025496	0.03514	-0.00132	-0.021987	-0.03046	0.042237	0.006503	-2.029672	0.434214	0.266832	0.757746	-0.723531
cell_003593	donor_266	1.775379	0.631863	0.340616	-1.549263	M	1.740831	0.00037	-0.00132	-0.021987	-0.03046	0.042237	0.006503	0.327827	-0.270486	-0.671362	0.342724	0.152785
cell_003594	donor_266	-0.412850	0.037872	0.164717	-1.549263	M	1.648938	0.02812	-0.00132	-0.021987	-0.03046	0.042237	0.006503	1.050053	0.026989	0.603903	-1.207434	1.394517
cell_003595	donor_266	0.399876	0.734340	-0.782472	-1.549263	M	1.878751	0.05191	-0.00132	-0.021987	-0.03046	0.042237	0.006503	-0.777201	0.902931	0.263119	0.136324	0.760345
cell_003596	donor_266	-1.466597	0.084281	-1.747217	-1.549263	M	1.082644	0.04095	-0.00132	-0.021987	-0.03046	0.042237	0.006503	-2.139982	-0.573524	0.74613	1.922093	-0.024358
cell_003597	donor_266	-0.323661	-0.509190	0.491748	-1.549263	M	1.536039	0.00532	-0.00132	-0.021987	-0.03046	0.042237	0.006503	-2.437629	-0.317219	-0.06015	1.109459	0.048343
cell_003598	donor_266	1.982597	-1.944591	2.274185	-1.549263	M	2.312966	0.00797	-0.00132	-0.021987	-0.03046	0.042237	0.006503	-1.276725	0.963497	0.568317	-0.699094	0.719873
cell_003599	donor_266	-0.233075	0.347809	-1.414832	-1.549263	M	2.139067	0.03994	-0.00132	-0.021987	-0.03046	0.042237	0.006503	-0.546614	-0.298208	-0.529688	-0.309941	0.90676
cell_003600	donor_266	0.996872	0.041473	-0.061467	-1.549263	M	1.570325	0.06162	-0.00132	-0.021987	-0.03046	0.042237	0.006503	-1.785785	1.104129	0.176325	-0.390085	0.020763
cell_003601	donor_266	-1.937385	0.073797	0.845828	-1.549263	M	2.219149	0.01072	-0.00132	-0.021987	-0.03046	0.042237	0.006503	-0.908976	-1.631723	-0.880778	-1.895489	-1.352642
cell_003602	donor_267	-0.236279	1.174199	1.132895	1.985406	F	1.648715	0.07195	-0.016481	0.009236	0.043784	0.012409	-0.055741	-1.622752	1.223819	-1.284211	-0.041246	1.116737
cell_003603	donor_267	-0.641095	1.595114	0.045295	1.985406	F	2.288786	0.02987	-0.016481	0.009236	0.043784	0.012409	-0.055741	0.850089	-0.295136	-0.290576	0.180151	2.112228
cell_003604	donor_267	0.049745	0.098981	0.069316	1.985406	F	1.953744	0.00917	-0.016481	0.009236	0.043784	0.012409	-0.055741	0.413047	0.66822	2.266397	0.277826	1.147859
cell_003605	donor_267	-2.630133	-0.185506	-1.363946	1.985406	F	1.869951	0.00122	-0.016481	0.009236	0.043784	0.012409	-0.055741	0.477725	0.463158	-0.963339	-1.129152	-0.512316
cell_003606	donor_267	1.626336	1.586083	0.851938	1.985406	F	1.963575	0.0454	-0.016481	0.009236	0.043784	0.012409	-0.055741	0.881935	0.834466	1.333186	-0.011104	0.537742
cell_003607	donor_267	-0.238467	-1.008015	-0.657581	1.985406	F	3.023811	0.03259	-0.016481	0.009236	0.043784	0.012409	-0.055741	0.541996	-0.107494	-0.321535	-1.484998	-0.152535
cell_003608	donor_267	1.942642	-0.692197	-2.355595	1.985406	F	1.696479	0.05964	-0.016481	0.009236	0.043784	0.012409	-0.055741	-0.104001	1.134387	1.232992	0.145713	2.063383
cell_003609	donor_267	1.030166	1.500503	1.659216	1.985406	F	2.090623	0.00604	-0.016481	0.009236	0.043784	0.012409	-0.055741	0.189987	1.03292	-0.100074	-1.140151	-0.425219
cell_003610	donor_267	1.038348	1.201520	0.052934	1.985406	F	2.312547	0.03237	-0.016481	0.009236	0.043784	0.012409	-0.055741	1.474051	-0.264202	-0.466498	-0.004066	-0.389497
cell_003611	donor_267	-2.076296	0.027881	0.621573	1.985406	F	1.615035	0.03014	-0.016481	0.009236	0.043784	0.012409	-0.055741	1.193759	1.885455	0.005935	0.540456	0.971875
cell_003612	donor_267	-0.135270	-0.180836	-0.964118	1.985406	F	1.362297	0.02714	-0.016481	0.009236	0.043784	0.012409	-0.055741	0.108548	-0.877912	-0.409443	0.412023	0.393812
cell_003613	donor_267	-1.001739	1.838149	1.874346	1.985406	F	1.759561	0.02235	-0.016481	0.009236	0.043784	0.012409	-0.055741	-1.792189	-0.436621	-0.737007	0.882292	-0.698241
cell_003614	donor_267	-0.002647	0.281524	-0.980858	1.985406	F	2.303785	0.02275	-0.016481	0.009236	0.043784	0.012409	-0.055741	-0.461147	-0.496091	0.791332	0.968844	0.493574
cell_003615	donor_268	0.642575	1.759649	-1.529231	-0.6565	F	1.863199	0.03349	0.053046	-0.036985	-0.00412	-0.022668	-0.0148	1.106409	1.235415	-1.810309	0.591911	-0.369799
cell_003616	donor_268	0.463883	0.539022	0.527607	-0.6565	F	1.907558	0.03605	0.053046	-0.036985	-0.00412	-0.022668	-0.0148	-1.256748	-0.319734	0.730861	1.455247	-1.3451
cell_003617	donor_268	1.642818	2.036018	-0.233484	-0.6565	F	2.364308	0.03505	0.053046	-0.036985	-0.00412	-0.022668	-0.0148	0.618416	1.965629	1.830754	-3.453305	2.17888
cell_003618	donor_268	0.673174	0.084234	-0.632115	-0.6565	F	1.677463	0.05412	0.053046	-0.036985	-0.00412	-0.022668	-0.0148	0.961041	-2.307383	-0.765661	1.257764	0.360286
cell_003619	donor_268	0.270814	0.671500	0.216929	-0.6565	F	1.964498	0.00597	0.053046	-0.036985	-0.00412	-0.022668	-0.0148	-0.573956	0.066463	0.545919	-0.579269	-0.127117
cell_003620	donor_268	-0.881181	-0.463561	-0.455907	-0.6565	F	1.394464	0.00623	0.053046	-0.036985	-0.00412	-0.022668	-0.0148	0.896917	-0.700819	-1.356988	-0.637312	-0.888912
cell_003621	donor_268	-0.842444	0.313540	0.418112	-0.6565	F	2.128288	0.05034	0.053046	-0.036985	-0.00412	-0.022668	-0.0148	-0.604867	-1.727459	0.235621	0.867601	-0.811728
cell_003622	donor_268	0.979518	-0.857622	-0.577479	-0.6565	F	2.091803	0.01113	0.053046	-0.036985	-0.00412	-0.022668	-0.0148	-0.651969	-0.187387	-0.911305	0.983783	-0.888661
cell_003623	donor_268	1.554569	-0.164496	0.030131	-0.6565	F	2.318215	0.02241	0.053046	-0.036985	-0.00412	-0.022668	-0.0148	-0.525899	-0.763268	1.007477	-0.231079	1.993109
cell_003624	donor_268	-0.175104	1.133031	1.171809	-0.6565	F	1.541898	0.01776	0.053046	-0.036985	-0.00412	-0.022668	-0.0148	0.353765	1.158431	-0.324272	-0.942621	-0.033161
cell_003625	donor_268	1.113208	0.026568	-0.872436	-0.6565	F	1.923245	0.01733	0.053046	-0.036985	-0.00412	-0.022668	-0.0148	-0.679044	-1.998529	1.01352	0.032743	-0.700302
cell_003626	donor_268	1.925213	0.856309	-0.456659	-0.6565	F	1.488612	0.00083	0.053046	-0.036985	-0.00412	-0.022668	-0.0148	0.376272	0.046933	1.409791	0.432817	-0.156919
cell_003627	donor_269	1.423819	-0.535609	1.410703	1.90346	M	1.901557	0.01861	0.005688	-0.04142	-0.001805	0.022947	-0.016865	0.693428	-0.035964	0.183833	1.226167	-1.168572
cell_003628	donor_269	1.478285	-0.921483	0.581758	1.90346	M	2.592715	0.04299	0.005688	-0.04142	-0.001805	0.022947	-0.016865	-0.863274	-0.419357	-0.273029	1.156539	-1.414699
cell_003629	donor_269	0.782191	2.614909	-0.742301	1.90346	M	1.871699	0.02992	0.005688	-0.04142	-0.001805	0.022947	-0.016865	-0.0295	-0.550778	1.700482	0.883848	0.238692
cell_003630	donor_269	1.432543	0.017346	-1.241364	1.90346	M	1.453632	0.04009	0.005688	-0.04142	-0.001805	0.022947	-0.016865	0.968843	-1.31944	2.027504	-0.841854	1.25695
cell_003631	donor_269	-0.119987	0.002465	-1.058890	1.90346	M	1.728048	0.02008	0.005688	-0.04142	-0.001805	0.022947	-0.016865	0.551651	0.264325	1.215225	0.996582	0.107382
cell_003632	donor_269	0.312174	0.957809	0.238201	1.90346	M	1.355619	0.04806	0.005688	-0.04142	-0.001805	0.022947	-0.016865	-0.421599	0.123029	-0.102807	0.353991	1.02059
cell_003633	donor_269	-0.541844	-0.148472	-0.004543	1.90346	M	1.481691	0.01983	0.005688	-0.04142	-0.001805	0.022947	-0.016865	0.468568	0.18487	-0.653967	0.324657	-1.695933
cell_003634	donor_269	0.217322	1.109831	0.271940	1.90346	M	2.268395	0.01217	0.005688	-0.04142	-0.001805	0.022947	-0.016865	-0.797507	0.606242	0.885187	-0.020663	0.200991
cell_003635	donor_269	-1.402697	-0.562321	0.166021	1.90346	M	1.421487	0.03633	0.005688	-0.04142	-0.001805	0.022947	-0.016865	0.370261	0.681436	-0.201409	-0.98296	0.387174
cell_003636	donor_269	1.124124	1.297846	1.774685	1.90346	M	2.124931	0.04535	0.005688	-0.04142	-0.001805	0.022947	-0.016865	1.958305	-0.922453	-0.126913	-0.386246	2.413198
cell_003637	donor_269	0.130614	0.763309	-1.454462	1.90346	M	2.010297	0.01882	0.005688	-0.04142	-0.001805	0.022947	-0.016865	-0.960725	-0.160458	-0.364686	-1.254347	-1.308659
cell_003638	donor_269	0.429882	-1.075264	-0.062539	1.90346	M	1.787389	0.05398	0.005688	-0.04142	-0.001805	0.022947	-0.016865	0.568383	0.708653	-0.5595	1.408996	-2.250813
cell_003639	donor_269	3.029838	0.303554	-0.863813	1.90346	M	2.09094	0.01299	0.005688	-0.04142	-0.001805	0.022947	-0.016865	-1.258472	-0.824721	-0.008953	-0.450907	-0.201047
cell_003640	donor_269	0.407789	-0.517075	-0.960744	1.90346	M	1.624935	0.04341	0.005688	-0.04142	-0.001805	0.022947	-0.016865	0.485056	1.457069	0.802431	0.056153	-0.080142
cell_003641	donor_270	2.103140	1.066812	0.345537	0.403155	F	2.336338	0.0649	-0.027806	-0.002786	-0.006767	-0.011905	-0.023767	1.101412	1.884235	0.638293	-0.490105	0.259228
cell_003642	donor_270	-0.391823	-0.310789	1.542482	0.403155	F	1.720664	0.03073	-0.027806	-0.002786	-0.006767	-0.011905	-0.023767	0.580312	-0.555146	0.865755	0.264042	1.164658
cell_003643	donor_270	0.306578	-3.082805	2.420939	0.403155	F	1.845453	0.02547	-0.027806	-0.002786	-0.006767	-0.011905	-0.023767	-0.976742	-1.741478	-0.392754	0.023737	-1.800903
cell_003644	donor_270	0.183062	0.343369	1.086695	0.403155	F	1.79786	0.02789	-0.027806	-0.002786	-0.006767	-0.011905	-0.023767	-0.608458	1.283556	0.533284	0.138228	-1.055784
cell_003645	donor_270	0.465403	0.746909	-0.423723	0.403155	F	2.275789	0.06257	-0.027806	-0.002786	-0.006767	-0.011905	-0.023767	1.250282	-0.417346	0.094994	0.407402	0.171251
cell_003646	donor_270	-1.229795	0.280233	1.431615	0.403155	F	2.217778	0.03806	-0.027806	-0.002786	-0.006767	-0.011905	-0.023767	1.491778	0.575114	0.338342	-0.08643	0.431906
cell_003647	donor_270	-0.647803	-0.728024	1.221019	0.403155	F	0.95132	0.07288	-0.027806	-0.002786	-0.006767	-0.011905	-0.023767	-0.209996	0.189379	-0.341714	-0.499433	-0.916059
cell_003648	donor_270	-0.457245	-0.410560	-0.373144	0.403155	F	2.101697	0.03559	-0.027806	-0.002786	-0.006767	-0.011905	-0.023767	-0.271191	-0.336795	1.829376	0.992105	-0.134026
cell_003649	donor_270	-0.064981	-1.573638	-0.539340	0.403155	F	1.302163	0.01692	-0.027806	-0.002786	-0.006767	-0.011905	-0.023767	-0.423312	0.615055	1.942279	0.79656	-1.720054
cell_003650	donor_270	0.230368	0.223238	1.157993	0.403155	F	1.863471	0.01833	-0.027806	-0.002786	-0.006767	-0.011905	-0.023767	0.863165	1.04032	2.199239	-0.248346	0.138569
cell_003651	donor_270	1.839392	1.512483	0.914652	0.403155	F	1.95673	0.03123	-0.027806	-0.002786	-0.006767	-0.011905	-0.023767	0.45024	-0.763978	-0.854575	0.399358	-1.543029
cell_003652	donor_270	-0.148735	-0.623069	0.017878	0.403155	F	1.859177	0.01083	-0.027806	-0.002786	-0.006767	-0.011905	-0.023767	-1.317023	0.815677	0.497839	1.249741	0.463233
cell_003653	donor_270	0.585579	0.821938	0.623086	0.403155	F	2.200328	0.0205	-0.027806	-0.002786	-0.006767	-0.011905	-0.023767	0.010423	1.289069	-0.42287	-0.333338	-0.064518
cell_003654	donor_270	-0.121175	0.786862	1.260873	0.403155	F	2.288031	0.02094	-0.027806	-0.002786	-0.006767	-0.011905	-0.023767	0.450465	-0.066622	-1.485048	-0.266592	-0.031557
cell_003655	donor_271	0.880160	-0.032013	-0.833849	-0.049758	F	1.690614	0.0348	0.010384	0.011905	-0.021313	-0.018545	0.00273	0.11482	-0.4494	0.505616	-1.610526	0.41576
cell_003656	donor_271	-0.857567	-0.681218	0.257075	-0.049758	F	1.676081	0.06884	0.010384	0.011905	-0.021313	-0.018545	0.00273	1.79286	-0.606808	0.05761	-0.247025	-0.23017
cell_003657	donor_271	0.519804	-1.414532	-0.503995	-0.049758	F	1.985612	0.0311	0.010384	0.011905	-0.021313	-0.018545	0.00273	-1.028469	1.991559	0.385785	-0.670797	-0.784646
cell_003658	donor_271	0.243285	-0.899680	0.433904	-0.049758	F	1.382507	0.00845	0.010384	0.011905	-0.021313	-0.018545	0.00273	0.061501	-2.167673	1.052822	-0.513851	0.388794
cell_003659	donor_271	-0.307428	-0.723420	0.053205	-0.049758	F	1.809209	0.01172	0.010384	0.011905	-0.021313	-0.018545	0.00273	0.435598	0.965299	0.492626	0.743175	1.019065
cell_003660	donor_271	0.392280	-0.848529	-0.242612	-0.049758	F	2.539231	0.03525	0.010384	0.011905	-0.021313	-0.018545	0.00273	-0.330246	2.151387	0.352874	-0.027982	-0.841104
cell_003661	donor_271	0.467678	-0.762090	-1.657757	-0.049758	F	1.39748	0.03186	0.010384	0.011905	-0.021313	-0.018545	0.00273	-0.207049	0.401856	0.095277	1.827448	-0.389985
cell_003662	donor_271	-1.536574	-0.418051	-1.318418	-0.049758	F	1.863953	0.06249	0.010384	0.011905	-0.021313	-0.018545	0.00273	0.67931	-1.125548	2.183208	-1.193637	2.074284
cell_003663	donor_271	-0.347722	1.664943	-1.378598	-0.049758	F	1.76308	0.0492	0.010384	0.011905	-0.021313	-0.018545	0.00273	-0.135839	-2.234552	1.352038	0.082325	-0.453441
cell_003664	donor_271	-0.282605	2.132305	0.408130	-0.049758	F	2.802107	0.0486	0.010384	0.011905	-0.021313	-0.018545	0.00273	0.641682	0.664408	0.414583	1.135039	0.252549
cell_003665	donor_271	-0.367723	-0.156883	0.429363	-0.049758	F	1.784856	0.02566	0.010384	0.011905	-0.021313	-0.018545	0.00273	0.649724	-0.521764	0.765564	-0.517402	-1.124541
cell_003666	donor_271	1.695772	-0.530854	-0.757610	-0.049758	F	1.808076	0.05198	0.010384	0.011905	-0.021313	-0.018545	0.00273	-0.206262	-0.275781	0.92775	-1.453201	1.093633
cell_003667	donor_272	-1.378809	0.103096	-1.405687	-1.500605	F	1.587694	0.01208	-0.019299	0.003573	0.029361	-0.001196	-0.024272	-0.622975	-2.464895	-1.207389	-0.307535	0.444226
cell_003668	donor_272	-0.463783	-0.908683	1.074124	-1.500605	F	2.003729	0.04937	-0.019299	0.003573	0.029361	-0.001196	-0.024272	-0.133299	-1.209539	-0.778535	-1.19286	0.258756
cell_003669	donor_272	-0.508396	0.396930	-1.604092	-1.500605	F	2.108067	0.02435	-0.019299	0.003573	0.029361	-0.001196	-0.024272	-0.090593	0.613772	-1.770198	-0.533983	2.028798
cell_003670	donor_272	0.131507	-1.203160	-0.425648	-1.500605	F	1.645672	0.00104	-0.019299	0.003573	0.029361	-0.001196	-0.024272	0.641034	-0.296107	-0.987354	1.107748	1.532671
cell_003671	donor_272	2.211203	0.932174	-0.128413	-1.500605	F	2.395489	0.04186	-0.019299	0.003573	0.029361	-0.001196	-0.024272	-1.148668	-1.054069	0.278801	0.372284	0.482778
cell_003672	donor_272	3.198942	-0.915175	1.165216	-1.500605	F	2.108425	0.05795	-0.019299	0.003573	0.029361	-0.001196	-0.024272	1.84337	-0.971488	0.039858	0.721194	0.710419
cell_003673	donor_272	-1.532674	-0.243923	-1.347790	-1.500605	F	2.34076	0.02187	-0.019299	0.003573	0.029361	-0.001196	-0.024272	-0.647815	-0.608324	-0.459222	1.703457	-0.978471
cell_003674	donor_272	0.257276	0.055970	-0.307665	-1.500605	F	1.868746	0.06126	-0.019299	0.003573	0.029361	-0.001196	-0.024272	-0.32431	0.775452	-1.088812	0.258018	-1.899531
cell_003675	donor_272	1.092057	-0.567099	0.326852	-1.500605	F	2.097274	0.00312	-0.019299	0.003573	0.029361	-0.001196	-0.024272	0.192601	0.052375	0.16361	-0.868932	0.227724
cell_003676	donor_272	0.820555	-1.483221	-0.748414	-1.500605	F	1.914761	0.00606	-0.019299	0.003573	0.029361	-0.001196	-0.024272	-0.039048	1.29912	0.637841	-1.448982	-0.832585
cell_003677	donor_273	0.053861	0.630153	1.421238	0.004669	F	2.583073	0.02707	0.007842	-0.003553	-0.003003	0.009506	0.013821	-0.616357	0.180386	-0.169117	-0.173255	2.817733
cell_003678	donor_273	-0.215880	-0.316471	-0.872596	0.004669	F	2.046506	0.02258	0.007842	-0.003553	-0.003003	0.009506	0.013821	-0.512897	1.390866	-0.147361	-2.178524	0.191325
cell_003679	donor_273	0.329984	-0.297118	-0.274032	0.004669	F	2.003502	0.01666	0.007842	-0.003553	-0.003003	0.009506	0.013821	1.119231	0.633447	0.25615	0.023726	-0.494659
cell_003680	donor_273	-0.093889	0.551628	-0.563731	0.004669	F	1.816703	0.03267	0.007842	-0.003553	-0.003003	0.009506	0.013821	0.896236	-0.434203	-0.640337	0.410632	-0.300074
cell_003681	donor_273	-0.772158	0.431724	-3.025725	0.004669	F	1.793615	0.01943	0.007842	-0.003553	-0.003003	0.009506	0.013821	1.280865	0.46728	-0.77797	-1.144727	-0.573592
cell_003682	donor_273	-0.603678	-1.151309	1.203258	0.004669	F	2.095089	0.02282	0.007842	-0.003553	-0.003003	0.009506	0.013821	2.337957	-0.237573	0.758278	-1.305647	-1.083081
cell_003683	donor_273	-0.440933	-0.560716	-0.048622	0.004669	F	2.327835	0.03557	0.007842	-0.003553	-0.003003	0.009506	0.013821	-0.188432	1.701098	-1.290734	-0.629735	0.901694
cell_003684	donor_273	-0.595372	-0.402648	0.097110	0.004669	F	1.726177	0.01665	0.007842	-0.003553	-0.003003	0.009506	0.013821	1.592589	0.437403	0.675868	-0.896922	-1.322921
cell_003685	donor_273	-0.422040	-0.429217	-1.010158	0.004669	F	2.050632	0.02788	0.007842	-0.003553	-0.003003	0.009506	0.013821	-1.145824	-0.873358	0.225602	-1.219638	0.250401
cell_003686	donor_273	-1.153784	0.060637	0.306601	0.004669	F	2.073668	0.01709	0.007842	-0.003553	-0.003003	0.009506	0.013821	-0.315187	-0.562518	0.885038	-0.959031	1.435704
cell_003687	donor_273	-1.428157	0.759941	0.764048	0.004669	F	2.143345	0.00589	0.007842	-0.003553	-0.003003	0.009506	0.013821	0.830843	-0.990102	1.202236	-1.108237	1.29308
cell_003688	donor_274	0.974689	0.299889	0.637082	1.892184	F	1.317001	0.04527	0.00071	-0.001214	0.041271	0.024011	0.016671	0.332934	-1.579123	-1.295378	-0.404975	0.867796
cell_003689	donor_274	2.185026	-0.301522	-1.045692	1.892184	F	1.630107	0.06416	0.00071	-0.001214	0.041271	0.024011	0.016671	-0.17069	-0.195621	0.040169	-1.995084	0.824225
cell_003690	donor_274	-1.534060	1.755674	1.768787	1.892184	F	1.453662	0.05129	0.00071	-0.001214	0.041271	0.024011	0.016671	1.339658	0.789361	-0.423486	-0.885041	-1.081937
cell_003691	donor_274	-0.924600	-0.727321	-0.323991	1.892184	F	2.013154	0.03663	0.00071	-0.001214	0.041271	0.024011	0.016671	-1.133141	2.264563	-0.078823	0.904686	0.849638
cell_003692	donor_274	1.224257	-1.287302	-1.966620	1.892184	F	1.639611	0.01717	0.00071	-0.001214	0.041271	0.024011	0.016671	0.14261	-0.931655	0.518694	-1.082524	0.602305
cell_003693	donor_274	2.167514	0.312373	0.454413	1.892184	F	1.801504	0.02426	0.00071	-0.001214	0.041271	0.024011	0.016671	-1.036876	-0.43616	-0.437834	1.398952	-2.434096
cell_003694	donor_274	-0.205106	0.465785	-1.514206	1.892184	F	1.522288	0.05114	0.00071	-0.001214	0.041271	0.024011	0.016671	2.330786	-0.805905	-0.123362	0.413307	0.327615
cell_003695	donor_274	-0.840921	0.105158	-2.270891	1.892184	F	1.838705	0.01563	0.00071	-0.001214	0.041271	0.024011	0.016671	0.84363	0.610373	2.036995	0.731596	-0.117362
cell_003696	donor_274	-0.302518	-0.364164	-0.302690	1.892184	F	1.550359	0.02273	0.00071	-0.001214	0.041271	0.024011	0.016671	-0.553013	-0.578854	1.293244	1.755202	1.004101
cell_003697	donor_274	-0.551082	-0.995892	-1.822032	1.892184	F	2.303163	0.04468	0.00071	-0.001214	0.041271	0.024011	0.016671	-3.164421	-2.24715	-0.007562	-0.166692	0.019909
cell_003698	donor_274	0.144747	-0.300124	-1.375282	1.892184	F	2.191691	0.00723	0.00071	-0.001214	0.041271	0.024011	0.016671	1.251742	1.20189	0.174913	-1.523881	-1.229204
cell_003699	donor_274	0.062533	-0.294950	-0.461024	1.892184	F	2.060092	0.03847	0.00071	-0.001214	0.041271	0.024011	0.016671	0.067429	0.416823	-1.217309	0.660522	-1.752376
cell_003700	donor_274	-2.156895	0.682768	-1.233051	1.892184	F	1.879223	0.03754	0.00071	-0.001214	0.041271	0.024011	0.016671	-2.66316	-0.875127	1.373063	1.522285	-1.594939
cell_003701	donor_274	0.063270	-0.808268	-0.388727	1.892184	F	1.184925	0.00091	0.00071	-0.001214	0.041271	0.024011	0.016671	-1.518487	0.760935	-0.44069	1.366374	0.744661
cell_003702	donor_274	1.152292	0.531618	1.130040	1.892184	F	1.816717	0.03174	0.00071	-0.001214	0.041271	0.024011	0.016671	0.916393	-0.82188	0.443811	2.016384	0.142248
cell_003703	donor_274	0.330385	0.396144	-1.781139	1.892184	F	1.695417	0.01765	0.00071	-0.001214	0.041271	0.024011	0.016671	-0.045002	-0.435693	-1.601936	-1.098946	-0.891823
cell_003704	donor_274	-0.317525	-0.224909	1.223665	1.892184	F	2.09891	0.03832	0.00071	-0.001214	0.041271	0.024011	0.016671	-1.644301	-1.543482	-2.448185	-0.782511	0.675248
cell_003705	donor_275	-0.506229	0.264860	0.225757	1.557637	M	2.247883	0.0434	0.002624	-0.020115	0.022548	0.002886	-0.011543	-0.316519	-0.311986	0.766778	1.688965	2.27333
cell_003706	donor_275	1.157675	-0.133744	0.827787	1.557637	M	2.129853	0.03798	0.002624	-0.020115	0.022548	0.002886	-0.011543	0.144511	-0.281801	-0.413079	0.591201	-0.156306
cell_003707	donor_275	-1.704865	-1.614019	-2.283344	1.557637	M	2.505215	0.03145	0.002624	-0.020115	0.022548	0.002886	-0.011543	-0.152729	-0.086469	-0.942137	-2.332196	-0.669237
cell_003708	donor_275	0.785985	0.673667	0.896828	1.557637	M	1.772674	0.03578	0.002624	-0.020115	0.022548	0.002886	-0.011543	1.457479	1.410476	0.939783	-0.493729	-0.790514
cell_003709	donor_275	-0.677362	-0.563548	-0.121048	1.557637	M	1.75609	0.00648	0.002624	-0.020115	0.022548	0.002886	-0.011543	1.624596	-1.08313	0.039398	1.689494	0.123946
cell_003710	donor_275	1.443699	1.693828	0.793808	1.557637	M	2.415151	0.02938	0.002624	-0.020115	0.022548	0.002886	-0.011543	-0.293478	1.159839	0.072012	0.196171	1.514713
cell_003711	donor_275	0.331020	1.335383	-0.255842	1.557637	M	2.066487	0.01407	0.002624	-0.020115	0.022548	0.002886	-0.011543	-2.544925	0.35884	-0.76632	-0.207223	0.112956
cell_003712	donor_275	-0.390942	-0.129022	-0.978714	1.557637	M	1.901201	0.05063	0.002624	-0.020115	0.022548	0.002886	-0.011543	-0.675471	0.228522	0.385365	0.203456	0.111414
cell_003713	donor_275	-0.175009	-1.117408	1.025008	1.557637	M	2.738608	0.04366	0.002624	-0.020115	0.022548	0.002886	-0.011543	-0.117601	-0.097933	0.079393	-0.942416	1.270117
cell_003714	donor_275	0.543687	1.429562	-1.629283	1.557637	M	2.231092	0.04361	0.002624	-0.020115	0.022548	0.002886	-0.011543	-0.091113	-0.403376	0.395844	-0.11469	1.242624
cell_003715	donor_275	1.901697	-1.572475	-1.198308	1.557637	M	1.923782	0.06427	0.002624	-0.020115	0.022548	0.002886	-0.011543	0.894683	0.09294	0.938915	0.235268	-1.154112
cell_003716	donor_275	-0.620822	1.307721	0.225573	1.557637	M	1.725622	0.0234	0.002624	-0.020115	0.022548	0.002886	-0.011543	0.889868	-1.900446	-3.516856	0.697996	0.443562
cell_003717	donor_275	-0.243829	-0.792627	-1.375935	1.557637	M	2.530605	0.01902	0.002624	-0.020115	0.022548	0.002886	-0.011543	0.376752	1.389557	-0.024716	-0.37825	0.79664
cell_003718	donor_276	1.132627	0.798639	1.352450	0.274239	F	2.082799	0.02293	-0.004863	-0.019324	0.021147	0.013661	0.003633	-0.713794	-0.238109	0.252573	0.332542	-0.333025
cell_003719	donor_276	0.396818	-2.642102	-1.244583	0.274239	F	2.009807	0.00204	-0.004863	-0.019324	0.021147	0.013661	0.003633	-0.490479	-1.119919	-0.787175	1.819088	-0.265577
cell_003720	donor_276	0.464871	-0.369717	-0.558842	0.274239	F	2.270511	0.00047	-0.004863	-0.019324	0.021147	0.013661	0.003633	0.189251	-1.491278	2.563211	-0.861465	-1.175074
cell_003721	donor_276	-1.103227	0.947590	0.456193	0.274239	F	2.352035	0.04242	-0.004863	-0.019324	0.021147	0.013661	0.003633	-0.061183	-0.892479	0.364981	-1.511644	1.137049
cell_003722	donor_276	0.501191	-0.633602	0.176288	0.274239	F	2.219948	0.0021	-0.004863	-0.019324	0.021147	0.013661	0.003633	0.939859	-0.118681	-1.65552	-0.812253	0.062526
cell_003723	donor_276	-1.337765	-0.129828	-2.527930	0.274239	F	2.35359	0.0085	-0.004863	-0.019324	0.021147	0.013661	0.003633	-1.210511	-1.047823	1.049299	0.154917	0.123331
cell_003724	donor_276	-1.568116	-0.322312	2.375118	0.274239	F	2.18055	0.02797	-0.004863	-0.019324	0.021147	0.013661	0.003633	0.527459	-0.163823	-0.059506	0.455986	0.808983
cell_003725	donor_276	-1.800743	-1.243581	0.216775	0.274239	F	2.221956	0.02176	-0.004863	-0.019324	0.021147	0.013661	0.003633	0.498103	1.460388	0.02463	-1.347172	1.088271
cell_003726	donor_276	1.769423	0.202172	0.702142	0.274239	F	1.707345	0.04771	-0.004863	-0.019324	0.021147	0.013661	0.003633	-0.245086	-0.76869	0.712349	0.370772	-1.278748
cell_003727	donor_276	-0.337604	-0.510622	0.082184	0.274239	F	2.724142	0.03121	-0.004863	-0.019324	0.021147	0.013661	0.003633	0.67063	1.874317	0.323618	-0.256184	-1.669256
cell_003728	donor_276	-0.658289	0.724269	-1.606272	0.274239	F	1.506529	0.01403	-0.004863	-0.019324	0.021147	0.013661	0.003633	2.051218	-0.51696	-1.407988	0.110845	1.008249
cell_003729	donor_276	0.889987	0.039313	-0.214721	0.274239	F	2.123751	0.04943	-0.004863	-0.019324	0.021147	0.013661	0.003633	1.235915	-0.67222	-0.098526	0.000413	0.976558
cell_003730	donor_276	-1.642985	-0.979789	1.198651	0.274239	F	1.465293	0.04458	-0.004863	-0.019324	0.021147	0.013661	0.003633	0.592834	0.270625	0.914826	-1.362068	0.420875
cell_003731	donor_277	-0.208599	0.278398	-0.879532	-1.148668	M	1.960749	0.00178	-0.000856	-0.013613	-0.042601	-0.028259	-0.014853	0.221596	-0.050007	-0.249674	0.13415	-0.570188
cell_003732	donor_277	-0.029055	-1.372152	0.099882	-1.148668	M	1.771483	0.03505	-0.000856	-0.013613	-0.042601	-0.028259	-0.014853	2.727292	1.358974	1.09291	-0.529677	-0.957193
cell_003733	donor_277	0.370641	0.320615	-0.903585	-1.148668	M	2.054302	0.0157	-0.000856	-0.013613	-0.042601	-0.028259	-0.014853	-0.211952	0.11416	-1.44839	0.479977	1.08215
cell_003734	donor_277	-0.342051	0.537194	-0.211438	-1.148668	M	2.136703	0.01517	-0.000856	-0.013613	-0.042601	-0.028259	-0.014853	-2.235677	-0.900368	1.227834	0.373965	-0.866323
cell_003735	donor_277	-0.287305	1.903468	-0.950989	-1.148668	M	1.617467	0.06739	-0.000856	-0.013613	-0.042601	-0.028259	-0.014853	0.735362	-0.594215	-0.236122	-1.138877	0.016915
cell_003736	donor_277	1.080418	-1.154681	0.654781	-1.148668	M	1.988234	0.03249	-0.000856	-0.013613	-0.042601	-0.028259	-0.014853	1.01819	-0.477505	0.645457	-0.04991	1.079007
cell_003737	donor_277	0.708153	-0.510365	-1.217477	-1.148668	M	2.55747	0.02565	-0.000856	-0.013613	-0.042601	-0.028259	-0.014853	-0.463037	1.55502	0.681589	0.244013	0.280507
cell_003738	donor_277	-1.970433	-0.615114	0.526219	-1.148668	M	1.475094	0.0317	-0.000856	-0.013613	-0.042601	-0.028259	-0.014853	-0.464986	-0.529338	0.262192	-1.198733	-0.601692
cell_003739	donor_277	-1.077628	0.096949	-1.476430	-1.148668	M	1.658378	0.04748	-0.000856	-0.013613	-0.042601	-0.028259	-0.014853	-0.937255	0.571821	0.587027	1.267822	-0.334653
cell_003740	donor_277	-0.233888	-1.147044	-0.077981	-1.148668	M	2.344302	0.01597	-0.000856	-0.013613	-0.042601	-0.028259	-0.014853	-0.807768	-1.469296	0.27095	1.396794	-0.074612
cell_003741	donor_277	-0.501079	-1.190366	-0.658873	-1.148668	M	2.031022	0.01938	-0.000856	-0.013613	-0.042601	-0.028259	-0.014853	0.026631	-0.006214	0.25401	0.997049	1.919189
cell_003742	donor_277	-0.934157	-1.313925	1.082746	-1.148668	M	2.060462	0.04313	-0.000856	-0.013613	-0.042601	-0.028259	-0.014853	0.498306	0.564271	-0.239265	-0.107812	-0.121309
cell_003743	donor_277	-0.360175	-2.202225	-0.623281	-1.148668	M	2.408921	0.00033	-0.000856	-0.013613	-0.042601	-0.028259	-0.014853	-0.366147	0.127526	0.624874	0.063557	-0.28052
cell_003744	donor_278	0.914712	-0.761359	1.497744	-0.957165	F	1.682373	0.04982	-0.017859	0.005787	0.01623	-0.002569	0.028178	0.125999	-0.959856	0.80334	-0.413159	-1.154969
cell_003745	donor_278	-0.856662	0.503408	1.036639	-0.957165	F	1.792266	0.0021	-0.017859	0.005787	0.01623	-0.002569	0.028178	0.461745	0.511383	-0.859932	0.623569	0.6339
cell_003746	donor_278	0.450194	-1.374494	-0.942469	-0.957165	F	1.742943	0.02508	-0.017859	0.005787	0.01623	-0.002569	0.028178	1.974881	-0.235025	-0.054377	-0.606797	0.493675
cell_003747	donor_278	1.170071	-0.804611	0.975677	-0.957165	F	1.860719	0.00198	-0.017859	0.005787	0.01623	-0.002569	0.028178	-0.004604	0.987929	-0.43395	0.471856	-0.237845
cell_003748	donor_278	-0.430285	0.141437	-1.386107	-0.957165	F	2.535809	0.00887	-0.017859	0.005787	0.01623	-0.002569	0.028178	-1.84248	0.628041	-1.74805	-0.159484	-0.143867
cell_003749	donor_278	-0.608268	-0.875306	0.225600	-0.957165	F	1.319568	0.05595	-0.017859	0.005787	0.01623	-0.002569	0.028178	-0.008369	0.047311	0.037468	0.363073	-0.108731
cell_003750	donor_278	0.093198	0.462650	-0.490523	-0.957165	F	1.522312	0.05089	-0.017859	0.005787	0.01623	-0.002569	0.028178	2.615697	-0.342393	-1.222609	-1.410013	0.658257
cell_003751	donor_278	-0.930230	0.182729	-1.029589	-0.957165	F	1.453727	0.05303	-0.017859	0.005787	0.01623	-0.002569	0.028178	-1.591635	-1.209748	-1.353759	0.457142	1.330707
cell_003752	donor_278	1.078423	-0.114522	-0.326135	-0.957165	F	2.560678	0.00102	-0.017859	0.005787	0.01623	-0.002569	0.028178	-0.943946	0.422041	-2.636946	-0.744745	0.602475
cell_003753	donor_278	0.462176	-0.076364	-1.658052	-0.957165	F	1.75424	0.00898	-0.017859	0.005787	0.01623	-0.002569	0.028178	-0.312305	0.994029	-2.23319	-0.734976	0.452746
cell_003754	donor_278	-1.061430	1.057709	0.083884	-0.957165	F	1.869331	0.0368	-0.017859	0.005787	0.01623	-0.002569	0.028178	0.440195	0.516935	0.207512	-1.144124	-0.779115
cell_003755	donor_278	-1.681568	0.352112	-0.559259	-0.957165	F	1.354146	0.04431	-0.017859	0.005787	0.01623	-0.002569	0.028178	2.316385	-1.259377	-1.415571	0.679891	-1.05927
cell_003756	donor_278	-0.874500	-1.144873	0.999929	-0.957165	F	1.895046	0.01401	-0.017859	0.005787	0.01623	-0.002569	0.028178	1.792214	2.734446	-0.24094	0.309452	-1.824657
cell_003757	donor_278	-1.965498	-0.837532	0.120127	-0.957165	F	2.346609	0.01842	-0.017859	0.005787	0.01623	-0.002569	0.028178	1.031605	-2.238637	-1.339536	0.118592	0.547657
cell_003758	donor_278	1.578363	0.553858	-0.846025	-0.957165	F	2.101183	0.00737	-0.017859	0.005787	0.01623	-0.002569	0.028178	-1.483898	-0.542534	-1.661573	-0.317027	-0.800754
cell_003759	donor_278	1.529353	-1.355123	0.265336	-0.957165	F	1.956854	0.06316	-0.017859	0.005787	0.01623	-0.002569	0.028178	-0.635697	0.651216	0.281569	0.561187	-0.129201
cell_003760	donor_279	0.487785	-0.881116	0.697593	-0.852592	M	1.374046	0.0205	-0.015658	-0.002711	-0.00102	0.021844	0.002118	0.716932	-0.035096	-0.491386	0.57057	-0.423422
cell_003761	donor_279	-0.513890	0.695142	-1.839595	-0.852592	M	1.868819	0.03063	-0.015658	-0.002711	-0.00102	0.021844	0.002118	-0.329489	1.06827	0.974088	-0.297138	0.872857
cell_003762	donor_279	0.334976	-0.412107	1.149704	-0.852592	M	2.058766	0.03167	-0.015658	-0.002711	-0.00102	0.021844	0.002118	-1.278172	-0.291339	-0.751801	-0.001751	0.734586
cell_003763	donor_279	-0.043981	1.249230	0.507613	-0.852592	M	1.60327	0.05211	-0.015658	-0.002711	-0.00102	0.021844	0.002118	0.555677	0.41963	0.137492	-0.159369	1.201187
cell_003764	donor_279	-0.127508	0.787669	0.794058	-0.852592	M	2.261956	0.01095	-0.015658	-0.002711	-0.00102	0.021844	0.002118	-1.546528	-0.66677	0.411282	1.527882	-0.345837
cell_003765	donor_279	0.471910	-2.292301	-0.982560	-0.852592	M	2.354027	0.05337	-0.015658	-0.002711	-0.00102	0.021844	0.002118	-0.260929	-1.289919	-0.541519	0.708231	1.579294
cell_003766	donor_279	1.384106	-1.255946	0.882461	-0.852592	M	1.788541	0.00443	-0.015658	-0.002711	-0.00102	0.021844	0.002118	-0.293286	-0.798974	0.069751	-1.61468	1.235582
cell_003767	donor_279	0.706453	-0.725752	-1.995232	-0.852592	M	2.290333	0.05331	-0.015658	-0.002711	-0.00102	0.021844	0.002118	-1.230733	0.313792	0.298994	0.62774	0.255592
cell_003768	donor_279	-0.568913	2.078015	-0.863277	-0.852592	M	1.956104	0.00431	-0.015658	-0.002711	-0.00102	0.021844	0.002118	0.002713	0.428599	0.83469	1.796456	-1.10252
cell_003769	donor_279	-0.794257	-0.997582	1.214784	-0.852592	M	2.458855	0.02791	-0.015658	-0.002711	-0.00102	0.021844	0.002118	-1.839048	-1.546893	-1.813275	-1.199682	-1.326613
cell_003770	donor_280	-0.242916	-0.625906	1.413474	1.278155	M	2.81366	0.06251	0.002671	-0.033097	-0.017998	0.021919	-0.041507	-0.416367	0.855123	0.626485	-0.622231	-0.535859
cell_003771	donor_280	0.579494	-0.919290	-1.223584	1.278155	M	1.562534	0.04395	0.002671	-0.033097	-0.017998	0.021919	-0.041507	2.010776	0.594785	0.172707	0.121502	-0.289247
cell_003772	donor_280	1.158170	0.016788	-1.549064	1.278155	M	2.307794	0.03842	0.002671	-0.033097	-0.017998	0.021919	-0.041507	2.003138	-0.189847	0.149296	-1.648817	-0.636366
cell_003773	donor_280	-1.783116	-1.116039	-1.239485	1.278155	M	2.521986	0.00903	0.002671	-0.033097	-0.017998	0.021919	-0.041507	-0.550718	0.486294	-0.775219	0.048312	-0.606355
cell_003774	donor_280	-2.046077	-1.099507	-0.919081	1.278155	M	1.611728	0.0153	0.002671	-0.033097	-0.017998	0.021919	-0.041507	-1.100641	-1.141293	-0.173397	0.103063	-0.193725
cell_003775	donor_280	-0.462681	1.692910	-0.266843	1.278155	M	1.769952	0.05689	0.002671	-0.033097	-0.017998	0.021919	-0.041507	-0.832863	-0.137756	-0.322712	-1.041867	0.083084
cell_003776	donor_280	-0.167575	0.509255	-0.237318	1.278155	M	1.765449	0.03945	0.002671	-0.033097	-0.017998	0.021919	-0.041507	1.810327	-0.149583	-1.461081	1.468545	1.257122
cell_003777	donor_280	0.400153	0.280615	0.122589	1.278155	M	1.946888	0.0478	0.002671	-0.033097	-0.017998	0.021919	-0.041507	1.432527	-0.042217	-0.783555	-0.893026	1.141224
cell_003778	donor_280	2.766466	0.911126	-1.081722	1.278155	M	1.857454	0.03148	0.002671	-0.033097	-0.017998	0.021919	-0.041507	1.605879	-0.920373	-2.520107	-0.017786	-0.904259
cell_003779	donor_280	0.370222	-0.791737	0.446251	1.278155	M	1.920686	0.02437	0.002671	-0.033097	-0.017998	0.021919	-0.041507	-0.707266	-0.238219	0.409874	-0.780964	0.136077
cell_003780	donor_281	-1.375187	-1.107779	0.343908	1.63172	M	2.335195	0.04533	0.02686	0.009993	-0.01495	-0.016641	0.037919	-0.126154	-2.305348	0.544975	-0.451005	-1.263863
cell_003781	donor_281	0.997669	0.502644	0.854117	1.63172	M	1.241675	0.03519	0.02686	0.009993	-0.01495	-0.016641	0.037919	-0.725998	0.202966	0.046233	0.644433	0.436584
cell_003782	donor_281	0.373819	0.172496	-0.503693	1.63172	M	1.610443	0.0266	0.02686	0.009993	-0.01495	-0.016641	0.037919	-1.171603	-2.954309	0.120905	0.630951	-0.202444
cell_003783	donor_281	0.813002	1.024879	-0.063116	1.63172	M	2.267971	0.00172	0.02686	0.009993	-0.01495	-0.016641	0.037919	0.660604	-1.001643	-0.346019	-0.920577	0.697298
cell_003784	donor_281	-0.116926	1.591406	-0.020422	1.63172	M	2.22111	0.04908	0.02686	0.009993	-0.01495	-0.016641	0.037919	-0.910401	2.059849	-0.501994	0.798181	-0.489146
cell_003785	donor_281	0.075686	0.484226	-0.097806	1.63172	M	1.576583	0.0388	0.02686	0.009993	-0.01495	-0.016641	0.037919	1.337622	1.299509	-0.323766	0.274699	1.273958
cell_003786	donor_281	-0.820340	0.377966	-0.038755	1.63172	M	2.223881	0.01787	0.02686	0.009993	-0.01495	-0.016641	0.037919	0.30433	-0.920726	0.070066	-0.748223	0.150995
cell_003787	donor_281	1.842250	0.788449	-0.595482	1.63172	M	2.530747	0.05359	0.02686	0.009993	-0.01495	-0.016641	0.037919	-0.787473	0.372806	-1.788792	-1.121981	-0.793224
cell_003788	donor_281	0.729060	0.307866	1.309426	1.63172	M	1.980389	0.03488	0.02686	0.009993	-0.01495	-0.016641	0.037919	-0.160214	-1.512082	-0.883456	0.778121	0.897165
cell_003789	donor_281	-0.524454	0.188676	-0.099094	1.63172	M	1.596816	0.03527	0.02686	0.009993	-0.01495	-0.016641	0.037919	-2.533625	-0.586746	1.274836	0.386039	0.407349
cell_003790	donor_281	0.058479	-0.885199	0.575912	1.63172	M	2.349982	0.04768	0.02686	0.009993	-0.01495	-0.016641	0.037919	0.564147	-0.95893	0.214031	0.471734	0.10708
cell_003791	donor_281	0.417964	1.285224	-0.010026	1.63172	M	2.689218	0.04337	0.02686	0.009993	-0.01495	-0.016641	0.037919	-0.393633	-0.048086	-1.140145	0.614157	-1.435335
cell_003792	donor_282	-0.411840	0.789294	-0.794204	0.195893	M	1.645544	0.03587	0.028228	-0.002389	0.002692	-0.012924	0.002696	-0.816259	0.681785	0.290256	-0.48415	-1.712462
cell_003793	donor_282	1.084985	1.082842	1.257279	0.195893	M	2.015701	0.02623	0.028228	-0.002389	0.002692	-0.012924	0.002696	-0.046133	-0.630176	0.480417	-0.516624	-1.750667
cell_003794	donor_282	0.376623	-0.486496	0.109188	0.195893	M	2.436062	0.06967	0.028228	-0.002389	0.002692	-0.012924	0.002696	-1.383732	-0.426995	0.108767	-1.163887	-0.758485
cell_003795	donor_282	0.380069	-0.560142	1.333116	0.195893	M	2.046143	0.01532	0.028228	-0.002389	0.002692	-0.012924	0.002696	0.792473	1.109644	0.276915	-0.285037	-0.621414
cell_003796	donor_282	0.580084	-0.892223	1.882874	0.195893	M	1.301081	0.04492	0.028228	-0.002389	0.002692	-0.012924	0.002696	0.539224	-0.316369	0.920127	0.972684	0.410077
cell_003797	donor_282	0.097389	-1.094103	-0.830254	0.195893	M	2.177367	0.02832	0.028228	-0.002389	0.002692	-0.012924	0.002696	-0.497621	-0.420385	-1.643703	-0.052656	-0.083692
cell_003798	donor_282	1.487784	1.824985	1.009485	0.195893	M	1.608477	0.03909	0.028228	-0.002389	0.002692	-0.012924	0.002696	-1.377526	2.364154	0.556247	-0.840446	2.054192
cell_003799	donor_282	1.319309	1.216615	0.556916	0.195893	M	1.491711	0.05467	0.028228	-0.002389	0.002692	-0.012924	0.002696	-0.496049	0.830339	0.087633	-0.461759	-0.336942
cell_003800	donor_282	0.329042	0.539863	0.736015	0.195893	M	1.308901	0.02377	0.028228	-0.002389	0.002692	-0.012924	0.002696	1.436652	0.87623	-0.122405	-2.050324	0.304428
cell_003801	donor_282	-0.741598	0.731959	1.458617	0.195893	M	2.476163	0.04204	0.028228	-0.002389	0.002692	-0.012924	0.002696	-1.246475	0.538593	-0.714054	-0.609428	-0.638085
cell_003802	donor_282	-0.206372	-0.313248	0.476546	0.195893	M	1.666115	0.03531	0.028228	-0.002389	0.002692	-0.012924	0.002696	1.020515	-1.766268	0.737762	0.342301	-0.072635
cell_003803	donor_282	-0.649658	-1.316819	1.147719	0.195893	M	2.133334	0.01717	0.028228	-0.002389	0.002692	-0.012924	0.002696	-0.448048	0.486482	-0.440022	-0.449071	0.063754
cell_003804	donor_282	-0.450951	0.018449	-0.610125	0.195893	M	2.231582	0.05516	0.028228	-0.002389	0.002692	-0.012924	0.002696	1.719756	-1.512871	0.500704	-0.143042	-0.220596
cell_003805	donor_283	1.276755	0.853176	-0.240740	-0.30308	F	2.064728	0.04422	-0.013478	-0.001571	0.036207	-0.001912	-0.02096	-1.526971	-1.755784	0.339932	-1.269342	1.016371
cell_003806	donor_283	-1.179897	-0.346930	0.570153	-0.30308	F	2.118628	0.02131	-0.013478	-0.001571	0.036207	-0.001912	-0.02096	-1.015859	0.550977	-0.576053	-0.624001	-0.913855
cell_003807	donor_283	0.188636	0.109098	0.211699	-0.30308	F	2.152419	0.05207	-0.013478	-0.001571	0.036207	-0.001912	-0.02096	0.436817	0.715572	-0.315532	0.591206	0.012608
cell_003808	donor_283	0.758796	-0.041859	0.450013	-0.30308	F	2.055239	0.01337	-0.013478	-0.001571	0.036207	-0.001912	-0.02096	-1.334228	0.378533	-0.300537	-2.614296	-0.390772
cell_003809	donor_283	-0.986919	2.553851	-0.283859	-0.30308	F	1.695936	0.02942	-0.013478	-0.001571	0.036207	-0.001912	-0.02096	-1.6935	-1.23154	-0.248952	-0.075219	-0.835054
cell_003810	donor_283	0.203593	0.566466	-0.410791	-0.30308	F	1.660265	0.02142	-0.013478	-0.001571	0.036207	-0.001912	-0.02096	0.5273	-0.114522	-0.423979	0.043405	1.205059
cell_003811	donor_283	0.007825	-0.004325	-0.914038	-0.30308	F	1.958007	0.04503	-0.013478	-0.001571	0.036207	-0.001912	-0.02096	-2.150317	1.299524	-0.616642	-0.778921	-0.402175
cell_003812	donor_283	0.438589	-1.649222	1.752708	-0.30308	F	1.949534	0.02041	-0.013478	-0.001571	0.036207	-0.001912	-0.02096	-0.886704	-1.040375	0.846826	0.159685	-1.917691
cell_003813	donor_283	0.792971	0.639122	-1.736642	-0.30308	F	2.171728	0.04517	-0.013478	-0.001571	0.036207	-0.001912	-0.02096	0.67411	0.528443	-1.484588	0.180259	0.620459
cell_003814	donor_283	-0.792529	1.389345	4.151241	-0.30308	F	2.44066	0.04189	-0.013478	-0.001571	0.036207	-0.001912	-0.02096	-1.604296	0.285286	-0.675097	0.542191	-0.933648
cell_003815	donor_283	1.194692	1.036943	0.524974	-0.30308	F	2.137562	0.0225	-0.013478	-0.001571	0.036207	-0.001912	-0.02096	1.042243	-0.243535	-0.614894	-0.72252	0.874019
cell_003816	donor_283	-0.847497	0.995174	-1.101207	-0.30308	F	1.675647	0.06659	-0.013478	-0.001571	0.036207	-0.001912	-0.02096	-0.723163	1.060446	0.21342	-1.385611	0.025979
cell_003817	donor_283	-1.210585	-1.273529	0.975723	-0.30308	F	1.127538	0.0151	-0.013478	-0.001571	0.036207	-0.001912	-0.02096	0.04686	-1.418155	0.008282	0.54218	1.128153
cell_003818	donor_283	-0.057414	0.100858	-0.015404	-0.30308	F	1.692425	0.00182	-0.013478	-0.001571	0.036207	-0.001912	-0.02096	1.084336	2.389033	0.000585	0.553802	-0.606235
cell_003819	donor_283	-1.125717	-0.670731	-0.620426	-0.30308	F	1.462204	0.04712	-0.013478	-0.001571	0.036207	-0.001912	-0.02096	1.88423	-0.890935	1.839236	1.710937	-0.784893
cell_003820	donor_284	-1.405271	-0.504210	-1.081306	1.54871	M	1.707851	0.01299	-0.027327	0.002542	-0.015218	0.004932	-0.03239	1.036327	0.456731	-0.411985	-0.135809	0.265478
cell_003821	donor_284	0.577676	0.660971	-1.293639	1.54871	M	2.096911	0.05984	-0.027327	0.002542	-0.015218	0.004932	-0.03239	0.360639	1.494192	0.571226	-0.769869	0.743619
cell_003822	donor_284	-0.296632	1.856060	-0.980763	1.54871	M	2.033756	0.03204	-0.027327	0.002542	-0.015218	0.004932	-0.03239	-1.747658	-0.386586	-0.290316	0.658315	1.770804
cell_003823	donor_284	0.426638	0.105522	1.092888	1.54871	M	2.743271	0.00146	-0.027327	0.002542	-0.015218	0.004932	-0.03239	0.217694	-0.361366	-0.69828	0.835041	-0.194836
cell_003824	donor_284	0.295467	-0.431295	0.066764	1.54871	M	2.193233	0.01103	-0.027327	0.002542	-0.015218	0.004932	-0.03239	-0.503203	0.951287	1.169276	-0.959358	-1.496584
cell_003825	donor_284	0.081370	-0.091695	-1.319111	1.54871	M	2.763667	0.00268	-0.027327	0.002542	-0.015218	0.004932	-0.03239	-0.097783	-1.140238	-1.277057	-1.040657	1.04653
cell_003826	donor_284	1.243089	1.066434	-1.044189	1.54871	M	2.286056	0.03766	-0.027327	0.002542	-0.015218	0.004932	-0.03239	0.650385	2.457479	-0.641962	1.329836	0.493556
cell_003827	donor_284	-0.300726	-0.225086	-1.156519	1.54871	M	2.434283	0.00346	-0.027327	0.002542	-0.015218	0.004932	-0.03239	-0.556387	-0.146675	-0.561138	0.258724	0.986702
cell_003828	donor_284	-1.866796	-0.670593	-0.356402	1.54871	M	1.856439	0.04004	-0.027327	0.002542	-0.015218	0.004932	-0.03239	-0.368571	0.848384	1.27123	1.493917	-1.172945
cell_003829	donor_284	-1.441233	0.176978	1.162856	1.54871	M	1.570196	0.0239	-0.027327	0.002542	-0.015218	0.004932	-0.03239	-0.049151	0.709433	-1.086735	-1.309576	-0.026411
cell_003830	donor_284	0.842116	-0.126686	-1.840412	1.54871	M	1.820416	0.02049	-0.027327	0.002542	-0.015218	0.004932	-0.03239	-0.412964	-0.172344	-0.471348	2.159891	-0.461648
cell_003831	donor_284	0.715702	0.146392	0.424351	1.54871	M	1.995252	0.04019	-0.027327	0.002542	-0.015218	0.004932	-0.03239	0.585629	0.518596	-1.688815	1.466119	0.625798
cell_003832	donor_284	1.936103	-0.824812	-2.874816	1.54871	M	1.748736	0.04247	-0.027327	0.002542	-0.015218	0.004932	-0.03239	0.156952	1.057433	-0.047782	0.881931	-1.876223
cell_003833	donor_285	-1.053455	0.486045	0.026926	-0.978574	F	1.599543	0.05292	0.013805	-0.021203	0.000926	-0.006766	0.034368	0.817526	0.183634	0.199266	-0.842286	-0.218829
cell_003834	donor_285	-1.215636	-1.419717	-0.354609	-0.978574	F	2.166735	0.01732	0.013805	-0.021203	0.000926	-0.006766	0.034368	-0.248121	-1.139124	0.358301	1.573178	-1.421288
cell_003835	donor_285	-1.246095	0.520633	-0.411427	-0.978574	F	1.597841	0.0294	0.013805	-0.021203	0.000926	-0.006766	0.034368	0.490245	-0.420438	-0.535911	0.074764	0.08992
cell_003836	donor_285	-0.627118	-0.758276	0.263123	-0.978574	F	1.386603	0.01729	0.013805	-0.021203	0.000926	-0.006766	0.034368	0.184679	-1.130866	1.089924	0.081138	0.593826
cell_003837	donor_285	0.042609	0.201957	0.180129	-0.978574	F	1.551166	0.03326	0.013805	-0.021203	0.000926	-0.006766	0.034368	1.214598	-1.921121	0.630459	-0.164183	1.018875
cell_003838	donor_285	-0.072196	-1.033131	-0.730380	-0.978574	F	1.906258	0.01443	0.013805	-0.021203	0.000926	-0.006766	0.034368	-0.801334	0.935346	-1.055006	0.402213	0.284258
cell_003839	donor_285	-0.394675	2.065195	-1.348836	-0.978574	F	1.603632	0.02152	0.013805	-0.021203	0.000926	-0.006766	0.034368	-0.155423	-1.032085	-0.368698	0.922866	1.487774
cell_003840	donor_285	-0.418977	0.098267	-0.303333	-0.978574	F	1.908764	0.02162	0.013805	-0.021203	0.000926	-0.006766	0.034368	1.95416	0.526795	0.251426	0.448924	1.928519
cell_003841	donor_285	1.073970	-0.308498	-0.234541	-0.978574	F	2.240178	0.03587	0.013805	-0.021203	0.000926	-0.006766	0.034368	0.520622	0.087204	-0.275304	-0.159791	0.386399
cell_003842	donor_285	0.814629	1.810712	1.407498	-0.978574	F	2.229777	0.03006	0.013805	-0.021203	0.000926	-0.006766	0.034368	-0.751438	-0.626438	-0.063821	-0.451915	0.596487
cell_003843	donor_285	-0.136654	-0.049514	0.046719	-0.978574	F	1.73567	0.04013	0.013805	-0.021203	0.000926	-0.006766	0.034368	0.673925	0.262514	0.489894	0.117593	-3.792258
cell_003844	donor_285	0.146999	-0.847348	0.936594	-0.978574	F	1.478423	0.02786	0.013805	-0.021203	0.000926	-0.006766	0.034368	-0.875866	0.707345	-0.838817	0.855416	0.911629
cell_003845	donor_285	0.206609	-0.044856	-1.271145	-0.978574	F	1.769751	0.0184	0.013805	-0.021203	0.000926	-0.006766	0.034368	-0.265493	-0.590544	0.009591	-0.044011	0.627003
cell_003846	donor_286	0.062286	-1.893212	-0.581649	0.051823	M	2.262258	0.03383	0.00343	0.038909	0.011215	0.028508	-0.004176	-2.341111	-0.734069	-1.012396	-2.518303	-0.494813
cell_003847	donor_286	-0.563098	0.286995	1.879850	0.051823	M	2.355678	0.01166	0.00343	0.038909	0.011215	0.028508	-0.004176	-1.499598	-0.387485	-0.48796	0.45338	-0.250166
cell_003848	donor_286	0.571907	1.448402	0.645212	0.051823	M	2.141156	0.04138	0.00343	0.038909	0.011215	0.028508	-0.004176	-1.691463	0.346539	2.41989	1.07508	0.679236
cell_003849	donor_286	1.125053	1.857127	-0.731837	0.051823	M	2.480574	0.02429	0.00343	0.038909	0.011215	0.028508	-0.004176	-0.195455	-0.490907	-0.560284	0.240642	-1.135934
cell_003850	donor_286	-0.797104	0.668811	-0.003678	0.051823	M	2.691681	0.03409	0.00343	0.038909	0.011215	0.028508	-0.004176	0.220349	-0.663634	-1.714471	-0.677743	1.251197
cell_003851	donor_286	0.220354	-0.248667	-0.596259	0.051823	M	1.806709	0.0344	0.00343	0.038909	0.011215	0.028508	-0.004176	0.138378	-3.552507	-0.673628	0.90326	-0.298367
cell_003852	donor_286	1.620765	-1.099861	0.686392	0.051823	M	2.594625	0.06203	0.00343	0.038909	0.011215	0.028508	-0.004176	0.523793	-0.395294	0.183941	0.035296	-0.645887
cell_003853	donor_286	0.524228	-1.579013	-0.830780	0.051823	M	1.89578	0.03763	0.00343	0.038909	0.011215	0.028508	-0.004176	0.571481	1.531539	0.384644	0.103961	-0.843175
cell_003854	donor_286	-0.662691	0.564584	-0.367035	0.051823	M	2.407939	0.03146	0.00343	0.038909	0.011215	0.028508	-0.004176	0.938212	-0.511053	0.560687	0.761698	0.987508
cell_003855	donor_286	-0.085590	-1.457647	2.325912	0.051823	M	2.283429	0.01615	0.00343	0.038909	0.011215	0.028508	-0.004176	1.006127	0.969959	-1.256223	-0.859078	-1.372475
cell_003856	donor_286	0.071196	0.499001	-0.540625	0.051823	M	1.209177	0.04605	0.00343	0.038909	0.011215	0.028508	-0.004176	-1.43982	1.52531	-0.985929	-1.126529	-0.055869
cell_003857	donor_286	-0.652627	1.912685	-1.916722	0.051823	M	1.613509	0.0246	0.00343	0.038909	0.011215	0.028508	-0.004176	-0.745976	2.261904	-0.273425	0.445174	-0.780471
cell_003858	donor_286	0.278647	-1.211504	-0.405001	0.051823	M	1.511485	0.00051	0.00343	0.038909	0.011215	0.028508	-0.004176	-1.662035	-0.728713	-0.717977	-0.724983	-1.600058
cell_003859	donor_286	-0.638094	-0.985978	0.035442	0.051823	M	1.287181	0.0261	0.00343	0.038909	0.011215	0.028508	-0.004176	0.136073	-0.336796	-1.541916	0.106273	0.762233
cell_003860	donor_286	-2.568029	-0.315488	-0.090290	0.051823	M	2.351726	0.03383	0.00343	0.038909	0.011215	0.028508	-0.004176	1.19773	-2.42029	-0.7309	-1.370777	-0.652315
cell_003861	donor_286	-1.359277	1.513219	-0.594458	0.051823	M	2.827509	0.01363	0.00343	0.038909	0.011215	0.028508	-0.004176	1.388553	-0.727219	-0.475041	-0.829073	1.625933
cell_003862	donor_286	-0.237484	-0.592219	-0.081566	0.051823	M	1.896931	0.02764	0.00343	0.038909	0.011215	0.028508	-0.004176	-2.299765	-0.556367	-0.865606	-1.721171	1.102218
cell_003863	donor_287	1.308144	2.473016	0.745639	0.462966	M	2.341663	0.02857	0.00691	0.024373	0.018099	0.01062	-0.006559	-1.803104	-0.459447	-0.078732	-0.750921	-1.734264
cell_003864	donor_287	1.087994	1.716427	0.248871	0.462966	M	2.59385	0.02888	0.00691	0.024373	0.018099	0.01062	-0.006559	-0.16826	-0.761832	0.808649	0.516111	1.944277
cell_003865	donor_287	1.570251	0.792401	0.143987	0.462966	M	2.083333	0.05469	0.00691	0.024373	0.018099	0.01062	-0.006559	0.109976	0.589251	-0.358935	1.711729	0.010269
cell_003866	donor_287	0.350341	-1.821417	0.292119	0.462966	M	1.989875	0.00377	0.00691	0.024373	0.018099	0.01062	-0.006559	-0.102554	0.540578	-0.644959	-0.499617	0.539859
cell_003867	donor_287	-1.543748	-1.625269	0.192879	0.462966	M	1.901725	0.07068	0.00691	0.024373	0.018099	0.01062	-0.006559	0.732234	0.597066	-0.080183	0.270427	0.960423
cell_003868	donor_287	-1.114079	-0.007114	0.138435	0.462966	M	2.215024	0.02934	0.00691	0.024373	0.018099	0.01062	-0.006559	-1.093975	0.001393	-2.911401	0.740235	-0.782613
cell_003869	donor_287	0.183050	-0.904121	0.898682	0.462966	M	2.349878	0.0416	0.00691	0.024373	0.018099	0.01062	-0.006559	-0.756059	-0.121899	0.619104	2.391835	-1.553035
cell_003870	donor_287	-0.089235	0.441076	-1.196440	0.462966	M	2.184722	0.03256	0.00691	0.024373	0.018099	0.01062	-0.006559	-0.849511	0.228685	-0.726725	0.835938	-0.167796
cell_003871	donor_287	-0.178328	1.097294	0.970178	0.462966	M	2.170985	0.00452	0.00691	0.024373	0.018099	0.01062	-0.006559	0.88531	-0.24849	0.544884	-0.957129	1.937422
cell_003872	donor_287	-0.797293	-0.545558	-0.988687	0.462966	M	1.979519	0.00887	0.00691	0.024373	0.018099	0.01062	-0.006559	-1.699659	-0.707764	-1.420384	0.800298	0.539611
cell_003873	donor_287	-0.656413	-1.399068	-0.138176	0.462966	M	1.362818	0.01951	0.00691	0.024373	0.018099	0.01062	-0.006559	-1.218188	0.997114	-0.698542	0.387319	0.622128
cell_003874	donor_288	0.633138	-0.785053	-0.090606	-0.862801	M	2.359087	0.04987	-0.003176	0.022753	0.026918	-0.011857	-0.014875	-0.244871	0.909853	-0.144108	0.338736	-0.274125
cell_003875	donor_288	-0.220498	1.055119	-0.611592	-0.862801	M	1.48615	0.00231	-0.003176	0.022753	0.026918	-0.011857	-0.014875	-1.868222	-0.123535	-0.873666	1.392269	-1.364176
cell_003876	donor_288	-0.575216	-0.846021	-1.137510	-0.862801	M	2.247754	0.01289	-0.003176	0.022753	0.026918	-0.011857	-0.014875	1.225019	-0.178772	0.406202	-1.379917	-0.30879
cell_003877	donor_288	0.529185	-0.135111	0.054810	-0.862801	M	2.302295	0.0333	-0.003176	0.022753	0.026918	-0.011857	-0.014875	-0.66462	2.103242	-0.689345	1.153377	1.167365
cell_003878	donor_288	1.274641	1.332081	-1.646234	-0.862801	M	1.543827	0.03946	-0.003176	0.022753	0.026918	-0.011857	-0.014875	1.139273	-0.593876	1.804896	2.012181	0.367116
cell_003879	donor_288	0.647835	0.225647	-0.461591	-0.862801	M	1.75688	0.03885	-0.003176	0.022753	0.026918	-0.011857	-0.014875	-0.465399	-0.860647	0.471759	0.064902	0.182715
cell_003880	donor_288	0.327684	-1.726383	1.462642	-0.862801	M	2.84859	0.01032	-0.003176	0.022753	0.026918	-0.011857	-0.014875	-1.347868	0.03295	1.143849	0.815185	-0.414122
cell_003881	donor_288	0.514944	-0.865198	-0.585410	-0.862801	M	1.968207	0.00196	-0.003176	0.022753	0.026918	-0.011857	-0.014875	-0.109042	-1.468335	-0.665252	-0.340028	0.633408
cell_003882	donor_288	-1.703146	-0.313957	-0.482732	-0.862801	M	1.511915	0.04078	-0.003176	0.022753	0.026918	-0.011857	-0.014875	-0.706348	-1.035985	0.757679	-0.422605	-0.838945
cell_003883	donor_288	-1.325110	0.776702	1.276797	-0.862801	M	2.320352	0.05866	-0.003176	0.022753	0.026918	-0.011857	-0.014875	0.812412	0.458783	-0.207471	-0.351281	0.379528
cell_003884	donor_288	-0.027360	-0.305647	0.434985	-0.862801	M	1.69093	0.02309	-0.003176	0.022753	0.026918	-0.011857	-0.014875	0.538765	0.208912	0.12064	-0.606625	-0.546702
cell_003885	donor_288	-0.019639	-1.082179	-0.652678	-0.862801	M	1.23179	0.00711	-0.003176	0.022753	0.026918	-0.011857	-0.014875	-0.171825	-0.961101	-1.078049	-0.089733	0.989446
cell_003886	donor_288	-0.296436	0.248187	0.009337	-0.862801	M	2.207908	0.0214	-0.003176	0.022753	0.026918	-0.011857	-0.014875	-2.072911	-0.391439	0.272518	1.072306	1.799898
cell_003887	donor_288	0.210369	-1.524828	0.665218	-0.862801	M	1.633353	0.03788	-0.003176	0.022753	0.026918	-0.011857	-0.014875	-0.257837	1.972523	0.455566	0.814229	-1.065377
cell_003888	donor_289	0.003416	2.552709	-0.387634	-0.635914	F	2.128475	0.02534	-0.018083	0.016594	-0.01859	0.016352	0.010914	0.4534	0.900563	-0.689354	-2.605609	0.149007
cell_003889	donor_289	0.323458	2.829219	0.194092	-0.635914	F	1.674924	0.05814	-0.018083	0.016594	-0.01859	0.016352	0.010914	-0.214935	1.344253	-0.538312	-0.70501	-1.171421
cell_003890	donor_289	-0.067631	-0.986922	1.528266	-0.635914	F	2.282882	0.0485	-0.018083	0.016594	-0.01859	0.016352	0.010914	-0.630084	2.666954	-1.58665	-1.335291	-0.054303
cell_003891	donor_289	-1.159102	0.427121	-0.473555	-0.635914	F	2.073399	0.03369	-0.018083	0.016594	-0.01859	0.016352	0.010914	1.974565	0.741545	1.552329	-0.385052	-1.390105
cell_003892	donor_289	-0.189336	-1.423932	1.343127	-0.635914	F	0.964317	0.00909	-0.018083	0.016594	-0.01859	0.016352	0.010914	-0.449216	-0.124703	0.010957	-0.213985	0.590735
cell_003893	donor_289	-0.277797	-1.215090	1.252691	-0.635914	F	2.152805	0.01615	-0.018083	0.016594	-0.01859	0.016352	0.010914	-0.711917	-0.927159	-1.204619	0.205026	0.105751
cell_003894	donor_289	-0.504137	0.334607	0.841416	-0.635914	F	1.884107	0.01904	-0.018083	0.016594	-0.01859	0.016352	0.010914	1.091423	1.54699	-1.207375	0.023522	-0.205357
cell_003895	donor_289	0.474034	-2.196636	0.695357	-0.635914	F	2.566687	0.01507	-0.018083	0.016594	-0.01859	0.016352	0.010914	-1.536729	-0.528168	1.566617	-0.632703	-0.798986
cell_003896	donor_289	-0.100614	-0.329029	-0.109075	-0.635914	F	2.158083	0.03382	-0.018083	0.016594	-0.01859	0.016352	0.010914	-0.052053	0.911691	-0.304677	0.127687	-2.284599
cell_003897	donor_289	-1.610033	0.192171	-1.364391	-0.635914	F	2.302463	0.03423	-0.018083	0.016594	-0.01859	0.016352	0.010914	0.572326	0.221132	0.88468	-1.867625	-0.302483
cell_003898	donor_289	-0.285840	0.156264	1.074037	-0.635914	F	1.715784	0.00348	-0.018083	0.016594	-0.01859	0.016352	0.010914	0.964182	-0.556937	0.051053	-0.409625	-0.385123
cell_003899	donor_289	-0.819613	1.451587	0.946853	-0.635914	F	1.683973	0.04609	-0.018083	0.016594	-0.01859	0.016352	0.010914	1.167134	-1.423392	-0.050276	0.251762	0.938101
cell_003900	donor_289	-0.429410	-1.108749	-1.443816	-0.635914	F	1.98974	0.03032	-0.018083	0.016594	-0.01859	0.016352	0.010914	-0.121955	0.968881	-0.054631	0.119543	0.081339
cell_003901	donor_289	0.271754	-0.737284	1.199357	-0.635914	F	1.855754	0.03715	-0.018083	0.016594	-0.01859	0.016352	0.010914	0.655278	0.541732	-1.113059	0.217021	0.540662
cell_003902	donor_290	-0.679524	-0.900671	0.233626	-0.713738	M	2.535204	0.0449	-0.010902	0.031277	-0.029245	0.033191	0.006378	1.461731	-1.008657	0.538447	-0.347884	0.191857
cell_003903	donor_290	-0.686047	0.008550	0.985989	-0.713738	M	1.938672	0.01466	-0.010902	0.031277	-0.029245	0.033191	0.006378	-1.073498	-0.013383	0.318926	-0.970127	1.448761
cell_003904	donor_290	0.117229	0.120964	0.205147	-0.713738	M	1.510071	0.05518	-0.010902	0.031277	-0.029245	0.033191	0.006378	-1.544222	0.537557	-2.428439	-0.254983	0.479637
cell_003905	donor_290	-1.693099	0.391838	0.159932	-0.713738	M	1.668968	0.02716	-0.010902	0.031277	-0.029245	0.033191	0.006378	0.712629	-0.105373	-0.241625	0.567443	0.950663
cell_003906	donor_290	0.892897	0.605811	-0.201949	-0.713738	M	2.38602	0.06025	-0.010902	0.031277	-0.029245	0.033191	0.006378	1.379614	-1.290813	-0.200646	-2.193532	-1.367501
cell_003907	donor_290	1.032393	-0.292631	0.247157	-0.713738	M	1.933097	0.01212	-0.010902	0.031277	-0.029245	0.033191	0.006378	-0.704119	0.865012	-0.480893	-0.288965	0.300031
cell_003908	donor_290	-0.311149	0.461758	-0.376490	-0.713738	M	1.911715	0.05876	-0.010902	0.031277	-0.029245	0.033191	0.006378	-0.670561	-1.994676	-0.745926	-0.120723	0.468463
cell_003909	donor_290	1.647552	2.017363	0.873938	-0.713738	M	2.424075	0.01192	-0.010902	0.031277	-0.029245	0.033191	0.006378	-0.206389	0.451834	0.924706	1.120562	0.172309
cell_003910	donor_290	1.541297	-1.539214	-1.421378	-0.713738	M	1.634095	0.08098	-0.010902	0.031277	-0.029245	0.033191	0.006378	-1.13716	-1.245015	-1.151868	-1.074886	0.099406
cell_003911	donor_290	-0.321561	0.041231	-0.198207	-0.713738	M	1.105929	0.01096	-0.010902	0.031277	-0.029245	0.033191	0.006378	1.887443	0.211905	-0.083995	0.961891	-0.828564
cell_003912	donor_290	-1.642135	1.151592	2.154198	-0.713738	M	1.658853	0.05113	-0.010902	0.031277	-0.029245	0.033191	0.006378	1.042035	0.967915	0.058997	2.093746	1.115231
cell_003913	donor_290	1.280988	1.085523	0.226120	-0.713738	M	2.096836	0.02275	-0.010902	0.031277	-0.029245	0.033191	0.006378	0.04539	-0.143653	-0.431911	-0.13074	-0.101798
cell_003914	donor_290	-0.842997	0.072528	2.105588	-0.713738	M	1.900195	0.0443	-0.010902	0.031277	-0.029245	0.033191	0.006378	-0.31949	-0.21397	-1.192493	-0.568138	-1.597259
cell_003915	donor_291	-0.351988	-0.454957	1.107304	1.416727	M	1.375828	0.02919	-0.041469	0.031838	0.019444	-0.008564	-0.019294	0.414432	0.080059	-0.122586	0.886234	-0.863544
cell_003916	donor_291	1.173686	-0.847902	-0.261485	1.416727	M	2.406424	0.00818	-0.041469	0.031838	0.019444	-0.008564	-0.019294	-0.710829	-1.481213	1.023019	0.605533	1.329587
cell_003917	donor_291	-0.501905	0.069689	1.103687	1.416727	M	2.065399	0.02594	-0.041469	0.031838	0.019444	-0.008564	-0.019294	1.58257	-0.424364	-0.711148	-1.795466	-1.097987
cell_003918	donor_291	-0.804028	1.089665	0.101651	1.416727	M	2.155606	0.08015	-0.041469	0.031838	0.019444	-0.008564	-0.019294	-0.324906	-2.060947	-1.077332	-0.082835	0.893437
cell_003919	donor_291	2.326192	0.318831	-0.096919	1.416727	M	2.167844	0.03146	-0.041469	0.031838	0.019444	-0.008564	-0.019294	-0.71708	0.12798	1.863758	-1.806044	1.085873
cell_003920	donor_291	0.574715	-0.337146	-1.795273	1.416727	M	1.48059	0.02887	-0.041469	0.031838	0.019444	-0.008564	-0.019294	0.380773	1.266531	0.966892	-0.663202	0.001802
cell_003921	donor_291	-0.240521	-0.256294	-1.592317	1.416727	M	2.121152	0.03605	-0.041469	0.031838	0.019444	-0.008564	-0.019294	-1.460543	-0.522936	0.029248	0.303587	0.789436
cell_003922	donor_291	-0.073035	-2.067110	-0.347687	1.416727	M	2.362982	0.04379	-0.041469	0.031838	0.019444	-0.008564	-0.019294	1.582927	-0.435545	1.144768	0.267303	-1.307417
cell_003923	donor_291	0.243596	0.096996	-0.411069	1.416727	M	2.456124	0.0157	-0.041469	0.031838	0.019444	-0.008564	-0.019294	-0.150403	0.11588	-0.836697	-1.040566	-1.074158
cell_003924	donor_291	-0.085530	-0.784064	0.010817	1.416727	M	2.288505	0.01583	-0.041469	0.031838	0.019444	-0.008564	-0.019294	-0.543549	-0.86463	1.230408	-2.451112	0.111271
cell_003925	donor_291	0.058086	-0.900250	0.267699	1.416727	M	2.205252	0.0296	-0.041469	0.031838	0.019444	-0.008564	-0.019294	0.528314	-0.962825	-0.231914	-0.342102	-0.077378
cell_003926	donor_291	0.261453	-0.166210	2.421047	1.416727	M	1.305031	0.05405	-0.041469	0.031838	0.019444	-0.008564	-0.019294	0.662934	0.573381	-0.599978	-1.504452	0.165069
cell_003927	donor_291	-0.140702	-0.279234	-0.422393	1.416727	M	1.994026	0.032	-0.041469	0.031838	0.019444	-0.008564	-0.019294	-0.656674	-0.527755	0.223446	-0.435072	0.306716
cell_003928	donor_291	-0.970939	0.685897	-0.686247	1.416727	M	1.61737	0.05926	-0.041469	0.031838	0.019444	-0.008564	-0.019294	2.512856	0.685844	1.344898	0.510893	0.077118
cell_003929	donor_291	-0.567948	-0.538242	-0.984944	1.416727	M	2.512867	0.05262	-0.041469	0.031838	0.019444	-0.008564	-0.019294	0.526065	0.477308	0.862805	0.059366	-1.308316
cell_003930	donor_291	-1.751083	-0.462940	0.873335	1.416727	M	2.452152	0.02542	-0.041469	0.031838	0.019444	-0.008564	-0.019294	-1.468141	0.461234	-1.126195	0.686427	1.338654
cell_003931	donor_292	0.196980	1.560575	0.750956	1.914367	M	1.619788	0.00141	-0.031381	0.048309	-0.018468	-0.025272	0.005358	-0.22066	1.211346	0.258938	0.02592	0.072846
cell_003932	donor_292	0.523965	1.882649	-0.097146	1.914367	M	1.981609	0.02547	-0.031381	0.048309	-0.018468	-0.025272	0.005358	-0.83085	-0.958635	-1.644041	-0.733096	2.139394
cell_003933	donor_292	0.063076	-0.011464	1.543787	1.914367	M	2.099404	0.04053	-0.031381	0.048309	-0.018468	-0.025272	0.005358	-1.493366	-1.176537	-0.80559	-0.758655	0.269324
cell_003934	donor_292	0.002515	-0.648277	0.587676	1.914367	M	2.360317	0.0312	-0.031381	0.048309	-0.018468	-0.025272	0.005358	-0.611811	-0.198516	-0.849501	-0.475222	-0.059675
cell_003935	donor_292	-0.816260	0.533472	0.413841	1.914367	M	1.329753	0.04269	-0.031381	0.048309	-0.018468	-0.025272	0.005358	-0.134555	1.980764	-0.028187	-0.209742	-2.496965
cell_003936	donor_292	-0.189403	0.565812	-1.487790	1.914367	M	1.116151	0.04727	-0.031381	0.048309	-0.018468	-0.025272	0.005358	0.239925	-1.975085	0.551695	0.142417	0.797897
cell_003937	donor_292	0.162962	-0.462765	2.862264	1.914367	M	2.015259	0.04062	-0.031381	0.048309	-0.018468	-0.025272	0.005358	-0.634429	0.02698	0.675766	-0.929548	0.610034
cell_003938	donor_292	0.155825	-0.596392	-1.378302	1.914367	M	0.987433	0.02449	-0.031381	0.048309	-0.018468	-0.025272	0.005358	0.564256	-0.134867	1.578534	0.515553	-1.674153
cell_003939	donor_292	1.305406	-0.350033	-0.791352	1.914367	M	2.063429	0.0404	-0.031381	0.048309	-0.018468	-0.025272	0.005358	0.988688	-0.658109	0.797681	0.295527	-2.641742
cell_003940	donor_292	0.336299	0.649719	0.633953	1.914367	M	2.236883	0.07471	-0.031381	0.048309	-0.018468	-0.025272	0.005358	0.604865	-0.221656	-0.459447	-0.422198	0.788879
cell_003941	donor_292	0.019750	0.159190	0.232037	1.914367	M	2.494432	0.0002	-0.031381	0.048309	-0.018468	-0.025272	0.005358	-0.921271	1.113281	-1.51965	0.295694	0.772441
cell_003942	donor_292	0.336396	0.424885	1.094453	1.914367	M	1.750973	0.03975	-0.031381	0.048309	-0.018468	-0.025272	0.005358	0.747898	0.184078	-0.206796	-0.549985	-1.22242
cell_003943	donor_293	0.056415	-0.816803	-0.144292	0.114793	M	2.064473	0.06664	-0.032758	-0.019631	0.019899	0.009284	-0.007727	-0.68567	-0.961379	-1.125316	1.80371	-1.719427
cell_003944	donor_293	0.753781	-1.786528	-1.780752	0.114793	M	2.260604	0.00651	-0.032758	-0.019631	0.019899	0.009284	-0.007727	1.12551	-1.236502	-1.022126	-1.038476	-1.110476
cell_003945	donor_293	0.918276	1.520123	-1.265200	0.114793	M	1.529712	0.05002	-0.032758	-0.019631	0.019899	0.009284	-0.007727	0.922855	0.588367	-0.232599	2.707357	-0.016727
cell_003946	donor_293	0.100459	-0.399545	-0.260830	0.114793	M	2.366139	0.05269	-0.032758	-0.019631	0.019899	0.009284	-0.007727	0.059876	-0.685638	-0.804734	-0.533113	0.851729
cell_003947	donor_293	0.305531	-1.292870	-1.107218	0.114793	M	2.109737	0.00046	-0.032758	-0.019631	0.019899	0.009284	-0.007727	0.571122	1.290602	-0.717077	0.589509	0.305508
cell_003948	donor_293	-0.301251	-0.145376	-1.125955	0.114793	M	1.757821	0.04425	-0.032758	-0.019631	0.019899	0.009284	-0.007727	0.434202	-0.863776	-1.038733	0.539138	0.872841
cell_003949	donor_293	0.789648	-0.417561	-0.421818	0.114793	M	2.056552	0.02457	-0.032758	-0.019631	0.019899	0.009284	-0.007727	-0.618306	0.609035	1.199375	-0.361798	-1.438813
cell_003950	donor_293	0.282659	-0.128908	0.837477	0.114793	M	1.944266	0.02879	-0.032758	-0.019631	0.019899	0.009284	-0.007727	-1.313791	-0.676523	-0.446014	-0.036139	-0.015818
cell_003951	donor_293	-0.933423	-1.397387	-0.309788	0.114793	M	2.31203	0.0235	-0.032758	-0.019631	0.019899	0.009284	-0.007727	-0.272361	0.679235	-0.760774	1.264674	0.940066
cell_003952	donor_293	0.060236	-1.240756	-1.387754	0.114793	M	1.855816	0.05625	-0.032758	-0.019631	0.019899	0.009284	-0.007727	0.866807	-0.659505	-0.116423	0.722843	-0.199914
cell_003953	donor_293	0.182298	-0.757781	-1.452512	0.114793	M	2.090836	0.02776	-0.032758	-0.019631	0.019899	0.009284	-0.007727	-0.69915	-0.739263	-0.690558	-1.160937	2.870354
cell_003954	donor_293	0.965341	-0.631795	1.149812	0.114793	M	1.751627	0.02073	-0.032758	-0.019631	0.019899	0.009284	-0.007727	-1.952319	-0.980791	0.596023	-0.681401	-0.351712
cell_003955	donor_293	0.028471	0.294759	-0.211500	0.114793	M	1.624863	0.02107	-0.032758	-0.019631	0.019899	0.009284	-0.007727	0.395189	1.032354	-0.273419	0.922028	-1.69742
cell_003956	donor_293	-2.655162	-1.136786	-0.125709	0.114793	M	2.068613	0.02318	-0.032758	-0.019631	0.019899	0.009284	-0.007727	-0.605977	0.494819	1.973191	-0.965392	-1.141442
cell_003957	donor_293	0.364729	-1.789674	-0.053602	0.114793	M	1.641293	0.00841	-0.032758	-0.019631	0.019899	0.009284	-0.007727	0.341402	0.053181	-0.718433	-1.216688	-0.513893
cell_003958	donor_293	-1.122264	0.234620	-0.019401	0.114793	M	2.320232	0.02056	-0.032758	-0.019631	0.019899	0.009284	-0.007727	0.521237	-0.333201	1.171162	-0.136022	0.601505
cell_003959	donor_293	0.743502	1.066823	0.458990	0.114793	M	2.236893	0.03235	-0.032758	-0.019631	0.019899	0.009284	-0.007727	0.278474	-0.403667	0.833118	-1.217285	-0.55357
cell_003960	donor_294	0.860394	-0.350342	2.823117	-0.268219	M	1.693954	0.03809	0.000366	-0.008849	-0.00124	-0.015236	-0.011605	-0.413891	0.381539	0.630828	-0.81518	-0.956096
cell_003961	donor_294	-1.218819	-0.527756	0.901359	-0.268219	M	2.085512	0.05408	0.000366	-0.008849	-0.00124	-0.015236	-0.011605	0.078574	-1.537649	1.007836	-0.223831	-1.16954
cell_003962	donor_294	0.752721	0.487389	0.675319	-0.268219	M	1.69212	0.03482	0.000366	-0.008849	-0.00124	-0.015236	-0.011605	-1.189326	0.313134	0.286074	-0.768434	-0.113873
cell_003963	donor_294	-2.083557	1.589299	-0.203891	-0.268219	M	1.358275	0.02051	0.000366	-0.008849	-0.00124	-0.015236	-0.011605	-1.129206	-0.258415	1.475542	2.130561	-0.21176
cell_003964	donor_294	1.245894	-2.033527	0.256569	-0.268219	M	1.76111	0.00978	0.000366	-0.008849	-0.00124	-0.015236	-0.011605	0.431842	0.392336	-1.721035	-1.149856	-2.315641
cell_003965	donor_294	-0.563502	0.572120	0.317070	-0.268219	M	1.979873	0.03589	0.000366	-0.008849	-0.00124	-0.015236	-0.011605	0.449074	1.945384	1.065837	0.044499	-0.096483
cell_003966	donor_294	0.366048	-1.058942	-0.056969	-0.268219	M	2.208563	0.02765	0.000366	-0.008849	-0.00124	-0.015236	-0.011605	-0.352369	1.059668	0.215657	0.06246	-1.103278
cell_003967	donor_294	-0.180167	0.495310	0.989297	-0.268219	M	2.059792	0.02831	0.000366	-0.008849	-0.00124	-0.015236	-0.011605	0.601077	-0.149984	0.396969	0.999077	-1.634879
cell_003968	donor_294	0.150476	-1.276172	0.107579	-0.268219	M	2.36307	0.03525	0.000366	-0.008849	-0.00124	-0.015236	-0.011605	-0.295609	-0.440616	-0.528752	-1.11689	-0.727521
cell_003969	donor_294	2.611076	1.646005	-2.974400	-0.268219	M	1.607534	0.04039	0.000366	-0.008849	-0.00124	-0.015236	-0.011605	-1.098451	0.824913	0.377416	0.308079	-1.926977
cell_003970	donor_294	0.063343	0.932120	-0.182327	-0.268219	M	1.849321	0.03539	0.000366	-0.008849	-0.00124	-0.015236	-0.011605	1.948844	-0.408528	1.744631	0.749132	-0.231664
cell_003971	donor_294	-0.460091	-0.266964	0.552189	-0.268219	M	2.657747	0.02659	0.000366	-0.008849	-0.00124	-0.015236	-0.011605	2.043204	0.56738	-0.228344	-0.391101	1.031954
cell_003972	donor_295	-1.148470	1.188689	-0.055993	-0.599841	M	1.227568	0.01397	-0.012214	-0.014517	0.020878	0.015402	-0.018647	-0.53651	-0.378565	-0.596949	-0.755644	-0.694467
cell_003973	donor_295	-0.935024	1.124350	-1.545131	-0.599841	M	1.819218	0.01774	-0.012214	-0.014517	0.020878	0.015402	-0.018647	1.772457	1.007576	0.235328	-0.547498	-0.551373
cell_003974	donor_295	-0.555210	-0.571675	2.143942	-0.599841	M	1.571402	0.04697	-0.012214	-0.014517	0.020878	0.015402	-0.018647	-0.366623	1.788954	0.290916	0.747539	0.199835
cell_003975	donor_295	-0.685021	-2.154965	-0.581815	-0.599841	M	1.921841	0.02153	-0.012214	-0.014517	0.020878	0.015402	-0.018647	-0.885636	0.102562	-1.075833	1.195335	-0.748622
cell_003976	donor_295	0.455550	0.784085	2.276540	-0.599841	M	1.826221	0.00308	-0.012214	-0.014517	0.020878	0.015402	-0.018647	-0.571891	0.813178	-0.698317	-0.219055	-2.637691
cell_003977	donor_295	1.406898	0.187923	-0.891415	-0.599841	M	2.240862	0.05319	-0.012214	-0.014517	0.020878	0.015402	-0.018647	-0.322599	0.594292	-0.626401	0.55928	-0.016158
cell_003978	donor_295	1.624027	-0.368564	-0.658157	-0.599841	M	2.102208	0.01115	-0.012214	-0.014517	0.020878	0.015402	-0.018647	1.087835	-0.734981	-0.24155	-1.469655	-0.092075
cell_003979	donor_295	-0.417074	-1.252288	-0.465020	-0.599841	M	1.477753	0.0307	-0.012214	-0.014517	0.020878	0.015402	-0.018647	-0.421554	0.960117	-0.624735	-0.423729	-0.67518
cell_003980	donor_295	-0.233108	0.730657	-0.388088	-0.599841	M	1.764735	0.03982	-0.012214	-0.014517	0.020878	0.015402	-0.018647	0.027165	1.988515	-3.497716	-0.047822	1.17439
cell_003981	donor_295	-1.267459	-1.603772	0.209570	-0.599841	M	1.999953	0.03006	-0.012214	-0.014517	0.020878	0.015402	-0.018647	-0.514549	0.526997	1.177376	-0.276174	-0.65257
cell_003982	donor_295	0.072626	-0.554313	-0.467456	-0.599841	M	2.295752	0.01956	-0.012214	-0.014517	0.020878	0.015402	-0.018647	0.935413	0.495371	-0.062369	0.611248	0.960332
cell_003983	donor_295	0.388487	1.390546	-0.780145	-0.599841	M	2.973183	0.03781	-0.012214	-0.014517	0.020878	0.015402	-0.018647	-0.05302	0.305458	0.522468	-0.461868	1.187972
cell_003984	donor_295	0.088903	0.958270	-0.776114	-0.599841	M	2.281118	0.05653	-0.012214	-0.014517	0.020878	0.015402	-0.018647	-1.030907	-0.13125	0.767505	-1.056429	0.871329
cell_003985	donor_295	-0.015632	-0.037996	-1.311295	-0.599841	M	1.595	0.04573	-0.012214	-0.014517	0.020878	0.015402	-0.018647	0.190294	1.325179	0.612785	-0.162775	0.231605
cell_003986	donor_296	0.168499	0.031545	0.555084	0.001746	M	1.962462	0.01248	-0.023888	-0.003146	0.043106	-0.020554	-0.003224	0.267523	2.023279	0.084691	-0.137994	-0.195469
cell_003987	donor_296	-1.186886	0.009970	1.381734	0.001746	M	2.07239	0.07254	-0.023888	-0.003146	0.043106	-0.020554	-0.003224	0.188856	-1.134312	-0.382764	-1.012135	-0.881464
cell_003988	donor_296	2.077500	1.280129	-1.177072	0.001746	M	1.792244	0.00348	-0.023888	-0.003146	0.043106	-0.020554	-0.003224	0.8041	0.026271	-0.741857	-0.150281	-0.246053
cell_003989	donor_296	0.451053	-0.483147	0.283901	0.001746	M	2.188103	0.00843	-0.023888	-0.003146	0.043106	-0.020554	-0.003224	0.052692	-1.507104	-1.091261	-1.441461	-0.899594
cell_003990	donor_296	-0.772217	-1.713473	-0.344517	0.001746	M	1.091449	0.04564	-0.023888	-0.003146	0.043106	-0.020554	-0.003224	-0.722722	-1.034546	0.764416	1.839949	0.825582
cell_003991	donor_296	0.722603	0.288000	0.402948	0.001746	M	2.22126	0.03906	-0.023888	-0.003146	0.043106	-0.020554	-0.003224	-0.565399	0.210187	-0.066413	-0.60882	1.324717
cell_003992	donor_296	0.216350	0.404527	0.529512	0.001746	M	1.809445	0.03161	-0.023888	-0.003146	0.043106	-0.020554	-0.003224	2.007213	-1.470009	1.440267	-0.590981	-0.262318
cell_003993	donor_296	-0.274681	0.082891	1.743258	0.001746	M	1.956118	0.01861	-0.023888	-0.003146	0.043106	-0.020554	-0.003224	0.282678	1.547658	0.281249	0.412457	0.853367
cell_003994	donor_296	0.142031	0.042563	0.102885	0.001746	M	2.586289	0.05662	-0.023888	-0.003146	0.043106	-0.020554	-0.003224	1.011141	0.511134	1.017342	-0.597891	-1.734481
cell_003995	donor_296	-0.217909	-0.435356	0.208679	0.001746	M	1.495393	0.02921	-0.023888	-0.003146	0.043106	-0.020554	-0.003224	1.824998	-1.037685	-0.533846	-0.331527	-0.503889
cell_003996	donor_296	-0.505715	-0.145515	-0.790515	0.001746	M	2.109088	0.00132	-0.023888	-0.003146	0.043106	-0.020554	-0.003224	-0.726147	0.463585	0.474229	0.619937	0.5572
cell_003997	donor_296	0.108012	0.584195	-0.211915	0.001746	M	2.317569	0.05465	-0.023888	-0.003146	0.043106	-0.020554	-0.003224	-0.416682	-0.418326	1.119193	-0.521385	-0.541251
cell_003998	donor_296	-2.008378	0.590372	0.120184	0.001746	M	2.068135	0.03439	-0.023888	-0.003146	0.043106	-0.020554	-0.003224	0.929498	-0.018584	-0.505067	-0.495617	1.123904
cell_003999	donor_296	-0.993231	0.773270	-1.398425	0.001746	M	1.354323	0.0523	-0.023888	-0.003146	0.043106	-0.020554	-0.003224	0.586024	0.236536	-1.166339	0.240788	-0.212795
cell_004000	donor_297	1.045408	-0.057367	-2.268865	-0.550222	F	2.540159	0.04145	0.001774	-0.002173	-0.009164	0.023102	0.009089	-0.912446	-0.601594	0.696157	1.242423	-1.057408
cell_004001	donor_297	0.178330	-0.406192	-0.556849	-0.550222	F	1.915458	0.07783	0.001774	-0.002173	-0.009164	0.023102	0.009089	-0.931269	0.694135	-0.409193	0.552752	-0.422643
cell_004002	donor_297	-0.737726	-0.127216	-0.485189	-0.550222	F	1.788984	0.0238	0.001774	-0.002173	-0.009164	0.023102	0.009089	0.576995	-1.373731	0.54933	-2.099237	0.925325
cell_004003	donor_297	-1.856690	1.272068	-0.244358	-0.550222	F	1.875807	0.03032	0.001774	-0.002173	-0.009164	0.023102	0.009089	-0.034019	0.441232	0.237121	-1.705847	1.366828
cell_004004	donor_297	-0.731935	-1.128424	0.770732	-0.550222	F	1.847141	0.0444	0.001774	-0.002173	-0.009164	0.023102	0.009089	0.334486	0.756329	-0.799217	0.240775	-1.309898
cell_004005	donor_297	-1.298432	0.133987	-0.583649	-0.550222	F	1.523928	0.02392	0.001774	-0.002173	-0.009164	0.023102	0.009089	0.149227	-0.939565	5.007235	0.605159	1.33086
cell_004006	donor_297	-0.525420	-1.103560	-0.620319	-0.550222	F	2.06598	0.04605	0.001774	-0.002173	-0.009164	0.023102	0.009089	-0.249587	0.399004	0.905343	-1.072757	-0.672581
cell_004007	donor_297	0.008812	0.235312	-0.785592	-0.550222	F	1.761107	0.02895	0.001774	-0.002173	-0.009164	0.023102	0.009089	0.972504	-0.218052	-0.747662	-0.630973	-1.222473
cell_004008	donor_297	-0.090934	0.888454	-1.662629	-0.550222	F	2.268355	0.02854	0.001774	-0.002173	-0.009164	0.023102	0.009089	-1.959345	-1.696131	0.045704	0.671616	2.518935
cell_004009	donor_297	-0.006269	-0.950784	-1.052684	-0.550222	F	2.207038	0.02794	0.001774	-0.002173	-0.009164	0.023102	0.009089	-0.041385	-1.27996	-0.028462	0.702931	1.03018
cell_004010	donor_297	0.261012	-0.545251	-1.216803	-0.550222	F	2.650268	0.02722	0.001774	-0.002173	-0.009164	0.023102	0.009089	0.933119	0.572775	0.095294	0.736812	-1.184821
cell_004011	donor_297	1.324283	0.920090	-1.932306	-0.550222	F	1.915347	0.01246	0.001774	-0.002173	-0.009164	0.023102	0.009089	-2.00817	2.093253	-0.04702	0.533898	-2.801746
cell_004012	donor_297	-1.474428	0.593457	-0.284874	-0.550222	F	1.6787	0.04812	0.001774	-0.002173	-0.009164	0.023102	0.009089	1.544899	1.155865	-1.565605	-0.317307	0.266228
cell_004013	donor_297	1.500575	0.616336	0.299466	-0.550222	F	1.412103	0.01991	0.001774	-0.002173	-0.009164	0.023102	0.009089	-1.263784	0.488757	1.045626	0.324203	-1.566225
cell_004014	donor_297	-1.021863	0.491440	-1.275764	-0.550222	F	2.877337	0.03401	0.001774	-0.002173	-0.009164	0.023102	0.009089	-1.036725	-0.123797	-0.249571	-0.229258	-0.264652
cell_004015	donor_297	1.305245	0.422139	-0.824831	-0.550222	F	2.264843	0.02926	0.001774	-0.002173	-0.009164	0.023102	0.009089	-1.804012	0.805655	0.627255	0.522374	0.429715
cell_004016	donor_298	0.804677	2.241525	-0.217617	-0.09703	M	1.723032	0.04001	0.016916	0.011788	0.017879	0.031688	0.026621	-0.28411	-0.607071	-1.017613	1.542926	-0.020509
cell_004017	donor_298	0.550413	-0.431829	0.085352	-0.09703	M	2.677262	0.05862	0.016916	0.011788	0.017879	0.031688	0.026621	-1.66058	-0.029214	-2.084259	0.248009	0.142979
cell_004018	donor_298	-1.507235	-0.000530	0.043577	-0.09703	M	2.542465	0.0339	0.016916	0.011788	0.017879	0.031688	0.026621	-0.54192	-0.93949	0.562426	-0.083017	-1.941697
cell_004019	donor_298	1.798998	-1.795003	-0.280883	-0.09703	M	1.459489	0.04683	0.016916	0.011788	0.017879	0.031688	0.026621	1.203889	-0.93983	-1.31818	1.358674	1.059583
cell_004020	donor_298	1.288117	-0.241771	-0.171342	-0.09703	M	1.69861	0.0329	0.016916	0.011788	0.017879	0.031688	0.026621	-0.420509	-1.252486	-0.909721	-0.437499	1.2162
cell_004021	donor_298	-0.833259	-0.932605	-1.825854	-0.09703	M	1.94707	0.01988	0.016916	0.011788	0.017879	0.031688	0.026621	1.294993	0.165979	0.650118	-0.209365	-0.872824
cell_004022	donor_298	-0.629215	-0.989355	0.118039	-0.09703	M	1.571966	0.02717	0.016916	0.011788	0.017879	0.031688	0.026621	-1.500598	0.322918	0.900374	-0.510651	1.187522
cell_004023	donor_298	-0.787668	-0.479591	-0.452205	-0.09703	M	1.961368	0.02433	0.016916	0.011788	0.017879	0.031688	0.026621	-0.384936	0.083748	-0.221071	1.236463	0.49267
cell_004024	donor_298	-0.048165	-0.528522	-1.061786	-0.09703	M	2.284785	0.04136	0.016916	0.011788	0.017879	0.031688	0.026621	-0.058368	0.076603	-1.188896	-2.233443	-0.531487
cell_004025	donor_298	0.085766	1.067483	0.128466	-0.09703	M	1.450696	0.03213	0.016916	0.011788	0.017879	0.031688	0.026621	-0.194012	0.531268	-0.163111	-0.469212	-2.947564
cell_004026	donor_298	-0.609820	-0.123146	-2.050633	-0.09703	M	2.1172	0.01411	0.016916	0.011788	0.017879	0.031688	0.026621	0.527187	0.211021	0.813841	0.027262	1.146863
cell_004027	donor_298	-0.139403	-0.400354	-0.933460	-0.09703	M	2.467399	0.02556	0.016916	0.011788	0.017879	0.031688	0.026621	-0.550533	-0.040558	0.240508	0.659886	0.416412
cell_004028	donor_298	-0.752098	-0.410235	0.992458	-0.09703	M	2.160088	0.00052	0.016916	0.011788	0.017879	0.031688	0.026621	0.477589	0.268803	-0.192704	0.901263	-1.674311
cell_004029	donor_299	1.092060	-0.928125	-0.518077	0.413233	F	1.969753	0.02631	0.046496	0.024347	-0.013389	0.016946	0.014209	-0.629155	1.591842	-0.672586	-0.078153	1.387803
cell_004030	donor_299	-0.492590	0.809546	0.145507	0.413233	F	1.732759	0.03003	0.046496	0.024347	-0.013389	0.016946	0.014209	-0.126098	-0.833882	1.198361	-0.289341	-0.221045
cell_004031	donor_299	0.092790	0.536263	-0.596413	0.413233	F	2.332337	0.06617	0.046496	0.024347	-0.013389	0.016946	0.014209	-1.980364	-0.127341	0.68297	-0.430852	-1.28135
cell_004032	donor_299	1.363887	-0.001745	-0.855912	0.413233	F	1.529232	0.05697	0.046496	0.024347	-0.013389	0.016946	0.014209	-0.480461	-0.615207	-0.253636	-0.517601	1.664582
cell_004033	donor_299	-0.229640	1.231928	-0.425142	0.413233	F	2.097117	0.00932	0.046496	0.024347	-0.013389	0.016946	0.014209	0.302352	-1.740214	0.071494	-0.039954	1.194475
cell_004034	donor_299	0.949558	-0.625346	-0.765664	0.413233	F	2.010206	0.03404	0.046496	0.024347	-0.013389	0.016946	0.014209	-0.156012	-0.18474	1.862998	-1.068817	0.797684
cell_004035	donor_299	0.659597	-0.873973	0.822540	0.413233	F	2.450244	0.03439	0.046496	0.024347	-0.013389	0.016946	0.014209	0.06389	-0.500858	-0.648115	1.358352	0.465306
cell_004036	donor_299	0.351626	-0.873594	-0.071443	0.413233	F	1.7669	0.02539	0.046496	0.024347	-0.013389	0.016946	0.014209	0.601115	0.889773	0.341904	-1.060989	-1.571717
cell_004037	donor_299	-0.548774	0.348977	1.887798	0.413233	F	1.800906	0.02667	0.046496	0.024347	-0.013389	0.016946	0.014209	1.539643	0.208015	0.079263	1.804579	-1.064359
cell_004038	donor_299	-0.370705	0.533776	0.024441	0.413233	F	1.503254	0.02292	0.046496	0.024347	-0.013389	0.016946	0.014209	-2.523486	-1.811556	-0.530895	0.117174	1.391643
cell_004039	donor_299	0.024058	-0.165205	-0.857417	0.413233	F	2.174914	0.06745	0.046496	0.024347	-0.013389	0.016946	0.014209	0.843217	-2.561768	2.800693	-0.410534	1.227804
cell_004040	donor_299	0.335140	-0.288742	-0.904800	0.413233	F	1.830474	0.02168	0.046496	0.024347	-0.013389	0.016946	0.014209	0.546012	0.005346	-0.237051	-1.112367	-1.287865
cell_004041	donor_300	1.014173	0.099010	-0.228099	-0.405313	M	1.65517	0.03682	0.038406	-0.019343	0.011159	-0.013621	0.010251	-0.166237	-1.388194	1.647914	0.09695	2.092715
cell_004042	donor_300	1.340057	-1.836082	1.272821	-0.405313	M	1.693273	0.02058	0.038406	-0.019343	0.011159	-0.013621	0.010251	-0.435615	-0.590519	0.590869	-0.259281	0.973084
cell_004043	donor_300	-0.880188	0.211533	-0.588064	-0.405313	M	2.214842	0.04647	0.038406	-0.019343	0.011159	-0.013621	0.010251	1.438217	1.09915	1.364419	0.817586	-0.54905
cell_004044	donor_300	-0.923001	1.313887	1.856217	-0.405313	M	1.558816	0.05369	0.038406	-0.019343	0.011159	-0.013621	0.010251	1.139877	0.697601	-0.617728	-0.490913	-0.091811
cell_004045	donor_300	-0.221226	0.335475	0.056991	-0.405313	M	1.594334	0.00896	0.038406	-0.019343	0.011159	-0.013621	0.010251	1.11148	0.116929	-0.005649	-0.159151	-0.353348
cell_004046	donor_300	1.730507	-2.113150	0.377123	-0.405313	M	2.358545	0.01976	0.038406	-0.019343	0.011159	-0.013621	0.010251	-1.163919	0.795225	-1.017411	0.067625	-0.408852
cell_004047	donor_300	-0.727126	-2.355964	-0.360530	-0.405313	M	1.933552	0.03903	0.038406	-0.019343	0.011159	-0.013621	0.010251	0.766338	-0.342005	-1.006243	0.989309	-0.825991
cell_004048	donor_300	1.848049	-0.656049	0.790766	-0.405313	M	2.382178	0.03039	0.038406	-0.019343	0.011159	-0.013621	0.010251	0.15468	1.273801	-0.730137	-0.103515	-0.431181
cell_004049	donor_300	1.198672	-0.012697	0.120456	-0.405313	M	1.856258	0.03933	0.038406	-0.019343	0.011159	-0.013621	0.010251	0.13145	-0.068466	0.920399	-0.620719	1.274185
cell_004050	donor_300	-1.716298	-0.716164	0.907008	-0.405313	M	1.99955	0.02426	0.038406	-0.019343	0.011159	-0.013621	0.010251	1.604666	0.256545	-0.790145	-0.041109	-0.124879
