cell_id	donor_id	C1	C2	C3	scaled_age	sex	scaled_log_nUMI	percent_mito	gPC1	gPC2	gPC3	gPC4	gPC5	ePC1	ePC2	ePC3	ePC4	ePC5
cell_000001	donor_001	0.19740873140019422	-0.6227030953534379	-0.49212293771026683	-0.229553	M	2.077966	0.01052	0.020547	0.026188	-0.001383	-0.022784	-0.008584	-1.106566	-0.195717	-1.659174	0.551221	0.094126
cell_000002	donor_001	-1.5577376766151654	-0.05972847311795402	-1.1252461693127553	-0.229553	M	0.566613	0.039454	0.020547	0.026188	-0.001383	-0.022784	-0.008584	-0.084377	0.708899	-1.382791	1.209665	-1.744175
cell_000003	donor_001	-1.1790591976970952	-1.1989910508979558	-0.6679750941501805	-0.229553	M	1.490812	0.047634	0.020547	0.026188	-0.001383	-0.022784	-0.008584	0.518202	0.004448	-0.250936	-0.116894	-0.558523
cell_000004	donor_001	0.975384392035022	0.9032198225518488	0.5597266257424617	-0.229553	M	-2.500282	0.012825	0.020547	0.026188	-0.001383	-0.022784	-0.008584	-0.874767	-1.569367	0.650856	0.685503	0.494403
cell_000005	donor_001	0.04591068611086037	-0.6142466002188245	-1.7108102637963594	-0.229553	M	0.611794	0.025468	0.020547	0.026188	-0.001383	-0.022784	-0.008584	-0.120791	1.763902	1.241787	0.008989	0.807957
cell_000006	donor_001	-0.22689512123769812	1.9520800490969874	-0.20957731082320993	-0.229553	M	-0.01841	0.01451	0.020547	0.026188	-0.001383	-0.022784	-0.008584	1.748704	0.058676	1.220994	-0.233241	-0.070957
cell_000007	donor_001	0.8882151957220334	1.1736344267823922	0.7611939443562132	-0.229553	M	-1.231608	0.045242	0.020547	0.026188	-0.001383	-0.022784	-0.008584	0.617712	0.223744	1.081834	-0.955596	0.627775
cell_000008	donor_001	0.06103568244807227	0.7840124932131853	0.5756133687702071	-0.229553	M	0.350753	0.012901	0.020547	0.026188	-0.001383	-0.022784	-0.008584	0.440222	-1.541303	0.068382	-0.187504	-0.929881
cell_000009	donor_001	1.1938400790730537	-0.27439052527875857	-0.8932039566439413	-0.229553	M	-0.092592	0.031411	0.020547	0.026188	-0.001383	-0.022784	-0.008584	-0.505111	1.864257	1.066644	0.481063	0.522352
cell_000010	donor_001	-0.27378206707550123	0.5791766896600361	0.49873042133393897	-0.229553	M	1.621973	0.03772	0.020547	0.026188	-0.001383	-0.022784	-0.008584	1.049964	-0.197747	2.088868	1.082651	0.88434
cell_000011	donor_001	1.97439803305977	-0.03981372095381942	-0.6525889880006088	-0.229553	M	-1.640175	0.002828	0.020547	0.026188	-0.001383	-0.022784	-0.008584	-2.186843	0.205986	1.260588	0.466559	0.29491
cell_000012	donor_001	-0.967460536678763	0.5990626731486541	-1.909093359299338	-0.229553	M	-0.157517	0.056636	0.020547	0.026188	-0.001383	-0.022784	-0.008584	0.199186	-1.356002	0.797517	0.439667	1.000533
cell_000013	donor_001	0.49279266212483286	1.5647921289760907	0.7488529192215727	-0.229553	M	-0.205221	0.013121	0.020547	0.026188	-0.001383	-0.022784	-0.008584	0.308055	0.265475	0.328892	0.561214	-0.701618
cell_000014	donor_001	0.9596579565273838	-1.6413304846291334	-1.40066450970712	-0.229553	M	-0.997878	0.013066	0.020547	0.026188	-0.001383	-0.022784	-0.008584	0.174702	-0.294566	-1.888786	1.076096	-0.101838
cell_000015	donor_001	-0.31481475141592424	0.015988411286889367	-0.26893470159279587	-0.229553	M	0.312707	0.035105	0.020547	0.026188	-0.001383	-0.022784	-0.008584	0.912505	0.507366	0.963608	-0.847679	0.054079
cell_000016	donor_001	1.4661805215931933	-2.038490482357433	-0.2576004510930156	-0.229553	M	-0.976507	0.032018	0.020547	0.026188	-0.001383	-0.022784	-0.008584	-0.853334	0.142487	-0.40423	-0.183114	-0.634094
cell_000017	donor_001	-1.610616427215293	-0.16416929333124386	-0.5433092232383214	-0.229553	M	-1.05059	0.024389	0.020547	0.026188	-0.001383	-0.022784	-0.008584	-0.726812	1.464712	-1.395279	0.225177	0.017495
cell_000018	donor_001	-0.4241900884849547	0.16923261321422992	0.07741208894377306	-0.229553	M	1.401261	0.013962	0.020547	0.026188	-0.001383	-0.022784	-0.008584	0.546635	-1.757668	0.403909	0.609198	0.250116
cell_000019	donor_001	1.72482951689596	0.5200416978512574	-1.5350036959980902	-0.229553	M	1.259139	0.040496	0.020547	0.026188	-0.001383	-0.022784	-0.008584	-0.588654	0.685081	0.286033	-0.085518	-0.034231
cell_000020	donor_001	-1.5049996871396614	-0.28159221167472415	-0.49620216587507165	-0.229553	M	-1.529205	0.044935	0.020547	0.026188	-0.001383	-0.022784	-0.008584	-0.385074	-0.239066	-1.324157	0.829107	-2.273383
cell_000021	donor_001	0.0045053385560918655	-0.16255810871383744	-1.3540226940211444	-0.229553	M	1.714822	0.044926	0.020547	0.026188	-0.001383	-0.022784	-0.008584	1.239038	0.98961	-1.690789	0.369647	0.547578
cell_000022	donor_001	-0.0618729017786454	1.9905993876644	-0.6332480309861587	-0.229553	M	-2.143921	0.034226	0.020547	0.026188	-0.001383	-0.022784	-0.008584	-0.490004	-0.132206	0.002874	0.771671	-0.356885
cell_000023	donor_001	1.8285159509954174	-0.7432842207971242	0.26353751758447275	-0.229553	M	-0.203794	0.019293	0.020547	0.026188	-0.001383	-0.022784	-0.008584	0.172829	1.979945	-1.697388	0.426946	-0.987525
cell_000024	donor_001	0.09714098706355362	2.4272625846069724	-0.1988131790243462	-0.229553	M	-0.677645	0.020823	0.020547	0.026188	-0.001383	-0.022784	-0.008584	0.371489	-1.21163	0.793097	-1.245994	0.143982
cell_000025	donor_001	-0.23352273435837353	-0.033743054283278874	0.4686262104785571	-0.229553	M	0.561205	0.047858	0.020547	0.026188	-0.001383	-0.022784	-0.008584	0.305494	0.237647	-0.484556	-0.482136	-2.626597
cell_000026	donor_001	0.5805497805010846	0.3706260581129555	1.2821377444303368	-0.229553	M	1.42128	0.042146	0.020547	0.026188	-0.001383	-0.022784	-0.008584	-0.107498	0.745934	0.824245	0.567572	-0.462002
cell_000027	donor_001	1.8415363898791126	1.5125982901600736	0.9008623180895489	-0.229553	M	-1.673959	0.021725	0.020547	0.026188	-0.001383	-0.022784	-0.008584	0.104499	-1.736396	-0.220587	0.778893	-0.084811
cell_000028	donor_001	-1.4561713315808116	0.43713620703204586	-1.4859015914270837	-0.229553	M	0.760932	0.028604	0.020547	0.026188	-0.001383	-0.022784	-0.008584	1.073598	0.287937	0.673921	-0.427152	2.140119
cell_000029	donor_001	1.7151255395849372	0.817503991448987	0.6436383680927649	-0.229553	M	0.138489	0.036777	0.020547	0.026188	-0.001383	-0.022784	-0.008584	-0.007807	0.751352	-1.428564	-0.23832	0.901154
cell_000030	donor_001	-0.022574024184888294	-0.4439952683246439	0.05027252878837941	-0.229553	M	0.659431	0.031847	0.020547	0.026188	-0.001383	-0.022784	-0.008584	0.021875	0.537227	-0.486838	-0.917071	0.308861
cell_000031	donor_001	0.35444675649600993	-0.2174592139164459	-2.157822099229192	-0.229553	M	0.52096	0.019824	0.020547	0.026188	-0.001383	-0.022784	-0.008584	1.287306	0.421772	0.309013	-0.579875	1.067926
cell_000032	donor_001	1.3396093467945414	0.24356946076263047	0.0035394826412442136	-0.229553	M	0.545121	0.041921	0.020547	0.026188	-0.001383	-0.022784	-0.008584	1.221711	0.231263	-1.460243	1.423379	0.056727
cell_000033	donor_001	-0.3110606136048989	0.47903952774842273	1.030155663321801	-0.229553	M	-0.23237	0.012037	0.020547	0.026188	-0.001383	-0.022784	-0.008584	0.886509	0.212564	4.075179	1.160842	1.57672
cell_000034	donor_001	1.2085153228252388	0.2133591979850911	0.41076631924753654	-0.229553	M	0.386257	0.061488	0.020547	0.026188	-0.001383	-0.022784	-0.008584	-0.945114	0.429865	-0.93117	-0.965071	1.004564
cell_000035	donor_001	-0.958673910590713	0.21202085879140073	-0.17627135832147547	-0.229553	M	0.223156	0.032379	0.020547	0.026188	-0.001383	-0.022784	-0.008584	-1.149082	0.031593	-1.494036	0.972419	-0.298016
cell_000036	donor_001	-0.5603038082328983	0.5289545525514404	0.3728451975935296	-0.229553	M	-0.496955	0.00156	0.020547	0.026188	-0.001383	-0.022784	-0.008584	-0.308458	-0.636865	0.476471	1.48057	-0.109611
cell_000037	donor_001	0.2361496765223139	-1.708183274412275	-0.04334607071478088	-0.229553	M	-0.282424	0.033206	0.020547	0.026188	-0.001383	-0.022784	-0.008584	-0.06076	-2.073496	-0.164467	0.098553	0.188141
cell_000038	donor_001	0.10469369835006662	-0.14390875241085566	-0.4898868092721169	-0.229553	M	-1.790476	0.017746	0.020547	0.026188	-0.001383	-0.022784	-0.008584	-0.784583	-1.973397	1.341601	-0.534346	0.234571
cell_000039	donor_001	1.1286187219489732	-1.0066999157272405	0.006174444142473477	-0.229553	M	0.329332	0.0357	0.020547	0.026188	-0.001383	-0.022784	-0.008584	-0.841025	-0.447302	0.076173	-0.522173	0.525498
cell_000040	donor_001	0.7535260091015863	0.9055961711334877	-1.2548522101998234	-0.229553	M	0.176955	0.036985	0.020547	0.026188	-0.001383	-0.022784	-0.008584	-0.94274	-2.053531	-1.011853	-0.049122	-0.611811
cell_000041	donor_001	-0.15809266622792095	-1.7900171798556619	0.12688477638550438	-0.229553	M	-0.343006	0.039703	0.020547	0.026188	-0.001383	-0.022784	-0.008584	0.175876	0.328596	-1.246615	1.116777	0.473021
cell_000042	donor_001	-0.5180259304771558	0.08975254241478064	-1.1011536278897005	-0.229553	M	-1.744359	0.017855	0.020547	0.026188	-0.001383	-0.022784	-0.008584	1.806335	2.12688	0.596199	-0.539521	1.257017
cell_000043	donor_001	2.1373333181744867	1.046655454131208	0.10993535051351151	-0.229553	M	-0.278206	0.023578	0.020547	0.026188	-0.001383	-0.022784	-0.008584	-0.358177	-1.484117	1.108375	-0.903665	0.864776
cell_000044	donor_001	0.8202247407127733	-0.6208118434672332	0.5575387919645024	-0.229553	M	-1.092191	0.020072	0.020547	0.026188	-0.001383	-0.022784	-0.008584	-0.436119	-1.272445	0.218329	2.281338	0.611988
cell_000045	donor_001	-1.816676859674334	-0.03196255455113726	-0.6777845815935566	-0.229553	M	0.523025	0.045704	0.020547	0.026188	-0.001383	-0.022784	-0.008584	1.568951	2.144342	0.262227	-0.599248	1.433055
cell_000046	donor_001	0.2692095388846251	-0.4233958527978155	0.5327909361652197	-0.229553	M	-1.281726	0.016064	0.020547	0.026188	-0.001383	-0.022784	-0.008584	-1.311133	-0.446829	0.887919	-1.869771	0.533887
cell_000047	donor_001	0.20349416121320757	0.014414189280869365	0.15896476198939685	-0.229553	M	0.254047	0.001507	0.020547	0.026188	-0.001383	-0.022784	-0.008584	-0.270824	0.707137	-0.734409	0.613706	-0.627447
cell_000048	donor_001	1.7157845729640768	0.3216169274113215	0.14298635182876043	-0.229553	M	-0.01411	0.088491	0.020547	0.026188	-0.001383	-0.022784	-0.008584	0.064473	-1.062381	0.235557	-1.359018	-1.253499
cell_000049	donor_002	0.25050628245338213	1.3044262303510559	0.3375009172252361	-1.006502	F	0.943699	0.001218	-0.022526	0.013688	0.047352	-0.019772	0.023371	-0.302049	0.218461	-0.60123	0.740156	0.38224
cell_000050	donor_002	0.9160794301355688	-0.17939256294651343	1.0415431136036384	-1.006502	F	-1.121442	0.026824	-0.022526	0.013688	0.047352	-0.019772	0.023371	-0.240394	1.543926	1.649733	-0.622288	1.470205
cell_000051	donor_002	-0.024405966303575888	0.5567511110097262	-0.6664103157617314	-1.006502	F	1.463654	0.046085	-0.022526	0.013688	0.047352	-0.019772	0.023371	1.14849	-0.892393	0.048869	-0.223618	1.261725
cell_000052	donor_002	-1.398258321374879	-0.7279630967131405	-1.877448335946361	-1.006502	F	0.559042	0.026597	-0.022526	0.013688	0.047352	-0.019772	0.023371	-0.45076	1.410224	1.532657	-0.430378	1.773905
cell_000053	donor_002	0.11900840811288005	-1.2689542005329315	1.0455304079130359	-1.006502	F	0.424503	0.00076	-0.022526	0.013688	0.047352	-0.019772	0.023371	-0.127762	-0.695335	0.684345	-1.19045	-0.012344
cell_000054	donor_002	1.2268687527883533	0.18216730442560947	0.3342683343804912	-1.006502	F	0.884588	0.002819	-0.022526	0.013688	0.047352	-0.019772	0.023371	-1.419994	-0.737274	0.207169	1.115185	-0.254223
cell_000055	donor_002	0.8837988552683749	-2.3420730198942996	-1.9016677646227385	-1.006502	F	-1.159088	0.0149	-0.022526	0.013688	0.047352	-0.019772	0.023371	0.076325	0.962006	0.320529	0.964623	-0.527982
cell_000056	donor_002	-0.07534874405967901	1.834802086977107	-0.5660996844400003	-1.006502	F	-0.610937	0.020863	-0.022526	0.013688	0.047352	-0.019772	0.023371	0.858601	0.204977	-0.756281	0.036137	-0.31349
cell_000057	donor_002	0.25663487169434496	-1.631214494020039	0.3661317928590043	-1.006502	F	1.637112	0.010456	-0.022526	0.013688	0.047352	-0.019772	0.023371	-1.161614	0.353061	-0.799174	-1.972307	-0.015812
cell_000058	donor_002	-0.22394194818275376	-0.35914754862819454	-0.641609926151931	-1.006502	F	1.23863	0.05032	-0.022526	0.013688	0.047352	-0.019772	0.023371	-1.282969	-0.671022	0.701502	-0.382148	0.412394
cell_000059	donor_002	0.48067059340635837	-0.7406056468031766	-1.3710936890325518	-1.006502	F	-0.20038	0.037201	-0.022526	0.013688	0.047352	-0.019772	0.023371	0.17285	1.371528	0.809423	-0.218812	-0.857182
cell_000060	donor_002	-1.696127120866893	1.8334818255628798	-0.8537296257185257	-1.006502	F	-0.087046	0.069502	-0.022526	0.013688	0.047352	-0.019772	0.023371	-0.429027	1.915134	-0.923944	-0.176383	-1.648808
cell_000061	donor_002	0.061104355488531784	1.60067196343509	0.47847844363058323	-1.006502	F	0.147004	0.046323	-0.022526	0.013688	0.047352	-0.019772	0.023371	-0.732494	-0.738205	-0.205597	0.235883	-1.373359
cell_000062	donor_002	-0.683671692534227	0.5181490873629379	0.3050457415952255	-1.006502	F	0.100323	0.036417	-0.022526	0.013688	0.047352	-0.019772	0.023371	0.094486	-0.77636	-0.348318	-1.222988	-0.178675
cell_000063	donor_002	0.3558630255300698	-1.0920235275251364	0.890095135680237	-1.006502	F	-0.72385	0.038779	-0.022526	0.013688	0.047352	-0.019772	0.023371	0.637308	0.71133	0.278185	-0.517731	1.791257
cell_000064	donor_002	-0.6104298853772289	1.4467723536696875	0.21459484085399996	-1.006502	F	0.159246	0.024218	-0.022526	0.013688	0.047352	-0.019772	0.023371	-1.056032	0.514951	0.217743	-0.401615	-0.683718
cell_000065	donor_002	0.6941493385803119	0.7955569343406061	0.6093898552328052	-1.006502	F	0.986049	0.018408	-0.022526	0.013688	0.047352	-0.019772	0.023371	1.740417	0.64059	1.049841	-0.839171	-1.19555
cell_000066	donor_002	1.0475652594862552	2.0381867182057114	0.7174929991459497	-1.006502	F	-0.642395	0.006836	-0.022526	0.013688	0.047352	-0.019772	0.023371	-0.128473	0.014376	0.024344	0.209365	0.085228
cell_000067	donor_002	0.30584044030851953	0.925789960245187	0.4549421935180661	-1.006502	F	0.231657	0.040829	-0.022526	0.013688	0.047352	-0.019772	0.023371	0.400271	-0.247916	-1.111254	-0.950788	0.335931
cell_000068	donor_002	-0.6772168500720943	0.44110436523287644	-0.9391277267694521	-1.006502	F	0.976329	0.001495	-0.022526	0.013688	0.047352	-0.019772	0.023371	-0.164225	-0.621482	-0.828784	-0.90308	-0.778037
cell_000069	donor_002	0.9255849094712516	-1.7328012827042822	0.8096522027267291	-1.006502	F	1.291361	0.04094	-0.022526	0.013688	0.047352	-0.019772	0.023371	1.604164	-0.059885	-1.231498	0.171912	-0.758284
cell_000070	donor_002	-0.7539706139769833	-0.5986550335255812	-0.815881249364483	-1.006502	F	0.756773	0.036979	-0.022526	0.013688	0.047352	-0.019772	0.023371	-0.214563	-0.347361	-0.514814	0.778328	-0.016579
cell_000071	donor_002	-1.4418706047714673	0.1271577034375057	-0.2786928660546356	-1.006502	F	-0.316873	0.021933	-0.022526	0.013688	0.047352	-0.019772	0.023371	1.766116	-1.437403	0.731898	-0.27472	1.3447
cell_000072	donor_002	0.7853723921798664	1.0673519486012009	1.2017016990326386	-1.006502	F	0.460704	0.016911	-0.022526	0.013688	0.047352	-0.019772	0.023371	-1.373584	2.319728	-1.327496	-0.649505	2.203687
cell_000073	donor_002	-0.08473462595623897	-0.9282690598698413	-1.1632122889168828	-1.006502	F	0.33257	0.024785	-0.022526	0.013688	0.047352	-0.019772	0.023371	-0.609339	-0.028462	1.586064	-1.082227	0.172174
cell_000074	donor_002	-0.5840704483810903	0.9761678813348805	-0.9191020917141376	-1.006502	F	0.56314	0.041237	-0.022526	0.013688	0.047352	-0.019772	0.023371	-0.332481	-1.037763	0.872808	-1.420136	1.34288
cell_000075	donor_002	-0.019223888756447552	1.1844287226949033	-0.2718527076304904	-1.006502	F	2.492394	0.003276	-0.022526	0.013688	0.047352	-0.019772	0.023371	0.674327	-1.040461	-1.211115	0.214193	0.231653
cell_000076	donor_002	0.5193917156827595	-0.5156848625166777	-1.129256646418103	-1.006502	F	0.009294	0.044035	-0.022526	0.013688	0.047352	-0.019772	0.023371	-0.200556	1.321854	-1.168938	-1.03062	0.835691
cell_000077	donor_002	-0.5223937308335396	-1.327689115001798	0.6386485882379304	-1.006502	F	-0.562733	0.025112	-0.022526	0.013688	0.047352	-0.019772	0.023371	0.476781	0.10003	-0.428057	-0.412057	1.537723
cell_000078	donor_002	-1.6082767501168065	-0.7071285219309358	0.9916963865945337	-1.006502	F	-0.219757	0.040712	-0.022526	0.013688	0.047352	-0.019772	0.023371	0.105208	-0.183078	-0.231619	0.281578	0.127836
cell_000079	donor_002	-0.8207015187356063	1.5267300371911268	0.32466056054308995	-1.006502	F	1.050705	0.003429	-0.022526	0.013688	0.047352	-0.019772	0.023371	0.778613	2.36155	-1.443875	-0.312227	1.221934
cell_000080	donor_002	-0.09394130581030115	1.1252293551399821	-0.3354079640639201	-1.006502	F	-1.151603	0.025255	-0.022526	0.013688	0.047352	-0.019772	0.023371	-0.955096	0.014492	0.673791	2.386617	0.515561
cell_000081	donor_002	0.9997778899791357	-0.6090694385910638	-0.010611717916947094	-1.006502	F	1.419782	0.012256	-0.022526	0.013688	0.047352	-0.019772	0.023371	1.422832	0.87154	-0.767677	-0.841107	1.191337
cell_000082	donor_002	1.4908507955331316	0.2952464963848871	0.18536672648538743	-1.006502	F	1.311806	0.019872	-0.022526	0.013688	0.047352	-0.019772	0.023371	-0.664172	-0.402415	0.66589	-1.366441	1.858533
cell_000083	donor_002	-1.6725465972904219	0.5951157604120396	-1.2816898619511812	-1.006502	F	1.611553	0.040117	-0.022526	0.013688	0.047352	-0.019772	0.023371	1.447854	-0.914578	-0.911372	-0.679885	-0.387792
cell_000084	donor_002	-1.258530817737497	1.0642317483787547	0.6021221038235345	-1.006502	F	1.608646	0.031224	-0.022526	0.013688	0.047352	-0.019772	0.023371	-0.244431	-0.451802	-0.053107	-0.308088	0.060897
cell_000085	donor_002	1.02569520586172	-0.19486152394717998	-1.4827826996976776	-1.006502	F	-1.448542	0.017225	-0.022526	0.013688	0.047352	-0.019772	0.023371	0.614142	-1.154124	-0.24731	1.041366	-0.815783
cell_000086	donor_002	0.964041876699195	0.29909635111340266	0.13829133266901292	-1.006502	F	-0.121629	0.030022	-0.022526	0.013688	0.047352	-0.019772	0.023371	-0.33309	-0.258597	0.366458	-0.630502	-1.758492
cell_000087	donor_002	-0.4872029964960673	-1.1873174273429696	-1.7840091689564745	-1.006502	F	1.311604	0.024508	-0.022526	0.013688	0.047352	-0.019772	0.023371	1.160009	-0.319642	-0.519025	-0.276932	0.940631
cell_000088	donor_002	-0.27293822713140825	-0.3527377739505746	-0.10086533840273312	-1.006502	F	-2.164673	0.031395	-0.022526	0.013688	0.047352	-0.019772	0.023371	0.598064	1.581432	-0.640993	-3.067854	0.187368
cell_000089	donor_002	-0.7428238942554233	0.8162994326731309	0.33098433958422374	-1.006502	F	-0.435593	0.026471	-0.022526	0.013688	0.047352	-0.019772	0.023371	-0.20712	0.396321	1.899852	-0.915904	-0.031451
cell_000090	donor_003	-0.5934368288876536	0.08711735918665049	0.28831458360515017	0.123605	F	-1.046816	0.01826	0.028912	-0.017309	-0.008541	0.027402	0.032501	-0.765302	-0.346436	0.998713	-0.588378	-0.170687
cell_000091	donor_003	-0.5314853647749672	-1.6937334300732083	0.17709486286635204	0.123605	F	1.402958	0.026886	0.028912	-0.017309	-0.008541	0.027402	0.032501	0.488922	-0.17978	-1.269398	-0.852094	-0.207118
cell_000092	donor_003	0.9875982102927786	-0.5269896189454345	-0.6655005738103094	0.123605	F	-0.161385	0.008831	0.028912	-0.017309	-0.008541	0.027402	0.032501	-0.595666	0.738791	-0.806832	-0.83393	-0.292773
cell_000093	donor_003	0.6948180379708808	0.6501472583201932	0.848535805345704	0.123605	F	-1.48773	0.037014	0.028912	-0.017309	-0.008541	0.027402	0.032501	-0.032838	0.724095	-0.722967	1.239227	-0.39225
cell_000094	donor_003	-0.5756642445243951	0.9953996676068159	-0.5322239729237919	0.123605	F	-1.12405	0.026324	0.028912	-0.017309	-0.008541	0.027402	0.032501	1.666449	0.641058	-1.228911	-0.452362	-2.674808
cell_000095	donor_003	0.5390423499702731	0.48064433564489745	1.2166151703297836	0.123605	F	-0.228113	0.003204	0.028912	-0.017309	-0.008541	0.027402	0.032501	-0.426385	0.597603	0.744081	-0.21216	3.121438
cell_000096	donor_003	0.44232005812913483	0.13909393584840432	1.0183333529233078	0.123605	F	-0.907532	0.044975	0.028912	-0.017309	-0.008541	0.027402	0.032501	1.258846	0.19233	0.538802	0.505754	0.680872
cell_000097	donor_003	0.7156704585723638	0.280976647842243	0.2901532096986951	0.123605	F	-0.234758	0.045295	0.028912	-0.017309	-0.008541	0.027402	0.032501	1.702747	1.395692	-0.40024	2.042003	-0.15528
cell_000098	donor_003	0.29826057182696375	-1.951759318153069	0.03050898755644565	0.123605	F	0.035821	0.043058	0.028912	-0.017309	-0.008541	0.027402	0.032501	-0.849108	0.484506	2.771178	-0.060552	0.202644
cell_000099	donor_003	0.4337947828611369	-0.11820094464105355	1.261769304139572	0.123605	F	-0.074182	0.062712	0.028912	-0.017309	-0.008541	0.027402	0.032501	0.744464	0.02582	0.936259	-1.240615	-1.231139
cell_000100	donor_003	-0.16176769029271212	-0.33267496927832746	-1.8657067562180978	0.123605	F	-0.753665	0.046845	0.028912	-0.017309	-0.008541	0.027402	0.032501	-1.22281	-1.178711	-1.676805	-0.833058	-1.029081
cell_000101	donor_003	0.8497707501657408	-0.46883708014645076	1.0235306505792654	0.123605	F	0.084821	0.042544	0.028912	-0.017309	-0.008541	0.027402	0.032501	0.756406	0.748986	-0.095654	1.550205	0.588018
cell_000102	donor_003	1.0518997067509217	-0.3687629182236317	-1.2117113445059857	0.123605	F	-0.457629	0.004432	0.028912	-0.017309	-0.008541	0.027402	0.032501	0.927196	1.079005	1.619431	-0.198094	0.021563
cell_000103	donor_003	-0.9793150529129686	-0.8314939849082847	-0.4219337400402517	0.123605	F	0.761789	0.011235	0.028912	-0.017309	-0.008541	0.027402	0.032501	-1.076621	-1.722763	0.702852	-0.548773	1.884187
cell_000104	donor_003	0.2584850459017247	0.17987019308022026	-0.18347960762812748	0.123605	F	0.126058	0.037951	0.028912	-0.017309	-0.008541	0.027402	0.032501	-0.258669	-0.005388	0.701048	-0.518	-2.40352
cell_000105	donor_003	-0.45057712592220495	0.2399413814778166	1.3150215848504372	0.123605	F	0.286955	0.047592	0.028912	-0.017309	-0.008541	0.027402	0.032501	0.633309	-0.905218	0.317183	1.091289	1.764592
cell_000106	donor_003	1.1351568435426458	-0.24732188299687624	0.6790540552666233	0.123605	F	0.179189	0.017462	0.028912	-0.017309	-0.008541	0.027402	0.032501	0.668327	-0.054756	-1.103613	0.636148	-0.038908
cell_000107	donor_003	-0.6820473525505845	-0.5778426819749466	0.1656956102876056	0.123605	F	-2.314417	0.025979	0.028912	-0.017309	-0.008541	0.027402	0.032501	-0.180617	-1.367927	-0.495176	-0.580284	-0.262532
cell_000108	donor_003	0.01922372577778043	0.4013434658408651	1.6342325639009945	0.123605	F	0.240894	0.069586	0.028912	-0.017309	-0.008541	0.027402	0.032501	1.011395	-1.035982	-1.083461	-0.421285	-0.232208
cell_000109	donor_003	0.9974176664123652	0.01895149987332544	0.5444262277754941	0.123605	F	-0.333639	0.049099	0.028912	-0.017309	-0.008541	0.027402	0.032501	2.554929	-0.766889	2.544066	-0.092269	-0.582702
cell_000110	donor_003	0.9256852078698703	-1.1440075755169559	-1.777877921654674	0.123605	F	0.14138	0.036826	0.028912	-0.017309	-0.008541	0.027402	0.032501	-0.162125	0.196169	-0.625146	-1.000976	-1.244596
cell_000111	donor_003	1.2772301204093335	-1.362044854096423	0.20699291592830865	0.123605	F	0.222176	0.019667	0.028912	-0.017309	-0.008541	0.027402	0.032501	-0.9488	-1.628476	0.28971	-0.991214	1.688674
cell_000112	donor_003	1.3434624986891266	-0.8069381908812012	1.036708865302127	0.123605	F	-0.040977	0.009478	0.028912	-0.017309	-0.008541	0.027402	0.032501	-1.404992	-1.717391	0.334307	0.191205	1.54906
cell_000113	donor_003	1.1717923037368079	1.735410365696512	-0.29496645865436183	0.123605	F	-1.092378	0.022699	0.028912	-0.017309	-0.008541	0.027402	0.032501	-0.495736	-1.03351	0.611333	-1.68354	-0.91484
cell_000114	donor_003	-0.8925788221204392	-2.882861211970051e-5	-0.2693359157236882	0.123605	F	1.134914	0.020149	0.028912	-0.017309	-0.008541	0.027402	0.032501	1.041276	-0.301874	-0.29573	0.459386	-0.347118
cell_000115	donor_003	-1.2572837368485759	0.8084373309362692	-0.8544122097555445	0.123605	F	-0.323371	0.048634	0.028912	-0.017309	-0.008541	0.027402	0.032501	1.108811	0.658384	-1.081389	2.132243	-0.903154
cell_000116	donor_003	0.3774973838000554	1.2996810259798746	-0.432685335770113	0.123605	F	-0.176099	0.004571	0.028912	-0.017309	-0.008541	0.027402	0.032501	-0.724745	0.096728	0.374286	-0.365311	1.319302
cell_000117	donor_003	-0.5733146290447783	0.2634861809007201	0.7755822167243466	0.123605	F	-1.728498	0.011421	0.028912	-0.017309	-0.008541	0.027402	0.032501	0.431364	1.008335	0.148712	-0.667562	-1.01172
cell_000118	donor_003	-0.8926935986195939	-0.33626129572367314	0.010279002568895407	0.123605	F	0.711198	0.00642	0.028912	-0.017309	-0.008541	0.027402	0.032501	-0.969317	0.430862	-0.062221	1.027845	-0.730684
cell_000119	donor_003	0.4952096376631368	-0.19523988466974634	-2.2720161790855595	0.123605	F	-0.548894	0.017294	0.028912	-0.017309	-0.008541	0.027402	0.032501	-0.691903	0.024087	1.683549	0.906551	-0.236925
cell_000120	donor_003	-0.6006806376213921	0.33876267268947274	0.6085286892011473	0.123605	F	-0.438957	0.045335	0.028912	-0.017309	-0.008541	0.027402	0.032501	0.705857	0.527014	-1.002139	-1.077426	-0.40483
cell_000121	donor_003	0.534435761227787	-0.618390692339717	-0.7199179432501501	0.123605	F	1.286712	0.01262	0.028912	-0.017309	-0.008541	0.027402	0.032501	0.012938	0.599634	-1.32011	-0.954077	0.469535
cell_000122	donor_003	0.17327047152365918	1.1919763719361178	-0.05941519644250532	0.123605	F	0.743555	0.022174	0.028912	-0.017309	-0.008541	0.027402	0.032501	-1.106174	-0.324657	1.071646	-3.977358	2.001003
cell_000123	donor_003	-1.059659383233211	-0.34224763149962606	1.5393227162311482	0.123605	F	-0.283122	0.018722	0.028912	-0.017309	-0.008541	0.027402	0.032501	-0.921894	1.109044	0.303896	0.039477	-0.313627
cell_000124	donor_003	0.7861873039387054	2.5028493319708476	0.28895810688797136	0.123605	F	-3.699933	0.033198	0.028912	-0.017309	-0.008541	0.027402	0.032501	-0.414498	-1.674185	0.167056	0.426377	0.546055
cell_000125	donor_003	-0.49698432504237416	-0.5717118183389691	-0.6608418441840843	0.123605	F	-0.449407	0.035271	0.028912	-0.017309	-0.008541	0.027402	0.032501	1.216033	0.820456	-0.942427	1.458326	-2.080077
cell_000126	donor_003	0.10941984971849134	-1.3091692633987715	-0.17914720196347264	0.123605	F	-0.735989	0.026104	0.028912	-0.017309	-0.008541	0.027402	0.032501	0.893877	-0.003251	0.329107	-0.228109	0.908587
cell_000127	donor_003	1.5409553349800709	-1.105608481608412	0.4124024950919605	0.123605	F	-0.900465	0.03071	0.028912	-0.017309	-0.008541	0.027402	0.032501	2.021506	-0.200233	-0.378537	0.558431	-0.50036
cell_000128	donor_003	-1.115228697028733	-0.8369682247255833	2.349773237327324	0.123605	F	0.024564	0.041208	0.028912	-0.017309	-0.008541	0.027402	0.032501	1.477746	1.867171	1.928485	2.866322	1.758373
cell_000129	donor_003	0.7597114552221951	0.623682144759265	-0.10913201336924996	0.123605	F	-1.023208	0.04509	0.028912	-0.017309	-0.008541	0.027402	0.032501	-1.085274	0.727337	-0.385034	0.285394	1.779439
cell_000130	donor_003	-0.13375907686243252	1.0714977427863372	1.1164305637962888	0.123605	F	0.533952	0.003669	0.028912	-0.017309	-0.008541	0.027402	0.032501	0.266054	1.095653	0.434985	-0.934963	-0.263052
cell_000131	donor_003	-0.2734137076187343	-0.7389319512127164	1.5431531506643705	0.123605	F	0.90197	0.053886	0.028912	-0.017309	-0.008541	0.027402	0.032501	-0.763088	-1.8968	0.246082	0.141396	-0.935844
cell_000132	donor_003	0.5983561347169809	0.22939076856476917	-0.9734044627147941	0.123605	F	-1.042754	0.043584	0.028912	-0.017309	-0.008541	0.027402	0.032501	1.310617	0.712471	-0.766332	1.863147	1.36452
cell_000133	donor_003	-0.8034481860875532	-1.484564619499945	-1.3290098932336145	0.123605	F	2.020161	0.033417	0.028912	-0.017309	-0.008541	0.027402	0.032501	0.553833	0.658408	-0.493748	-1.929704	0.105177
cell_000134	donor_003	2.1711440757369576	-0.7375810100416023	0.010914161446762312	0.123605	F	0.242115	0.055641	0.028912	-0.017309	-0.008541	0.027402	0.032501	0.165171	-1.951789	-1.045681	-1.215172	0.017065
cell_000135	donor_004	-0.481763717305425	0.27502296229041484	-0.10882738155113468	1.253713	F	0.780365	0.000747	0.020916	-0.043424	-0.005042	-0.008752	0.011182	-1.356748	0.734028	-0.308082	0.210368	-0.571865
cell_000136	donor_004	-1.9099170736099416	1.2758985487479022	1.023393770540729	1.253713	F	-1.214537	0.059326	0.020916	-0.043424	-0.005042	-0.008752	0.011182	-0.063368	0.960866	1.419543	-0.39668	-0.125605
cell_000137	donor_004	1.280140094168748	-0.9288856646138245	-1.387530898746471	1.253713	F	-2.094206	0.037393	0.020916	-0.043424	-0.005042	-0.008752	0.011182	-0.737299	-0.755069	1.485225	0.087143	1.97053
cell_000138	donor_004	2.9764445259880015	-1.4624981010361058	0.5754158917460349	1.253713	F	-0.1657	0.032016	0.020916	-0.043424	-0.005042	-0.008752	0.011182	0.498566	-0.790644	0.138851	-0.993508	-0.459829
cell_000139	donor_004	-0.8436107418342661	-0.9119039946629997	1.28848446636479	1.253713	F	-0.08236	0.015237	0.020916	-0.043424	-0.005042	-0.008752	0.011182	-1.103603	1.238025	-0.189983	-0.526066	0.0489
cell_000140	donor_004	-1.3086361757002218	1.4481015275698803	0.10509428081685901	1.253713	F	-0.831543	0.008032	0.020916	-0.043424	-0.005042	-0.008752	0.011182	-0.414966	-1.017522	-1.838294	0.281558	-0.170064
cell_000141	donor_004	1.966984172880713	0.0062176587075870185	-0.02998729791876148	1.253713	F	0.346339	0.03141	0.020916	-0.043424	-0.005042	-0.008752	0.011182	1.132111	-1.019375	-0.731073	-0.671328	-0.518093
cell_000142	donor_004	0.8061430040496195	0.08353676048112195	0.599175134578085	1.253713	F	1.250903	0.066628	0.020916	-0.043424	-0.005042	-0.008752	0.011182	-0.498552	-0.675559	-0.551392	1.530248	-0.510423
cell_000143	donor_004	0.9308798533844146	-2.4787307860623935	-1.932572292010326	1.253713	F	-0.592636	0.032276	0.020916	-0.043424	-0.005042	-0.008752	0.011182	0.4871	-0.104533	0.57365	-0.170998	0.364371
cell_000144	donor_004	0.38737065322372566	-1.408789890159381	0.18936600702171869	1.253713	F	-1.078627	0.033856	0.020916	-0.043424	-0.005042	-0.008752	0.011182	-1.08099	-0.230824	1.660673	-0.407633	0.700418
cell_000145	donor_004	-0.5015776872957313	-0.994848472382469	-2.1912441637009903	1.253713	F	-1.046049	0.009892	0.020916	-0.043424	-0.005042	-0.008752	0.011182	0.433891	-1.282121	1.097806	-1.175567	0.569717
cell_000146	donor_004	1.032454841895327	-0.2140230102855386	-1.2808519670118896	1.253713	F	0.055663	0.043154	0.020916	-0.043424	-0.005042	-0.008752	0.011182	-1.150988	0.743421	-0.111111	-0.738181	0.631616
cell_000147	donor_004	-1.2033645110519184	-0.6938234541936055	1.087223263066587	1.253713	F	0.098174	0.015516	0.020916	-0.043424	-0.005042	-0.008752	0.011182	-1.456396	0.460402	-0.343179	0.711506	1.238374
cell_000148	donor_004	2.503300329098648	2.5985396609034885	-0.8797916187882737	1.253713	F	1.879588	0.032924	0.020916	-0.043424	-0.005042	-0.008752	0.011182	-1.742176	-0.131978	0.534589	2.429273	-1.993972
cell_000149	donor_004	0.25661074944437773	-1.8093021119644432	0.05112913230501102	1.253713	F	1.641002	0.073427	0.020916	-0.043424	-0.005042	-0.008752	0.011182	0.368659	-1.204809	0.199108	-1.160411	-1.216924
cell_000150	donor_004	-0.7931973990703555	-0.6980258876356904	0.055601109465844706	1.253713	F	-0.268463	0.010477	0.020916	-0.043424	-0.005042	-0.008752	0.011182	0.093745	0.375491	-1.555843	0.855247	-0.095636
cell_000151	donor_004	1.0562769010152069	0.5523024077951529	-0.5036156729729981	1.253713	F	0.938434	0.0371	0.020916	-0.043424	-0.005042	-0.008752	0.011182	-0.590532	-2.204229	-0.117492	-0.070875	-0.935402
cell_000152	donor_004	0.4115145974121187	-0.7974406872305824	0.9347211996965826	1.253713	F	0.824939	0.011748	0.020916	-0.043424	-0.005042	-0.008752	0.011182	-0.210937	0.930747	0.386427	-0.76846	-0.102183
cell_000153	donor_004	0.7303473256931459	-0.5236682762408446	0.07842088181393132	1.253713	F	0.439931	0.014759	0.020916	-0.043424	-0.005042	-0.008752	0.011182	-0.671036	-0.026022	0.102152	0.427787	0.28446
cell_000154	donor_004	-1.3598654311785445	0.37284834909965614	0.6528538399533347	1.253713	F	-0.776846	0.013354	0.020916	-0.043424	-0.005042	-0.008752	0.011182	-0.443139	0.365132	-1.937991	0.05252	2.261691
cell_000155	donor_004	0.5121182982383332	-0.30937658751967134	0.26360926619521086	1.253713	F	-2.004543	0.031697	0.020916	-0.043424	-0.005042	-0.008752	0.011182	-0.772339	0.805371	0.758801	0.428019	0.796781
cell_000156	donor_004	-0.10226670352258203	0.01972188568664657	-0.9459585545258259	1.253713	F	0.153856	0.023049	0.020916	-0.043424	-0.005042	-0.008752	0.011182	-0.277155	0.568732	1.941359	-1.218454	-0.531589
cell_000157	donor_004	0.5697965008893874	1.044162129090685	0.17816275620789335	1.253713	F	0.516926	0.074392	0.020916	-0.043424	-0.005042	-0.008752	0.011182	-0.084207	0.444087	-1.267017	0.439481	-0.410852
cell_000158	donor_004	0.6631900471732299	0.3686794359853949	0.7087235015598154	1.253713	F	-0.33437	0.040108	0.020916	-0.043424	-0.005042	-0.008752	0.011182	-0.756387	0.974265	-0.032981	0.262227	0.045799
cell_000159	donor_004	0.5877882314266822	-3.062040458480398	0.9162513628039288	1.253713	F	-1.067857	0.052848	0.020916	-0.043424	-0.005042	-0.008752	0.011182	-1.926391	0.159706	1.57386	-1.22396	-1.442088
cell_000160	donor_004	-1.5047777307486512	-1.024299934983528	1.9288419061293003	1.253713	F	-1.739668	0.027649	0.020916	-0.043424	-0.005042	-0.008752	0.011182	-0.417989	-0.304935	0.661886	1.903485	1.204355
cell_000161	donor_004	0.16400345190154186	1.2428552173722034	0.33629208961363133	1.253713	F	-0.634628	0.029481	0.020916	-0.043424	-0.005042	-0.008752	0.011182	0.564417	-0.779999	0.149024	1.590224	1.120649
cell_000162	donor_004	0.025876634746630774	-1.611331358281799	0.1966951301290971	1.253713	F	2.1045	0.03652	0.020916	-0.043424	-0.005042	-0.008752	0.011182	-0.126305	-0.224438	-0.07737	0.674739	-0.37587
cell_000163	donor_004	1.03191734240543	-1.0146029272600838	0.42452750248909926	1.253713	F	-1.634626	0.027255	0.020916	-0.043424	-0.005042	-0.008752	0.011182	0.084057	-1.1463	0.703951	0.518627	0.665645
cell_000164	donor_004	-0.20697948543553274	1.8911959548679085	0.6654581901766927	1.253713	F	0.024174	0.029702	0.020916	-0.043424	-0.005042	-0.008752	0.011182	-1.334889	-1.356142	0.524356	-0.94781	0.176331
cell_000165	donor_004	-0.01913494094000282	2.272036894695919	-0.3397210117159231	1.253713	F	-0.747209	0.042355	0.020916	-0.043424	-0.005042	-0.008752	0.011182	-0.78503	0.740484	0.784253	-2.073335	0.875212
cell_000166	donor_004	1.6408863188642533	-0.03561443317039585	0.5000489190755563	1.253713	F	-0.704163	0.06055	0.020916	-0.043424	-0.005042	-0.008752	0.011182	-0.934921	1.043842	1.577326	1.225989	0.651956
cell_000167	donor_004	-0.37946574803352734	-2.627839941702286	-0.2646652858948631	1.253713	F	-1.161708	0.053797	0.020916	-0.043424	-0.005042	-0.008752	0.011182	0.445533	-2.477797	0.881309	-0.442513	0.391612
cell_000168	donor_004	-0.3100820571274096	0.9446362958081862	1.062471295960582	1.253713	F	0.053818	0.047384	0.020916	-0.043424	-0.005042	-0.008752	0.011182	-0.152766	0.050115	0.493157	-0.598387	0.669929
cell_000169	donor_004	1.6113600526022027	2.3003403171409085	-0.38363397373193797	1.253713	F	-0.055139	0.017439	0.020916	-0.043424	-0.005042	-0.008752	0.011182	-2.000982	0.631062	-0.527553	0.212828	-0.655702
cell_000170	donor_004	0.414449525679039	-1.4774264222169142	0.5999198729021562	1.253713	F	0.369851	0.055688	0.020916	-0.043424	-0.005042	-0.008752	0.011182	0.206909	-0.520665	1.729064	-0.032229	0.479913
cell_000171	donor_004	1.3736735715493156	-1.774539491371912	-1.1678268088778454	1.253713	F	-1.104494	0.03624	0.020916	-0.043424	-0.005042	-0.008752	0.011182	0.68484	0.985828	-1.196907	-1.290746	1.14247
cell_000172	donor_004	0.6665371609685542	-0.007331031888632843	0.9503002607318216	1.253713	F	-0.580054	0.035145	0.020916	-0.043424	-0.005042	-0.008752	0.011182	-0.433195	0.080974	-2.655898	-0.708795	0.322398
cell_000173	donor_005	0.030399085949571605	-0.37499603609021825	-0.6963228029980203	-1.430292	F	0.052439	0.044714	-0.022838	-0.006104	-0.018042	-0.020843	0.008054	-0.799288	0.660001	0.99053	1.609436	0.55331
cell_000174	donor_005	-0.7563745944787659	1.1998699222651668	-0.02515605141269835	-1.430292	F	-0.075089	0.016207	-0.022838	-0.006104	-0.018042	-0.020843	0.008054	-0.831609	-1.194353	-0.058524	-1.653555	0.618799
cell_000175	donor_005	1.5779781673725655	0.18892079178623725	0.20323645134020019	-1.430292	F	0.770532	0.024303	-0.022838	-0.006104	-0.018042	-0.020843	0.008054	-0.183541	0.221582	-0.676925	0.435938	0.812338
cell_000176	donor_005	2.0755109816417288	0.09915243740894643	1.6518011946015096	-1.430292	F	1.745813	0.015659	-0.022838	-0.006104	-0.018042	-0.020843	0.008054	-0.098162	0.610362	1.20967	0.998892	-1.845138
cell_000177	donor_005	-0.8784684339814379	-0.2844042753453397	-0.442403918413491	-1.430292	F	-0.203175	0.003607	-0.022838	-0.006104	-0.018042	-0.020843	0.008054	0.245519	0.484248	-0.678685	-1.23268	0.304958
cell_000178	donor_005	-0.27031975975976585	-2.0019333203990026	0.6254796853225869	-1.430292	F	0.802164	0.060643	-0.022838	-0.006104	-0.018042	-0.020843	0.008054	0.096747	-1.903487	-0.235146	1.045377	-0.60722
cell_000179	donor_005	0.12453683699332353	-0.7070939609624592	-1.427707060311565	-1.430292	F	-0.468398	0.043304	-0.022838	-0.006104	-0.018042	-0.020843	0.008054	-1.547887	-1.851591	0.86553	0.551803	0.043575
cell_000180	donor_005	1.351412389519024	0.843432158615547	0.14422849241825272	-1.430292	F	-0.533089	0.022347	-0.022838	-0.006104	-0.018042	-0.020843	0.008054	-0.651545	-2.688632	-1.12611	1.515478	0.355494
cell_000181	donor_005	1.0834234532923606	1.733966452734949	-0.1474619644000152	-1.430292	F	-1.761151	0.012075	-0.022838	-0.006104	-0.018042	-0.020843	0.008054	-1.434911	1.822368	0.377346	-0.075096	-0.465574
cell_000182	donor_005	1.0828504829012076	-1.563604414128816	-0.501241914988328	-1.430292	F	0.587018	0.051281	-0.022838	-0.006104	-0.018042	-0.020843	0.008054	-1.934182	0.366274	-1.979176	-1.895943	-0.985798
cell_000183	donor_005	0.1430990654810126	-0.9882861095394513	-2.1388499571742265	-1.430292	F	-0.12319	0.039224	-0.022838	-0.006104	-0.018042	-0.020843	0.008054	-0.129891	-1.079766	1.78337	0.289835	0.496296
cell_000184	donor_005	0.004519510390137933	-0.21583923914498546	0.17214585365840848	-1.430292	F	0.558477	0.053593	-0.022838	-0.006104	-0.018042	-0.020843	0.008054	0.734008	0.426619	0.752114	-2.344252	-0.849981
cell_000185	donor_005	0.06394194152597782	0.5395227804630515	1.3207164044376847	-1.430292	F	2.266782	0.035568	-0.022838	-0.006104	-0.018042	-0.020843	0.008054	-0.054989	-0.776547	0.742394	-1.214355	-0.719097
cell_000186	donor_005	-1.4729790805154739	-1.1847825908830945	-0.7947481250217788	-1.430292	F	0.165773	0.012543	-0.022838	-0.006104	-0.018042	-0.020843	0.008054	0.319135	0.521827	0.349415	-0.161126	1.106543
cell_000187	donor_005	0.6078373192546309	-0.31866163216160054	-0.39883199856479606	-1.430292	F	-1.452485	0.012597	-0.022838	-0.006104	-0.018042	-0.020843	0.008054	0.392182	0.324607	0.933971	-0.829286	0.101418
cell_000188	donor_005	0.47453933532600245	1.7703204878956809	-0.7031688746095143	-1.430292	F	0.71046	0.019121	-0.022838	-0.006104	-0.018042	-0.020843	0.008054	-0.971657	-1.937622	1.471779	1.410153	0.164736
cell_000189	donor_005	-1.1701844739897866	0.6805590787053104	-1.3474710205004465	-1.430292	F	-0.465712	0.004694	-0.022838	-0.006104	-0.018042	-0.020843	0.008054	-0.216884	-0.16346	0.321095	-0.060225	-0.660839
cell_000190	donor_005	-0.7019175852196681	0.9857941107532375	-0.4476733018994505	-1.430292	F	0.766355	0.046751	-0.022838	-0.006104	-0.018042	-0.020843	0.008054	-1.346385	0.711389	-1.075221	0.875821	-0.078201
cell_000191	donor_005	0.33562281371836183	1.4687570239375147	-0.8497663168404567	-1.430292	F	-1.041017	0.045009	-0.022838	-0.006104	-0.018042	-0.020843	0.008054	-0.255279	0.501951	-0.396752	-0.845402	1.013155
cell_000192	donor_005	0.14948383526942646	0.10927795322312153	-0.7058546114378568	-1.430292	F	-1.072177	0.039585	-0.022838	-0.006104	-0.018042	-0.020843	0.008054	0.034853	0.338899	0.818113	0.452626	1.416775
cell_000193	donor_005	-0.4864160278329659	-2.2104460570846185	0.9546416130054715	-1.430292	F	0.160366	0.050652	-0.022838	-0.006104	-0.018042	-0.020843	0.008054	-2.762861	2.086612	-0.296499	0.08871	2.670954
cell_000194	donor_005	1.868346001696002	1.3861539713107127	-1.4328028027192692	-1.430292	F	-0.334177	0.068794	-0.022838	-0.006104	-0.018042	-0.020843	0.008054	0.5015	-1.621147	-1.540205	-1.004265	-0.985148
cell_000195	donor_005	0.5792086497031476	0.07357508156115655	0.6354980771673852	-1.430292	F	0.093559	0.024936	-0.022838	-0.006104	-0.018042	-0.020843	0.008054	0.411198	0.300748	0.732196	0.063031	0.474869
cell_000196	donor_005	1.031627221299185	-1.7768293565174516	1.1130393164462193	-1.430292	F	0.120079	0.023045	-0.022838	-0.006104	-0.018042	-0.020843	0.008054	0.494435	2.348776	0.935743	1.893209	-1.024478
cell_000197	donor_005	0.24021772021254678	0.7274051838544138	0.2730511838344269	-1.430292	F	1.152035	0.043524	-0.022838	-0.006104	-0.018042	-0.020843	0.008054	0.979819	-0.446666	-2.075061	-0.151935	1.1321
cell_000198	donor_005	0.8818480118526444	0.8267317665694609	-1.2801104001469228	-1.430292	F	-0.663888	0.025074	-0.022838	-0.006104	-0.018042	-0.020843	0.008054	1.613205	-0.049582	-0.821315	-1.477198	0.437822
cell_000199	donor_005	-0.5782876148004723	-0.6221814402186254	-1.3709272571019795	-1.430292	F	0.175404	0.049462	-0.022838	-0.006104	-0.018042	-0.020843	0.008054	-0.911843	-0.28727	0.661718	-0.534867	-1.830522
cell_000200	donor_005	-0.3644647571908167	-0.34498726013153536	0.10958366724089035	-1.430292	F	0.256347	0.047681	-0.022838	-0.006104	-0.018042	-0.020843	0.008054	0.174193	0.471337	1.164812	0.986652	-0.190748
cell_000201	donor_005	-0.5415295275101502	1.001526076933739	1.6482174198954394	-1.430292	F	0.528884	0.024543	-0.022838	-0.006104	-0.018042	-0.020843	0.008054	0.845054	-0.262426	-0.362242	0.705695	0.503829
cell_000202	donor_005	0.6309798862118515	0.32986672743968104	0.16201202594220046	-1.430292	F	-0.482916	0.033932	-0.022838	-0.006104	-0.018042	-0.020843	0.008054	0.073459	-1.29489	-0.43091	-0.845715	1.195411
cell_000203	donor_005	3.5683344701703907	0.5643908936312604	-0.7456152337346639	-1.430292	F	-1.885383	0.025958	-0.022838	-0.006104	-0.018042	-0.020843	0.008054	-1.032308	1.346265	-2.986675	-0.395034	-1.02351
cell_000204	donor_005	-0.11386288607047751	0.34163533057546003	-0.40895457744312064	-1.430292	F	-2.094546	0.004262	-0.022838	-0.006104	-0.018042	-0.020843	0.008054	0.742061	0.42773	0.519206	-0.617802	-0.516056
cell_000205	donor_005	-0.35128049703607017	0.13213105913061782	1.1111727911204474	-1.430292	F	0.237026	0.022422	-0.022838	-0.006104	-0.018042	-0.020843	0.008054	1.398673	-1.773912	0.790783	-0.02187	-0.96378
cell_000206	donor_005	-0.18079447584983238	0.8181456945474742	-1.8138548822487828	-1.430292	F	-1.034989	0.024054	-0.022838	-0.006104	-0.018042	-0.020843	0.008054	-0.988525	0.818703	0.621617	-0.475461	-0.15431
cell_000207	donor_005	-0.9792435628404665	-0.14009750198948537	2.0942179426629433	-1.430292	F	-2.516352	0.06779	-0.022838	-0.006104	-0.018042	-0.020843	0.008054	1.148458	1.573078	-0.255213	1.370188	1.497271
cell_000208	donor_006	0.5001869910213236	0.4458399803650243	-1.6145498183421265	-1.35966	F	1.254997	0.024186	-0.03273	0.004999	0.013925	-0.029271	0.021075	-0.771384	-0.560808	0.745767	-1.327214	-0.219809
cell_000209	donor_006	-0.47553467989739556	0.469416893912413	0.301533079672672	-1.35966	F	-0.069532	0.028131	-0.03273	0.004999	0.013925	-0.029271	0.021075	-0.080269	-3.024915	-0.618159	0.575582	-1.754234
cell_000210	donor_006	0.0604085765741897	0.8341761687440767	0.1129597820276262	-1.35966	F	-0.413867	0.012112	-0.03273	0.004999	0.013925	-0.029271	0.021075	0.382734	0.210284	1.844901	-1.270695	2.308602
cell_000211	donor_006	1.4667847630044664	-0.6003322778983055	-1.0659876354853925	-1.35966	F	-0.580143	0.020634	-0.03273	0.004999	0.013925	-0.029271	0.021075	-1.227025	2.377845	1.937727	-1.577479	0.760082
cell_000212	donor_006	0.3468228275609021	-1.4194807336768405	-1.8307593680293595	-1.35966	F	0.123203	0.0434	-0.03273	0.004999	0.013925	-0.029271	0.021075	-0.513728	-0.842941	-0.196472	-0.781604	-0.733903
cell_000213	donor_006	1.2896739043078556	-0.19417302087414665	-1.8745916489825274	-1.35966	F	0.737768	0.001343	-0.03273	0.004999	0.013925	-0.029271	0.021075	-1.011055	0.47533	1.452939	0.379987	-0.13822
cell_000214	donor_006	0.9943848883352365	1.6647760513530692	0.4382634607424788	-1.35966	F	0.041986	0.043126	-0.03273	0.004999	0.013925	-0.029271	0.021075	0.300161	-0.993511	0.63472	-1.366846	-1.845372
cell_000215	donor_006	-0.8880548855968305	0.7456685354225865	-1.2568735614058815	-1.35966	F	0.365597	0.040647	-0.03273	0.004999	0.013925	-0.029271	0.021075	-0.891846	0.481393	0.232754	-2.12935	-1.308278
cell_000216	donor_006	0.15075085048593945	0.5132813699971284	-1.4787696249723068	-1.35966	F	-0.800614	0.029805	-0.03273	0.004999	0.013925	-0.029271	0.021075	-0.439842	-0.62171	0.725924	0.768303	0.392001
cell_000217	donor_006	0.5857517000680553	-0.6315222052462042	-0.2866095153978389	-1.35966	F	0.658372	0.056079	-0.03273	0.004999	0.013925	-0.029271	0.021075	-0.255446	0.880892	1.095615	-0.470918	1.389374
cell_000218	donor_006	0.1694993291140843	0.7116887847924824	-0.45624405149399655	-1.35966	F	-0.253193	0.00639	-0.03273	0.004999	0.013925	-0.029271	0.021075	-0.277142	0.554274	2.0409	-0.300103	0.184528
cell_000219	donor_006	-0.33745855485816534	-0.8303429674417038	0.2862272911901229	-1.35966	F	-0.435858	0.026231	-0.03273	0.004999	0.013925	-0.029271	0.021075	-1.278727	-0.600418	-0.260301	-1.511907	0.074435
cell_000220	donor_006	1.6407671544999434	0.28274926786442844	-0.8597621448416826	-1.35966	F	0.005028	0.023787	-0.03273	0.004999	0.013925	-0.029271	0.021075	-1.230284	0.873028	-0.501374	0.143697	0.102343
cell_000221	donor_006	-0.37153696700883226	-0.8584442914300222	-0.43434347227436815	-1.35966	F	0.610002	0.03229	-0.03273	0.004999	0.013925	-0.029271	0.021075	0.153827	-1.284716	1.46615	-1.539084	-0.554796
cell_000222	donor_006	0.3331432188481446	0.20064408014092522	1.0593490392416178	-1.35966	F	-0.050109	0.038622	-0.03273	0.004999	0.013925	-0.029271	0.021075	1.286654	0.738803	0.956845	-0.24232	-0.014463
cell_000223	donor_006	-1.22828286110043	-0.617462142939516	1.0689155204038807	-1.35966	F	2.157593	0.052374	-0.03273	0.004999	0.013925	-0.029271	0.021075	-1.12065	0.06749	-1.627093	0.757908	-0.892118
cell_000224	donor_006	-0.948974554485708	-1.2951695232695353	-0.30145359942166733	-1.35966	F	-1.229523	0.02019	-0.03273	0.004999	0.013925	-0.029271	0.021075	-0.265016	0.059146	0.800565	1.377699	0.288834
cell_000225	donor_006	0.3570994421746097	0.12083987562036591	1.5396535020865074	-1.35966	F	1.540575	0.007567	-0.03273	0.004999	0.013925	-0.029271	0.021075	0.601846	0.251611	-0.141384	-0.139623	0.187864
cell_000226	donor_006	0.06405736179443389	0.04663363155954253	1.6003247414790778	-1.35966	F	0.986431	0.030529	-0.03273	0.004999	0.013925	-0.029271	0.021075	-0.298557	0.694855	0.248116	0.099862	0.580785
cell_000227	donor_006	0.3190040264109032	-0.776052048098564	1.4856215043402639	-1.35966	F	-0.527439	0.023581	-0.03273	0.004999	0.013925	-0.029271	0.021075	2.007128	0.077766	-1.000555	0.287668	-0.025809
cell_000228	donor_006	1.819139183707341	-1.2446766718134095	-0.6170065760994898	-1.35966	F	2.087372	0.037417	-0.03273	0.004999	0.013925	-0.029271	0.021075	-0.047935	-0.661359	-1.345329	-0.889765	-0.52485
cell_000229	donor_006	1.5564150168389583	-1.4170440008183893	-0.1691118169820035	-1.35966	F	-1.267883	0.048767	-0.03273	0.004999	0.013925	-0.029271	0.021075	1.993285	0.282747	0.520443	0.318773	-0.089703
cell_000230	donor_006	-0.16674036058662584	-1.5068078039616744	-0.9985463369267709	-1.35966	F	0.085294	0.044838	-0.03273	0.004999	0.013925	-0.029271	0.021075	-0.676775	-0.588538	0.685276	0.625475	-0.653733
cell_000231	donor_006	-0.7862264550964868	1.4398145022692443	0.6407213178970386	-1.35966	F	-1.481921	0.011492	-0.03273	0.004999	0.013925	-0.029271	0.021075	-1.951564	1.036803	-0.933826	-0.328536	-0.89938
cell_000232	donor_006	0.5143382483149384	-0.8759552983089653	-0.32320130035118627	-1.35966	F	0.189119	0.015126	-0.03273	0.004999	0.013925	-0.029271	0.021075	0.318631	1.785048	0.285992	0.027165	0.52676
cell_000233	donor_006	0.12088904867799131	0.6287642086875882	-0.037793901717861185	-1.35966	F	0.415393	0.053679	-0.03273	0.004999	0.013925	-0.029271	0.021075	0.296761	-1.237411	-1.742131	0.365886	0.059036
cell_000234	donor_006	-0.6561059991272628	-1.2591959613064663	-1.0361176077183984	-1.35966	F	0.956025	0.034262	-0.03273	0.004999	0.013925	-0.029271	0.021075	0.996736	-0.906557	-0.957442	-0.332587	1.087077
cell_000235	donor_006	-0.9576704530851085	1.4408662819665086	-0.02037453407495292	-1.35966	F	0.558236	0.067935	-0.03273	0.004999	0.013925	-0.029271	0.021075	-1.079618	-2.128863	1.346157	-0.0176	-2.823333
cell_000236	donor_006	0.15029220379987482	1.4804640371592304	-0.3174897486042129	-1.35966	F	1.110727	0.010128	-0.03273	0.004999	0.013925	-0.029271	0.021075	-0.21987	-0.516861	-0.03315	0.006455	-1.505146
cell_000237	donor_006	-0.2618186820860071	-0.7376189710936836	-0.21543464027692164	-1.35966	F	1.640304	0.051247	-0.03273	0.004999	0.013925	-0.029271	0.021075	-0.150126	-1.694759	1.565799	0.285628	0.106501
cell_000238	donor_006	-0.023896212827230427	0.04471415085065193	0.2689280040135574	-1.35966	F	0.137425	0.022471	-0.03273	0.004999	0.013925	-0.029271	0.021075	-1.493639	0.118664	-0.716042	0.796276	1.950552
cell_000239	donor_006	0.2701202503639961	-0.9017104533359687	0.4118425797949125	-1.35966	F	2.014825	0.048372	-0.03273	0.004999	0.013925	-0.029271	0.021075	0.572787	-1.585339	0.559954	1.491058	0.702402
cell_000240	donor_006	-0.626313610808826	0.026438748525163116	0.37356320133647203	-1.35966	F	0.433109	0.038228	-0.03273	0.004999	0.013925	-0.029271	0.021075	-0.921411	-1.190789	1.517393	-1.371472	0.31141
cell_000241	donor_006	-2.8151111973707557	-0.30802383504257425	-1.3094940872961154	-1.35966	F	-1.377692	0.001163	-0.03273	0.004999	0.013925	-0.029271	0.021075	0.574429	-0.241156	-1.198658	1.332672	-0.772913
cell_000242	donor_006	-0.8457145413554141	2.724894195620045	1.0396814570306367	-1.35966	F	-1.986849	0.060806	-0.03273	0.004999	0.013925	-0.029271	0.021075	0.246577	-4.286267	1.026715	-1.763695	1.272506
cell_000243	donor_006	-1.2327118064231122	-1.012110820151517	0.009221604794918566	-1.35966	F	0.67859	0.039564	-0.03273	0.004999	0.013925	-0.029271	0.021075	-0.179326	1.358496	0.289369	1.476166	-1.1311
cell_000244	donor_006	0.35220552917613196	-0.9783372154291913	-0.9809923290920279	-1.35966	F	0.772207	0.000501	-0.03273	0.004999	0.013925	-0.029271	0.021075	0.709423	0.910247	1.361155	-1.333575	-0.455128
cell_000245	donor_006	-1.343192393202917	-0.4084327532975404	-0.06842572134992057	-1.35966	F	1.203512	0.020741	-0.03273	0.004999	0.013925	-0.029271	0.021075	0.164263	1.162281	-2.260747	-0.296853	-0.629495
cell_000246	donor_006	1.2301458397814409	0.06824498383757674	-0.9709784209820607	-1.35966	F	-1.147329	0.038957	-0.03273	0.004999	0.013925	-0.029271	0.021075	-0.191559	0.125533	-1.454337	1.658241	-1.18782
cell_000247	donor_006	-0.039881082449629096	-2.7654536154372087	-0.7031681198799421	-1.35966	F	-1.327692	0.014268	-0.03273	0.004999	0.013925	-0.029271	0.021075	1.491877	-0.244672	0.852098	0.202481	0.156186
cell_000248	donor_006	0.03126423958934722	0.8174976727487678	0.26832099153605105	-1.35966	F	-0.907674	0.047799	-0.03273	0.004999	0.013925	-0.029271	0.021075	-0.53659	-0.134968	-3.538883	-0.528889	-0.468244
cell_000249	donor_007	0.012640603639436547	1.0442693813353507	-0.11179228632163116	0.759291	M	-0.912986	0.026834	0.007213	0.022159	-0.007197	-0.06001	0.005639	1.027376	-0.336586	-0.635567	0.997339	-0.721092
cell_000250	donor_007	-0.23092917208917238	0.11205473284179863	-0.278830668717308	0.759291	M	-1.769557	0.013241	0.007213	0.022159	-0.007197	-0.06001	0.005639	-0.84799	-0.302281	-0.608187	-0.899331	-1.714686
cell_000251	donor_007	-0.587480383321925	1.28498260063764	1.6231619870211667	0.759291	M	0.204763	0.007172	0.007213	0.022159	-0.007197	-0.06001	0.005639	0.918263	2.289629	0.582294	-1.139706	0.273027
cell_000252	donor_007	-2.344588473808866	-1.7395216238064064	1.0356131245786133	0.759291	M	0.531962	0.032828	0.007213	0.022159	-0.007197	-0.06001	0.005639	-0.719996	-0.166107	2.568881	0.454831	0.803858
cell_000253	donor_007	0.05385366597663268	0.6681676547183428	0.5843683335740045	0.759291	M	1.188882	0.045627	0.007213	0.022159	-0.007197	-0.06001	0.005639	0.991077	1.155842	-1.144125	0.097692	-0.029892
cell_000254	donor_007	1.0607215588687005	-0.29866003885581455	-0.2891445862808859	0.759291	M	-0.104407	0.02616	0.007213	0.022159	-0.007197	-0.06001	0.005639	-0.498809	-0.97963	-1.198045	1.04902	1.166023
cell_000255	donor_007	-1.061354104875258	0.0024203726928669284	1.495873616242049	0.759291	M	-0.632723	0.022239	0.007213	0.022159	-0.007197	-0.06001	0.005639	-0.34437	-0.363965	-2.118749	1.085681	-0.256696
cell_000256	donor_007	-0.4770830692659166	-0.09008712769875775	0.5912609723780122	0.759291	M	-0.520048	0.067933	0.007213	0.022159	-0.007197	-0.06001	0.005639	-0.247971	-0.564896	0.378228	-0.057965	-0.146755
cell_000257	donor_007	-1.0409689648370617	-0.9633987219619197	0.5740979831683695	0.759291	M	-0.296827	0.030501	0.007213	0.022159	-0.007197	-0.06001	0.005639	0.67523	-0.518266	0.660314	0.550432	0.577114
cell_000258	donor_007	-1.0359661963700997	-0.7168763697395367	0.3852013213537344	0.759291	M	-0.137078	0.005575	0.007213	0.022159	-0.007197	-0.06001	0.005639	0.439041	-0.313739	1.237878	1.078549	0.317616
cell_000259	donor_007	-0.8632231060403338	-0.3554688034275607	0.37334981143108215	0.759291	M	1.143665	0.027085	0.007213	0.022159	-0.007197	-0.06001	0.005639	-0.015283	-0.897707	-0.054134	-0.781851	-1.534688
cell_000260	donor_007	0.022624179110436474	-0.5362034961547506	-0.9035998782360118	0.759291	M	-1.981277	0.004914	0.007213	0.022159	-0.007197	-0.06001	0.005639	0.128084	-0.411464	0.849159	0.690315	0.443998
cell_000261	donor_007	0.7918452721598738	-0.6962528737382574	-0.24537424240707004	0.759291	M	-1.225955	0.00883	0.007213	0.022159	-0.007197	-0.06001	0.005639	-0.455184	-1.38206	1.463009	0.782229	0.990335
cell_000262	donor_007	-0.48490558567202274	0.028146097163079007	-0.3560111565146411	0.759291	M	0.158723	0.041728	0.007213	0.022159	-0.007197	-0.06001	0.005639	0.757315	1.186355	-0.288586	1.199726	-0.923348
cell_000263	donor_007	-0.3337659275347194	0.4024642560038371	0.7648823383971982	0.759291	M	1.275863	0.049078	0.007213	0.022159	-0.007197	-0.06001	0.005639	-0.512695	1.286668	-1.048535	0.99241	-0.447845
cell_000264	donor_007	-0.5833047526936321	-0.377923662275106	-0.19950685918835842	0.759291	M	0.568112	0.05942	0.007213	0.022159	-0.007197	-0.06001	0.005639	1.697182	0.400897	-0.651256	0.445321	0.168983
cell_000265	donor_007	-1.3281864279470155	0.4316642176456598	-0.6718974580315462	0.759291	M	0.733782	0.012615	0.007213	0.022159	-0.007197	-0.06001	0.005639	1.016081	-0.00072	0.663511	0.218112	-1.433954
cell_000266	donor_007	-0.5434493742275002	3.7339682991987595	-1.899942696957928	0.759291	M	0.753711	0.057161	0.007213	0.022159	-0.007197	-0.06001	0.005639	-0.037269	-0.387488	-0.394833	0.07688	0.540172
cell_000267	donor_007	-1.4634937591922075	0.2404722031400324	0.3375728400475602	0.759291	M	-0.66152	0.014655	0.007213	0.022159	-0.007197	-0.06001	0.005639	1.933286	-0.256108	-0.695918	0.090575	-0.177535
cell_000268	donor_007	1.3257584557927455	0.06508092603216242	0.5907566462535163	0.759291	M	0.183226	0.000931	0.007213	0.022159	-0.007197	-0.06001	0.005639	-1.213843	-0.554491	-0.039401	0.303376	0.147429
cell_000269	donor_007	-0.0033141495222838825	-0.7687411877334273	0.30998667516062767	0.759291	M	-0.51323	0.010805	0.007213	0.022159	-0.007197	-0.06001	0.005639	0.122753	0.051043	0.599139	-0.169959	-0.15416
cell_000270	donor_007	1.3877279136904181	0.9833798381643439	-0.6854722058315571	0.759291	M	-0.963593	0.066104	0.007213	0.022159	-0.007197	-0.06001	0.005639	0.047575	-0.585915	-1.154608	-1.227067	0.243375
cell_000271	donor_007	-0.6320328916239896	0.5454668963835161	-0.7239875646104093	0.759291	M	-1.05174	0.027774	0.007213	0.022159	-0.007197	-0.06001	0.005639	-1.368789	-0.303211	0.572743	0.835571	-0.319112
cell_000272	donor_007	0.9957313318726629	-0.5238357603305039	0.26676989799487755	0.759291	M	-0.260885	0.041736	0.007213	0.022159	-0.007197	-0.06001	0.005639	-1.490455	-0.718543	1.277551	-0.959595	-0.415421
cell_000273	donor_007	-1.2307381773489245	0.6242739931573176	2.139784629768718	0.759291	M	-0.99158	0.051484	0.007213	0.022159	-0.007197	-0.06001	0.005639	1.30652	1.517189	-1.391559	-0.269117	0.410152
cell_000274	donor_007	-0.4282801747073288	-1.6749258695986733	-1.6242033307117962	0.759291	M	-0.578857	0.02802	0.007213	0.022159	-0.007197	-0.06001	0.005639	-1.530148	0.793704	1.049104	-2.253963	-0.809513
cell_000275	donor_007	0.5903891227559676	0.06319045630331444	0.2779226445113713	0.759291	M	-0.472516	0.041423	0.007213	0.022159	-0.007197	-0.06001	0.005639	-0.725711	0.280139	0.374764	2.60327	0.486297
cell_000276	donor_007	2.0739094959904634	0.9354523963593341	0.6027674747146031	0.759291	M	1.592129	0.036846	0.007213	0.022159	-0.007197	-0.06001	0.005639	1.874778	-0.379893	-0.520633	-0.754997	-1.37823
cell_000277	donor_007	-0.22810674899255465	0.04508005819296185	2.7419802514283864	0.759291	M	0.159494	0.05191	0.007213	0.022159	-0.007197	-0.06001	0.005639	-1.493204	-0.395682	-0.198126	-2.181767	-1.783326
cell_000278	donor_007	-1.207058246075638	-1.7083463309114166	0.004751659198269737	0.759291	M	-0.79661	0.014611	0.007213	0.022159	-0.007197	-0.06001	0.005639	-1.621773	0.786133	0.883658	-1.907766	-0.086783
cell_000279	donor_007	-0.6457422762544838	-0.11910654902331436	-0.19285494900107344	0.759291	M	1.32963	0.021005	0.007213	0.022159	-0.007197	-0.06001	0.005639	1.166176	-0.296463	-1.474152	0.378621	-2.522312
cell_000280	donor_008	1.4127270888922268	-0.7586049788342759	-0.8776583833638998	-1.218397	M	-0.72078	0.038141	-0.021897	0.009454	0.025574	-0.020305	0.030171	1.05993	0.806035	0.533935	-0.747353	-0.691151
cell_000281	donor_008	0.718279924797777	-0.7188405889535799	-0.5167670887027171	-1.218397	M	0.279248	0.031707	-0.021897	0.009454	0.025574	-0.020305	0.030171	-0.742466	-2.383082	-0.490685	0.126954	1.440241
cell_000282	donor_008	-1.7526878700080533	-0.3978974425698674	-1.7362440508654653	-1.218397	M	1.645997	0.080981	-0.021897	0.009454	0.025574	-0.020305	0.030171	1.566575	0.147818	0.47099	-0.127734	-0.92717
cell_000283	donor_008	-0.5485741594119743	0.7974917935465795	-0.011542309989093344	-1.218397	M	-1.287083	0.058475	-0.021897	0.009454	0.025574	-0.020305	0.030171	0.544298	-1.538796	0.766316	0.05618	0.080608
cell_000284	donor_008	1.3092080859977404	1.7988154113669266	-0.6590592110732373	-1.218397	M	1.197175	0.011431	-0.021897	0.009454	0.025574	-0.020305	0.030171	-0.145308	-1.837216	0.127321	-0.567453	0.746528
cell_000285	donor_008	-1.2093224747673852	0.22976380120407022	-0.45403860312448774	-1.218397	M	-0.635051	0.054038	-0.021897	0.009454	0.025574	-0.020305	0.030171	2.145332	0.467473	0.044359	0.934366	-0.071576
cell_000286	donor_008	-2.2043608469372176	-0.078160362525302	-0.42998273804726467	-1.218397	M	-0.194686	0.051479	-0.021897	0.009454	0.025574	-0.020305	0.030171	-0.076165	0.296064	-1.118657	0.691716	0.345657
cell_000287	donor_008	-0.168622503332728	-1.2678536262315439	-1.3178045085255212	-1.218397	M	1.356695	0.067468	-0.021897	0.009454	0.025574	-0.020305	0.030171	1.043973	-1.060573	0.686866	-1.141583	-0.00568
cell_000288	donor_008	-0.42981566495421286	-0.03219747188461283	0.6156849660587072	-1.218397	M	3.435923	0.031137	-0.021897	0.009454	0.025574	-0.020305	0.030171	-0.789095	-0.210243	0.077054	1.154998	-0.04004
cell_000289	donor_008	0.022833519543733055	0.21704757611961428	1.9949518680063416	-1.218397	M	-0.252297	0.03051	-0.021897	0.009454	0.025574	-0.020305	0.030171	0.20503	-0.336198	-1.04607	-0.987546	-1.556942
cell_000290	donor_008	-0.12728873729170054	-0.22408338580284048	0.4339572944227874	-1.218397	M	-1.130675	0.060096	-0.021897	0.009454	0.025574	-0.020305	0.030171	-0.311335	-0.684256	0.229063	1.164499	-0.315291
cell_000291	donor_008	-0.1684513376851307	-2.44202176371218	-0.6304256796359821	-1.218397	M	-0.786892	0.048798	-0.021897	0.009454	0.025574	-0.020305	0.030171	-0.198901	0.491	-0.488475	-0.486142	0.678808
cell_000292	donor_008	0.6903883026663814	0.17635451654107973	0.7982527968565728	-1.218397	M	-1.462049	0.018999	-0.021897	0.009454	0.025574	-0.020305	0.030171	0.980418	0.802479	-0.332915	-0.588229	0.987474
cell_000293	donor_008	1.1605974647443713	2.187328215247423	-0.1897802878690851	-1.218397	M	0.110718	0.044963	-0.021897	0.009454	0.025574	-0.020305	0.030171	0.976354	-0.960788	-1.096542	-1.180632	0.610349
cell_000294	donor_008	-1.0589628261857902	-0.2798825548230824	-0.09748258959458724	-1.218397	M	0.773234	0.086813	-0.021897	0.009454	0.025574	-0.020305	0.030171	1.197237	-0.812001	1.022284	-0.472114	-0.276858
cell_000295	donor_008	-1.1974766748387868	-1.6373198376571816	1.4220698026274337	-1.218397	M	-0.704662	0.012119	-0.021897	0.009454	0.025574	-0.020305	0.030171	0.366294	-0.256956	0.330494	1.000951	-0.410956
cell_000296	donor_008	1.39980078388667	0.6916619253058943	0.7847986773087807	-1.218397	M	-0.198993	0.039239	-0.021897	0.009454	0.025574	-0.020305	0.030171	-1.713797	0.134034	1.77994	0.244325	0.299697
cell_000297	donor_008	-2.2973739441698946	0.31870772193107166	0.3906041845405749	-1.218397	M	0.889455	0.025783	-0.021897	0.009454	0.025574	-0.020305	0.030171	-1.273657	1.488358	0.061208	2.030078	-0.193018
cell_000298	donor_008	-0.4937418440909535	-0.7806157369406457	0.6656628621329936	-1.218397	M	-0.881453	0.021532	-0.021897	0.009454	0.025574	-0.020305	0.030171	-1.431329	1.300625	-1.166228	-2.118949	-0.049713
cell_000299	donor_008	-1.239121344401899	2.274542447029431	0.4892753876959433	-1.218397	M	1.226817	0.032873	-0.021897	0.009454	0.025574	-0.020305	0.030171	0.395745	0.550566	1.142127	-0.95987	-0.830567
cell_000300	donor_008	1.8059996216069414	-0.3587335645480451	0.6115766124711022	-1.218397	M	0.564594	0.036446	-0.021897	0.009454	0.025574	-0.020305	0.030171	-2.280314	-0.47643	-0.289053	-0.143521	-0.748613
cell_000301	donor_008	0.39929472040664366	-0.8766862377244871	2.522413899983461	-1.218397	M	-1.319478	0.017195	-0.021897	0.009454	0.025574	-0.020305	0.030171	0.38177	-0.083279	0.83425	2.116283	-0.733354
cell_000302	donor_008	-0.1730698840121348	1.3601089061264653	-1.1444872235935863	-1.218397	M	-0.433226	0.0164	-0.021897	0.009454	0.025574	-0.020305	0.030171	0.894053	1.504942	-0.281645	-0.406396	-2.221654
cell_000303	donor_008	1.345448679923421	0.13986927704197394	0.16324405531845895	-1.218397	M	0.463332	0.015108	-0.021897	0.009454	0.025574	-0.020305	0.030171	0.966704	1.904151	-1.614343	-0.485387	-0.515212
cell_000304	donor_008	0.41913704940328456	-1.409794924507317	1.506138985449257	-1.218397	M	-0.524683	0.036203	-0.021897	0.009454	0.025574	-0.020305	0.030171	0.039311	-2.001338	0.679334	-0.240408	1.155932
cell_000305	donor_008	0.1837053536580293	-0.640197611379245	-0.16065776116647976	-1.218397	M	0.603039	0.038713	-0.021897	0.009454	0.025574	-0.020305	0.030171	0.492485	0.183625	0.372523	0.11743	0.530175
cell_000306	donor_008	0.7624413777740922	-0.0004387298886329015	-0.2184596439498564	-1.218397	M	-1.196878	0.029611	-0.021897	0.009454	0.025574	-0.020305	0.030171	-0.098726	-0.185418	1.422244	0.879175	0.083145
cell_000307	donor_008	1.5382940526447437	0.5715527830961881	0.5811078004529184	-1.218397	M	0.867656	0.033037	-0.021897	0.009454	0.025574	-0.020305	0.030171	0.157969	-0.173096	-1.366843	0.11774	0.192788
cell_000308	donor_008	0.8760257355525728	-1.2679317321553547	0.8259542629864441	-1.218397	M	-0.588538	0.053306	-0.021897	0.009454	0.025574	-0.020305	0.030171	-1.350514	1.1759	0.717527	0.482197	-2.929883
cell_000309	donor_008	-0.016800550529408376	0.9466406019066244	0.0580169781603716	-1.218397	M	-1.916536	0.058012	-0.021897	0.009454	0.025574	-0.020305	0.030171	0.159767	-0.163188	-0.594541	1.330296	-0.401984
cell_000310	donor_008	0.9153419527391459	-0.5108440899195171	-0.5317923515574021	-1.218397	M	0.954546	0.020593	-0.021897	0.009454	0.025574	-0.020305	0.030171	-1.838865	0.107227	0.161417	0.301773	1.190284
cell_000311	donor_008	-0.16682925291292883	-1.4705290781087448	-0.36279346531915363	-1.218397	M	0.507345	0.014145	-0.021897	0.009454	0.025574	-0.020305	0.030171	-0.593074	0.701271	-0.851777	-1.814557	1.609917
cell_000312	donor_008	1.086628445374595	-0.23108454384797342	-0.2576758361431839	-1.218397	M	2.318746	0.017115	-0.021897	0.009454	0.025574	-0.020305	0.030171	-0.328133	-1.346243	-1.243296	-0.251037	0.03563
cell_000313	donor_008	1.53307236769713	0.39957483189293225	1.0838352207363213	-1.218397	M	-0.873375	0.006794	-0.021897	0.009454	0.025574	-0.020305	0.030171	-1.490428	-0.479026	-0.882025	-0.344739	-0.786303
cell_000314	donor_008	-1.0207517839994384	-0.9624766242375105	-0.796458272981559	-1.218397	M	-0.148123	0.029532	-0.021897	0.009454	0.025574	-0.020305	0.030171	1.277866	1.473957	1.067934	0.565314	-0.082792
cell_000315	donor_008	-0.6156164535345905	0.35730919734088484	-0.2021526937420607	-1.218397	M	-0.697926	0.015339	-0.021897	0.009454	0.025574	-0.020305	0.030171	2.330828	-0.308073	-0.361895	-0.360216	-0.652376
cell_000316	donor_008	1.9139491186857547	-1.6218606433995646	0.38373018927252645	-1.218397	M	-0.181874	0.032651	-0.021897	0.009454	0.025574	-0.020305	0.030171	-0.763052	-1.285715	-1.011277	1.657888	-1.159629
cell_000317	donor_008	-1.20293316301839	-0.5704262208838426	-0.8232925681480929	-1.218397	M	1.071021	0.002629	-0.021897	0.009454	0.025574	-0.020305	0.030171	-0.914716	-0.165561	-0.270859	-1.044912	0.440789
cell_000318	donor_009	0.37106289477735	0.5463610016349755	1.4368063581898853	-0.017658	F	-0.53395	0.066656	-0.003117	-0.018284	0.008091	-0.001307	0.018054	-1.12547	-0.529318	0.443364	0.05735	-0.224431
cell_000319	donor_009	1.1139663083111853	-0.4729228547672002	2.1367806359279293	-0.017658	F	-0.094489	0.027021	-0.003117	-0.018284	0.008091	-0.001307	0.018054	0.772614	-2.074103	-0.426005	-0.825949	0.133113
cell_000320	donor_009	-0.3430425268678069	-0.306124605136703	-1.0426521489664142	-0.017658	F	0.962011	0.04619	-0.003117	-0.018284	0.008091	-0.001307	0.018054	-0.535254	-1.09407	-1.655297	0.201059	0.03928
cell_000321	donor_009	0.9128451824580414	0.4500238900612024	0.8069619807019875	-0.017658	F	-0.188381	0.015603	-0.003117	-0.018284	0.008091	-0.001307	0.018054	-0.541409	0.704316	-0.721602	0.364199	0.853628
cell_000322	donor_009	1.1296190025221664	-0.7303118887845385	0.9821484768423342	-0.017658	F	-0.807482	0.065136	-0.003117	-0.018284	0.008091	-0.001307	0.018054	-0.206872	-2.307315	0.330285	0.29895	-2.465854
cell_000323	donor_009	0.20077406178390939	1.4316177769241134	1.0108539295902688	-0.017658	F	0.552543	0.042779	-0.003117	-0.018284	0.008091	-0.001307	0.018054	0.075413	0.046823	0.526175	-0.545703	-0.582692
cell_000324	donor_009	-0.5791710783004086	0.009560863777627436	-0.4990235591911998	-0.017658	F	1.242979	0.043304	-0.003117	-0.018284	0.008091	-0.001307	0.018054	-0.184992	1.653074	0.561659	0.969759	-1.311279
cell_000325	donor_009	-0.7724269674344811	-0.5643691311239617	-0.5953927333395355	-0.017658	F	1.652388	0.03987	-0.003117	-0.018284	0.008091	-0.001307	0.018054	-0.990945	0.399011	1.497715	1.805773	-0.71653
cell_000326	donor_009	-0.3576678658752494	0.625509647230222	0.6502230420728918	-0.017658	F	-1.660213	0.055526	-0.003117	-0.018284	0.008091	-0.001307	0.018054	1.802171	0.568009	0.631244	-0.930857	-0.015381
cell_000327	donor_009	-0.5172517388380448	0.8172884509405337	-1.2453532868415036	-0.017658	F	0.009157	0.007649	-0.003117	-0.018284	0.008091	-0.001307	0.018054	-0.825756	0.622644	-0.927589	-1.15279	-0.720413
cell_000328	donor_009	-1.3184937832559227	1.8500661833663667	-0.013103980113008564	-0.017658	F	0.546763	0.050964	-0.003117	-0.018284	0.008091	-0.001307	0.018054	-0.813333	0.422603	1.340005	0.5357	0.051847
cell_000329	donor_009	0.7860367717006123	0.02604044413719684	-0.3026933769113829	-0.017658	F	-1.080916	0.015272	-0.003117	-0.018284	0.008091	-0.001307	0.018054	-0.514189	-1.530761	2.021781	0.633383	0.444341
cell_000330	donor_009	0.20984319688482847	0.5793897982396055	0.7545758773222929	-0.017658	F	0.190816	0.081202	-0.003117	-0.018284	0.008091	-0.001307	0.018054	-0.706142	-0.070834	-0.011409	0.203484	1.230268
cell_000331	donor_009	1.7946957491072832	0.22955716586044203	0.7693635018521657	-0.017658	F	-0.841114	0.011348	-0.003117	-0.018284	0.008091	-0.001307	0.018054	1.227661	-0.051023	1.339684	-2.123565	2.347255
cell_000332	donor_009	-0.3026996472859256	-0.635971757922832	-0.38693307921516906	-0.017658	F	1.239553	0.062305	-0.003117	-0.018284	0.008091	-0.001307	0.018054	-2.132371	0.063145	0.382488	-0.050337	-0.167673
cell_000333	donor_009	-0.8775633723875189	-0.7535856014651399	0.3665567967180284	-0.017658	F	-0.310219	0.081714	-0.003117	-0.018284	0.008091	-0.001307	0.018054	0.103402	0.295614	0.605494	-2.388195	-0.095803
cell_000334	donor_009	2.083490373015552	0.5189670251222661	-1.1184731979625886	-0.017658	F	0.88262	0.051254	-0.003117	-0.018284	0.008091	-0.001307	0.018054	0.282893	-0.179736	0.878008	-2.677146	1.690178
cell_000335	donor_009	0.11727016353620455	0.6813803908766515	1.359851725090432	-0.017658	F	-0.023504	0.014188	-0.003117	-0.018284	0.008091	-0.001307	0.018054	-1.099381	0.586861	-0.424713	0.384145	0.14214
cell_000336	donor_009	-0.40751838295404574	-0.18990658018787074	0.4781955879810449	-0.017658	F	-2.061193	0.044163	-0.003117	-0.018284	0.008091	-0.001307	0.018054	-2.016423	-0.488942	-0.554455	-2.992551	-0.01977
cell_000337	donor_009	-1.5603684872646042	0.049627399802249596	0.15868281304803264	-0.017658	F	-0.560903	0.000358	-0.003117	-0.018284	0.008091	-0.001307	0.018054	1.865791	-0.105477	-0.220559	-0.364669	-0.1898
cell_000338	donor_009	0.8102974820573094	0.8881270563980832	2.7229093115047203	-0.017658	F	-0.180112	0.025725	-0.003117	-0.018284	0.008091	-0.001307	0.018054	-0.997725	-1.418104	-0.546261	-1.388921	0.525563
cell_000339	donor_009	0.9896579340969782	1.8909884337018914	0.7919550066880805	-0.017658	F	-1.262048	0.037248	-0.003117	-0.018284	0.008091	-0.001307	0.018054	-1.423745	0.23955	-0.899959	0.168117	-0.936747
cell_000340	donor_009	-0.32664196635224874	-0.36454896164176565	0.6384408270354857	-0.017658	F	-0.279698	0.046073	-0.003117	-0.018284	0.008091	-0.001307	0.018054	-1.577502	0.638871	-0.685188	2.511577	1.07037
cell_000341	donor_009	-0.5934947483845304	0.006259069150309504	-0.33174577965922114	-0.017658	F	-0.151098	0.059206	-0.003117	-0.018284	0.008091	-0.001307	0.018054	0.178088	-0.343105	0.432794	-1.412594	1.512093
cell_000342	donor_009	1.4047829331737325	2.89524476806866	-2.5537881304950534	-0.017658	F	-0.783087	0.027044	-0.003117	-0.018284	0.008091	-0.001307	0.018054	1.912102	0.578983	-0.720776	-1.100246	-0.693313
cell_000343	donor_009	-0.9980560460281747	-0.5357850499065093	0.10733391150197476	-0.017658	F	0.3691	0.029973	-0.003117	-0.018284	0.008091	-0.001307	0.018054	0.04337	-0.950543	0.170417	0.584405	-0.995283
cell_000344	donor_009	0.23743596148818055	0.2876055453841052	-0.19871522817887396	-0.017658	F	1.117668	0.046941	-0.003117	-0.018284	0.008091	-0.001307	0.018054	1.204517	1.064651	2.180623	0.89637	-1.143744
cell_000345	donor_009	-0.332709058219016	-0.5662517648837434	0.7216684223481017	-0.017658	F	0.745946	0.020605	-0.003117	-0.018284	0.008091	-0.001307	0.018054	-1.28934	1.523857	-0.924136	0.448694	-0.284446
cell_000346	donor_009	-2.3180797320566953	0.917344091681429	-0.40927443855031326	-0.017658	F	-0.927129	0.010524	-0.003117	-0.018284	0.008091	-0.001307	0.018054	1.107731	-0.840127	-0.12003	-0.42017	-0.683127
cell_000347	donor_009	0.8432941375362	-0.6955250519435966	1.4133627749803042	-0.017658	F	-0.273672	0.051043	-0.003117	-0.018284	0.008091	-0.001307	0.018054	1.083111	0.916837	-0.075	-0.614768	-0.108323
cell_000348	donor_009	-0.3580748154226627	0.12916788259248654	-1.6547638504622646	-0.017658	F	-0.011847	0.045804	-0.003117	-0.018284	0.008091	-0.001307	0.018054	0.847037	-0.746216	-1.180183	-1.779092	-0.263318
cell_000349	donor_009	0.5816301100357351	0.17612302795131202	-1.1853062631899267	-0.017658	F	-0.022954	0.055489	-0.003117	-0.018284	0.008091	-0.001307	0.018054	0.775432	0.003936	-0.720734	-0.461157	-2.143451
cell_000350	donor_009	-1.615833989875968	-1.331012333534452	0.29587937205700887	-0.017658	F	-0.61777	0.029445	-0.003117	-0.018284	0.008091	-0.001307	0.018054	0.78492	-1.129256	0.46304	-0.430978	0.017906
cell_000351	donor_009	0.3898186168245177	0.3910773694792737	1.660580140229308	-0.017658	F	1.745587	0.066391	-0.003117	-0.018284	0.008091	-0.001307	0.018054	-0.438256	1.686952	1.39565	-0.761338	-0.207457
cell_000352	donor_009	-0.13795482329992087	0.2760402396260685	-0.5566125407419589	-0.017658	F	0.205572	0.031029	-0.003117	-0.018284	0.008091	-0.001307	0.018054	-2.645011	-1.24089	0.574735	-0.031501	0.737746
cell_000353	donor_009	-0.0925248479647207	-0.07902730500526875	0.037342815574846075	-0.017658	F	0.308722	0.021468	-0.003117	-0.018284	0.008091	-0.001307	0.018054	-2.027383	-1.869509	0.785874	-1.057555	0.621195
cell_000354	donor_009	0.9020919080025804	-0.010401641633515033	3.1893357359424006	-0.017658	F	0.261231	0.035211	-0.003117	-0.018284	0.008091	-0.001307	0.018054	-0.314234	-0.941653	0.335557	-2.014593	1.196349
cell_000355	donor_009	-0.19944944830511582	-0.5080650169254926	-1.9165272691858057	-0.017658	F	-1.103098	0.002287	-0.003117	-0.018284	0.008091	-0.001307	0.018054	1.003311	0.807003	1.426223	-0.616557	-2.992623
cell_000356	donor_009	-0.7610457183957681	1.8925430224158306	0.35286604174393876	-0.017658	F	1.270089	0.033281	-0.003117	-0.018284	0.008091	-0.001307	0.018054	0.328196	-0.431397	0.323417	0.002432	-0.138228
cell_000357	donor_009	1.025429232964636	1.472235721787416	-0.22254905644726444	-0.017658	F	0.07371	0.043289	-0.003117	-0.018284	0.008091	-0.001307	0.018054	-2.202952	-0.59026	-0.244249	0.861249	-0.843964
cell_000358	donor_009	-0.011922836209842629	0.45771420347696773	0.19390592754269237	-0.017658	F	0.720906	0.062765	-0.003117	-0.018284	0.008091	-0.001307	0.018054	1.040411	-0.159305	-0.076221	-1.941232	0.03729
cell_000359	donor_009	0.9608972085017836	-0.16645817540520558	0.2804437076928016	-0.017658	F	0.23579	0.051501	-0.003117	-0.018284	0.008091	-0.001307	0.018054	0.299379	-0.596867	-1.021304	1.71244	-1.577673
cell_000360	donor_009	-0.8318635563019859	1.4179533434886453	-0.15566880290735632	-0.017658	F	-0.516755	0.0361	-0.003117	-0.018284	0.008091	-0.001307	0.018054	-0.457305	-0.267354	0.176945	-0.615644	-0.62749
cell_000361	donor_009	0.26230624089526033	-0.9037199490908028	0.3598835742966653	-0.017658	F	1.040987	0.082827	-0.003117	-0.018284	0.008091	-0.001307	0.018054	0.485925	1.145466	-0.422309	-0.053379	-1.09992
cell_000362	donor_009	-1.0310823029837974	0.15907744877681954	-0.33773103091579887	-0.017658	F	0.985492	0.023953	-0.003117	-0.018284	0.008091	-0.001307	0.018054	0.955469	1.139009	-0.994073	-0.264297	0.708219
cell_000363	donor_009	-1.065060391887007	0.6798892149718223	0.13427010225901856	-0.017658	F	-0.781334	0.044633	-0.003117	-0.018284	0.008091	-0.001307	0.018054	-0.826726	-0.210041	0.461374	0.50227	-1.337876
cell_000364	donor_010	0.7464866508462265	0.3818638688208888	0.3220885106445992	0.971186	F	-1.897337	0.012532	0.013494	-0.012027	0.01956	0.027338	-0.002541	-1.308442	1.457452	1.790962	-0.60189	0.925702
cell_000365	donor_010	-0.12026741768280165	1.6648417227628263	-0.2557177628478283	0.971186	F	-0.394875	0.001541	0.013494	-0.012027	0.01956	0.027338	-0.002541	-0.016989	-0.12963	2.240653	1.014104	0.119311
cell_000366	donor_010	0.11824188822463091	1.1959132445146161	-0.2001785691461575	0.971186	F	-0.240147	0.034071	0.013494	-0.012027	0.01956	0.027338	-0.002541	1.055945	0.20956	0.652627	1.354164	-0.230622
cell_000367	donor_010	0.4881197761613818	-0.8988458187366309	0.2571192329036684	0.971186	F	-1.339963	0.047967	0.013494	-0.012027	0.01956	0.027338	-0.002541	0.192683	0.645918	0.839935	1.788885	0.385138
cell_000368	donor_010	-0.41117355199258604	0.6992400723960503	0.5162676046940413	0.971186	F	0.38255	0.056743	0.013494	-0.012027	0.01956	0.027338	-0.002541	-1.25668	-0.169045	0.003028	-0.293439	-1.608296
cell_000369	donor_010	-0.2237459027595306	0.12295472979402472	0.4557759554038163	0.971186	F	0.36292	0.042121	0.013494	-0.012027	0.01956	0.027338	-0.002541	-0.306976	-1.633321	0.396339	-1.171315	0.938608
cell_000370	donor_010	-1.500405210229223	-1.9650561708375405	-1.0192275988435162	0.971186	F	1.457766	0.024789	0.013494	-0.012027	0.01956	0.027338	-0.002541	-1.176607	-0.655531	0.143663	0.269622	0.174771
cell_000371	donor_010	2.1765012802051094	-0.8893981987410366	1.504906495341629	0.971186	F	0.310701	0.067362	0.013494	-0.012027	0.01956	0.027338	-0.002541	-0.29365	-1.040202	-1.791245	0.918692	0.475026
cell_000372	donor_010	-2.138360213399404	0.1650740527559921	0.7101040875381684	0.971186	F	-0.246356	0.041636	0.013494	-0.012027	0.01956	0.027338	-0.002541	0.918599	0.104566	-2.03555	0.457919	-1.498359
cell_000373	donor_010	-0.41532065061847545	0.42566996468362617	0.48439533661614237	0.971186	F	-0.164698	0.013103	0.013494	-0.012027	0.01956	0.027338	-0.002541	-0.063697	1.259891	0.532526	2.353211	-0.367283
cell_000374	donor_010	1.1521467864142543	-2.3619459938055467	-0.640539716168282	0.971186	F	-0.624464	0.047586	0.013494	-0.012027	0.01956	0.027338	-0.002541	-0.143946	0.461965	0.688882	-0.866611	-1.272235
cell_000375	donor_010	-1.35209673567906	-0.657240626145772	0.20492769880194678	0.971186	F	0.181734	0.040761	0.013494	-0.012027	0.01956	0.027338	-0.002541	0.362983	0.823844	-0.229055	0.163417	-0.873907
cell_000376	donor_010	-1.066566405648026	-0.5898841856441289	-0.3354765967031644	0.971186	F	1.174402	0.037183	0.013494	-0.012027	0.01956	0.027338	-0.002541	1.416322	-0.384656	-0.059171	-0.188997	0.011991
cell_000377	donor_010	-0.15921379998746704	-1.1703085419292896	-0.33484179076772086	0.971186	F	0.412082	0.011152	0.013494	-0.012027	0.01956	0.027338	-0.002541	0.571414	-0.347919	-0.159191	0.834543	-1.452074
cell_000378	donor_010	1.7191281290585358	1.650653906185883	0.03781811155002281	0.971186	F	-0.845379	0.03679	0.013494	-0.012027	0.01956	0.027338	-0.002541	1.075273	0.189684	-1.691451	1.084016	-0.74441
cell_000379	donor_010	0.11640112087540479	0.6674953159371191	-0.1255990089942423	0.971186	F	-0.406027	0.055065	0.013494	-0.012027	0.01956	0.027338	-0.002541	0.041337	0.030298	0.196788	0.539936	-0.189936
cell_000380	donor_010	-0.284558702741253	-0.6311983646013564	-0.44698314359253255	0.971186	F	0.584261	0.016509	0.013494	-0.012027	0.01956	0.027338	-0.002541	0.925646	-0.456038	0.835047	1.458071	1.200803
cell_000381	donor_010	-2.904858724469391	1.7756889087110423	0.5698293568382897	0.971186	F	0.581133	0.000102	0.013494	-0.012027	0.01956	0.027338	-0.002541	-1.591956	0.462693	0.45003	0.386583	-0.211839
cell_000382	donor_010	-1.3919328041964776	0.7526371150269585	-0.936714602927456	0.971186	F	0.168054	0.055505	0.013494	-0.012027	0.01956	0.027338	-0.002541	0.324119	-1.319287	0.802664	-1.641995	0.966539
cell_000383	donor_010	1.1328436133183135	-1.6483535257287922	1.4449883742195937	0.971186	F	1.431304	0.044866	0.013494	-0.012027	0.01956	0.027338	-0.002541	-0.093301	-0.939208	-0.226399	-0.370734	1.438032
cell_000384	donor_010	-0.4299123241105646	1.224883841998337	0.027087928615279755	0.971186	F	0.044755	0.03882	0.013494	-0.012027	0.01956	0.027338	-0.002541	-0.727023	-0.033616	0.473463	0.040822	0.574997
cell_000385	donor_010	-1.4239232378511486	-0.28411470804779976	0.40818175701192355	0.971186	F	-0.16007	0.054755	0.013494	-0.012027	0.01956	0.027338	-0.002541	-0.338073	0.671083	-0.266527	-0.122108	-0.095553
cell_000386	donor_010	-0.14037184619946536	0.10653444228396863	0.06370845343837482	0.971186	F	2.440959	0.024683	0.013494	-0.012027	0.01956	0.027338	-0.002541	1.244987	2.180308	-0.164173	-0.181387	-1.223786
cell_000387	donor_010	1.1723136710693431	-0.037045344425920126	0.6038510207674677	0.971186	F	0.029045	0.038917	0.013494	-0.012027	0.01956	0.027338	-0.002541	0.261472	0.204812	0.402546	-1.501771	0.400955
cell_000388	donor_010	-0.2675216930747631	1.6152822433796143	1.785418449386881	0.971186	F	1.600653	0.040471	0.013494	-0.012027	0.01956	0.027338	-0.002541	0.318769	1.921667	-2.983377	-1.242646	0.642999
cell_000389	donor_010	0.524653680957965	1.6204977857712395	0.5628350851154623	0.971186	F	1.002812	0.04651	0.013494	-0.012027	0.01956	0.027338	-0.002541	1.071675	1.015943	0.150948	0.731764	0.187269
cell_000390	donor_010	0.457722350831294	-0.19218937596819394	-1.8586481071320422	0.971186	F	-1.184773	0.045624	0.013494	-0.012027	0.01956	0.027338	-0.002541	-1.683606	0.813219	0.401903	0.567672	0.40204
cell_000391	donor_010	-0.7852676700497816	1.308754539613803	-0.0491918120172708	0.971186	F	0.088686	0.017734	0.013494	-0.012027	0.01956	0.027338	-0.002541	-0.138443	0.39537	0.076967	-1.336555	0.358153
cell_000392	donor_010	-1.3457893393374896	0.03437088306114631	-0.7908822225053382	0.971186	F	0.797275	0.061936	0.013494	-0.012027	0.01956	0.027338	-0.002541	-0.734448	1.726943	0.354683	0.715204	0.959636
cell_000393	donor_010	-1.337958529787347	0.5112368974347768	1.51626040257266	0.971186	F	0.88925	0.061015	0.013494	-0.012027	0.01956	0.027338	-0.002541	0.085346	-0.669605	1.355809	-0.691908	-0.09571
cell_000394	donor_010	0.7524409730969767	-0.7123916837321572	1.7351093041868353	0.971186	F	-0.359583	0.071235	0.013494	-0.012027	0.01956	0.027338	-0.002541	0.036889	1.186999	0.286779	-0.182227	0.331462
cell_000395	donor_010	-0.47722400488397293	0.022652341775858915	-2.5674107994736937	0.971186	F	-0.286278	0.025645	0.013494	-0.012027	0.01956	0.027338	-0.002541	0.214986	-0.238853	-0.683781	0.769612	-1.553952
cell_000396	donor_010	0.12702781174683137	0.6381912745146672	-0.24377419059360075	0.971186	F	-2.165785	0.0013	0.013494	-0.012027	0.01956	0.027338	-0.002541	-0.896287	-1.717856	0.080365	-0.774595	0.018374
cell_000397	donor_010	-0.35604019095552475	-2.039849772470825	-0.23624415502806181	0.971186	F	-0.294425	0.014061	0.013494	-0.012027	0.01956	0.027338	-0.002541	1.05936	0.364759	0.361631	-1.465845	0.504096
cell_000398	donor_010	-0.024928013579267622	-0.594778103096222	0.6441512019978528	0.971186	F	0.849021	8.5e-05	0.013494	-0.012027	0.01956	0.027338	-0.002541	-1.812778	-1.654883	-0.134939	-1.214161	-0.809565
cell_000399	donor_010	1.4779973654886258	0.3543017543046224	0.2520145648972779	0.971186	F	-0.252605	0.024446	0.013494	-0.012027	0.01956	0.027338	-0.002541	0.372375	-1.761578	0.008715	-1.939272	0.082691
cell_000400	donor_010	-0.6419250683038512	1.691788514347098	-1.3115853522751049	0.971186	F	1.328462	0.007956	0.013494	-0.012027	0.01956	0.027338	-0.002541	-0.773641	-2.073112	-1.056366	0.246704	-0.205306
cell_000401	donor_010	0.7148385784804292	-0.7279990637782741	-0.31870353713499894	0.971186	F	-0.517667	0.012837	0.013494	-0.012027	0.01956	0.027338	-0.002541	-1.205826	-1.232721	-0.536704	0.815388	0.682107
cell_000402	donor_010	-0.65105939924606	-1.580276238887508	-1.2726961625700293	0.971186	F	-0.230589	0.013309	0.013494	-0.012027	0.01956	0.027338	-0.002541	-1.562707	-1.122439	-1.851955	-0.763547	0.379476
cell_000403	donor_011	-0.03273952606114749	-2.2542508951600837	-0.8279284461777171	-1.430292	M	-0.424337	0.055859	0.043806	0.000525	-0.015989	0.023846	0.005126	1.955502	-0.621942	-1.016313	0.158457	-0.171685
cell_000404	donor_011	-0.75801623849452	1.1219385721664683	1.8166673808879286	-1.430292	M	0.534579	0.022006	0.043806	0.000525	-0.015989	0.023846	0.005126	-0.117229	-0.880113	0.692742	0.885786	0.183838
cell_000405	donor_011	-0.2246584405598603	-0.8319472222332113	-0.21764663788521124	-1.430292	M	0.643295	0.02939	0.043806	0.000525	-0.015989	0.023846	0.005126	0.786445	-0.654313	-0.72263	-0.176745	0.295023
cell_000406	donor_011	1.1149610796492386	0.8394892163553174	-0.1465465040291299	-1.430292	M	1.373356	0.000244	0.043806	0.000525	-0.015989	0.023846	0.005126	1.499974	-0.691806	0.574734	0.353025	0.491748
cell_000407	donor_011	-0.22172937300679849	-1.187454517434994	-0.5837285052423709	-1.430292	M	-1.095714	0.059553	0.043806	0.000525	-0.015989	0.023846	0.005126	1.874519	-1.717325	-0.31504	0.817098	1.260138
cell_000408	donor_011	0.40244604049700283	-1.2260728012338857	-0.7968490713607708	-1.430292	M	-1.241147	0.000911	0.043806	0.000525	-0.015989	0.023846	0.005126	-1.223736	0.976076	-0.19733	1.956762	0.111492
cell_000409	donor_011	0.8400093743081394	0.44087872023423746	-0.7181686365610853	-1.430292	M	0.597233	0.039115	0.043806	0.000525	-0.015989	0.023846	0.005126	-1.341899	-0.583294	-0.126432	-1.496507	1.62105
cell_000410	donor_011	1.5782669632973079	0.7543080130319922	-0.8299899848445728	-1.430292	M	-0.158165	0.030585	0.043806	0.000525	-0.015989	0.023846	0.005126	-1.480887	1.106208	1.255267	-0.021773	1.036981
cell_000411	donor_011	0.9135014526493294	1.3362207146955165	0.7064526370065054	-1.430292	M	-0.893243	0.028393	0.043806	0.000525	-0.015989	0.023846	0.005126	-0.08586	0.833133	-0.535556	1.477836	-0.918177
cell_000412	donor_011	-1.1660795869508092	0.3918895892619839	-0.7052329558251372	-1.430292	M	-2.170778	0.032529	0.043806	0.000525	-0.015989	0.023846	0.005126	-0.327259	-0.657876	-0.962825	-0.068386	-0.17787
cell_000413	donor_011	-3.331559484818158	-0.44948907962926976	-1.2698162630348013	-1.430292	M	1.481835	0.000444	0.043806	0.000525	-0.015989	0.023846	0.005126	0.713325	0.661924	-0.449292	1.111308	0.787411
cell_000414	donor_011	-1.3439541567130846	1.8491879652906833	-0.10985672552755574	-1.430292	M	1.117255	0.017054	0.043806	0.000525	-0.015989	0.023846	0.005126	0.621798	-0.118403	0.013093	0.733479	-0.308907
cell_000415	donor_011	0.43863048452257875	1.957347327796235	0.6674166376831031	-1.430292	M	0.853813	0.071343	0.043806	0.000525	-0.015989	0.023846	0.005126	-3.481938	-0.175012	0.616453	1.183678	1.396139
cell_000416	donor_011	0.26113044008143016	-0.7508593205790929	-0.09623108999655906	-1.430292	M	-0.157271	0.031787	0.043806	0.000525	-0.015989	0.023846	0.005126	1.71946	1.244052	0.203488	-0.350906	0.230303
cell_000417	donor_011	0.058926931696175716	1.0437571941513697	0.4150223974047541	-1.430292	M	1.358494	0.021176	0.043806	0.000525	-0.015989	0.023846	0.005126	-2.707505	0.119284	-1.37895	1.661737	-0.85118
cell_000418	donor_011	0.5572228542324323	-0.23125297464139316	-1.6392751450202618	-1.430292	M	1.691445	0.023707	0.043806	0.000525	-0.015989	0.023846	0.005126	0.00838	-2.073702	-0.427962	0.552391	1.729034
cell_000419	donor_011	0.12757824270513615	-0.7817611506566013	1.3286200488388913	-1.430292	M	0.794535	0.036483	0.043806	0.000525	-0.015989	0.023846	0.005126	-1.499965	-0.194405	1.112356	-0.729797	1.704845
cell_000420	donor_011	-0.25587722812107005	1.2859342195809063	2.8904648592171966	-1.430292	M	-0.308828	0.010377	0.043806	0.000525	-0.015989	0.023846	0.005126	1.184323	-0.294834	2.085746	-1.374948	0.220127
cell_000421	donor_011	-0.011095901988270153	0.0032882753799325344	-0.5043447778022787	-1.430292	M	0.913785	0.021125	0.043806	0.000525	-0.015989	0.023846	0.005126	-0.39512	-0.861429	-0.752229	1.608368	-0.481246
cell_000422	donor_011	-0.2059172293923605	0.5794521182394764	-0.8263499504017245	-1.430292	M	0.083816	0.054945	0.043806	0.000525	-0.015989	0.023846	0.005126	-0.62763	-1.024352	-0.008081	1.133226	1.781898
cell_000423	donor_011	-0.3416492829737204	-0.3376333364261104	0.20999044177668233	-1.430292	M	0.778048	0.034409	0.043806	0.000525	-0.015989	0.023846	0.005126	-1.434785	-0.327148	0.595485	-0.840543	0.884125
cell_000424	donor_011	-1.4849594937463426	0.1444187759804471	0.1623489367018134	-1.430292	M	0.460766	0.025906	0.043806	0.000525	-0.015989	0.023846	0.005126	-0.982311	0.730022	-1.811142	0.791518	0.75361
cell_000425	donor_011	-0.6646315021227287	0.6523459500274159	0.5831722266115192	-1.430292	M	1.22929	0.031818	0.043806	0.000525	-0.015989	0.023846	0.005126	-0.273631	-0.809012	-0.75651	-0.565376	2.06791
cell_000426	donor_011	0.7604184475903424	-0.12439415518153858	-0.20110553687339702	-1.430292	M	-0.254814	0.036392	0.043806	0.000525	-0.015989	0.023846	0.005126	-0.317189	-1.499388	-1.129612	0.797827	-1.360733
cell_000427	donor_011	0.03517366635407989	-0.8384711577797237	-1.3684907955671388	-1.430292	M	0.5451	0.024873	0.043806	0.000525	-0.015989	0.023846	0.005126	0.714611	1.433956	-0.024034	-0.500166	-1.57984
cell_000428	donor_011	-0.39341204106873734	0.35738434344987036	-0.5033374621436675	-1.430292	M	1.090669	0.03945	0.043806	0.000525	-0.015989	0.023846	0.005126	-1.852566	-0.952188	0.69201	-1.038522	1.710759
cell_000429	donor_011	-0.8327903115105179	-1.700256412260607	-0.5349007957264525	-1.430292	M	-0.131046	0.019184	0.043806	0.000525	-0.015989	0.023846	0.005126	-0.092975	-1.029076	0.740752	-0.36432	0.348214
cell_000430	donor_011	0.2648774944934994	-0.1199894621320986	1.3042390342717987	-1.430292	M	1.472943	0.036616	0.043806	0.000525	-0.015989	0.023846	0.005126	-0.169741	1.305841	0.025502	0.096564	1.060138
cell_000431	donor_011	1.415101566769539	0.07942644850421562	-0.7060297074492439	-1.430292	M	0.362906	0.061482	0.043806	0.000525	-0.015989	0.023846	0.005126	0.331035	-1.471875	0.321366	-0.425332	0.338546
cell_000432	donor_011	0.5575654579691378	0.45278761718106153	0.6216352537716351	-1.430292	M	1.917106	0.030732	0.043806	0.000525	-0.015989	0.023846	0.005126	0.515353	-0.053084	0.255483	2.266568	-0.43412
cell_000433	donor_011	-0.5227233524091127	0.8407398835137756	0.6760513903034432	-1.430292	M	-0.603532	0.041201	0.043806	0.000525	-0.015989	0.023846	0.005126	-1.226135	-1.63209	-1.590907	1.414505	-0.406163
cell_000434	donor_011	-0.1551425644207919	-1.054701885681642	0.7783242504017109	-1.430292	M	-1.669636	0.011135	0.043806	0.000525	-0.015989	0.023846	0.005126	-0.730212	-1.687612	-1.35516	-0.343502	0.879644
cell_000435	donor_011	-0.39402064531852365	-0.7852421712474587	2.0547812074896923	-1.430292	M	-1.900272	0.012409	0.043806	0.000525	-0.015989	0.023846	0.005126	0.191221	0.10305	-0.506756	-0.055204	0.67277
cell_000436	donor_011	0.9450747201493779	-1.479448257487381	-1.0591581302616762	-1.430292	M	-0.200462	0.002795	0.043806	0.000525	-0.015989	0.023846	0.005126	0.445964	-1.117832	0.387651	1.322214	-0.190113
cell_000437	donor_011	-0.7853111382608681	-0.9658738306947593	0.8256417196741429	-1.430292	M	-0.211219	0.027103	0.043806	0.000525	-0.015989	0.023846	0.005126	-1.091167	-0.264599	-0.830328	0.085201	2.381695
cell_000438	donor_011	-0.23525423382600805	-2.376764105873795	-1.1196225342649764	-1.430292	M	-1.00813	0.015798	0.043806	0.000525	-0.015989	0.023846	0.005126	-0.138666	-1.73737	-0.645312	-0.534442	2.646939
cell_000439	donor_011	-0.2028765189330492	-1.2020206070609747	-0.13458331324454859	-1.430292	M	-1.396416	0.015205	0.043806	0.000525	-0.015989	0.023846	0.005126	0.104125	0.607579	0.294398	-0.733102	-1.751425
cell_000440	donor_011	-2.077784147342516	-0.07525866060788507	-0.9143505794983071	-1.430292	M	1.764504	0.028713	0.043806	0.000525	-0.015989	0.023846	0.005126	0.428282	0.756933	0.645484	0.984078	-0.289074
cell_000441	donor_011	-1.8503392374739374	0.06459419194131788	-0.4122495219713829	-1.430292	M	-1.032759	0.005799	0.043806	0.000525	-0.015989	0.023846	0.005126	0.907114	0.324811	-1.435877	-0.28832	-0.015796
cell_000442	donor_011	1.5148023501455117	-0.44921189045796056	1.8235409531071498	-1.430292	M	1.432807	0.011103	0.043806	0.000525	-0.015989	0.023846	0.005126	-0.48595	2.022315	-0.396548	-0.480698	-0.438396
cell_000443	donor_011	0.9325646133932025	-0.8000926446481423	0.6857287066254035	-1.430292	M	-0.364016	0.023526	0.043806	0.000525	-0.015989	0.023846	0.005126	0.854248	1.456296	1.892531	0.986115	1.724161
cell_000444	donor_011	-1.4412564116138156	-1.4586227904953264	0.5098010499060243	-1.430292	M	0.179722	0.038247	0.043806	0.000525	-0.015989	0.023846	0.005126	-1.596189	0.097841	-0.663061	0.066465	-1.906774
cell_000445	donor_011	-1.5673238113860068	0.2529797965618861	-1.1471785307519868	-1.430292	M	-0.503041	0.063656	0.043806	0.000525	-0.015989	0.023846	0.005126	1.622876	0.235277	-0.135163	-0.116339	-0.631961
cell_000446	donor_011	-0.7834205000794219	0.3123528945677498	-1.0305597872140038	-1.430292	M	0.826379	0.044656	0.043806	0.000525	-0.015989	0.023846	0.005126	-1.230888	-0.020546	-1.242102	-1.313978	-0.498905
cell_000447	donor_012	1.4920359015832902	-0.7925475126072863	-0.5492785153690736	0.618027	M	-0.798551	0.023044	-0.008712	-0.024112	0.020324	0.013129	0.039828	-0.28806	0.373452	-0.102371	-1.529845	-0.214773
cell_000448	donor_012	0.3288036812624628	-0.9561102260687235	1.0487154955218707	0.618027	M	0.116288	0.022106	-0.008712	-0.024112	0.020324	0.013129	0.039828	-1.675502	-1.089555	1.648789	-1.362346	1.567441
cell_000449	donor_012	0.04477677849785052	0.46229388243450215	-0.7710022588154362	0.618027	M	-0.414006	0.030729	-0.008712	-0.024112	0.020324	0.013129	0.039828	-0.458241	0.746329	2.185325	-1.64503	0.720371
cell_000450	donor_012	-0.46142174801605856	-0.9393945675114647	-0.07692132339866486	0.618027	M	-0.991915	0.029846	-0.008712	-0.024112	0.020324	0.013129	0.039828	0.992447	-0.887183	1.161488	0.605201	-0.250611
cell_000451	donor_012	-0.845572568646104	-0.03397813549927884	0.6140403480873945	0.618027	M	-0.325047	0.06616	-0.008712	-0.024112	0.020324	0.013129	0.039828	-1.713454	-0.205405	-0.089988	-0.585563	0.852173
cell_000452	donor_012	-0.683925773723043	-0.8311668552351575	-0.47003445282817363	0.618027	M	-0.649318	0.036267	-0.008712	-0.024112	0.020324	0.013129	0.039828	0.370711	-0.170521	-1.219164	1.80431	0.316109
cell_000453	donor_012	1.6816957289330567	-0.6327499761569223	-0.2937375603620002	0.618027	M	0.418193	0.028577	-0.008712	-0.024112	0.020324	0.013129	0.039828	0.1281	-0.663174	-1.986625	-0.978426	0.572891
cell_000454	donor_012	1.0226134656675288	1.0476872340976031	0.6862756795739918	0.618027	M	-0.705787	0.009281	-0.008712	-0.024112	0.020324	0.013129	0.039828	-0.407041	0.256952	-2.149874	0.675615	0.031166
cell_000455	donor_012	-0.6383588111510452	-0.525574096331144	0.4667556717959058	0.618027	M	-1.259421	0.062646	-0.008712	-0.024112	0.020324	0.013129	0.039828	1.672744	1.184427	1.012848	-0.365933	-2.023477
cell_000456	donor_012	0.21646418054228947	0.13748877789445813	0.17534961029791796	0.618027	M	-0.984319	0.012498	-0.008712	-0.024112	0.020324	0.013129	0.039828	-2.035101	0.095369	-1.29599	-0.382697	-1.951971
cell_000457	donor_012	0.6306185366761222	-0.119517055165503	0.2606418393030568	0.618027	M	0.708072	0.055371	-0.008712	-0.024112	0.020324	0.013129	0.039828	1.96051	-2.313374	-0.233013	-1.101736	0.998446
cell_000458	donor_012	1.3326811868747057	2.049895576485869	0.7348031292315841	0.618027	M	-0.930258	0.047277	-0.008712	-0.024112	0.020324	0.013129	0.039828	0.794943	-1.142005	1.049765	0.647948	-1.995081
cell_000459	donor_012	0.14770649395781035	-0.1911281487515298	-0.8653447837509215	0.618027	M	1.291591	0.030796	-0.008712	-0.024112	0.020324	0.013129	0.039828	-0.021368	-0.712185	-0.104395	-1.440864	0.101228
cell_000460	donor_012	1.0699864385097577	1.2313801712273102	-0.2698694951015708	0.618027	M	2.182096	0.030268	-0.008712	-0.024112	0.020324	0.013129	0.039828	0.041378	-0.991702	0.211656	2.36099	-0.9148
cell_000461	donor_012	0.24862855647380355	-0.12794010022719707	1.0079665936323654	0.618027	M	0.047684	0.02406	-0.008712	-0.024112	0.020324	0.013129	0.039828	-1.232677	-0.454194	-0.248885	0.149864	-1.118555
cell_000462	donor_012	1.3258189893127164	0.25613838678402157	-0.4215194953818266	0.618027	M	0.2286	0.06251	-0.008712	-0.024112	0.020324	0.013129	0.039828	-0.455959	0.333025	-0.303676	0.762809	0.961429
cell_000463	donor_012	-0.41592551144953355	0.4154332429139824	-0.1616388687102405	0.618027	M	-0.659575	0.018237	-0.008712	-0.024112	0.020324	0.013129	0.039828	-2.501991	-0.154405	-1.512187	1.391336	0.220811
cell_000464	donor_012	1.7099022267342152	1.2750132410952346	-0.7340446216222516	0.618027	M	0.107552	0.024951	-0.008712	-0.024112	0.020324	0.013129	0.039828	-0.33955	-1.275579	-0.520154	0.322565	-1.199229
cell_000465	donor_012	-0.7376519319300653	-0.9637081852855797	0.3475630659833409	0.618027	M	-0.402342	0.001686	-0.008712	-0.024112	0.020324	0.013129	0.039828	-0.82868	-0.731357	-0.612259	-1.125451	0.16594
cell_000466	donor_012	0.7682325415843759	-0.008837712901857215	0.8405493792842097	0.618027	M	0.62243	0.008077	-0.008712	-0.024112	0.020324	0.013129	0.039828	-0.083891	0.402132	1.516965	-0.135364	-1.486442
cell_000467	donor_012	0.7589191242555802	0.9898945756117057	-0.8752050537118979	0.618027	M	1.36975	0.027116	-0.008712	-0.024112	0.020324	0.013129	0.039828	1.037096	0.625295	-0.188286	-0.385268	0.143488
cell_000468	donor_012	1.6528017272740305	0.5005544486484296	-0.15698343925871663	0.618027	M	2.059784	0.038629	-0.008712	-0.024112	0.020324	0.013129	0.039828	-0.044453	-0.129207	0.850379	-0.330778	1.119625
cell_000469	donor_012	0.02662991663630748	-0.4964085563405019	-0.828655947719185	0.618027	M	-0.801408	0.021676	-0.008712	-0.024112	0.020324	0.013129	0.039828	0.14439	0.378716	1.459176	0.409554	0.075544
cell_000470	donor_012	0.4683188152582455	-0.6603457938606873	-1.0632262301286721	0.618027	M	-0.68963	0.013146	-0.008712	-0.024112	0.020324	0.013129	0.039828	1.892889	1.160277	-0.602324	0.410815	1.635191
cell_000471	donor_012	1.047574597112812	1.4074418259117276	1.1268850749862103	0.618027	M	0.005152	0.021843	-0.008712	-0.024112	0.020324	0.013129	0.039828	0.345261	0.047076	-0.193947	-1.476636	1.454807
cell_000472	donor_012	-1.6150162408014883	-0.987838209654849	1.1422724381355849	0.618027	M	1.650974	0.03212	-0.008712	-0.024112	0.020324	0.013129	0.039828	-0.318605	-0.612059	-0.56557	-0.018418	0.536399
cell_000473	donor_012	-0.12308238308708996	-0.6670864741684606	1.845214788176283	0.618027	M	0.453999	0.007626	-0.008712	-0.024112	0.020324	0.013129	0.039828	0.966035	0.173943	0.312789	0.507809	1.379493
cell_000474	donor_012	0.6084045610285301	1.0295069312550997	-0.5247536190668719	0.618027	M	-0.480221	0.002454	-0.008712	-0.024112	0.020324	0.013129	0.039828	0.233125	0.034695	-1.66586	-0.828853	1.602637
cell_000475	donor_012	-0.9548729127520191	0.5900566106901659	2.123691691186885	0.618027	M	1.238206	0.032052	-0.008712	-0.024112	0.020324	0.013129	0.039828	-0.676207	1.055058	-1.144155	1.44128	1.716901
cell_000476	donor_012	-0.07500783299422792	-0.06049385834795351	-0.393106084487311	0.618027	M	0.018673	0.03129	-0.008712	-0.024112	0.020324	0.013129	0.039828	0.913693	0.52104	0.283432	1.904625	0.43055
cell_000477	donor_012	0.8185696389773154	1.1182284220596566	0.9939516431106825	0.618027	M	-0.807738	0.038231	-0.008712	-0.024112	0.020324	0.013129	0.039828	0.468809	0.200277	-0.665568	0.179683	1.39358
cell_000478	donor_012	1.057477137180792	1.1616161582594757	-0.8336511683306411	0.618027	M	0.485983	0.031415	-0.008712	-0.024112	0.020324	0.013129	0.039828	2.231571	1.098926	-0.505396	0.233047	-1.393655
cell_000479	donor_012	-1.3789183276753103	-0.2995911795913104	-0.5482697405855671	0.618027	M	-0.420095	0.018767	-0.008712	-0.024112	0.020324	0.013129	0.039828	0.06635	-2.081546	-0.236388	-1.035971	1.78803
cell_000480	donor_012	-0.9394579942949145	0.8336224112708088	0.6265704105119715	0.618027	M	1.644118	0.008796	-0.008712	-0.024112	0.020324	0.013129	0.039828	-0.883852	1.219226	2.104629	-0.212986	0.972747
cell_000481	donor_013	-0.8905383293355706	-0.09658427361602424	-0.16627629718772108	-0.723975	F	-1.386025	0.072645	-0.026013	0.011466	0.041342	0.025067	-0.003929	1.681589	1.093482	-0.876989	-1.075657	-0.915041
cell_000482	donor_013	-1.0037689808858037	-1.9672366241915307	-1.0045767686287086	-0.723975	F	-1.364068	0.034761	-0.026013	0.011466	0.041342	0.025067	-0.003929	0.295303	0.906773	0.41239	1.427217	0.760753
cell_000483	donor_013	-0.11972092851735723	-1.2781503692188485	0.6176099017059469	-0.723975	F	-0.380831	0.028263	-0.026013	0.011466	0.041342	0.025067	-0.003929	1.139339	0.575872	-0.249075	-1.424249	-2.046111
cell_000484	donor_013	1.4503137668400221	-0.39744049152462735	-1.109903538756222	-0.723975	F	-0.132274	0.049212	-0.026013	0.011466	0.041342	0.025067	-0.003929	-0.522524	0.620374	-0.451346	-1.219364	0.948519
cell_000485	donor_013	1.2014991807926276	1.176088272498089	0.9521615649545648	-0.723975	F	1.397662	0.083376	-0.026013	0.011466	0.041342	0.025067	-0.003929	1.43233	-1.378196	-0.855888	0.216135	0.270173
cell_000486	donor_013	-0.4595812306372292	-0.2602372401711593	-0.4357162301174004	-0.723975	F	0.953413	0.032042	-0.026013	0.011466	0.041342	0.025067	-0.003929	-0.46364	0.237523	0.898592	-0.716971	1.202919
cell_000487	donor_013	0.08601441649346012	0.422120752103767	-0.33103460606729196	-0.723975	F	0.219622	0.023593	-0.026013	0.011466	0.041342	0.025067	-0.003929	1.477708	0.931097	-0.455763	-0.734936	-0.025035
cell_000488	donor_013	0.0596182657474459	0.963557496679533	-1.8351956218002512	-0.723975	F	0.304689	0.007826	-0.026013	0.011466	0.041342	0.025067	-0.003929	0.222147	0.716472	0.269382	1.122424	0.701921
cell_000489	donor_013	0.9373741152606062	1.4775565090602372	0.8585393224686922	-0.723975	F	0.774765	0.036368	-0.026013	0.011466	0.041342	0.025067	-0.003929	-0.265498	2.295464	0.862474	-0.366463	-0.601121
cell_000490	donor_013	-0.4983319461842089	0.3816414164403062	-0.0470735848424224	-0.723975	F	-0.163155	0.007711	-0.026013	0.011466	0.041342	0.025067	-0.003929	1.196087	-0.414105	0.438308	-1.052839	-1.734759
cell_000491	donor_013	-2.052201253822056	0.30031987149743616	-0.9055398698519478	-0.723975	F	0.506891	0.023498	-0.026013	0.011466	0.041342	0.025067	-0.003929	0.157296	-2.315009	1.420511	0.271809	1.283551
cell_000492	donor_013	-1.0490047494577406	-0.825286473004223	0.5100935230092549	-0.723975	F	-1.108557	0.038963	-0.026013	0.011466	0.041342	0.025067	-0.003929	-0.591908	0.610734	-0.486954	0.457575	0.021692
cell_000493	donor_013	-0.29707915365110493	-0.48795061191293604	0.3359373246034995	-0.723975	F	-0.689185	0.043372	-0.026013	0.011466	0.041342	0.025067	-0.003929	-0.2248	1.108608	-0.480988	0.038074	-1.094552
cell_000494	donor_013	-0.8771299580199621	0.6387714530580443	-0.5814656760349528	-0.723975	F	-0.396384	0.01097	-0.026013	0.011466	0.041342	0.025067	-0.003929	0.649337	1.942506	-1.019389	-0.316192	0.15904
cell_000495	donor_013	0.20655063271683816	-0.20349308250199044	-0.2786903360742292	-0.723975	F	0.285934	0.044656	-0.026013	0.011466	0.041342	0.025067	-0.003929	-0.693804	0.255127	-0.181402	0.291695	-1.148321
cell_000496	donor_013	0.6060346514209524	-0.20980147573503016	0.28344225081912466	-0.723975	F	-0.067285	0.03585	-0.026013	0.011466	0.041342	0.025067	-0.003929	1.342951	2.29646	-0.001462	-0.250434	0.246624
cell_000497	donor_013	0.35795512323052214	-1.0324195948950812	-1.6468371210483739	-0.723975	F	-0.308764	0.032818	-0.026013	0.011466	0.041342	0.025067	-0.003929	-1.184338	-0.161302	-0.187134	0.423128	-1.112921
cell_000498	donor_013	-0.27411176631866563	-0.9221629361906605	-1.3569268954264615	-0.723975	F	0.159464	0.063085	-0.026013	0.011466	0.041342	0.025067	-0.003929	-0.581638	1.226696	1.335139	-0.308715	-0.332903
cell_000499	donor_013	0.27270302732853013	-1.2250129066886672	1.3153873123838185	-0.723975	F	-0.337428	0.064633	-0.026013	0.011466	0.041342	0.025067	-0.003929	1.418484	0.647412	-0.761835	0.120785	-1.402929
cell_000500	donor_013	0.5784175870409999	-1.1835274211745266	0.2678209692516535	-0.723975	F	-0.084165	0.046282	-0.026013	0.011466	0.041342	0.025067	-0.003929	-1.999112	-0.944898	-1.195712	1.416395	0.290708
cell_000501	donor_013	-0.15409363486514174	1.5023125072668126	1.1301084085248922	-0.723975	F	0.208813	0.00074	-0.026013	0.011466	0.041342	0.025067	-0.003929	0.61017	0.730987	-1.586605	1.357552	-0.127675
cell_000502	donor_013	0.73789794317004	-0.6265125112831921	-0.3312735883068208	-0.723975	F	0.262673	0.048285	-0.026013	0.011466	0.041342	0.025067	-0.003929	-1.14061	-0.90534	-1.259661	1.102242	0.108761
cell_000503	donor_013	0.2458205610168144	0.1016144373960573	2.215638984729681	-0.723975	F	-0.179203	0.008447	-0.026013	0.011466	0.041342	0.025067	-0.003929	0.482012	-0.662638	1.889373	-0.293721	-0.291247
cell_000504	donor_013	0.057652788582967456	0.84558212428705	-1.4074516486161999	-0.723975	F	0.817928	0.032316	-0.026013	0.011466	0.041342	0.025067	-0.003929	0.351624	0.593491	0.094099	-0.733038	0.886998
cell_000505	donor_013	0.07881051008784143	-0.8879731942022109	-1.9608616628148279	-0.723975	F	0.885848	0.037776	-0.026013	0.011466	0.041342	0.025067	-0.003929	0.995273	-1.312339	-0.322893	-0.61069	0.543017
cell_000506	donor_013	-1.0425293411406358	-0.08394983141385771	-0.11300262728830623	-0.723975	F	-0.364028	0.013071	-0.026013	0.011466	0.041342	0.025067	-0.003929	0.159042	0.170229	-0.776614	1.658351	-0.263334
cell_000507	donor_013	-0.07247831222426467	0.3462661666028732	0.3170099973434186	-0.723975	F	0.612755	0.032479	-0.026013	0.011466	0.041342	0.025067	-0.003929	-1.342451	0.816217	-1.557776	-0.716206	0.138299
cell_000508	donor_013	0.28274214647781704	0.0853477507171496	-1.237281659575416	-0.723975	F	1.89957	0.05058	-0.026013	0.011466	0.041342	0.025067	-0.003929	1.510261	-0.889822	-0.70511	-0.944222	-0.292838
cell_000509	donor_013	0.36492331595288385	-1.524842876739231	-1.6890695632603918	-0.723975	F	-0.08934	0.05564	-0.026013	0.011466	0.041342	0.025067	-0.003929	-0.155113	1.025543	3.045676	-1.922974	0.581058
cell_000510	donor_013	0.42485122823766897	1.0093302821356351	0.8091079498855421	-0.723975	F	0.661274	0.03025	-0.026013	0.011466	0.041342	0.025067	-0.003929	-0.605874	-0.361843	0.190585	0.746269	-1.601415
cell_000511	donor_013	4.039668029239952	0.24977163851424683	1.478908789147025	-0.723975	F	-0.025943	0.055985	-0.026013	0.011466	0.041342	0.025067	-0.003929	0.096654	0.563465	-0.090956	-2.619275	-0.105407
cell_000512	donor_014	-0.4080470559502804	-1.1301909117952735	-2.334810432891412	-1.500924	F	-0.433801	0.004023	-0.021959	-0.000352	-0.008418	0.034196	0.053038	0.728821	2.119675	-0.439385	1.511801	0.717613
cell_000513	donor_014	-0.34172137756733345	-0.8179695210702919	-2.0906607215770894	-1.500924	F	0.24724	0.039731	-0.021959	-0.000352	-0.008418	0.034196	0.053038	0.871134	0.432496	-0.458285	1.402181	-0.363546
cell_000514	donor_014	-1.5181556362431157	0.4413994535225424	0.3785456012627898	-1.500924	F	-1.271837	0.007794	-0.021959	-0.000352	-0.008418	0.034196	0.053038	0.389716	-1.481733	-0.286677	-0.829191	0.887864
cell_000515	donor_014	1.5706212397579256	-1.0710557894575503	1.7333327274213342	-1.500924	F	-0.999195	0.022332	-0.021959	-0.000352	-0.008418	0.034196	0.053038	-0.639719	-0.418416	-1.46095	1.337892	1.383111
cell_000516	donor_014	1.0510522605875634	-0.8899340009244285	1.0468395925200058	-1.500924	F	-0.386923	0.012594	-0.021959	-0.000352	-0.008418	0.034196	0.053038	1.31353	-0.0868	1.8561	-0.103815	-0.326759
cell_000517	donor_014	1.1807572638481887	0.6489177474971914	1.8063896765444667	-1.500924	F	-0.284772	0.01741	-0.021959	-0.000352	-0.008418	0.034196	0.053038	-1.059642	1.982836	-0.857563	0.309369	0.16916
cell_000518	donor_014	0.5052860299293392	-0.3004077399328605	-0.3446489774888089	-1.500924	F	-2.493475	0.047228	-0.021959	-0.000352	-0.008418	0.034196	0.053038	-0.714761	-1.198417	2.379133	0.427604	-0.058914
cell_000519	donor_014	-1.1539626205117506	-0.34146496958209765	0.39016406337103	-1.500924	F	1.229902	0.025462	-0.021959	-0.000352	-0.008418	0.034196	0.053038	-0.435912	0.312341	-0.016618	-0.962473	-0.253789
cell_000520	donor_014	0.8431471802100824	-0.8709464659338966	-0.5850049078756916	-1.500924	F	-0.94443	0.010955	-0.021959	-0.000352	-0.008418	0.034196	0.053038	0.033874	1.428896	-0.020906	0.354855	-0.337812
cell_000521	donor_014	1.7718287873494114	-0.045410316969147844	0.026383674624771713	-1.500924	F	-2.073984	0.027421	-0.021959	-0.000352	-0.008418	0.034196	0.053038	-1.075658	-0.960186	-1.080279	0.209085	-0.61681
cell_000522	donor_014	1.1337716724355158	2.3765853191033615	1.6263784498505356	-1.500924	F	1.088743	0.011033	-0.021959	-0.000352	-0.008418	0.034196	0.053038	1.393475	-0.720046	1.678527	-0.525551	-1.407337
cell_000523	donor_014	-1.447817977934355	0.6422026381937168	1.4761827634631643	-1.500924	F	0.19396	0.010361	-0.021959	-0.000352	-0.008418	0.034196	0.053038	1.044204	0.945873	-0.331169	1.219989	0.215382
cell_000524	donor_014	0.3455214966218405	-1.046197821850787	-0.7086824306529286	-1.500924	F	0.724686	0.001347	-0.021959	-0.000352	-0.008418	0.034196	0.053038	-0.936886	-1.32705	1.427217	-0.354983	-0.480441
cell_000525	donor_014	-0.355760604530333	-1.4068649197079375	0.024486516843437976	-1.500924	F	1.011792	0.038716	-0.021959	-0.000352	-0.008418	0.034196	0.053038	-0.860463	-1.473491	2.045481	0.603074	-0.85083
cell_000526	donor_014	-1.8182284758902194	-1.788580622699825	0.4959624968952663	-1.500924	F	-0.582255	0.025491	-0.021959	-0.000352	-0.008418	0.034196	0.053038	-0.090333	0.570405	-1.817626	0.649366	0.388344
cell_000527	donor_014	-1.783168620933691	-0.6827148288648938	-1.1861781263338875	-1.500924	F	0.286078	0.040987	-0.021959	-0.000352	-0.008418	0.034196	0.053038	1.423087	-1.025584	0.018839	0.219343	0.373959
cell_000528	donor_014	-2.5592073594392604	-0.6198685082375472	-1.2256316799681164	-1.500924	F	0.213218	0.037186	-0.021959	-0.000352	-0.008418	0.034196	0.053038	1.067788	0.829784	0.412009	-0.430461	1.602362
cell_000529	donor_014	-1.1440314185662983	-1.1294579446717243	0.09226579813987497	-1.500924	F	0.63543	0.017253	-0.021959	-0.000352	-0.008418	0.034196	0.053038	0.702511	-0.345679	-0.035323	0.360216	2.551122
cell_000530	donor_014	-1.210429304030385	-0.33923523178350606	0.4799059365506364	-1.500924	F	0.870369	0.057231	-0.021959	-0.000352	-0.008418	0.034196	0.053038	1.482495	-0.559889	1.039168	0.861962	1.056244
cell_000531	donor_014	-2.004323591156652	0.3894558135192029	-1.2964984226868776	-1.500924	F	1.804748	0.027631	-0.021959	-0.000352	-0.008418	0.034196	0.053038	0.01527	-1.910932	-0.739941	0.389885	0.859079
cell_000532	donor_014	-0.2931392510578941	-1.631748228258773	-0.9302045543094536	-1.500924	F	0.090075	0.050334	-0.021959	-0.000352	-0.008418	0.034196	0.053038	0.495346	0.526562	0.230372	0.298785	-1.055596
cell_000533	donor_014	-0.082454290180766	0.22544297489538762	-1.2420659348230305	-1.500924	F	-1.800038	0.037235	-0.021959	-0.000352	-0.008418	0.034196	0.053038	-1.340893	-1.29857	-1.052725	0.187883	2.320967
cell_000534	donor_014	-1.2549126329636606	2.3173989044737473	-0.11041254664405224	-1.500924	F	0.19218	0.038167	-0.021959	-0.000352	-0.008418	0.034196	0.053038	1.870223	-1.607533	0.441785	-1.214721	-0.009944
cell_000535	donor_014	-2.0511343496033017	1.5162001147272905	-0.19628802711996665	-1.500924	F	-0.168648	0.03597	-0.021959	-0.000352	-0.008418	0.034196	0.053038	0.028983	0.216183	-0.687089	-0.055348	-0.220628
cell_000536	donor_014	-0.04518191308325542	-0.7628526555775641	1.0868067089419742	-1.500924	F	-1.078182	0.03452	-0.021959	-0.000352	-0.008418	0.034196	0.053038	0.596216	3.264628	-0.282786	0.426298	-0.315626
cell_000537	donor_014	-0.657060708942413	-0.49939114314684985	-0.2698051996865099	-1.500924	F	1.031418	0.038472	-0.021959	-0.000352	-0.008418	0.034196	0.053038	-0.826977	1.323468	-0.651858	-1.412836	0.340861
cell_000538	donor_014	1.7097813735541774	0.13073540930677796	0.7697821507224336	-1.500924	F	-0.945459	0.013069	-0.021959	-0.000352	-0.008418	0.034196	0.053038	-0.122701	0.134201	-0.860307	-0.239131	0.85381
cell_000539	donor_014	0.7025949279984608	0.8053550956338753	0.11438109724365665	-1.500924	F	0.0532	0.042371	-0.021959	-0.000352	-0.008418	0.034196	0.053038	-0.515352	-0.544925	0.863413	0.165982	0.34741
cell_000540	donor_014	1.9041445866433473	-1.0988312932027955	1.3081538980697687	-1.500924	F	-1.553571	0.050819	-0.021959	-0.000352	-0.008418	0.034196	0.053038	-1.109797	-0.853339	0.127163	1.307177	0.66541
cell_000541	donor_014	0.9215921961260706	0.9557471733745335	2.2530542948903904	-1.500924	F	-0.764274	0.014955	-0.021959	-0.000352	-0.008418	0.034196	0.053038	1.647847	0.734209	-1.088886	-0.092968	1.413706
cell_000542	donor_014	0.27981800759813436	-0.4621379284733199	0.28036477830588014	-1.500924	F	-1.888018	0.002761	-0.021959	-0.000352	-0.008418	0.034196	0.053038	0.766696	-1.697701	-0.379266	-0.137604	-0.858367
cell_000543	donor_014	0.5320228847285654	-0.47489891576086135	-0.1882220011736381	-1.500924	F	1.624953	0.040798	-0.021959	-0.000352	-0.008418	0.034196	0.053038	1.92548	1.185945	1.325181	1.466506	1.197157
cell_000544	donor_014	-0.7630962176148524	0.24199093439693406	1.453538530433609	-1.500924	F	-0.444588	0.057998	-0.021959	-0.000352	-0.008418	0.034196	0.053038	0.587058	1.428628	0.320512	0.882007	-1.175921
cell_000545	donor_015	-1.655268948728324	-0.5273496033895848	-0.7855663973015649	-1.289029	F	-0.654148	0.050388	0.026337	0.004605	-0.028523	0.006309	-0.020573	0.949044	1.220783	-0.347276	-1.594666	2.149699
cell_000546	donor_015	2.168937550625063	1.3374212539515689	2.4815309206859526	-1.289029	F	0.436561	0.018204	0.026337	0.004605	-0.028523	0.006309	-0.020573	-1.078091	-0.268507	-0.829168	0.567919	-1.236311
cell_000547	donor_015	0.0439718356468595	-0.4635041221726462	0.17324629898943397	-1.289029	F	-0.615745	0.038218	0.026337	0.004605	-0.028523	0.006309	-0.020573	-1.374438	1.183273	-0.24803	-0.915785	0.857819
cell_000548	donor_015	0.05805770252619237	-0.370711096059043	0.8277159110967645	-1.289029	F	-0.699589	0.021692	0.026337	0.004605	-0.028523	0.006309	-0.020573	-0.14057	2.219891	-0.831583	-0.184144	-0.971572
cell_000549	donor_015	-0.009966117349720822	-0.6372525808105619	0.9076982132497973	-1.289029	F	0.094199	0.042652	0.026337	0.004605	-0.028523	0.006309	-0.020573	0.62939	-1.564548	-0.525931	0.417557	0.387065
cell_000550	donor_015	2.2168783749189545	-1.569626300322105	0.399819284656367	-1.289029	F	-1.617026	0.050046	0.026337	0.004605	-0.028523	0.006309	-0.020573	-0.588397	0.806947	-0.887695	0.076242	-0.224238
cell_000551	donor_015	0.7274933604211746	0.6256264778658487	0.010975323171475716	-1.289029	F	-1.828601	0.027047	0.026337	0.004605	-0.028523	0.006309	-0.020573	-0.921174	-2.574923	-0.649236	-0.574999	-0.251035
cell_000552	donor_015	1.2101206639694544	1.2073916603817438	-0.9179710705808412	-1.289029	F	-1.927043	0.017936	0.026337	0.004605	-0.028523	0.006309	-0.020573	-1.338555	0.014429	0.005337	0.105228	0.91188
cell_000553	donor_015	-0.5264048152612516	-2.337206262386509	2.730145281276844	-1.289029	F	0.178646	0.0151	0.026337	0.004605	-0.028523	0.006309	-0.020573	0.268153	0.067701	0.719182	-0.010869	-0.852758
cell_000554	donor_015	-0.575729025283408	1.3323632202833444	1.5604968327671591	-1.289029	F	1.87953	0.046103	0.026337	0.004605	-0.028523	0.006309	-0.020573	-0.263796	-0.739383	-0.675591	-0.506485	2.337603
cell_000555	donor_015	-1.3817183590025752	-1.0177238410884604	-1.35215969780705	-1.289029	F	1.496211	0.032372	0.026337	0.004605	-0.028523	0.006309	-0.020573	0.067717	-1.712443	-2.011508	-0.900226	0.587169
cell_000556	donor_015	-2.0165773734147283	1.1918553570094368	-1.3833654421514618	-1.289029	F	-1.312275	0.06974	0.026337	0.004605	-0.028523	0.006309	-0.020573	0.676356	0.270699	0.503008	-0.413952	1.110503
cell_000557	donor_015	0.6727758329274501	0.32173295769367233	1.7757787165521444	-1.289029	F	-0.492077	0.049045	0.026337	0.004605	-0.028523	0.006309	-0.020573	-0.260055	0.69334	-0.34117	-1.451285	2.002022
cell_000558	donor_015	0.893237294934018	-0.43574256568191333	0.901646700152895	-1.289029	F	0.718644	0.038199	0.026337	0.004605	-0.028523	0.006309	-0.020573	0.776147	0.301123	-1.94977	1.950194	-0.571053
cell_000559	donor_015	0.21067906988456106	-1.1187490655100143	-1.213943070049509	-1.289029	F	-2.121673	0.018364	0.026337	0.004605	-0.028523	0.006309	-0.020573	0.520181	-1.851444	2.396722	-0.315299	-1.093681
cell_000560	donor_015	1.7025425041937985	-1.402147827532491	-0.9365413446887132	-1.289029	F	0.207075	0.029737	0.026337	0.004605	-0.028523	0.006309	-0.020573	-1.905852	-0.121891	-0.93837	0.461853	0.196487
cell_000561	donor_015	0.2203242460228974	-0.5089879369291875	2.036520543546626	-1.289029	F	1.634891	0.001758	0.026337	0.004605	-0.028523	0.006309	-0.020573	0.948949	0.153806	-0.880188	-0.77657	1.875591
cell_000562	donor_015	-0.32395585916638053	0.017120264758880004	-0.7584967329976322	-1.289029	F	0.642688	0.018999	0.026337	0.004605	-0.028523	0.006309	-0.020573	-0.665509	-0.964202	0.142494	-1.344969	-1.597639
cell_000563	donor_015	0.03878912220615969	1.8114277303632431	1.9509612235035174	-1.289029	F	-0.775982	0.02188	0.026337	0.004605	-0.028523	0.006309	-0.020573	-1.073667	1.58067	-0.063949	-0.929773	1.16302
cell_000564	donor_015	-0.06572881017398188	-1.7745894201340295	0.425635246790142	-1.289029	F	-0.692377	0.072549	0.026337	0.004605	-0.028523	0.006309	-0.020573	-0.029768	0.988071	0.453199	2.490418	0.18505
cell_000565	donor_015	1.8105967116570365	-1.2971315170700488	-0.6452255019639275	-1.289029	F	0.098072	0.043533	0.026337	0.004605	-0.028523	0.006309	-0.020573	-2.209319	-0.608398	-1.08153	-1.675967	-0.730027
cell_000566	donor_015	-0.1556400860591408	-0.08556106088418643	0.173040064960081	-1.289029	F	-1.071181	0.004798	0.026337	0.004605	-0.028523	0.006309	-0.020573	0.310647	0.524076	0.078402	0.63733	-0.0051
cell_000567	donor_015	0.16682877037118532	-1.1916915644954276	1.5479692598571193	-1.289029	F	-0.306532	0.053273	0.026337	0.004605	-0.028523	0.006309	-0.020573	-0.014537	-0.462561	0.370647	-1.30928	0.89357
cell_000568	donor_015	1.7873975322633615	0.44777239139226016	-0.4517094195589037	-1.289029	F	0.33946	0.060576	0.026337	0.004605	-0.028523	0.006309	-0.020573	-0.581632	0.779742	1.190969	0.919326	0.483052
cell_000569	donor_015	-1.2351109031817886	-2.185384647961593	1.0083374313122502	-1.289029	F	-1.4431	0.08471	0.026337	0.004605	-0.028523	0.006309	-0.020573	-2.668001	-0.261352	-1.667851	0.091547	2.020177
cell_000570	donor_015	-1.9619584097469818	-0.5964586228059506	1.4066418190410281	-1.289029	F	0.137774	0.01459	0.026337	0.004605	-0.028523	0.006309	-0.020573	-0.596605	1.053583	-1.869639	0.096734	0.161399
cell_000571	donor_015	-2.038129829726313	-1.1976931161645246	-0.7329030195684101	-1.289029	F	-1.21562	0.003139	0.026337	0.004605	-0.028523	0.006309	-0.020573	0.9851	0.844595	0.318855	0.111225	-2.151314
cell_000572	donor_015	-2.3056256911937902	1.3287220213730528	-0.8401059540169007	-1.289029	F	-0.066386	0.048797	0.026337	0.004605	-0.028523	0.006309	-0.020573	-1.273878	-0.162471	-0.676769	-0.563146	0.135562
cell_000573	donor_015	-3.436529371965153	0.5299896507483528	0.8988849585465796	-1.289029	F	0.13153	0.04123	0.026337	0.004605	-0.028523	0.006309	-0.020573	-0.230091	0.094013	0.999718	1.152089	-0.579006
cell_000574	donor_015	-0.20754577039721597	2.8684908498647914	-0.09610940476013734	-1.289029	F	-0.444214	0.035892	0.026337	0.004605	-0.028523	0.006309	-0.020573	1.376049	1.625302	0.575471	0.702446	-2.043897
cell_000575	donor_015	-1.0883411674960293	0.022643073034092256	0.0808090937020145	-1.289029	F	0.88549	0.060131	0.026337	0.004605	-0.028523	0.006309	-0.020573	-0.705508	-0.174384	0.317376	-0.65392	0.92252
cell_000576	donor_015	-0.5294969732875905	-1.5967681480734273	-0.2199634638100997	-1.289029	F	1.807292	0.061619	0.026337	0.004605	-0.028523	0.006309	-0.020573	-0.239954	0.859253	0.709073	-0.578779	-0.388964
cell_000577	donor_015	0.5656305802868719	-1.466518565068617	-1.1296967511845772	-1.289029	F	0.540933	0.011977	0.026337	0.004605	-0.028523	0.006309	-0.020573	-1.155065	-0.079069	2.017062	0.021967	1.447492
cell_000578	donor_015	1.047474952477199	-1.5091414846781805	0.33085355183682197	-1.289029	F	-1.569755	0.010711	0.026337	0.004605	-0.028523	0.006309	-0.020573	-0.377128	-0.261031	0.555315	0.261883	1.223783
cell_000579	donor_015	0.1065967998451968	-0.26945866952651193	-0.0867308953708306	-1.289029	F	-1.340899	0.047434	0.026337	0.004605	-0.028523	0.006309	-0.020573	0.71865	-0.015713	0.63971	-0.687447	-0.79277
cell_000580	donor_015	-0.8102744126049831	0.2748909678490865	-0.39364500873163427	-1.289029	F	0.337276	0.015635	0.026337	0.004605	-0.028523	0.006309	-0.020573	-0.814637	0.834302	1.042031	0.594583	0.590598
cell_000581	donor_015	-0.03245542776409129	1.2230145860345785	-1.9706327844624074	-1.289029	F	-1.663579	0.04894	0.026337	0.004605	-0.028523	0.006309	-0.020573	0.156974	-1.329882	-0.794064	0.135668	-1.122265
cell_000582	donor_015	-1.1167868587649388	0.39274042533179115	0.16660438971023214	-1.289029	F	-0.131117	0.006483	0.026337	0.004605	-0.028523	0.006309	-0.020573	-0.066484	0.099769	0.925794	-0.282498	0.254005
cell_000583	donor_015	2.191172848716478	-1.016484212613591	-0.14717171612486493	-1.289029	F	1.314063	0.049206	0.026337	0.004605	-0.028523	0.006309	-0.020573	-0.80019	1.342012	0.773771	-1.214643	-1.852138
cell_000584	donor_015	0.7921361317340556	-0.7885900965801173	-0.5681266793593971	-1.289029	F	0.410446	0.024429	0.026337	0.004605	-0.028523	0.006309	-0.020573	-0.086482	0.244369	-1.111698	-1.575938	-0.088269
cell_000585	donor_015	0.5265327209716791	0.15622819126831775	-2.005581965584228	-1.289029	F	-1.072092	0.014392	0.026337	0.004605	-0.028523	0.006309	-0.020573	-0.425875	-0.398684	-0.953662	-1.35504	1.522649
cell_000586	donor_015	-0.6509631945502646	-0.6613885627635293	-0.5609710594924311	-1.289029	F	0.037522	0.00892	0.026337	0.004605	-0.028523	0.006309	-0.020573	-1.07453	-0.715466	0.528205	-0.634591	-0.305599
cell_000587	donor_015	1.9700150783704733	-0.9521885749195875	-0.22726029605767714	-1.289029	F	0.183908	0.01893	0.026337	0.004605	-0.028523	0.006309	-0.020573	-1.374307	-0.464804	-0.120118	0.527162	2.246927
cell_000588	donor_015	0.8341883475977172	1.1989395959485476	0.6093254963993648	-1.289029	F	-1.538918	0.003017	0.026337	0.004605	-0.028523	0.006309	-0.020573	-1.210485	-0.746645	0.291214	-0.198328	-0.026916
cell_000589	donor_015	-0.6477561312577316	-1.2462243814628644	1.5533766701722203	-1.289029	F	-1.688164	0.019266	0.026337	0.004605	-0.028523	0.006309	-0.020573	-1.071785	2.100259	0.570962	0.511403	-0.996051
cell_000590	donor_015	-0.4755632599475267	-0.3110539434908553	-0.20830865846640068	-1.289029	F	-0.821025	0.032292	0.026337	0.004605	-0.028523	0.006309	-0.020573	-0.143768	0.115292	-0.354718	0.521261	-1.306822
cell_000591	donor_015	-0.1625421283687724	0.6102523913067956	2.3558534004490626	-1.289029	F	2.100614	0.033173	0.026337	0.004605	-0.028523	0.006309	-0.020573	-0.27603	1.135929	0.903315	-0.362315	0.609871
cell_000592	donor_015	-1.1277101268060976	-0.47819945575396366	-1.2427035385890142	-1.289029	F	0.314239	0.029083	0.026337	0.004605	-0.028523	0.006309	-0.020573	-0.548543	-0.26363	0.65235	-0.470203	0.197801
cell_000593	donor_015	-0.1818560933045664	-2.293574327830292	-0.17533745171113999	-1.289029	F	2.143705	0.022156	0.026337	0.004605	-0.028523	0.006309	-0.020573	0.435923	0.347494	-2.558906	-0.846344	0.081311
cell_000594	donor_015	1.556414186927941	-0.3895840196414791	-2.192659002213041	-1.289029	F	-0.561295	0.032982	0.026337	0.004605	-0.028523	0.006309	-0.020573	-0.243185	-1.61872	0.031878	-1.244359	0.661615
cell_000595	donor_016	-0.4155271737238311	-0.7683418388697217	0.08869078351105797	0.264869	F	-0.1607	0.017838	-0.017365	-0.046482	0.007555	0.014053	0.020935	0.594267	0.604192	0.510743	0.298194	0.864667
cell_000596	donor_016	-1.0654668455883498	-1.2342523829927177	-1.4046321496845244	0.264869	F	0.216298	0.025845	-0.017365	-0.046482	0.007555	0.014053	0.020935	-0.570786	-0.46346	0.108607	0.305182	0.890474
cell_000597	donor_016	0.9211585697960518	0.19892028617310747	1.14081715433297	0.264869	F	0.619518	0.025201	-0.017365	-0.046482	0.007555	0.014053	0.020935	1.430156	1.358114	-0.467314	0.912991	-1.083671
cell_000598	donor_016	0.7753357571742802	0.3072741196968018	0.6115161481860132	0.264869	F	0.381276	0.059563	-0.017365	-0.046482	0.007555	0.014053	0.020935	0.229067	0.487184	-0.35305	1.388849	-1.108114
cell_000599	donor_016	1.4219358720458015	-0.050265757807851766	-0.5433612648863024	0.264869	F	-1.025216	0.009228	-0.017365	-0.046482	0.007555	0.014053	0.020935	-1.314361	0.468257	1.448971	-0.978734	-1.986162
cell_000600	donor_016	1.4052408102913905	0.962827242322588	1.2687272751581686	0.264869	F	-0.608678	0.051423	-0.017365	-0.046482	0.007555	0.014053	0.020935	0.093131	1.401758	0.204115	-0.640036	-1.011233
cell_000601	donor_016	0.7040677223445	0.9147398766841487	-0.9386148375059324	0.264869	F	0.188617	0.035022	-0.017365	-0.046482	0.007555	0.014053	0.020935	0.273869	-1.174125	-1.526703	0.031097	0.797989
cell_000602	donor_016	1.0360354119969817	-0.07294411837321238	0.1282364559465384	0.264869	F	1.200376	0.015266	-0.017365	-0.046482	0.007555	0.014053	0.020935	-0.004427	-0.706065	-2.255126	0.530227	-0.785853
cell_000603	donor_016	0.16988980667641992	-0.0928107613331627	-0.5584101194314244	0.264869	F	-0.17839	0.017554	-0.017365	-0.046482	0.007555	0.014053	0.020935	-1.078027	1.005677	-0.574079	0.988227	-2.437601
cell_000604	donor_016	1.0861617295568733	-0.3305429395844401	-1.0177505632094388	0.264869	F	-1.341429	0.052468	-0.017365	-0.046482	0.007555	0.014053	0.020935	1.801746	1.152476	2.957571	0.35875	1.433029
cell_000605	donor_016	1.6134340630893755	-0.06914561645622185	0.9757301803668607	0.264869	F	-0.069643	0.028778	-0.017365	-0.046482	0.007555	0.014053	0.020935	-0.779146	-0.427659	-0.801089	-0.999769	0.285813
cell_000606	donor_016	1.290797821251709	-1.0351101153973372	0.39955754969302165	0.264869	F	-0.860072	0.007506	-0.017365	-0.046482	0.007555	0.014053	0.020935	-0.560756	1.888404	-0.586728	1.16102	-0.082095
cell_000607	donor_016	0.44590818302591423	0.8376028241812388	0.5991134279100658	0.264869	F	0.146243	0.024571	-0.017365	-0.046482	0.007555	0.014053	0.020935	-0.373607	0.181314	-0.716587	0.427825	-1.5608
cell_000608	donor_016	-1.2672652754189262	-0.8385681335264884	1.0953629514143086	0.264869	F	-0.074594	0.05666	-0.017365	-0.046482	0.007555	0.014053	0.020935	0.036605	0.649128	0.72338	0.974416	-0.956069
cell_000609	donor_016	0.08787068230109178	-0.45631166778349275	-1.4171655871104945	0.264869	F	-1.901489	0.046353	-0.017365	-0.046482	0.007555	0.014053	0.020935	0.1505	-0.383493	-0.909593	0.302471	1.848704
cell_000610	donor_016	0.15370150727227838	0.20314441044034384	1.5840111109983257	0.264869	F	0.421607	0.027764	-0.017365	-0.046482	0.007555	0.014053	0.020935	0.349281	-0.089272	1.743315	0.327265	1.14503
cell_000611	donor_016	-2.9327582740880644	0.21705544785744516	-1.0105251624853773	0.264869	F	-1.223675	0.029874	-0.017365	-0.046482	0.007555	0.014053	0.020935	0.181772	-1.525299	-0.484338	-0.644867	-0.544254
cell_000612	donor_016	0.17337592064788235	1.4239494935916404	-0.3597740967125455	0.264869	F	-0.68436	0.017439	-0.017365	-0.046482	0.007555	0.014053	0.020935	-1.412821	0.297508	-0.079782	0.941247	-1.565034
cell_000613	donor_016	-0.9838541882289752	-1.3282651732673691	0.651354592621167	0.264869	F	-0.380033	0.05606	-0.017365	-0.046482	0.007555	0.014053	0.020935	1.080479	-1.226119	0.860208	-0.355821	1.174423
cell_000614	donor_016	1.5339649494611718	-0.45868531263044743	1.18056974790535	0.264869	F	-1.588471	0.028551	-0.017365	-0.046482	0.007555	0.014053	0.020935	1.18606	-0.214053	0.077333	1.541068	0.869906
cell_000615	donor_016	0.47906333577330823	0.15139244361159485	-1.3530622450072496	0.264869	F	0.518056	0.020687	-0.017365	-0.046482	0.007555	0.014053	0.020935	-1.647722	-1.208783	0.72549	0.401827	0.733256
cell_000616	donor_016	0.2294386143036165	0.4655913469295109	-0.7411801490192353	0.264869	F	-1.157238	0.057737	-0.017365	-0.046482	0.007555	0.014053	0.020935	-0.386175	0.070684	-1.437613	0.409207	-0.659931
cell_000617	donor_016	-0.37152741187719024	-0.4901129737761013	-1.5326858974575415	0.264869	F	1.116838	0.067363	-0.017365	-0.046482	0.007555	0.014053	0.020935	0.331775	1.946172	0.126873	0.764812	0.549773
cell_000618	donor_016	-0.9841564556543843	1.0863748123735326	0.05796080185872315	0.264869	F	0.221391	0.046954	-0.017365	-0.046482	0.007555	0.014053	0.020935	-0.017748	0.360703	-0.014646	-1.039133	0.938045
cell_000619	donor_016	0.7178961175036012	-0.7711605701706905	0.7398552066139276	0.264869	F	0.676673	0.027226	-0.017365	-0.046482	0.007555	0.014053	0.020935	-0.974155	0.565208	-0.13566	0.326044	-1.081874
cell_000620	donor_016	1.6179541790763021	1.4120244860666222	2.8700204506187577	0.264869	F	0.971599	0.0056	-0.017365	-0.046482	0.007555	0.014053	0.020935	0.147343	0.257876	0.729706	-0.500793	-0.065372
cell_000621	donor_016	-1.1243862940927303	-0.36496936870183727	-0.49398794891626796	0.264869	F	-0.872711	0.068172	-0.017365	-0.046482	0.007555	0.014053	0.020935	1.8422	-1.090514	-2.284148	0.442162	-0.420867
cell_000622	donor_016	0.31940976639951074	-0.16365292261563658	0.047813626774264435	0.264869	F	-0.176562	0.02406	-0.017365	-0.046482	0.007555	0.014053	0.020935	0.042727	-0.433791	0.807077	0.807104	0.551093
cell_000623	donor_016	-0.26424150065109764	-0.7824355617356797	0.21200867479214003	0.264869	F	2.014584	0.064297	-0.017365	-0.046482	0.007555	0.014053	0.020935	-0.815004	0.006806	-0.634472	1.149682	0.747874
cell_000624	donor_016	-1.1690695680222087	-2.329612520918161	-0.6245392602279285	0.264869	F	1.544014	0.020844	-0.017365	-0.046482	0.007555	0.014053	0.020935	1.008215	1.061791	-0.295724	-1.183452	1.268605
cell_000625	donor_016	0.7707333136398162	-0.9271123306551949	0.1351026347005332	0.264869	F	1.427268	0.018318	-0.017365	-0.046482	0.007555	0.014053	0.020935	-2.286565	0.278462	0.811696	2.384892	-0.31597
cell_000626	donor_016	0.549496366737262	-1.1855957289876284	-1.357181656403915	0.264869	F	-0.533503	0.034912	-0.017365	-0.046482	0.007555	0.014053	0.020935	0.601809	-0.420531	1.515673	-0.33624	-1.285861
cell_000627	donor_016	0.918431774671137	-1.2880630138667375	0.23184326887359438	0.264869	F	-0.602121	0.036572	-0.017365	-0.046482	0.007555	0.014053	0.020935	1.085417	0.518401	-0.873329	-1.42678	0.038688
cell_000628	donor_016	-1.0344185927702683	1.171130102378973	-0.20286312317741229	0.264869	F	0.482062	0.027894	-0.017365	-0.046482	0.007555	0.014053	0.020935	0.448564	0.460863	1.235135	-0.389792	-0.684178
cell_000629	donor_017	-1.74497096196063	-0.4213654745027328	0.878107805337466	0.194237	F	0.422768	0.028656	0.035523	0.004805	-0.001378	-0.009212	-3.5e-05	-0.404436	2.085209	-0.42085	-1.127305	-0.925228
cell_000630	donor_017	0.5079976332115084	0.24849905827239768	-1.9662214130205966	0.194237	F	1.273008	0.017638	0.035523	0.004805	-0.001378	-0.009212	-3.5e-05	-0.129076	-2.670539	-1.3206	0.592168	-0.396156
cell_000631	donor_017	-0.5949167533226969	-0.7429838810033205	-0.012065042121204794	0.194237	F	0.124884	0.039875	0.035523	0.004805	-0.001378	-0.009212	-3.5e-05	-1.409648	-0.83933	1.443014	-0.405555	-2.340465
cell_000632	donor_017	1.0994125088091142	-0.11634538938431134	-0.3530409783730974	0.194237	F	2.085647	0.056564	0.035523	0.004805	-0.001378	-0.009212	-3.5e-05	0.22655	-0.339351	-0.994849	1.012521	-1.852902
cell_000633	donor_017	-2.532925998145005	-0.2589607344142961	1.306809520797482	0.194237	F	-1.052362	0.02809	0.035523	0.004805	-0.001378	-0.009212	-3.5e-05	0.145429	-0.153282	0.329732	0.057015	-1.105778
cell_000634	donor_017	-0.6009016697011051	-0.6132113318698387	-0.046262483402016566	0.194237	F	0.54133	0.015518	0.035523	0.004805	-0.001378	-0.009212	-3.5e-05	0.636753	-0.355073	0.400341	0.839883	-0.467845
cell_000635	donor_017	1.4304866771548328	-1.71628381967304	-0.11742694533285733	0.194237	F	-0.57355	0.026782	0.035523	0.004805	-0.001378	-0.009212	-3.5e-05	0.280191	0.394276	0.149809	-0.49411	-0.470956
cell_000636	donor_017	1.316223719349659	-0.1721925903948802	-0.17606466250605354	0.194237	F	1.205296	0.049291	0.035523	0.004805	-0.001378	-0.009212	-3.5e-05	0.665029	-1.621191	0.380299	-0.103652	-0.726703
cell_000637	donor_017	0.13732281736094692	0.33280420983305536	1.6773377922952262	0.194237	F	1.448282	0.065228	0.035523	0.004805	-0.001378	-0.009212	-3.5e-05	2.123315	0.076683	-1.07695	1.345764	0.677592
cell_000638	donor_017	0.2268220774732192	-0.5854794309598815	0.0347285753060049	0.194237	F	-1.14851	0.009454	0.035523	0.004805	-0.001378	-0.009212	-3.5e-05	0.488495	2.631691	0.703461	0.316479	-0.014785
cell_000639	donor_017	2.0876567777608486	-0.18743206827838704	-1.939974720876045	0.194237	F	0.736625	0.028868	0.035523	0.004805	-0.001378	-0.009212	-3.5e-05	2.213515	0.533095	0.247955	0.734975	0.25157
cell_000640	donor_017	0.5104955634696133	0.272184919078326	0.5131387030432232	0.194237	F	-1.656965	0.025708	0.035523	0.004805	-0.001378	-0.009212	-3.5e-05	0.343783	0.011106	-0.392486	0.197077	-1.070325
cell_000641	donor_017	-1.3822165073242005	-0.2642541645674757	0.7927910801874776	0.194237	F	-0.240084	0.018686	0.035523	0.004805	-0.001378	-0.009212	-3.5e-05	-2.107203	0.960192	0.943186	0.742718	1.197559
cell_000642	donor_017	-1.7230469067194392	-1.958216314543058	0.13472916843306837	0.194237	F	-0.578554	0.030586	0.035523	0.004805	-0.001378	-0.009212	-3.5e-05	0.04259	-0.155811	-1.63918	0.739781	-1.604917
cell_000643	donor_017	-0.5190159429836569	0.4123397456263726	-0.7620388080195956	0.194237	F	-0.061873	0.035551	0.035523	0.004805	-0.001378	-0.009212	-3.5e-05	1.158916	0.358699	-0.007788	-0.651533	-0.594922
cell_000644	donor_017	-0.4738174442923679	0.2639758203535498	0.708419767251461	0.194237	F	0.407436	0.0339	0.035523	0.004805	-0.001378	-0.009212	-3.5e-05	0.749245	-0.710232	0.211844	-1.522108	0.319403
cell_000645	donor_017	0.4756194572603215	0.9068895745849922	-0.4942290518216862	0.194237	F	-0.242649	0.022151	0.035523	0.004805	-0.001378	-0.009212	-3.5e-05	-1.037949	0.677593	-0.223298	0.925354	0.016942
cell_000646	donor_017	1.8710205948194587	-1.0988319616770796	-0.1272665069635909	0.194237	F	1.471652	0.027316	0.035523	0.004805	-0.001378	-0.009212	-3.5e-05	0.243453	-1.670506	0.965711	0.381993	0.177139
cell_000647	donor_017	-0.031121257293025246	0.684432747191792	0.831072168209133	0.194237	F	0.611592	0.034565	0.035523	0.004805	-0.001378	-0.009212	-3.5e-05	-0.116022	1.40238	-1.116812	1.017055	-0.008594
cell_000648	donor_017	-1.6236386412829202	0.11547772964281512	1.4972738389304137	0.194237	F	0.457016	0.052915	0.035523	0.004805	-0.001378	-0.009212	-3.5e-05	-0.58451	-0.342876	0.116479	-1.785673	-1.122481
cell_000649	donor_017	-0.17163885389124672	-1.5555837700628221	-0.655546074506023	0.194237	F	0.260377	0.035335	0.035523	0.004805	-0.001378	-0.009212	-3.5e-05	-1.356446	0.563557	0.631362	0.100605	1.587411
cell_000650	donor_017	-0.2630585521818939	0.5576100278985054	0.5481963528826881	0.194237	F	-0.149999	0.038672	0.035523	0.004805	-0.001378	-0.009212	-3.5e-05	-1.713835	1.603465	0.815771	0.044268	0.705352
cell_000651	donor_017	-1.0406612799386312	-0.25814629049255006	1.4953590023074117	0.194237	F	0.749204	0.024967	0.035523	0.004805	-0.001378	-0.009212	-3.5e-05	0.90106	1.65246	-1.561394	1.037643	0.564755
cell_000652	donor_017	1.67771453674702	0.8620791128805079	-1.2590209301957747	0.194237	F	0.912567	0.034553	0.035523	0.004805	-0.001378	-0.009212	-3.5e-05	0.481003	-1.021282	-0.289063	0.202516	2.171343
cell_000653	donor_017	0.6534858130678991	0.5127424488533556	2.257289372345647	0.194237	F	-0.420441	0.016927	0.035523	0.004805	-0.001378	-0.009212	-3.5e-05	1.347156	1.217917	0.592017	0.386003	1.165329
cell_000654	donor_017	1.889265874496593	1.7019386790736208	-0.34957313618100383	0.194237	F	1.669317	0.044758	0.035523	0.004805	-0.001378	-0.009212	-3.5e-05	0.431458	-1.634223	-1.039453	-0.008574	-1.279664
cell_000655	donor_017	0.4444270005442856	-0.6318069341354727	-1.5443572691916045	0.194237	F	0.989767	0.021348	0.035523	0.004805	-0.001378	-0.009212	-3.5e-05	1.681028	-0.498838	0.657193	-1.04486	-0.253356
cell_000656	donor_017	-0.237711638372926	1.2864629385709034	-0.022826570759892115	0.194237	F	0.626537	0.028532	0.035523	0.004805	-0.001378	-0.009212	-3.5e-05	-0.514597	-0.782698	1.012546	1.387353	-0.089086
cell_000657	donor_017	0.110873292595683	0.8353492970612176	-1.9025090871727819	0.194237	F	-0.282567	0.021153	0.035523	0.004805	-0.001378	-0.009212	-3.5e-05	1.049402	0.148553	-0.244	-0.17216	-0.134771
cell_000658	donor_017	-0.7041968117748799	0.3644658875121771	-0.13847967467881778	0.194237	F	0.484777	0.014963	0.035523	0.004805	-0.001378	-0.009212	-3.5e-05	-0.784493	-0.804313	0.804331	-0.573033	-1.943696
cell_000659	donor_017	-0.6851241342274732	-0.4498460107577303	0.7221745758319685	0.194237	F	-1.208786	0.023381	0.035523	0.004805	-0.001378	-0.009212	-3.5e-05	-0.503299	1.814064	0.75507	0.153113	-0.650039
cell_000660	donor_017	-0.4913354895652232	0.2676978699129915	-1.2980341073464015	0.194237	F	1.366258	0.024831	0.035523	0.004805	-0.001378	-0.009212	-3.5e-05	-1.973901	-0.279029	-1.065894	0.81009	0.487349
cell_000661	donor_017	0.430957416823673	0.484685199097528	0.34097761805191523	0.194237	F	-1.059442	0.000824	0.035523	0.004805	-0.001378	-0.009212	-3.5e-05	1.058065	-0.111252	-0.072063	-0.765326	-0.122836
cell_000662	donor_017	-1.2100788772659068	-1.9307035973322098	1.7163979979077388	0.194237	F	0.136799	0.012549	0.035523	0.004805	-0.001378	-0.009212	-3.5e-05	-0.273921	-0.904336	0.576869	-1.632695	-1.322254
cell_000663	donor_017	0.8132025104501088	0.5226907058863797	1.39918738636981	0.194237	F	0.578009	0.017428	0.035523	0.004805	-0.001378	-0.009212	-3.5e-05	0.255441	-0.87578	-1.570597	0.276858	-0.052205
cell_000664	donor_017	-1.3400517019541156	-1.8716149480948672	0.3789672033244571	0.194237	F	-0.639465	0.040616	0.035523	0.004805	-0.001378	-0.009212	-3.5e-05	0.396424	0.236429	-0.180225	0.618007	0.66763
cell_000665	donor_018	-0.045125160688708865	1.0909145810237664	1.254610592291844	-1.35966	M	-2.206168	0.054211	-0.010953	0.013119	-0.001111	0.003347	-0.003393	-0.139476	0.564178	0.813046	1.178973	-0.215901
cell_000666	donor_018	0.5754333716861774	0.6650278595159989	0.21643809739808853	-1.35966	M	-0.906534	0.057821	-0.010953	0.013119	-0.001111	0.003347	-0.003393	0.557504	0.007941	0.273349	0.154721	0.294741
cell_000667	donor_018	-0.883473869939421	-0.39185211717358304	-1.8152741827505068	-1.35966	M	-0.510674	0.035282	-0.010953	0.013119	-0.001111	0.003347	-0.003393	0.254413	-1.165701	0.609061	0.512729	-3.261806
cell_000668	donor_018	-0.05169236255773348	0.6922867576967451	1.2778049881853404	-1.35966	M	-0.215736	0.088683	-0.010953	0.013119	-0.001111	0.003347	-0.003393	-0.21471	-0.499085	0.402659	0.326636	-1.598443
cell_000669	donor_018	0.5703424084437344	-1.5315671520013294	0.9698734301241321	-1.35966	M	0.663514	0.041562	-0.010953	0.013119	-0.001111	0.003347	-0.003393	0.186855	0.190985	-0.142061	-0.66582	-1.145089
cell_000670	donor_018	0.981010002542406	-0.6787223794992031	-0.42768896841133147	-1.35966	M	-0.623991	0.031042	-0.010953	0.013119	-0.001111	0.003347	-0.003393	0.451985	-0.505438	-1.877392	0.065933	1.127068
cell_000671	donor_018	0.12022552043729985	2.009578387979132	-0.08544156753153587	-1.35966	M	0.28826	0.010949	-0.010953	0.013119	-0.001111	0.003347	-0.003393	0.941992	0.898987	-1.939392	-0.195967	0.93759
cell_000672	donor_018	1.0201146790598359	-1.0007884859786387	0.377797008289285	-1.35966	M	0.595071	0.031709	-0.010953	0.013119	-0.001111	0.003347	-0.003393	1.074314	2.219157	-0.095222	0.716479	0.069496
cell_000673	donor_018	0.3304806389312642	-0.9644524070734256	-0.11359661389123069	-1.35966	M	-0.497199	0.047579	-0.010953	0.013119	-0.001111	0.003347	-0.003393	-0.594981	-0.862368	-0.371659	0.642049	-0.808389
cell_000674	donor_018	0.716318975854109	2.2701253457732533	1.3585591105929888	-1.35966	M	-0.901739	0.013818	-0.010953	0.013119	-0.001111	0.003347	-0.003393	-0.263612	-1.553114	0.302494	-0.162212	0.033271
cell_000675	donor_018	0.729120947593698	0.4053272860885158	1.0503872469475357	-1.35966	M	-0.576438	0.010949	-0.010953	0.013119	-0.001111	0.003347	-0.003393	-0.504345	-0.361718	-0.914306	-0.657233	0.567959
cell_000676	donor_018	-0.8905098372801744	-0.9355421647004404	0.6789461515949673	-1.35966	M	-0.160196	0.083473	-0.010953	0.013119	-0.001111	0.003347	-0.003393	-0.755439	0.091265	-1.657676	1.901504	-0.768972
cell_000677	donor_018	-0.6441958230834107	0.45904192355202256	0.5572474225619748	-1.35966	M	-0.753181	0.067584	-0.010953	0.013119	-0.001111	0.003347	-0.003393	-0.130683	-0.350208	0.527146	-0.358275	1.027356
cell_000678	donor_018	-0.6624464666605104	1.153138480700425	1.6410123316667304	-1.35966	M	0.03103	0.013116	-0.010953	0.013119	-0.001111	0.003347	-0.003393	0.618074	-0.552969	0.783163	-0.105643	-0.44724
cell_000679	donor_018	0.6824108921281492	1.0027946126457814	-1.5824650260106907	-1.35966	M	-0.484463	0.028285	-0.010953	0.013119	-0.001111	0.003347	-0.003393	-0.312251	1.208382	0.182627	0.97323	0.78328
cell_000680	donor_018	0.8657707714465243	-0.6938507789083531	0.6779327492992757	-1.35966	M	-1.108561	0.015093	-0.010953	0.013119	-0.001111	0.003347	-0.003393	-0.291116	0.099884	-1.383986	-0.401193	-1.883251
cell_000681	donor_018	0.01012016248880668	0.43488332487680986	-0.640906739000609	-1.35966	M	-1.919315	0.072973	-0.010953	0.013119	-0.001111	0.003347	-0.003393	-0.342274	-0.422869	-0.226065	-0.436838	0.113145
cell_000682	donor_018	0.052298539327424294	0.8136669737363998	0.8248261795071625	-1.35966	M	0.181796	0.041379	-0.010953	0.013119	-0.001111	0.003347	-0.003393	-0.423076	3.597424	0.082872	0.3974	1.165607
cell_000683	donor_018	-0.8432692793846324	0.22570309461897714	0.2442013927921605	-1.35966	M	-0.495495	0.041871	-0.010953	0.013119	-0.001111	0.003347	-0.003393	0.732309	1.379082	1.140176	1.916826	0.137732
cell_000684	donor_018	-0.18564662548572602	0.9561747608580727	0.8529267028211007	-1.35966	M	-0.317895	0.000138	-0.010953	0.013119	-0.001111	0.003347	-0.003393	1.462529	-0.435665	0.914775	1.21246	0.329048
cell_000685	donor_018	-1.9575189932669321	0.5798995557773827	0.6710511227038718	-1.35966	M	0.392334	0.006285	-0.010953	0.013119	-0.001111	0.003347	-0.003393	0.564473	0.254742	0.71224	1.681514	-1.556261
cell_000686	donor_018	0.35048303263870206	0.4305390230149516	1.3169793294444296	-1.35966	M	-0.017234	0.03375	-0.010953	0.013119	-0.001111	0.003347	-0.003393	-1.454157	0.565728	-0.605055	-1.551337	-0.338627
cell_000687	donor_018	-0.3127109930966074	-0.4877967117762658	-0.6168639556255306	-1.35966	M	-0.052654	0.020343	-0.010953	0.013119	-0.001111	0.003347	-0.003393	-0.125721	0.836922	0.814758	2.569159	0.554233
cell_000688	donor_018	-0.20124971132496486	-0.4882781411717174	-1.1756154910677403	-1.35966	M	-2.308473	0.044953	-0.010953	0.013119	-0.001111	0.003347	-0.003393	-1.292183	-0.038687	-0.876986	1.372921	1.395108
cell_000689	donor_018	-0.376062367018021	-0.8451221414025643	-0.340843102638691	-1.35966	M	-1.26241	0.031018	-0.010953	0.013119	-0.001111	0.003347	-0.003393	0.179746	0.300246	0.377185	-0.161893	-0.948668
cell_000690	donor_018	-0.6574986843307818	-0.4192861411001995	-1.1766384805613848	-1.35966	M	-0.944823	0.021025	-0.010953	0.013119	-0.001111	0.003347	-0.003393	-1.11095	1.087142	1.449855	1.965132	0.927926
cell_000691	donor_018	-1.4513782172607714	-1.70875475350125	0.0929695935434939	-1.35966	M	0.206615	0.028644	-0.010953	0.013119	-0.001111	0.003347	-0.003393	-0.531095	-0.489968	1.598207	0.971518	-0.707734
cell_000692	donor_018	0.46799331303102004	-1.074039541444251	-0.2791218626319324	-1.35966	M	0.210836	0.037149	-0.010953	0.013119	-0.001111	0.003347	-0.003393	0.791255	-0.903659	-1.016089	0.65358	0.711027
cell_000693	donor_018	1.2301257519787605	0.6886539175714363	-0.2597653771306802	-1.35966	M	0.17971	0.027706	-0.010953	0.013119	-0.001111	0.003347	-0.003393	-0.061326	-0.316359	-0.450125	-1.422786	-0.510105
cell_000694	donor_018	-1.9900560400033807	0.6837296350064491	1.080861966808519	-1.35966	M	1.546597	0.041553	-0.010953	0.013119	-0.001111	0.003347	-0.003393	0.353378	1.319818	-0.324474	1.247721	-0.232053
cell_000695	donor_018	0.48800525492753316	-0.11861334128686857	-0.9928055449608408	-1.35966	M	0.348271	0.030241	-0.010953	0.013119	-0.001111	0.003347	-0.003393	-0.194052	0.835694	1.396411	-0.463716	-1.348133
cell_000696	donor_018	0.5097414180643389	-2.1629175145872974	-0.6223876565935156	-1.35966	M	0.135861	0.044582	-0.010953	0.013119	-0.001111	0.003347	-0.003393	-0.656098	-0.937375	-0.258383	0.652382	-1.764281
cell_000697	donor_018	0.45723697364141697	-1.2504311137722093	-0.9959497458166234	-1.35966	M	0.655202	0.024754	-0.010953	0.013119	-0.001111	0.003347	-0.003393	-0.322225	2.457324	-0.53354	-0.035213	-0.104609
cell_000698	donor_018	0.22568203387073948	0.6439068742209868	-1.1203558888492595	-1.35966	M	0.287074	0.04781	-0.010953	0.013119	-0.001111	0.003347	-0.003393	0.604954	0.281743	-1.076358	-0.664765	0.940302
cell_000699	donor_018	0.996855796586991	-0.8336767561644168	0.09834055225803948	-1.35966	M	-1.21129	0.00602	-0.010953	0.013119	-0.001111	0.003347	-0.003393	0.45554	-1.501259	-0.480269	0.343408	-2.205522
cell_000700	donor_018	0.4690398487414081	0.7407333405895136	1.1957178568294649	-1.35966	M	0.052107	0.040654	-0.010953	0.013119	-0.001111	0.003347	-0.003393	-0.237018	0.0949	-1.04785	1.061368	2.434305
cell_000701	donor_018	-0.3616784146146451	1.447936946989935	-2.390076375643041	-1.35966	M	0.608843	0.076956	-0.010953	0.013119	-0.001111	0.003347	-0.003393	-0.430254	-0.621994	-1.938902	-0.928594	-0.079519
cell_000702	donor_018	-1.613318264981999	0.8050383941100674	2.6579816368302853	-1.35966	M	0.922462	0.041781	-0.010953	0.013119	-0.001111	0.003347	-0.003393	0.561519	-1.599767	-1.061931	-0.728415	1.662695
cell_000703	donor_018	0.11300120260033848	-0.048751357732218815	0.8863389461159593	-1.35966	M	0.590211	0.017792	-0.010953	0.013119	-0.001111	0.003347	-0.003393	0.145769	-0.524773	-1.217804	-0.417156	1.241054
cell_000704	donor_018	1.2300692574297905	0.5369823732207647	1.1406785765590983	-1.35966	M	-0.933978	0.044403	-0.010953	0.013119	-0.001111	0.003347	-0.003393	1.308526	2.193225	1.503374	-1.030657	0.443259
cell_000705	donor_018	0.1094397482121573	-0.6760766365652005	-1.6353799640306965	-1.35966	M	0.799954	0.002726	-0.010953	0.013119	-0.001111	0.003347	-0.003393	-1.789131	0.750443	0.342049	0.511095	0.697229
cell_000706	donor_018	-1.4456406054779496	-1.484620752858753	1.2429904120364432	-1.35966	M	-0.527836	0.016857	-0.010953	0.013119	-0.001111	0.003347	-0.003393	-0.840535	-0.079058	0.451592	-0.336523	-1.887257
cell_000707	donor_018	0.05772326803412299	0.6560030345396789	0.9195096517508938	-1.35966	M	0.703148	0.05255	-0.010953	0.013119	-0.001111	0.003347	-0.003393	0.503967	1.349723	-0.455192	0.039734	2.009707
cell_000708	donor_019	-0.0644035155668356	-0.8690709034886402	0.06705377239921544	-0.582712	F	-0.249918	0.009437	0.005466	0.022946	0.001525	-0.0177	-0.036452	0.719635	-0.281792	-0.368203	-1.78938	0.769749
cell_000709	donor_019	-1.5747586820986326	-0.3944446710729647	0.12152460744478077	-0.582712	F	1.405418	0.027504	0.005466	0.022946	0.001525	-0.0177	-0.036452	-1.963266	-1.32508	0.434611	0.814082	1.437884
cell_000710	donor_019	1.1033257244466494	-1.438462917844938	-2.0572228952302676	-0.582712	F	1.105306	0.04163	0.005466	0.022946	0.001525	-0.0177	-0.036452	-0.070093	-0.26745	0.714442	0.687724	-1.660977
cell_000711	donor_019	-1.3197987902958912	-1.1471308131538664	-0.3788863221597462	-0.582712	F	1.212488	0.039585	0.005466	0.022946	0.001525	-0.0177	-0.036452	0.530674	-0.397817	0.210553	0.739033	0.391311
cell_000712	donor_019	-1.1355108562078584	0.45838665793976396	-0.3274031518829256	-0.582712	F	-0.675954	0.030157	0.005466	0.022946	0.001525	-0.0177	-0.036452	0.017368	0.618263	-0.350478	0.094774	2.050401
cell_000713	donor_019	-0.004778982541409673	0.23640900026338185	1.0965142195037876	-0.582712	F	-1.434526	0.047319	0.005466	0.022946	0.001525	-0.0177	-0.036452	0.322213	-0.373171	-0.00218	-1.097203	-0.215666
cell_000714	donor_019	0.12537627830409398	-0.0465676999295654	-1.4186366877004821	-0.582712	F	0.013154	0.032853	0.005466	0.022946	0.001525	-0.0177	-0.036452	0.918375	-0.384552	0.913713	-0.717189	-1.005309
cell_000715	donor_019	0.1330809891995476	1.600594146774029	-0.8639880502541457	-0.582712	F	0.170653	0.050525	0.005466	0.022946	0.001525	-0.0177	-0.036452	-1.334331	-1.233021	-0.018272	-1.502839	-1.059474
cell_000716	donor_019	1.1360473850886235	1.1921181261296838	-0.19715653770202934	-0.582712	F	-0.625456	0.030766	0.005466	0.022946	0.001525	-0.0177	-0.036452	-0.800217	1.022329	-1.917471	0.296511	-0.621534
cell_000717	donor_019	1.3593081956848014	0.5177018845738658	1.3124047784354758	-0.582712	F	0.664185	0.034233	0.005466	0.022946	0.001525	-0.0177	-0.036452	2.063197	-0.630499	1.191547	-0.035514	1.118418
cell_000718	donor_019	-0.42196322768443434	-0.39596892816495627	0.8755552118191258	-0.582712	F	1.029304	0.047117	0.005466	0.022946	0.001525	-0.0177	-0.036452	-0.628449	0.772858	0.043248	-0.584489	0.043247
cell_000719	donor_019	-0.13193660863476442	0.7902531600838222	-0.06191505141378547	-0.582712	F	0.650894	0.064537	0.005466	0.022946	0.001525	-0.0177	-0.036452	0.753256	-0.755673	-1.533527	-1.751543	0.623771
cell_000720	donor_019	-0.46956537459548536	-0.3737025459482897	-0.39831634813856737	-0.582712	F	0.780794	0.046764	0.005466	0.022946	0.001525	-0.0177	-0.036452	0.013503	-1.176675	1.078235	-0.720049	-0.090293
cell_000721	donor_019	1.145414328843148	1.0267312429153739	0.14994627268487634	-0.582712	F	0.287179	0.03261	0.005466	0.022946	0.001525	-0.0177	-0.036452	0.260894	0.141286	-0.500366	1.709981	-0.224589
cell_000722	donor_019	0.7112274744638305	0.2333782015587695	0.04441941322838052	-0.582712	F	-0.551309	0.054051	0.005466	0.022946	0.001525	-0.0177	-0.036452	0.781311	0.842589	-0.023497	0.407361	-2.191442
cell_000723	donor_019	1.681565767728789	-0.23801643016891325	-0.30986758068228026	-0.582712	F	-0.387706	0.003431	0.005466	0.022946	0.001525	-0.0177	-0.036452	-1.07237	-1.242613	0.395859	-0.306513	-1.126116
cell_000724	donor_019	-0.8991110854932126	1.3514666704202303	-1.1583538210113125	-0.582712	F	0.259339	0.021082	0.005466	0.022946	0.001525	-0.0177	-0.036452	0.163928	0.872848	-0.440946	0.354401	1.087715
cell_000725	donor_019	0.12783477063626927	-0.19913657025706583	1.2411110209184815	-0.582712	F	-0.230621	0.01104	0.005466	0.022946	0.001525	-0.0177	-0.036452	-1.265462	-0.152484	0.669733	-1.147454	-0.45207
cell_000726	donor_019	0.212962308228268	-0.15833200334060035	-2.547067477939494	-0.582712	F	-0.636188	0.040262	0.005466	0.022946	0.001525	-0.0177	-0.036452	-0.26424	-1.055407	0.87581	-0.875947	1.040113
cell_000727	donor_019	2.868002155249288	-0.3444411898596121	-0.05202769536247426	-0.582712	F	0.269253	0.039989	0.005466	0.022946	0.001525	-0.0177	-0.036452	-0.272381	1.888432	0.131395	0.127813	1.201634
cell_000728	donor_019	1.7168109527112707	-1.3411595270944814	0.9397749013294582	-0.582712	F	0.677751	0.011727	0.005466	0.022946	0.001525	-0.0177	-0.036452	-1.511383	0.912318	-0.571617	0.037452	-0.463157
cell_000729	donor_019	0.7991457874878514	0.18760253039753538	-1.467830534375899	-0.582712	F	0.316376	0.010624	0.005466	0.022946	0.001525	-0.0177	-0.036452	-1.844097	-0.071	0.353684	-0.883367	0.129224
cell_000730	donor_019	1.2549801067152964	-0.617295767259189	0.8785216270109121	-0.582712	F	-0.411226	0.053334	0.005466	0.022946	0.001525	-0.0177	-0.036452	0.200565	-1.186137	-1.403229	-1.28768	-0.443201
cell_000731	donor_019	-1.367934937095937	-0.28733696131853276	1.658100515262707	-0.582712	F	0.747217	0.037087	0.005466	0.022946	0.001525	-0.0177	-0.036452	1.058121	-0.209627	-0.74278	-0.445436	1.255027
cell_000732	donor_019	-0.3226262054199862	-1.8076491828674186	1.608017843929167	-0.582712	F	-0.286105	0.05476	0.005466	0.022946	0.001525	-0.0177	-0.036452	-0.184527	-0.473839	-0.709974	0.454675	0.174756
cell_000733	donor_019	1.071659291172636	0.1350988104374929	-0.11167268886835806	-0.582712	F	-1.171557	0.041409	0.005466	0.022946	0.001525	-0.0177	-0.036452	0.418186	1.862634	0.977612	-1.143841	-0.320318
cell_000734	donor_019	1.5099166111865256	0.8301295489910256	1.1858228440516294	-0.582712	F	1.2673	0.051882	0.005466	0.022946	0.001525	-0.0177	-0.036452	0.14793	-0.576493	1.125461	-0.769348	-0.911765
cell_000735	donor_019	1.3704246004864864	1.4701864468504233	-0.9869460710864031	-0.582712	F	1.00063	0.04344	0.005466	0.022946	0.001525	-0.0177	-0.036452	-0.516103	0.808535	-0.768299	1.727264	-0.220031
cell_000736	donor_019	-1.3462474104709004	-1.9881657250388602	-1.5497305531495524	-0.582712	F	0.829528	0.030714	0.005466	0.022946	0.001525	-0.0177	-0.036452	2.213582	-1.340161	-0.110269	-0.60544	-0.430152
cell_000737	donor_019	-1.7923784433080996	-0.14673285782874962	-0.6205242794407235	-0.582712	F	-1.024473	0.038987	0.005466	0.022946	0.001525	-0.0177	-0.036452	1.858423	-0.65417	0.171485	-0.510334	-0.500123
cell_000738	donor_019	-0.6170915742895865	2.750332964519264	1.092328472394202	-0.582712	F	-0.154288	0.031288	0.005466	0.022946	0.001525	-0.0177	-0.036452	-0.162922	-0.071983	1.557679	-0.978042	1.176781
cell_000739	donor_019	-1.5439647568387473	0.753976541303945	1.5011846744309518	-0.582712	F	0.91217	0.021353	0.005466	0.022946	0.001525	-0.0177	-0.036452	0.666574	1.288073	-0.559197	1.707891	0.573847
cell_000740	donor_019	0.8082411511667691	-0.30841237073016126	1.5952201842117446	-0.582712	F	1.313462	0.009475	0.005466	0.022946	0.001525	-0.0177	-0.036452	-0.18697	1.999802	-1.531019	-1.18394	0.953752
cell_000741	donor_019	-0.3528351634518355	-0.1555748709123701	0.27838928481978964	-0.582712	F	0.49598	0.057933	0.005466	0.022946	0.001525	-0.0177	-0.036452	-2.530421	-1.03439	-0.326662	1.42881	-0.811353
cell_000742	donor_019	0.954697922996447	-0.26569752225468174	-0.9576996403506901	-0.582712	F	0.590882	0.021485	0.005466	0.022946	0.001525	-0.0177	-0.036452	0.349859	-0.904987	-0.069911	-0.256345	-0.094472
cell_000743	donor_020	0.5267164388495609	0.390567258664832	-0.06036018564920073	-1.289029	F	1.320978	0.044871	-0.01043	0.03045	0.012257	0.023595	-0.017668	1.13525	0.588381	0.441847	0.833963	0.415202
cell_000744	donor_020	-2.165061848283536	0.04472684833689515	0.9594499734379163	-1.289029	F	-2.069036	0.012607	-0.01043	0.03045	0.012257	0.023595	-0.017668	0.227907	-2.309923	-1.708777	0.49198	-0.405601
cell_000745	donor_020	-0.6006494146027359	0.9144575487291418	-0.3499551089556265	-1.289029	F	-0.597992	0.026452	-0.01043	0.03045	0.012257	0.023595	-0.017668	1.791863	1.114976	-1.120611	-0.214438	0.805498
cell_000746	donor_020	0.37103571745371444	-0.7693592414132132	-1.3905399990934075	-1.289029	F	-0.915662	0.045695	-0.01043	0.03045	0.012257	0.023595	-0.017668	0.992545	1.813627	-0.237843	0.81094	-0.153039
cell_000747	donor_020	-1.3215422505034549	0.05561311180574783	-1.2119558347142925	-1.289029	F	0.590674	0.036703	-0.01043	0.03045	0.012257	0.023595	-0.017668	2.131359	-1.189757	0.210521	1.10076	-1.31534
cell_000748	donor_020	0.08284127187405102	0.16466388543889512	0.206189200481002	-1.289029	F	0.515304	0.032012	-0.01043	0.03045	0.012257	0.023595	-0.017668	-0.432605	0.956787	-0.341718	0.080086	1.339469
cell_000749	donor_020	1.3558759407236698	-1.3752934862179262	0.166299007532918	-1.289029	F	-1.013391	0.034932	-0.01043	0.03045	0.012257	0.023595	-0.017668	-0.217255	-0.376833	-0.655969	0.220419	1.218983
cell_000750	donor_020	0.4570473333698371	-0.25866762675785243	0.03175120919675358	-1.289029	F	0.469296	0.067711	-0.01043	0.03045	0.012257	0.023595	-0.017668	0.382531	0.122585	-1.331338	-0.917986	-0.961324
cell_000751	donor_020	-0.2656593857279593	-0.707721018375402	1.3684662346258896	-1.289029	F	0.86147	0.014694	-0.01043	0.03045	0.012257	0.023595	-0.017668	0.610694	0.802504	0.88116	-0.682999	-0.334972
cell_000752	donor_020	0.281631694774497	-0.5526378123700907	-0.7141161203761621	-1.289029	F	0.488125	0.078483	-0.01043	0.03045	0.012257	0.023595	-0.017668	1.538176	0.330962	-1.438612	-0.547786	0.915008
cell_000753	donor_020	-0.07448237802689302	1.5306900799529177	-0.8387852449393596	-1.289029	F	0.286201	0.045519	-0.01043	0.03045	0.012257	0.023595	-0.017668	-0.127561	-0.284369	-1.189033	-0.007013	0.743993
cell_000754	donor_020	-1.0558085179218784	-0.029336038959291603	-1.110164223826409	-1.289029	F	0.181814	0.02809	-0.01043	0.03045	0.012257	0.023595	-0.017668	-2.392613	-0.051295	0.798771	-1.102447	0.518287
cell_000755	donor_020	-0.3598678706669274	0.914349727338833	-0.12217100002696032	-1.289029	F	-1.065908	0.037004	-0.01043	0.03045	0.012257	0.023595	-0.017668	-2.053335	-0.913525	-0.233341	-0.575265	1.247513
cell_000756	donor_020	-0.9594871685007024	-0.8540792065395114	1.2890875563306092	-1.289029	F	1.077179	0.016231	-0.01043	0.03045	0.012257	0.023595	-0.017668	-1.405762	0.172375	0.662894	-0.319987	-0.560624
cell_000757	donor_020	-0.261768154652896	-1.2535279794518095	0.6573832826476567	-1.289029	F	-0.806212	0.057938	-0.01043	0.03045	0.012257	0.023595	-0.017668	-0.306733	0.034751	0.957696	-1.562797	1.015817
cell_000758	donor_020	2.1454947132617694	-0.8325588810905007	-1.5208529385310074	-1.289029	F	0.386495	0.034569	-0.01043	0.03045	0.012257	0.023595	-0.017668	0.102734	1.228124	-1.100498	-0.424388	-0.011163
cell_000759	donor_020	-1.4612409319539161	-0.1837172567976047	0.6124218323139271	-1.289029	F	0.061633	0.040841	-0.01043	0.03045	0.012257	0.023595	-0.017668	0.978212	0.318344	-0.751382	1.194194	-0.296424
cell_000760	donor_020	-0.41200979460731774	-0.38115170059380055	0.5144383072077517	-1.289029	F	0.173445	0.032022	-0.01043	0.03045	0.012257	0.023595	-0.017668	-0.092369	1.712907	0.408917	-0.64252	0.296611
cell_000761	donor_020	1.8218686291454234	-0.2362361436174645	-0.6766844549888017	-1.289029	F	0.232414	0.029611	-0.01043	0.03045	0.012257	0.023595	-0.017668	1.073266	-1.638876	0.732216	-0.900048	-0.966348
cell_000762	donor_020	1.5588356734397348	-0.6102746636696271	0.2686966556819084	-1.289029	F	0.042266	0.045876	-0.01043	0.03045	0.012257	0.023595	-0.017668	0.566747	-1.011453	2.312885	-0.711524	-0.739494
cell_000763	donor_020	-2.7164070307701085	-0.49187270988397996	0.17821195500010684	-1.289029	F	1.137556	0.023966	-0.01043	0.03045	0.012257	0.023595	-0.017668	-0.461147	-0.078971	1.197036	0.846447	-1.063938
cell_000764	donor_020	0.5025491833971002	0.9091941741136901	0.15316801219354773	-1.289029	F	0.013133	0.025512	-0.01043	0.03045	0.012257	0.023595	-0.017668	-0.006536	-0.128949	-1.11883	0.204639	-1.928531
cell_000765	donor_020	-0.6821675327105816	0.9486130967637578	-0.19809066422194044	-1.289029	F	-0.455273	0.05572	-0.01043	0.03045	0.012257	0.023595	-0.017668	-1.185319	0.639397	-0.036717	-0.065208	-2.107308
cell_000766	donor_020	1.7600510603487218	0.3526225068918738	-1.437073712972254	-1.289029	F	0.339852	0.016626	-0.01043	0.03045	0.012257	0.023595	-0.017668	0.903926	1.120275	0.852175	-0.261617	-0.198596
cell_000767	donor_020	-0.4158918120842299	1.4295947360902785	-0.47703771695311326	-1.289029	F	-0.256125	0.043708	-0.01043	0.03045	0.012257	0.023595	-0.017668	0.463088	-0.897539	1.359044	-1.166885	-0.569314
cell_000768	donor_020	0.5765626314578146	-0.5942346999759751	-1.0915705669201783	-1.289029	F	-0.895382	0.051018	-0.01043	0.03045	0.012257	0.023595	-0.017668	-0.953172	-0.492306	-0.271814	-0.087198	-0.8468
cell_000769	donor_020	-1.1951240187079581	0.16406946390341356	-3.099779858534206	-1.289029	F	0.248616	0.026504	-0.01043	0.03045	0.012257	0.023595	-0.017668	-0.364061	1.436014	0.941912	1.259568	-0.513856
cell_000770	donor_020	1.7936656567242688	0.5460125215730444	-0.22893251358686717	-1.289029	F	-1.622896	0.031561	-0.01043	0.03045	0.012257	0.023595	-0.017668	2.194953	0.398433	0.671046	-0.206129	-1.894347
cell_000771	donor_020	-0.45416602490232516	-0.1128191222716618	-2.990157041525954	-1.289029	F	-0.043614	0.00181	-0.01043	0.03045	0.012257	0.023595	-0.017668	1.699483	-0.220252	-0.415912	-0.364558	0.6306
cell_000772	donor_020	0.16068434105810964	-0.5908783454283485	0.14663346175388683	-1.289029	F	-1.739069	0.047327	-0.01043	0.03045	0.012257	0.023595	-0.017668	0.637725	1.86026	-1.613095	0.62126	0.896413
cell_000773	donor_020	0.31775387782800113	0.8846053487381129	1.3707508395662558	-1.289029	F	1.42735	0.012461	-0.01043	0.03045	0.012257	0.023595	-0.017668	-0.232873	0.933826	-1.756009	-0.310733	0.483081
cell_000774	donor_020	-0.5999772799027872	-0.4250590056113468	-0.27817270100811003	-1.289029	F	0.165111	0.030459	-0.01043	0.03045	0.012257	0.023595	-0.017668	-0.036982	0.773584	-1.300131	-0.016424	-0.888821
cell_000775	donor_020	0.7566541884856927	0.16027237109882816	-1.5473370989016184	-1.289029	F	0.88143	0.038446	-0.01043	0.03045	0.012257	0.023595	-0.017668	1.132473	-0.527584	1.986078	0.515608	0.670127
cell_000776	donor_021	0.3851753862414019	-0.17412460851594766	0.59328761534758	0.829923	M	-0.884122	0.030132	0.009586	-0.022134	0.019121	-0.036311	0.007817	-1.155719	0.263919	-0.433238	0.43904	-0.375922
cell_000777	donor_021	-1.7491182747052372	0.36077496369846146	-0.1417381604916957	0.829923	M	-0.759115	0.070384	0.009586	-0.022134	0.019121	-0.036311	0.007817	2.081224	0.738146	-0.111326	2.13537	0.445258
cell_000778	donor_021	-0.016953980566740322	-1.7214066709764915	-0.5022553225246973	0.829923	M	0.976906	0.005943	0.009586	-0.022134	0.019121	-0.036311	0.007817	-0.246137	2.737558	-0.355919	0.439827	0.464793
cell_000779	donor_021	-0.6946389084687571	1.850509895641115	-1.3448994363234517	0.829923	M	-0.27141	0.010781	0.009586	-0.022134	0.019121	-0.036311	0.007817	0.918773	1.188625	-1.714759	0.580932	-0.503439
cell_000780	donor_021	0.4910762082687491	1.008103725701509	0.4399889154802666	0.829923	M	-0.389746	0.015501	0.009586	-0.022134	0.019121	-0.036311	0.007817	-0.636312	0.889592	1.257543	2.015354	0.258998
cell_000781	donor_021	0.2157175142542868	-0.38310261093934683	-0.473736494020309	0.829923	M	0.255594	0.046322	0.009586	-0.022134	0.019121	-0.036311	0.007817	0.88264	0.035016	-0.130643	-2.243921	-0.78855
cell_000782	donor_021	-0.2219196060786317	-1.5364581507927109	0.395565682018597	0.829923	M	-1.631538	0.009065	0.009586	-0.022134	0.019121	-0.036311	0.007817	-0.271459	0.846224	0.558683	0.290822	0.616622
cell_000783	donor_021	0.08931118313390239	-1.1058781527612171	-0.5135093153021001	0.829923	M	0.105739	0.029049	0.009586	-0.022134	0.019121	-0.036311	0.007817	0.851305	-0.548672	0.774142	0.780996	2.266682
cell_000784	donor_021	0.1540841865182954	0.49420076022210935	-1.1372704090366437	0.829923	M	0.779245	0.022993	0.009586	-0.022134	0.019121	-0.036311	0.007817	-0.354207	-0.534336	0.404441	-0.91123	-0.560124
cell_000785	donor_021	-0.6982293465184678	-0.8582127735567503	1.893159475324056	0.829923	M	-0.628464	0.048052	0.009586	-0.022134	0.019121	-0.036311	0.007817	-1.262973	1.485719	0.266078	-0.260614	-0.724638
cell_000786	donor_021	-1.4452342833774698	1.8805420834590891	-1.9421998063751647	0.829923	M	0.40676	0.045872	0.009586	-0.022134	0.019121	-0.036311	0.007817	0.7199	-0.605623	0.22088	1.264294	-1.255113
cell_000787	donor_021	-1.8554356492016755	-2.3104662724951006	-0.3176974323194275	0.829923	M	-0.461957	0.056344	0.009586	-0.022134	0.019121	-0.036311	0.007817	0.425102	0.26825	1.00065	0.415589	-1.049259
cell_000788	donor_021	0.6401942538714848	0.4051038505210486	-0.17767754903866534	0.829923	M	0.513312	0.018524	0.009586	-0.022134	0.019121	-0.036311	0.007817	0.444735	-0.434524	-1.363916	-0.649143	-0.045566
cell_000789	donor_021	1.0621229924984539	0.8405193367942004	-0.19846704821532207	0.829923	M	2.058662	0.031586	0.009586	-0.022134	0.019121	-0.036311	0.007817	1.325598	-2.215092	-0.789642	1.194593	-1.50115
cell_000790	donor_021	0.6025569495921266	0.38159209887678225	-0.7174967110986871	0.829923	M	-0.56287	0.04723	0.009586	-0.022134	0.019121	-0.036311	0.007817	0.504268	0.572161	0.853526	0.61337	0.639025
cell_000791	donor_021	-1.7827240728094	-1.9526296447949258	1.0701774091387626	0.829923	M	0.398924	0.015585	0.009586	-0.022134	0.019121	-0.036311	0.007817	1.190319	-1.250837	-1.164185	-0.733854	-0.446468
cell_000792	donor_021	-0.4773229048175071	-0.3088921393706066	1.0519048548098509	0.829923	M	-0.425721	0.029413	0.009586	-0.022134	0.019121	-0.036311	0.007817	1.177523	1.564179	0.156368	0.23877	-0.764948
cell_000793	donor_021	0.1212798791213666	-0.03992857844348089	1.716653092368954	0.829923	M	-1.142012	0.024706	0.009586	-0.022134	0.019121	-0.036311	0.007817	1.450609	-1.427767	-0.181083	0.089341	1.614051
cell_000794	donor_021	-0.9480845245977687	0.5927490322071055	-0.7830673655491572	0.829923	M	-0.044725	0.020266	0.009586	-0.022134	0.019121	-0.036311	0.007817	-1.434177	1.188602	0.783326	0.860743	-0.041683
cell_000795	donor_021	-2.3999184759774437	-0.159321466235576	0.37150653998554667	0.829923	M	0.281756	0.048436	0.009586	-0.022134	0.019121	-0.036311	0.007817	-0.799349	-1.295198	-1.02232	0.30136	-0.548789
cell_000796	donor_021	0.5497876150964875	0.224598495404448	-0.38854917680461143	0.829923	M	0.458975	0.026449	0.009586	-0.022134	0.019121	-0.036311	0.007817	0.460994	-0.007581	-1.689656	1.354323	-0.574665
cell_000797	donor_021	-1.429569704666242	-0.7388948533455159	-1.1220323958384935	0.829923	M	-1.27927	0.017886	0.009586	-0.022134	0.019121	-0.036311	0.007817	0.089388	1.401193	-3.047259	-0.138846	-0.472727
cell_000798	donor_021	0.7557853512563256	1.508291376114207	0.9909865572345072	0.829923	M	0.866295	0.062425	0.009586	-0.022134	0.019121	-0.036311	0.007817	-0.005451	1.144744	0.272311	-1.468438	-0.102234
cell_000799	donor_021	0.9095061917437542	0.1052484396666762	0.6022257524834603	0.829923	M	0.131692	0.023721	0.009586	-0.022134	0.019121	-0.036311	0.007817	-0.120323	0.386556	0.252565	1.147173	-0.646601
cell_000800	donor_021	0.8065251727470694	0.05702659476170854	1.040479327880861	0.829923	M	2.047372	0.023269	0.009586	-0.022134	0.019121	-0.036311	0.007817	0.215566	-0.06966	-0.612034	0.117202	0.424469
cell_000801	donor_021	-2.5225776021985444	0.9763981560892242	-1.358816800953772	0.829923	M	0.702223	0.050068	0.009586	-0.022134	0.019121	-0.036311	0.007817	-0.016322	-0.94705	0.557834	0.688498	-0.463501
cell_000802	donor_021	-0.44926396631768734	0.8778266025381032	0.6400570106079837	0.829923	M	0.225128	0.045599	0.009586	-0.022134	0.019121	-0.036311	0.007817	0.421287	0.653468	-0.77764	-0.139538	-0.953343
cell_000803	donor_021	0.6522956366490534	-0.26379592087314546	-0.9914341613121685	0.829923	M	0.784454	0.028472	0.009586	-0.022134	0.019121	-0.036311	0.007817	-0.577075	0.118624	0.191071	-2.406986	1.3708
cell_000804	donor_021	-0.18301428143128234	-1.8209219073998748	-0.5018098093904468	0.829923	M	-0.983504	0.051072	0.009586	-0.022134	0.019121	-0.036311	0.007817	1.18277	0.641525	-1.56967	0.780524	0.338605
cell_000805	donor_021	0.2893009761387466	0.08516571228130841	0.7923417293252638	0.829923	M	-0.51952	0.04215	0.009586	-0.022134	0.019121	-0.036311	0.007817	0.15793	1.81294	-0.926159	-0.332876	-0.640966
cell_000806	donor_021	0.00820383513998772	0.4496183180413819	-0.47877397207107686	0.829923	M	-0.597773	0.060581	0.009586	-0.022134	0.019121	-0.036311	0.007817	0.091439	-1.283884	0.594488	-0.814569	0.848151
cell_000807	donor_021	2.025816093184177	-0.7017107441882521	0.023731059254785865	0.829923	M	-0.633329	0.023774	0.009586	-0.022134	0.019121	-0.036311	0.007817	0.365846	1.369016	-1.056863	-0.426533	-0.955195
cell_000808	donor_021	0.991320290118794	-1.026855055756726	1.4906949272386096	0.829923	M	1.214	0.037307	0.009586	-0.022134	0.019121	-0.036311	0.007817	-0.199392	0.868009	-0.979482	0.019218	-1.33376
cell_000809	donor_021	-0.05858110985697715	1.2511767000535792	1.3054904647694907	0.829923	M	-0.498606	0.003603	0.009586	-0.022134	0.019121	-0.036311	0.007817	-0.705004	-0.938501	-1.328554	0.572114	-0.559427
cell_000810	donor_021	0.19550377641229633	-1.1136097565512384	-2.186997333302458	0.829923	M	-0.396099	0.052388	0.009586	-0.022134	0.019121	-0.036311	0.007817	-0.122527	0.680368	-0.571576	0.264664	-1.518539
cell_000811	donor_021	-1.3656297115634852	1.7540057997848846	-0.6541408782920548	0.829923	M	-0.399473	0.059474	0.009586	-0.022134	0.019121	-0.036311	0.007817	1.09867	1.277146	0.446202	-1.325907	0.464968
cell_000812	donor_021	-0.3785642945138471	-0.4765372959821808	0.09820293450546674	0.829923	M	-0.674483	0.01727	0.009586	-0.022134	0.019121	-0.036311	0.007817	0.033065	2.486805	-1.625807	-0.170895	0.127207
cell_000813	donor_021	-1.379543914105161	0.986003964423576	1.7322106980453589	0.829923	M	-0.644058	0.072545	0.009586	-0.022134	0.019121	-0.036311	0.007817	0.196992	0.527829	-0.702828	0.422039	-0.933767
cell_000814	donor_021	-0.8085007912865313	-1.1909631657533437	2.422450563042451	0.829923	M	0.951921	0.04656	0.009586	-0.022134	0.019121	-0.036311	0.007817	-0.193625	0.065507	-1.030923	-0.689426	-0.859449
cell_000815	donor_021	-0.01802887601907079	1.2843171616898592	1.03256177987004	0.829923	M	1.325866	0.008671	0.009586	-0.022134	0.019121	-0.036311	0.007817	-0.975878	-2.028782	-0.813138	1.219314	1.588948
cell_000816	donor_021	-1.9617272912652195	-0.5486684603042857	0.8731955757412221	0.829923	M	-0.290661	0.032504	0.009586	-0.022134	0.019121	-0.036311	0.007817	0.711029	0.328878	-1.756711	-0.074456	0.912242
cell_000817	donor_021	-0.08505373943530448	-1.2532063308414274	0.7170428516460167	0.829923	M	-0.184988	0.00137	0.009586	-0.022134	0.019121	-0.036311	0.007817	-0.238978	1.175318	0.52093	-0.155263	-0.94469
cell_000818	donor_021	-0.7399994631829319	0.2480600781431851	0.06062383528880841	0.829923	M	1.067438	0.016946	0.009586	-0.022134	0.019121	-0.036311	0.007817	0.996599	-0.382153	0.18807	1.045766	-0.536611
cell_000819	donor_021	-0.2868099557976254	-1.2391235565548369	0.6518680803586624	0.829923	M	-0.804397	0.047997	0.009586	-0.022134	0.019121	-0.036311	0.007817	0.127256	-0.2658	-1.227153	0.667261	-0.048418
cell_000820	donor_021	2.391598549145302	-1.6741850891416736	-0.5107217888686141	0.829923	M	0.631221	0.014113	0.009586	-0.022134	0.019121	-0.036311	0.007817	0.016125	0.027947	0.772054	-0.270882	-0.680991
cell_000821	donor_022	-0.5775225594533556	0.7468886852286443	0.2571745029848333	0.264869	M	0.010766	0.04506	0.008405	-0.040526	-0.00269	0.004541	-0.027013	0.397637	1.15076	1.029269	1.106355	-1.98486
cell_000822	donor_022	1.189734826623416	-1.0284932903815458	-0.25298031995891046	0.264869	M	0.072367	0.025166	0.008405	-0.040526	-0.00269	0.004541	-0.027013	0.246392	-0.368142	-0.623556	-1.13017	-0.126194
cell_000823	donor_022	-1.5845330554354333	0.9510902554557304	0.16832369834361557	0.264869	M	0.881034	0.035135	0.008405	-0.040526	-0.00269	0.004541	-0.027013	0.796373	0.474455	-1.194745	0.109876	1.889259
cell_000824	donor_022	0.7056745751382876	-0.5179524374612443	0.12162074783823824	0.264869	M	-1.604514	0.013637	0.008405	-0.040526	-0.00269	0.004541	-0.027013	-0.886371	0.577717	0.78071	-0.435383	1.248265
cell_000825	donor_022	1.5775715171006852	2.1761663008935863	-0.8852495273175709	0.264869	M	-0.205136	0.037	0.008405	-0.040526	-0.00269	0.004541	-0.027013	-1.738294	0.234615	0.457823	1.661024	1.153708
cell_000826	donor_022	-1.9936063973046318	0.16251162011889322	1.069615035980635	0.264869	M	0.145552	0.016712	0.008405	-0.040526	-0.00269	0.004541	-0.027013	0.048755	-2.663094	-0.043913	-0.414368	-1.030692
cell_000827	donor_022	0.5748099402234732	1.6668146333121194	-0.6936410646594751	0.264869	M	0.696559	0.026997	0.008405	-0.040526	-0.00269	0.004541	-0.027013	0.082934	-0.902847	0.383312	0.524991	-1.337483
cell_000828	donor_022	0.5203380685321368	0.39444057805093846	-0.13489350264413644	0.264869	M	-0.517049	0.024789	0.008405	-0.040526	-0.00269	0.004541	-0.027013	0.308106	0.989383	0.760122	-0.40841	1.340439
cell_000829	donor_022	1.2006671452057796	-0.24345878410549987	-0.5569953936599726	0.264869	M	0.381339	0.009046	0.008405	-0.040526	-0.00269	0.004541	-0.027013	-0.1158	0.90873	0.748696	-1.729811	0.23912
cell_000830	donor_022	-0.8117266187796742	-2.394879647027228	-0.6764217544270013	0.264869	M	0.577823	0.035209	0.008405	-0.040526	-0.00269	0.004541	-0.027013	0.881003	-0.562733	-0.316811	-0.051834	-0.358552
cell_000831	donor_022	-0.5506449666184332	1.658119013222212	0.867641054821928	0.264869	M	-0.595561	0.008561	0.008405	-0.040526	-0.00269	0.004541	-0.027013	0.169699	-0.246695	0.857218	0.872581	-2.373795
cell_000832	donor_022	0.8347149526108257	-1.4376466019442402	0.8465577120669866	0.264869	M	0.175961	0.021866	0.008405	-0.040526	-0.00269	0.004541	-0.027013	-0.64677	0.888387	-0.517403	-1.123086	-0.491008
cell_000833	donor_022	1.1188191992735148	-2.807210096664796	-0.7579736026089512	0.264869	M	-0.145358	0.052055	0.008405	-0.040526	-0.00269	0.004541	-0.027013	0.528928	1.920172	0.010284	0.237644	-0.984866
cell_000834	donor_022	-0.3127205443222547	-0.5683981971754724	-1.4058154782825425	0.264869	M	-1.129603	0.027157	0.008405	-0.040526	-0.00269	0.004541	-0.027013	1.146154	-1.381064	1.630248	-1.418022	0.616325
cell_000835	donor_022	0.07606552860749727	-1.5929439957022202	-0.3455789565664913	0.264869	M	-2.929497	0.027775	0.008405	-0.040526	-0.00269	0.004541	-0.027013	-1.325265	0.013333	1.175027	-1.656689	-0.447651
cell_000836	donor_022	-0.3794419394197984	-0.8693828414277522	1.1940487370030917	0.264869	M	0.303394	0.031641	0.008405	-0.040526	-0.00269	0.004541	-0.027013	-0.614726	0.175086	-1.002123	0.843117	-0.830532
cell_000837	donor_022	-0.47047757164233556	0.18981203144764672	1.392162973285582	0.264869	M	0.732794	0.023232	0.008405	-0.040526	-0.00269	0.004541	-0.027013	0.425972	0.251935	0.854078	-0.418941	1.592965
cell_000838	donor_022	0.12595176653833787	0.8507907172202364	0.07910666404401204	0.264869	M	1.126393	0.017583	0.008405	-0.040526	-0.00269	0.004541	-0.027013	-0.138231	-0.54052	-0.060584	0.606832	0.397418
cell_000839	donor_022	-2.3942812392826878	-0.35826802603173546	0.11674225932057944	0.264869	M	0.041797	0.036154	0.008405	-0.040526	-0.00269	0.004541	-0.027013	0.184445	0.400354	-1.998075	0.283685	-1.133719
cell_000840	donor_022	-1.2456554864935276	2.006221369359635	0.9374638274294042	0.264869	M	-1.698333	0.034975	0.008405	-0.040526	-0.00269	0.004541	-0.027013	0.993233	0.005053	-1.415907	0.940099	1.184671
cell_000841	donor_022	0.1239251521380881	-0.2885032307790942	-0.7906095414890236	0.264869	M	-1.098136	0.035089	0.008405	-0.040526	-0.00269	0.004541	-0.027013	1.228563	0.335573	0.229904	0.872053	1.340052
cell_000842	donor_022	-0.6240816540125776	1.305499786375921	-0.8999657636040514	0.264869	M	-0.914472	0.02069	0.008405	-0.040526	-0.00269	0.004541	-0.027013	0.181298	-0.013079	-0.902004	-2.380847	-0.302147
cell_000843	donor_022	0.4572942037708254	0.7210022369082651	-0.83438237335932	0.264869	M	-0.498774	0.024621	0.008405	-0.040526	-0.00269	0.004541	-0.027013	-0.125739	-0.285858	-0.014276	0.119418	-0.923872
cell_000844	donor_022	1.6350397902686213	-0.8197370035861965	-0.18569956933534756	0.264869	M	-0.489479	0.046883	0.008405	-0.040526	-0.00269	0.004541	-0.027013	0.295582	-0.257747	-0.268586	0.074803	1.208141
cell_000845	donor_022	0.423077115272834	1.2727598852031687	-1.1414306767909101	0.264869	M	-0.561416	0.028773	0.008405	-0.040526	-0.00269	0.004541	-0.027013	-0.059262	0.838268	-0.834287	-0.682453	-0.218895
cell_000846	donor_022	-0.19719097807316996	-0.49774908118736244	0.4461460008507511	0.264869	M	0.440781	0.017599	0.008405	-0.040526	-0.00269	0.004541	-0.027013	0.016595	0.200007	0.187623	-0.525397	-0.228331
cell_000847	donor_022	-0.7076724126707755	0.5145881947849438	-1.4635638263705977	0.264869	M	1.491721	0.039977	0.008405	-0.040526	-0.00269	0.004541	-0.027013	1.025548	-1.089645	1.845245	-1.174315	0.138175
cell_000848	donor_022	-0.10751926017725959	0.12694904634107218	0.046773439594501025	0.264869	M	1.481076	0.005421	0.008405	-0.040526	-0.00269	0.004541	-0.027013	0.596289	1.526798	-1.529374	-0.468041	0.170732
cell_000849	donor_022	-0.8519506145598109	-0.7520009248038215	-1.601210360278363	0.264869	M	0.708766	0.06345	0.008405	-0.040526	-0.00269	0.004541	-0.027013	0.234893	-0.924355	-1.07956	1.495314	-0.4861
cell_000850	donor_022	-1.5687555810127927	1.2988192332994537	0.3254744738790598	0.264869	M	-1.685934	0.075182	0.008405	-0.040526	-0.00269	0.004541	-0.027013	-1.337032	-0.620419	0.317956	-0.172764	-1.071456
cell_000851	donor_022	2.150880643534534	0.4254280935993804	0.6379153824386594	0.264869	M	-1.54409	0.01303	0.008405	-0.040526	-0.00269	0.004541	-0.027013	1.568242	-0.659563	1.053712	1.12723	1.024237
cell_000852	donor_022	-0.6665508205437491	0.21874850553648142	1.0142474767463279	0.264869	M	0.050593	0.00182	0.008405	-0.040526	-0.00269	0.004541	-0.027013	-0.033679	1.330868	-0.004206	-0.650171	0.25971
cell_000853	donor_022	0.8161299327475636	0.14044797515716584	0.17918733856045266	0.264869	M	0.341005	0.024597	0.008405	-0.040526	-0.00269	0.004541	-0.027013	-1.472912	-1.249064	-0.166201	-1.196501	1.57575
cell_000854	donor_022	-0.15357746712242895	-0.4420202856323142	0.8960969974266051	0.264869	M	-0.333193	0.067194	0.008405	-0.040526	-0.00269	0.004541	-0.027013	0.808627	0.753913	0.090079	0.571402	-0.242292
cell_000855	donor_022	0.3515407470322803	-0.3496547602305475	1.2927229613000564	0.264869	M	-1.924344	0.029945	0.008405	-0.040526	-0.00269	0.004541	-0.027013	-0.834906	0.283303	0.553626	1.918042	-0.553418
cell_000856	donor_022	0.9493800658933735	0.9472705564916415	0.404252524168329	0.264869	M	-0.12665	0.045659	0.008405	-0.040526	-0.00269	0.004541	-0.027013	-0.097227	1.292236	-0.795663	-1.519096	0.529065
cell_000857	donor_022	-0.2456846770031303	-0.4937171274270887	-0.2405077762453705	0.264869	M	-0.416563	0.059949	0.008405	-0.040526	-0.00269	0.004541	-0.027013	0.317903	1.331428	-0.924127	-0.56589	1.146529
cell_000858	donor_023	0.16648576323915876	-0.1535795847854723	0.20046850540832273	-1.430292	F	-1.12637	0.047102	0.001856	-0.011242	0.017502	0.021584	0.005195	1.638058	-0.662713	1.842193	0.575672	-0.069938
cell_000859	donor_023	1.2742840518060752	1.34254802185645	0.389979883370184	-1.430292	F	-0.208515	0.034724	0.001856	-0.011242	0.017502	0.021584	0.005195	0.6638	-1.276141	0.994982	1.993028	-0.341126
cell_000860	donor_023	-1.0574025607561013	0.9477552280654892	0.2896717637090813	-1.430292	F	0.589221	0.067131	0.001856	-0.011242	0.017502	0.021584	0.005195	-0.223039	1.529477	1.598865	1.8486	-0.016918
cell_000861	donor_023	0.1346290604655975	-0.48229535046214617	1.4708065320210761	-1.430292	F	-1.344279	0.027826	0.001856	-0.011242	0.017502	0.021584	0.005195	0.93422	1.092205	1.706274	-0.1637	-0.142549
cell_000862	donor_023	0.5505101070857249	-2.7312471241156486	-1.2535676765844839	-1.430292	F	1.48975	0.029803	0.001856	-0.011242	0.017502	0.021584	0.005195	-0.642345	0.425451	-0.10365	0.649715	0.531196
cell_000863	donor_023	0.373080723420835	-0.49186364424903084	-2.1952949283291416	-1.430292	F	-1.350454	0.030107	0.001856	-0.011242	0.017502	0.021584	0.005195	1.858824	-0.167045	0.348747	-1.462711	-0.109534
cell_000864	donor_023	-0.35385384668744896	1.9587062115315659	-0.6799043521295006	-1.430292	F	-0.316095	0.029202	0.001856	-0.011242	0.017502	0.021584	0.005195	-1.291168	-0.711122	-1.09299	1.279347	0.184939
cell_000865	donor_023	0.9343361057506696	-1.1222605000366215	-1.7000094867639564	-1.430292	F	0.268172	0.023974	0.001856	-0.011242	0.017502	0.021584	0.005195	-1.378847	-1.452597	0.408113	1.084165	-1.742989
cell_000866	donor_023	0.6609429824486878	0.08718298986736144	0.3276377239569797	-1.430292	F	-0.497874	0.007276	0.001856	-0.011242	0.017502	0.021584	0.005195	0.54929	-1.046322	2.889975	0.10745	-1.00111
cell_000867	donor_023	2.0401390970063664	0.2653580322731872	-0.3660515335419018	-1.430292	F	0.324742	0.004319	0.001856	-0.011242	0.017502	0.021584	0.005195	-1.485366	-0.514024	-0.055064	-2.463503	0.81672
cell_000868	donor_023	0.06180216124517373	-1.1553630998330837	0.7883274722606795	-1.430292	F	-1.09202	0.025675	0.001856	-0.011242	0.017502	0.021584	0.005195	-0.858026	-0.207227	1.356726	0.173314	1.728482
cell_000869	donor_023	2.2540906678508335	-0.9622016335902545	-0.46494975875758443	-1.430292	F	0.844673	0.039973	0.001856	-0.011242	0.017502	0.021584	0.005195	-1.301124	-0.656737	-0.423054	0.66935	-1.413372
cell_000870	donor_023	1.602687800513984	-1.0323760669843725	-0.9298331761840108	-1.430292	F	-1.419822	0.053369	0.001856	-0.011242	0.017502	0.021584	0.005195	-0.294515	-0.368083	1.259698	1.005441	-0.77368
cell_000871	donor_023	0.936415510242503	0.3707162877264197	0.15897305105289614	-1.430292	F	0.939908	0.033669	0.001856	-0.011242	0.017502	0.021584	0.005195	-0.538213	-0.047829	0.99356	-0.316616	-0.526541
cell_000872	donor_023	1.055028521056059	-0.5105578726668573	0.21859179929941996	-1.430292	F	-0.290432	0.024098	0.001856	-0.011242	0.017502	0.021584	0.005195	0.305016	-1.116648	-1.541819	0.347253	0.056494
cell_000873	donor_023	-0.13546769790660854	-0.5831930268424776	-0.011579568577367964	-1.430292	F	0.345072	0.045579	0.001856	-0.011242	0.017502	0.021584	0.005195	0.851089	-1.820068	1.160611	-0.255782	1.153744
cell_000874	donor_023	-0.9788167038203122	1.3924099440454758	-1.282005400755223	-1.430292	F	1.766278	0.015145	0.001856	-0.011242	0.017502	0.021584	0.005195	-1.006186	-0.174271	0.596641	-1.030603	0.341493
cell_000875	donor_023	0.3786141748733434	-1.308285650500878	0.1793134752455577	-1.430292	F	0.35996	0.045394	0.001856	-0.011242	0.017502	0.021584	0.005195	0.583123	0.665795	0.059601	0.959148	0.295148
cell_000876	donor_023	0.13087606886932016	-0.08202551188386088	0.24489256767481676	-1.430292	F	-1.191598	0.01263	0.001856	-0.011242	0.017502	0.021584	0.005195	-0.683103	-0.008909	-0.445911	0.010191	-1.270845
cell_000877	donor_023	-1.423730680893582	1.614279263508992	-1.9354495483295766	-1.430292	F	-1.397983	0.001075	0.001856	-0.011242	0.017502	0.021584	0.005195	-1.250179	-0.563619	0.515506	0.72814	0.128319
cell_000878	donor_023	-0.5222002434508383	2.5390969878654603	1.565237117305867	-1.430292	F	-0.147318	0.040294	0.001856	-0.011242	0.017502	0.021584	0.005195	0.363654	0.965574	-0.402845	0.734078	-0.251692
cell_000879	donor_023	-0.1877484170759589	0.2713119155250877	0.34946065323575204	-1.430292	F	1.561354	0.041331	0.001856	-0.011242	0.017502	0.021584	0.005195	-0.07584	0.511124	-0.83431	1.188203	0.981161
cell_000880	donor_023	0.2036149340672591	0.16914029908606248	0.05376334971593405	-1.430292	F	-0.507996	0.026564	0.001856	-0.011242	0.017502	0.021584	0.005195	-0.244685	-0.523748	1.4814	0.699022	0.516506
cell_000881	donor_023	0.37637620620173023	0.9741739715209948	0.5466319618326141	-1.430292	F	1.48093	0.04079	0.001856	-0.011242	0.017502	0.021584	0.005195	-1.489327	-0.29024	-0.785653	0.998605	-0.919655
cell_000882	donor_023	-0.7089954361169796	0.7538449719564767	-1.3205673505748254	-1.430292	F	-0.589711	0.034943	0.001856	-0.011242	0.017502	0.021584	0.005195	0.291111	0.950721	-1.037338	-0.505864	-1.372386
cell_000883	donor_023	-0.5644321006287776	-0.006353556636117348	0.12255159466594852	-1.430292	F	-0.259776	0.032422	0.001856	-0.011242	0.017502	0.021584	0.005195	0.731464	-0.36065	0.547183	-0.314541	1.064464
cell_000884	donor_023	-0.03152942816475419	-0.9814758042329775	-0.8002048537736018	-1.430292	F	-0.642895	0.040132	0.001856	-0.011242	0.017502	0.021584	0.005195	0.56263	-1.055731	-2.242785	-1.305669	0.497185
cell_000885	donor_023	-0.971020236869086	-0.3932287410517879	0.7476922771058201	-1.430292	F	0.023381	0.029144	0.001856	-0.011242	0.017502	0.021584	0.005195	0.053042	0.71271	-0.279691	-1.651448	0.876532
cell_000886	donor_023	-1.1284045399875666	2.549190138768157	0.24359382337461888	-1.430292	F	-0.423604	0.038293	0.001856	-0.011242	0.017502	0.021584	0.005195	-0.38881	1.180874	-1.584236	0.075079	-1.30812
cell_000887	donor_023	-0.18891080354803344	0.4831588517353961	-0.41957351234889056	-1.430292	F	1.783583	0.022827	0.001856	-0.011242	0.017502	0.021584	0.005195	1.902651	0.055881	0.098031	0.865962	-1.630878
cell_000888	donor_023	0.3273364003050837	-0.019189416440281697	-0.1749277141891646	-1.430292	F	-0.63344	0.034733	0.001856	-0.011242	0.017502	0.021584	0.005195	-0.122069	-0.478486	0.202881	-0.37549	-0.368421
cell_000889	donor_023	2.395494581666982	0.4216363072459155	0.5855108069744729	-1.430292	F	-1.192734	0.012778	0.001856	-0.011242	0.017502	0.021584	0.005195	-0.709742	1.265832	-0.629309	-2.574656	-0.35023
cell_000890	donor_023	-0.9150983760477929	-0.39261587826174305	1.3387080436572798	-1.430292	F	-1.217704	0.02745	0.001856	-0.011242	0.017502	0.021584	0.005195	-0.04167	-1.859023	0.257625	-1.036175	0.774476
cell_000891	donor_023	0.7171391387057202	0.5381644982718439	-1.3370240969644351	-1.430292	F	1.148868	0.034011	0.001856	-0.011242	0.017502	0.021584	0.005195	0.97086	-0.568745	0.858961	0.533473	0.158135
cell_000892	donor_023	0.14782650552323592	0.28681071299725486	-0.9122496541610721	-1.430292	F	1.450114	0.016982	0.001856	-0.011242	0.017502	0.021584	0.005195	-0.867704	-1.8729	-0.468961	1.19808	-0.547591
cell_000893	donor_023	0.1399530487944099	1.1735449386041306	-1.4922970647994835	-1.430292	F	-1.22264	0.025286	0.001856	-0.011242	0.017502	0.021584	0.005195	-1.935413	0.165472	0.697353	-0.061824	-0.936913
cell_000894	donor_023	-1.13599365932116	-1.0936419154380408	-0.45924607988558025	-1.430292	F	0.434607	0.00151	0.001856	-0.011242	0.017502	0.021584	0.005195	-0.096164	-2.165982	-0.589005	-0.343844	-0.591291
cell_000895	donor_023	2.0934327426422183	1.277825478459402	-4.073916676615297	-1.430292	F	0.053167	0.044789	0.001856	-0.011242	0.017502	0.021584	0.005195	-0.549673	0.850818	-0.039695	0.170427	-1.957132
cell_000896	donor_023	-0.5994206851873947	0.15885381703110896	1.3140071632598864	-1.430292	F	1.099749	0.034679	0.001856	-0.011242	0.017502	0.021584	0.005195	-0.965726	-0.237829	-1.673732	-1.262544	-0.632699
cell_000897	donor_023	-0.29146986089998816	-0.21479927699269888	0.5928004154967694	-1.430292	F	0.530965	0.049282	0.001856	-0.011242	0.017502	0.021584	0.005195	0.630457	-0.792678	1.984604	1.395437	-0.627299
cell_000898	donor_023	0.7118369708082152	-0.6398670349380208	1.8692363033819304	-1.430292	F	1.276496	0.025272	0.001856	-0.011242	0.017502	0.021584	0.005195	-0.01027	-0.401668	-2.289846	0.488818	-0.535109
cell_000899	donor_023	-0.746171387379231	0.7310019669340015	-0.02061421594700412	-1.430292	F	-0.935958	0.050131	0.001856	-0.011242	0.017502	0.021584	0.005195	-0.714841	-0.535	-1.932288	-1.093857	-1.268068
cell_000900	donor_024	0.8814061205330634	-0.06889167981540259	-1.4848498200569538	0.900554	M	1.084935	0.069131	0.004899	-0.010148	-0.022412	-0.034412	0.003802	-0.6927	-0.768376	1.392229	0.222996	-0.506946
cell_000901	donor_024	-1.4394646901701134	0.19102736769441903	-1.7925981212473294	0.900554	M	0.054763	0.025814	0.004899	-0.010148	-0.022412	-0.034412	0.003802	1.141384	-1.620338	-2.772887	0.680044	-0.274837
cell_000902	donor_024	1.0656552175473977	-0.14707562812861558	-1.0529168349158717	0.900554	M	0.648605	0.028685	0.004899	-0.010148	-0.022412	-0.034412	0.003802	-0.000774	0.219483	1.002044	-0.044921	0.895965
cell_000903	donor_024	-0.024000832462457315	-1.4688956741687	0.5311603183445704	0.900554	M	-0.385482	0.028279	0.004899	-0.010148	-0.022412	-0.034412	0.003802	-1.509956	-0.320897	-0.246383	-0.301091	-1.477633
cell_000904	donor_024	0.5149815106880236	-0.6756951499810413	0.44251160705969883	0.900554	M	-0.540201	0.010633	0.004899	-0.010148	-0.022412	-0.034412	0.003802	0.881346	1.423334	-0.898285	-0.126741	0.183266
cell_000905	donor_024	-1.8983895250158433	-1.201790665717507	-1.7178218027845582	0.900554	M	-0.050896	0.033479	0.004899	-0.010148	-0.022412	-0.034412	0.003802	0.331327	0.106138	-1.162893	-0.392335	-1.298098
cell_000906	donor_024	1.4606811422305739	0.6497088832233381	0.3804651358659773	0.900554	M	0.345313	0.01701	0.004899	-0.010148	-0.022412	-0.034412	0.003802	1.048035	-0.013622	0.454151	1.589578	-0.428788
cell_000907	donor_024	-0.3758219566757422	0.386407314641792	0.9334848113501615	0.900554	M	0.409299	0.00796	0.004899	-0.010148	-0.022412	-0.034412	0.003802	-0.697085	0.229628	0.687377	1.428664	0.84806
cell_000908	donor_024	0.26796419533392357	0.42106274617054745	-0.23944495919197648	0.900554	M	-2.182522	0.010139	0.004899	-0.010148	-0.022412	-0.034412	0.003802	1.561952	-1.718273	0.279997	-0.007515	1.389746
cell_000909	donor_024	1.456410209436401	0.7524189388086941	-1.3375446576408485	0.900554	M	-1.652758	0.013416	0.004899	-0.010148	-0.022412	-0.034412	0.003802	2.399998	1.417622	-1.902346	-0.52137	1.673366
cell_000910	donor_024	0.8263176328956298	-0.2920646958986402	-2.0366521480244857	0.900554	M	0.631498	0.038529	0.004899	-0.010148	-0.022412	-0.034412	0.003802	-0.812469	-1.623853	1.055231	-0.186005	0.626997
cell_000911	donor_024	-1.181239424144063	2.049506258994619	-1.04826422700607	0.900554	M	-0.770441	0.003963	0.004899	-0.010148	-0.022412	-0.034412	0.003802	-0.502821	-0.145337	-1.254449	0.47057	-0.681208
cell_000912	donor_024	-0.41424151794833153	0.5257957251063194	-0.18789128491637497	0.900554	M	-1.432706	0.017251	0.004899	-0.010148	-0.022412	-0.034412	0.003802	-2.815645	1.906733	0.330263	-0.150085	0.319031
cell_000913	donor_024	-0.17825890102638214	0.547691293822323	0.46883472506303936	0.900554	M	-0.06288	0.044822	0.004899	-0.010148	-0.022412	-0.034412	0.003802	0.861854	0.676093	1.300004	-0.591747	0.092722
cell_000914	donor_024	-1.4258057767411154	-0.10034569364998927	-0.15229078380414415	0.900554	M	0.717423	0.051567	0.004899	-0.010148	-0.022412	-0.034412	0.003802	0.771152	0.809828	0.696832	2.333679	-0.074751
cell_000915	donor_024	-0.0251890195415771	1.6200771957895217	-0.49415329221730725	0.900554	M	0.31636	0.008335	0.004899	-0.010148	-0.022412	-0.034412	0.003802	0.53719	0.817838	-1.172429	0.397603	-0.193335
cell_000916	donor_024	0.20895878023069783	2.5508705927458015	-0.7972867268923602	0.900554	M	-0.407542	0.008354	0.004899	-0.010148	-0.022412	-0.034412	0.003802	-0.437308	0.664394	0.329514	0.556277	-1.877096
cell_000917	donor_024	-0.47244311871105926	-0.7812953478100098	0.799734520210954	0.900554	M	1.297453	0.045118	0.004899	-0.010148	-0.022412	-0.034412	0.003802	-2.335193	1.435971	-0.389442	0.377669	0.773744
cell_000918	donor_024	0.5415608728290726	-0.6133655905898663	1.5041433683850762	0.900554	M	-0.878683	0.044897	0.004899	-0.010148	-0.022412	-0.034412	0.003802	-0.352202	1.118436	0.762541	0.471588	-0.354606
cell_000919	donor_024	0.885558573122491	0.10702109211712511	0.3614384219095103	0.900554	M	-0.93682	0.049344	0.004899	-0.010148	-0.022412	-0.034412	0.003802	0.291201	-0.675051	-1.738116	0.616627	0.745118
cell_000920	donor_024	-1.4217327082879265	-1.119317677074297	-1.3805735411857498	0.900554	M	-0.919453	0.005129	0.004899	-0.010148	-0.022412	-0.034412	0.003802	0.042383	0.131383	-0.53992	0.263791	1.877367
cell_000921	donor_024	1.8356719347208614	-0.6119901627967854	-0.020457193540731913	0.900554	M	-0.187329	0.036704	0.004899	-0.010148	-0.022412	-0.034412	0.003802	0.465424	0.42531	-2.545938	0.614624	0.817204
cell_000922	donor_024	-0.642434970474576	-1.2035640342189782	0.5582992840576438	0.900554	M	-0.772516	0.008391	0.004899	-0.010148	-0.022412	-0.034412	0.003802	0.752321	-0.63945	-0.086149	2.357469	-0.234505
cell_000923	donor_024	0.6936684060341307	0.29913641268730895	-0.25416812937687916	0.900554	M	1.176995	0.053943	0.004899	-0.010148	-0.022412	-0.034412	0.003802	-0.494575	0.736549	0.364732	1.401227	0.816883
cell_000924	donor_024	3.0166418224984644	0.13285429019850042	-0.19197313550186904	0.900554	M	2.170046	0.042859	0.004899	-0.010148	-0.022412	-0.034412	0.003802	2.060447	2.330468	-0.898078	-0.06994	-1.931192
cell_000925	donor_024	-2.4424906955704704	0.10021451126246486	-0.3579743024163321	0.900554	M	1.384015	0.040543	0.004899	-0.010148	-0.022412	-0.034412	0.003802	1.561647	0.135165	0.212431	-0.067541	2.622923
cell_000926	donor_024	-0.23795347957472152	2.3303521697985974	-0.9656899111000462	0.900554	M	-0.647285	0.046972	0.004899	-0.010148	-0.022412	-0.034412	0.003802	-1.421827	-1.182141	1.499641	1.411773	0.147266
cell_000927	donor_024	0.7507138309954837	-0.12376938855368418	0.30156122523289536	0.900554	M	-0.786699	0.01474	0.004899	-0.010148	-0.022412	-0.034412	0.003802	-0.498802	-0.307274	0.794668	-1.368802	-1.268836
cell_000928	donor_024	-0.7629234435932989	0.22917138226945832	-0.6408910880421448	0.900554	M	0.288579	0.034052	0.004899	-0.010148	-0.022412	-0.034412	0.003802	-1.987815	-0.806941	0.163112	0.148074	-0.120295
cell_000929	donor_024	-1.2110684915485213	1.1681103573608624	-1.678807803908517	0.900554	M	0.050768	0.022303	0.004899	-0.010148	-0.022412	-0.034412	0.003802	-1.639001	0.627541	-1.948793	-0.29943	0.277267
cell_000930	donor_024	1.1241501279537498	0.9043780030372263	0.1872568943939284	0.900554	M	-1.108739	0.034562	0.004899	-0.010148	-0.022412	-0.034412	0.003802	-0.373343	0.589757	-0.527785	-1.574707	1.311758
cell_000931	donor_024	-0.631216918861306	-0.06292066475996581	-0.11687519086813063	0.900554	M	-1.380806	0.024485	0.004899	-0.010148	-0.022412	-0.034412	0.003802	0.965679	-0.27373	0.270125	1.498505	-1.191055
cell_000932	donor_024	-0.3214322853896353	-0.052737539941279464	-2.095808406691093	0.900554	M	-0.955667	0.000563	0.004899	-0.010148	-0.022412	-0.034412	0.003802	-0.183719	1.26757	-0.267637	0.622708	1.058288
cell_000933	donor_024	-0.561281309374332	1.0555117927965076	-1.7359640621901444	0.900554	M	-0.944531	0.008835	0.004899	-0.010148	-0.022412	-0.034412	0.003802	0.621853	0.03114	0.066624	0.615174	0.99652
cell_000934	donor_024	-1.0385190804161388	0.137140912366857	-0.7373611774765236	0.900554	M	-0.013636	0.04176	0.004899	-0.010148	-0.022412	-0.034412	0.003802	-0.709166	-0.597953	-1.014995	0.303181	-0.593584
cell_000935	donor_024	0.27038232815630076	1.1232433563043442	1.0748036374848124	0.900554	M	-0.039714	0.032248	0.004899	-0.010148	-0.022412	-0.034412	0.003802	0.826805	2.687517	0.298481	1.052716	0.669611
cell_000936	donor_025	0.1662194086256786	0.19520780665736998	-1.4460978112064131	-1.147765	M	-0.283289	0.047591	0.005081	-0.004581	0.002117	0.005478	0.017932	0.232065	-0.550158	0.46809	0.897478	-0.407971
cell_000937	donor_025	-0.4930946643838822	-0.9442832886223339	0.36848281106608716	-1.147765	M	0.397096	0.03513	0.005081	-0.004581	0.002117	0.005478	0.017932	-1.115423	-0.296794	0.280883	-0.323028	-0.088271
cell_000938	donor_025	1.6068306712872629	0.48288955388342936	-1.3446508768226841	-1.147765	M	-0.239536	0.040069	0.005081	-0.004581	0.002117	0.005478	0.017932	0.118344	0.923705	-0.8085	-0.758226	-0.719313
cell_000939	donor_025	1.1174242251272066	-0.31631000298804807	0.20433650453314275	-1.147765	M	0.063077	0.048369	0.005081	-0.004581	0.002117	0.005478	0.017932	-0.571646	-0.708996	-3.513774	0.967002	-2.429381
cell_000940	donor_025	-0.3772336983331456	-0.747649210191076	0.6968412283499962	-1.147765	M	0.812273	0.008509	0.005081	-0.004581	0.002117	0.005478	0.017932	0.412772	0.143692	0.703855	-0.690391	2.055414
cell_000941	donor_025	0.06540667878197187	-0.032569219050705624	-1.594605389371553	-1.147765	M	-0.673532	0.007365	0.005081	-0.004581	0.002117	0.005478	0.017932	0.318532	-1.227608	-0.959933	-1.31361	-1.56249
cell_000942	donor_025	0.6703439970774752	-0.7994664027697991	1.6095467585815648	-1.147765	M	-0.424047	0.086063	0.005081	-0.004581	0.002117	0.005478	0.017932	1.395475	-0.138753	-1.423095	0.333971	-0.489423
cell_000943	donor_025	-0.0181949792725315	0.5470629613727966	1.0326250198953915	-1.147765	M	0.667734	0.051136	0.005081	-0.004581	0.002117	0.005478	0.017932	-1.228602	1.382677	-1.825729	0.187915	-0.775014
cell_000944	donor_025	-1.5047339147953025	1.4095350278130356	0.20705049129711353	-1.147765	M	-1.810988	0.04035	0.005081	-0.004581	0.002117	0.005478	0.017932	0.585798	-0.261485	0.499464	-0.858696	-0.028256
cell_000945	donor_025	-2.545271134945739	-0.01319389252596952	1.093964496324055	-1.147765	M	-1.221463	0.013495	0.005081	-0.004581	0.002117	0.005478	0.017932	-0.239642	-0.331459	-1.439791	0.258112	0.571021
cell_000946	donor_025	-0.07231984146303388	-0.24044475209565302	1.3203806889706655	-1.147765	M	-0.998936	0.061484	0.005081	-0.004581	0.002117	0.005478	0.017932	1.802798	-2.859048	0.859719	0.637783	0.020872
cell_000947	donor_025	-0.9707645374817405	-0.08519987857796901	-0.9516486889432408	-1.147765	M	-0.627071	0.026677	0.005081	-0.004581	0.002117	0.005478	0.017932	-1.45601	-1.090835	-1.43792	-0.27869	0.437087
cell_000948	donor_025	0.04224234198515113	0.47514125419656894	-0.24328903284466677	-1.147765	M	1.230954	0.039479	0.005081	-0.004581	0.002117	0.005478	0.017932	-0.693674	0.374582	-0.324345	-0.466697	0.170268
cell_000949	donor_025	0.5666068654791412	-1.255673452933613	0.2680935571681364	-1.147765	M	-2.433577	0.009452	0.005081	-0.004581	0.002117	0.005478	0.017932	2.518895	-1.128272	-0.11711	0.652519	-0.410932
cell_000950	donor_025	0.011594437707656278	0.832922234933249	0.6150129159311402	-1.147765	M	0.278708	0.01678	0.005081	-0.004581	0.002117	0.005478	0.017932	0.383021	-0.891148	0.55827	-0.585365	-0.112612
cell_000951	donor_025	-1.1808352136617402	0.147909501370915	0.5806857095148017	-1.147765	M	0.374116	0.021393	0.005081	-0.004581	0.002117	0.005478	0.017932	-0.290969	-0.470979	0.288839	-1.515268	1.165138
cell_000952	donor_025	0.4028122457805764	0.5667261209927269	0.6213618245090725	-1.147765	M	-0.057889	0.043019	0.005081	-0.004581	0.002117	0.005478	0.017932	-0.199122	0.396125	0.913256	-1.510489	0.29823
cell_000953	donor_025	-1.602311855480257	1.2004531356603918	0.44704360573656876	-1.147765	M	-0.620878	0.056692	0.005081	-0.004581	0.002117	0.005478	0.017932	0.359354	-0.051234	0.171202	-0.081595	-0.600597
cell_000954	donor_025	-1.5545817872596726	0.1565124919927193	-1.0869707727516114	-1.147765	M	-1.161289	0.062417	0.005081	-0.004581	0.002117	0.005478	0.017932	-0.429792	0.759378	0.589241	0.96004	-0.414117
cell_000955	donor_025	-0.8153266000865846	-0.2200285315234415	-0.07580622121585673	-1.147765	M	0.942984	0.025613	0.005081	-0.004581	0.002117	0.005478	0.017932	-0.158211	-1.280984	-3.212149	-1.280542	-0.208132
cell_000956	donor_025	0.08618384306561011	1.3527568073882374	-0.2920663810947443	-1.147765	M	-0.557471	0.011711	0.005081	-0.004581	0.002117	0.005478	0.017932	-1.993577	0.719459	-2.167564	0.809922	0.234371
cell_000957	donor_025	-0.4865882022974668	-0.45388367226372656	-1.3600390365635024	-1.147765	M	0.168492	0.041505	0.005081	-0.004581	0.002117	0.005478	0.017932	-1.755202	1.304533	-1.020701	0.474897	-0.034715
cell_000958	donor_025	-0.551928776891789	0.711889549579064	-0.5133673750836507	-1.147765	M	-0.385225	0.034658	0.005081	-0.004581	0.002117	0.005478	0.017932	-1.005508	-0.097442	0.84173	1.051638	-0.208092
cell_000959	donor_025	0.5740490023194832	0.6569931538431285	-0.7573390548774609	-1.147765	M	-0.117155	0.001389	0.005081	-0.004581	0.002117	0.005478	0.017932	1.011213	-1.165939	1.130483	0.313595	-1.455979
cell_000960	donor_025	0.598909397265189	0.36996763473953226	0.681951720132254	-1.147765	M	-0.004636	0.049542	0.005081	-0.004581	0.002117	0.005478	0.017932	1.624128	-0.349409	1.105608	1.841523	0.937604
cell_000961	donor_025	-0.495123231530514	0.025288001891896027	-0.933555126073075	-1.147765	M	-2.462088	0.049732	0.005081	-0.004581	0.002117	0.005478	0.017932	-0.797873	0.110784	-0.731937	1.180411	-1.35536
cell_000962	donor_025	-1.3347137135807436	-0.7390590592265434	1.3155656473010697	-1.147765	M	0.360508	0.04639	0.005081	-0.004581	0.002117	0.005478	0.017932	0.491911	1.018754	1.407586	-0.443156	0.930616
cell_000963	donor_025	-0.7645259571673133	-2.075672676060391	0.4105683030347573	-1.147765	M	-1.465038	0.007297	0.005081	-0.004581	0.002117	0.005478	0.017932	1.540539	2.096544	0.591716	-0.39917	-0.25743
cell_000964	donor_025	0.895899835300155	-0.25060053482010813	0.8855912020254489	-1.147765	M	0.462461	0.005638	0.005081	-0.004581	0.002117	0.005478	0.017932	-0.520132	-0.286731	-0.035041	-1.587974	-1.046436
cell_000965	donor_025	-0.7370310131152475	-0.47293397113755875	-0.20545968420933242	-1.147765	M	0.136142	0.060491	0.005081	-0.004581	0.002117	0.005478	0.017932	-0.102844	-0.545692	1.289538	-0.00143	0.694873
cell_000966	donor_025	0.5165281267669989	1.2887501864937467	-0.5981890238310781	-1.147765	M	-0.504471	0.009913	0.005081	-0.004581	0.002117	0.005478	0.017932	0.58131	-0.843034	0.833483	0.358571	1.151001
cell_000967	donor_025	-0.10980516559798924	0.06691664725594076	0.4312123515716443	-1.147765	M	0.126	0.052885	0.005081	-0.004581	0.002117	0.005478	0.017932	0.718571	1.482838	-2.318169	-0.715077	-1.966597
cell_000968	donor_025	0.1530960313683288	0.7027533852055792	0.5376585044554542	-1.147765	M	0.386289	0.053695	0.005081	-0.004581	0.002117	0.005478	0.017932	-0.070322	-0.282828	-0.714596	1.538485	0.733946
cell_000969	donor_025	0.6426676244202336	-1.1105918557037897	-0.22089852929944692	-1.147765	M	0.939732	0.043744	0.005081	-0.004581	0.002117	0.005478	0.017932	0.064756	0.399007	0.685368	-0.67046	1.318117
cell_000970	donor_025	0.913093955035805	-0.20203455622035468	-0.6748850500014119	-1.147765	M	-1.768433	0.056405	0.005081	-0.004581	0.002117	0.005478	0.017932	1.343449	-0.21438	-0.635547	-1.357527	0.022631
cell_000971	donor_025	-0.49936657803656537	0.7202085252573102	2.4616752171264853	-1.147765	M	0.125523	0.045532	0.005081	-0.004581	0.002117	0.005478	0.017932	1.006076	0.03854	-0.275702	-1.586594	0.189089
cell_000972	donor_025	-1.1875424871241838	-0.1265817880021942	-0.3563758583208522	-1.147765	M	1.932693	0.027974	0.005081	-0.004581	0.002117	0.005478	0.017932	0.463072	-0.503387	1.891277	-0.001547	1.422782
cell_000973	donor_025	1.6929405623453717	-0.442362713147776	-1.0362086738952598	-1.147765	M	1.224307	0.01491	0.005081	-0.004581	0.002117	0.005478	0.017932	-1.652881	-1.479012	0.513278	-0.153513	0.684432
cell_000974	donor_025	0.683069142896535	-0.5865096396802307	1.2237624607724311	-1.147765	M	0.040929	0.034245	0.005081	-0.004581	0.002117	0.005478	0.017932	-0.894606	-0.508388	2.25351	0.828422	0.278178
cell_000975	donor_025	-2.4032020395472657	-1.4010523670908748	1.8840350751245403	-1.147765	M	-0.705044	0.03326	0.005081	-0.004581	0.002117	0.005478	0.017932	-0.016043	0.582484	0.375281	-1.998566	0.569499
cell_000976	donor_025	-0.3232353334408042	-0.08318618644356195	-0.19545724254889665	-1.147765	M	0.492142	0.043783	0.005081	-0.004581	0.002117	0.005478	0.017932	-0.114983	0.413849	-0.440684	-0.346271	0.814109
cell_000977	donor_025	0.2978897967311159	-1.2706867980600418	0.49838099986658735	-1.147765	M	-0.458167	0.038734	0.005081	-0.004581	0.002117	0.005478	0.017932	1.420021	2.04017	-1.41106	0.984301	-0.365193
cell_000978	donor_025	-1.0711411757578544	0.578092292715599	-0.6876959045400293	-1.147765	M	0.038825	0.086938	0.005081	-0.004581	0.002117	0.005478	0.017932	1.637014	0.877622	1.38803	0.580127	0.44721
cell_000979	donor_025	0.41596834434429464	-0.09170570044362496	-0.07215799499990289	-1.147765	M	-0.648033	0.056036	0.005081	-0.004581	0.002117	0.005478	0.017932	0.363113	-2.562171	-0.449967	-0.059389	-0.600432
cell_000980	donor_025	0.06223585954161235	0.8069619273642902	0.01905504080819279	-1.147765	M	-1.751606	0.046853	0.005081	-0.004581	0.002117	0.005478	0.017932	0.843031	-1.633877	0.271684	0.228859	-0.380118
cell_000981	donor_025	1.3383282922125268	-0.32171935290075154	0.43154749018560234	-1.147765	M	-0.198642	0.037492	0.005081	-0.004581	0.002117	0.005478	0.017932	-0.735289	0.531599	0.123464	1.338651	-0.290954
cell_000982	donor_025	-0.43553138587556367	-0.39131291805355145	-1.5294537743495416	-1.147765	M	-0.106953	0.020743	0.005081	-0.004581	0.002117	0.005478	0.017932	0.810883	-1.264405	-1.283876	1.1154	-2.240864
cell_000983	donor_025	0.7693143247422649	0.4254836042193953	-0.20584407531470655	-1.147765	M	0.0485	0.053154	0.005081	-0.004581	0.002117	0.005478	0.017932	0.341007	1.497089	0.536435	0.016002	0.175245
cell_000984	donor_026	0.46600553317405286	-0.8794132149258373	-0.24593127906406254	-0.653343	F	-1.520991	0.037745	0.012644	0.041726	0.007381	0.016364	0.006883	-0.104484	0.589191	1.16556	0.562782	2.159185
cell_000985	donor_026	-0.9479579914888058	-0.330389641809456	-0.44674193236315085	-0.653343	F	0.752627	0.040068	0.012644	0.041726	0.007381	0.016364	0.006883	0.19423	2.816869	0.300384	-0.556849	0.351281
cell_000986	donor_026	0.07676475649683355	-0.7337418876311889	0.22782077216558488	-0.653343	F	0.985218	0.02453	0.012644	0.041726	0.007381	0.016364	0.006883	-0.012145	0.505187	0.371401	1.563332	0.503772
cell_000987	donor_026	3.0581994155216905	-1.1205487491425319	0.584760104015111	-0.653343	F	-0.391158	0.061507	0.012644	0.041726	0.007381	0.016364	0.006883	-0.729921	0.696661	-0.254149	0.03791	0.321973
cell_000988	donor_026	1.1249901838394054	0.8207724647186807	0.3946266715143094	-0.653343	F	-0.203088	0.023416	0.012644	0.041726	0.007381	0.016364	0.006883	0.103962	-0.485849	-1.004867	-0.995504	0.924142
cell_000989	donor_026	0.8982455130385004	-0.2701497801214254	1.070539444651622	-0.653343	F	-0.290334	0.033058	0.012644	0.041726	0.007381	0.016364	0.006883	0.713341	-1.113124	0.569137	0.04497	0.529543
cell_000990	donor_026	-0.2555328034995329	-0.29666536814782135	-1.7942141468885704	-0.653343	F	-0.569802	0.007032	0.012644	0.041726	0.007381	0.016364	0.006883	-0.247224	1.462348	-1.649845	0.411724	0.271166
cell_000991	donor_026	2.054886766663819	-0.40323430755874035	1.1329836882807844	-0.653343	F	0.165544	0.03356	0.012644	0.041726	0.007381	0.016364	0.006883	0.661044	-0.73185	0.286697	-0.682478	-0.259467
cell_000992	donor_026	0.6321850238248237	-0.10174269831842467	1.1523986817682665	-0.653343	F	0.475687	0.020489	0.012644	0.041726	0.007381	0.016364	0.006883	1.431619	-0.593917	0.622514	-1.194112	-0.722415
cell_000993	donor_026	0.8442498907696235	-1.2936231389772128	0.3209971382152609	-0.653343	F	2.045768	0.036766	0.012644	0.041726	0.007381	0.016364	0.006883	-0.427211	1.318018	-0.069602	0.838489	-0.520392
cell_000994	donor_026	0.4251226692063517	0.5560764599212908	-1.1317715631127063	-0.653343	F	0.500883	0.04881	0.012644	0.041726	0.007381	0.016364	0.006883	0.590091	0.11187	-0.486259	-1.96679	-0.199864
cell_000995	donor_026	-2.5402884492291524	-1.372779047165338	1.3823774479597013	-0.653343	F	-0.467682	0.057281	0.012644	0.041726	0.007381	0.016364	0.006883	-1.149008	0.07968	-0.314292	-0.997052	0.925391
cell_000996	donor_026	-0.996074375972738	-0.8132200601372284	0.5705388987582098	-0.653343	F	0.103842	0.036504	0.012644	0.041726	0.007381	0.016364	0.006883	0.06557	0.94342	-0.329918	-1.106055	2.286681
cell_000997	donor_026	0.5812892072337824	-0.05000518696691581	0.6264223552391398	-0.653343	F	0.169764	0.032048	0.012644	0.041726	0.007381	0.016364	0.006883	-0.899473	-0.275701	0.000903	0.591048	-0.750325
cell_000998	donor_026	0.394661112946095	-0.807540095732519	1.400730529476632	-0.653343	F	0.609999	0.023203	0.012644	0.041726	0.007381	0.016364	0.006883	0.315268	-0.216274	-0.204363	-0.899272	0.813141
cell_000999	donor_026	0.562645080128954	0.18965896003856442	-0.35254859655667	-0.653343	F	0.559814	0.03127	0.012644	0.041726	0.007381	0.016364	0.006883	-0.845361	1.247224	1.464622	0.918216	0.676457
cell_001000	donor_026	-0.033976561679148844	0.3146938716714219	-0.9562878273669885	-0.653343	F	1.790387	0.074199	0.012644	0.041726	0.007381	0.016364	0.006883	-0.009013	2.624144	-0.63049	-0.297136	2.523319
cell_001001	donor_026	-2.192594737412908	0.4115915176150099	0.4621308398796346	-0.653343	F	-1.275194	0.045722	0.012644	0.041726	0.007381	0.016364	0.006883	0.542955	1.200701	-0.318119	0.388966	1.779562
cell_001002	donor_026	-0.058188153556725	1.5875697890925857	-0.44240592482961494	-0.653343	F	-0.759904	0.033527	0.012644	0.041726	0.007381	0.016364	0.006883	-1.063083	1.27455	-0.499961	-0.785418	1.47676
cell_001003	donor_026	0.7447989111372335	-0.6532819607075241	1.2584690140373789	-0.653343	F	1.833747	0.007864	0.012644	0.041726	0.007381	0.016364	0.006883	-0.518895	-2.064123	0.409554	-0.56492	0.295224
cell_001004	donor_026	1.484469601850902	0.9079892427346452	-0.19209426559093745	-0.653343	F	0.36819	0.035954	0.012644	0.041726	0.007381	0.016364	0.006883	-1.286413	-0.683262	0.652789	0.87791	-0.064916
cell_001005	donor_026	-0.4149591597829182	-1.8166622632792504	0.34835761627653256	-0.653343	F	1.464681	0.010446	0.012644	0.041726	0.007381	0.016364	0.006883	0.815798	-1.398615	0.77614	0.976036	-0.029568
cell_001006	donor_026	1.3717541042316819	0.8114486087421622	1.4224309275633593	-0.653343	F	0.842666	0.034504	0.012644	0.041726	0.007381	0.016364	0.006883	1.268275	0.747182	-0.41898	-0.573269	-0.14401
cell_001007	donor_026	0.6660335028813799	-1.007651231545893	-3.1752598232237323	-0.653343	F	-0.273144	0.048206	0.012644	0.041726	0.007381	0.016364	0.006883	-1.228243	1.169346	-0.346716	0.047178	1.006695
cell_001008	donor_026	1.3141866475727353	-1.7991808115392667	1.5125414939426045	-0.653343	F	-1.005559	0.037016	0.012644	0.041726	0.007381	0.016364	0.006883	0.276556	2.079537	2.823338	-1.650987	3.467745
cell_001009	donor_026	0.8280051796661904	-1.1650801678723743	0.2692287388949982	-0.653343	F	1.006321	0.023486	0.012644	0.041726	0.007381	0.016364	0.006883	0.2153	-0.6481	-0.337488	-0.196507	-1.450428
cell_001010	donor_026	-0.8102888094732457	1.6945074207766022	-0.2192099489928902	-0.653343	F	0.267886	0.027381	0.012644	0.041726	0.007381	0.016364	0.006883	0.476167	0.786125	-1.727729	-0.512059	0.113898
cell_001011	donor_026	0.3976712598841734	0.34827057044721216	1.9303422477347647	-0.653343	F	1.383372	0.02061	0.012644	0.041726	0.007381	0.016364	0.006883	-0.442165	-0.877	-0.049154	1.191463	0.86386
cell_001012	donor_026	2.095764626109734	1.2225168385813479	0.8249270519549422	-0.653343	F	0.420193	0.015141	0.012644	0.041726	0.007381	0.016364	0.006883	0.051559	-0.455596	0.184773	1.569322	2.415999
cell_001013	donor_026	0.7402313517444715	-0.12533157766261396	0.46917610936371273	-0.653343	F	-0.474817	0.016241	0.012644	0.041726	0.007381	0.016364	0.006883	0.725739	-1.750867	0.400403	-0.586835	0.957778
cell_001014	donor_026	1.6466537870368354	-0.18003962310075433	-0.6398528971087653	-0.653343	F	0.069091	0.001964	0.012644	0.041726	0.007381	0.016364	0.006883	-0.575447	-0.709238	-0.341918	-1.098302	0.471854
cell_001015	donor_026	-0.31374579437480665	0.6030179987334536	-1.7106895268660673	-0.653343	F	-0.313232	0.032067	0.012644	0.041726	0.007381	0.016364	0.006883	0.505129	0.247198	1.38016	0.563217	0.973936
cell_001016	donor_026	0.7992863316280323	0.2254519115999645	-3.217243260243729	-0.653343	F	-1.516199	0.033969	0.012644	0.041726	0.007381	0.016364	0.006883	0.079992	-1.099402	-1.089912	-0.727105	1.150161
cell_001017	donor_026	-0.743986729037808	-1.208797404620313	-0.6639428471423062	-0.653343	F	0.133468	0.038727	0.012644	0.041726	0.007381	0.016364	0.006883	-0.314887	1.206491	0.803297	0.77502	0.114307
cell_001018	donor_026	1.4494082711531218	0.2978467539169396	1.687714248968324	-0.653343	F	2.481369	0.05453	0.012644	0.041726	0.007381	0.016364	0.006883	-1.585419	-0.253334	-1.331761	0.049941	1.512082
cell_001019	donor_026	0.987049552559955	0.6219875733130608	0.03900947967146749	-0.653343	F	-0.244839	0.017036	0.012644	0.041726	0.007381	0.016364	0.006883	0.858966	-0.073337	-1.202386	1.284929	-0.829514
cell_001020	donor_026	1.236443049974978	1.3234193760728066	-0.8993153073677064	-0.653343	F	0.942349	0.038457	0.012644	0.041726	0.007381	0.016364	0.006883	1.706702	-1.513432	-0.564114	-1.01592	-0.568502
cell_001021	donor_026	-0.024408537764818525	-0.9086196130893276	0.11776085519264681	-0.653343	F	0.602196	0.05956	0.012644	0.041726	0.007381	0.016364	0.006883	-3.414561	-0.008243	1.306102	0.116151	0.230464
cell_001022	donor_026	-0.2729427226911713	0.7809593096878265	1.069434884596632	-0.653343	F	0.844833	0.005914	0.012644	0.041726	0.007381	0.016364	0.006883	-0.105038	1.367279	1.466809	-1.566272	1.671917
cell_001023	donor_026	-0.1998348012169584	-1.3756717497267563	-0.8838612512709585	-0.653343	F	0.617012	0.044035	0.012644	0.041726	0.007381	0.016364	0.006883	0.426785	1.037416	1.827469	-1.893835	0.32128
cell_001024	donor_026	-1.3848526015278297	-0.8744938299163054	-1.144719610015336	-0.653343	F	-1.23631	0.035092	0.012644	0.041726	0.007381	0.016364	0.006883	-0.279674	-1.636671	0.192319	0.354415	1.089788
cell_001025	donor_026	-0.3678711895237148	-2.7255375059755496	-0.2586647239188564	-0.653343	F	-0.319197	0.028436	0.012644	0.041726	0.007381	0.016364	0.006883	-1.57157	0.37248	-0.546826	-0.29382	0.952557
cell_001026	donor_026	0.9419523905407828	-0.9258550638758555	0.18435063007188568	-0.653343	F	-0.045452	0.042476	0.012644	0.041726	0.007381	0.016364	0.006883	0.289613	0.95861	-0.815578	0.532959	-1.151566
cell_001027	donor_026	0.16177754492202032	0.21251993652556217	-0.018946169416600284	-0.653343	F	-0.869858	0.004792	0.012644	0.041726	0.007381	0.016364	0.006883	0.678928	-0.001592	-0.415136	-0.078052	-0.246715
cell_001028	donor_026	0.1387096056870918	-0.8134698409488254	-0.5755208606689497	-0.653343	F	0.165017	0.006382	0.012644	0.041726	0.007381	0.016364	0.006883	1.188416	0.9736	-1.220948	1.250686	-0.179898
cell_001029	donor_026	-0.8515164379560612	-0.28387181787652127	-1.3150111195797023	-0.653343	F	0.722533	0.011301	0.012644	0.041726	0.007381	0.016364	0.006883	0.865725	0.702921	-0.207328	-0.865176	0.623515
cell_001030	donor_026	-1.2230502153384553	0.9674305989513872	-0.4271525577501545	-0.653343	F	-1.858257	0.052256	0.012644	0.041726	0.007381	0.016364	0.006883	0.450502	-0.499534	-1.669883	0.580231	-0.305123
cell_001031	donor_026	-0.7331012984550516	-0.4236533184546374	0.5396469718163958	-0.653343	F	-0.529712	0.045121	0.012644	0.041726	0.007381	0.016364	0.006883	0.295087	-0.55986	2.072657	-0.848424	0.272086
cell_001032	donor_026	0.19309780645899202	0.28745341865934704	0.36289212994103087	-0.653343	F	1.209996	0.060922	0.012644	0.041726	0.007381	0.016364	0.006883	1.459575	-1.419136	0.072598	-0.343846	0.623058
cell_001033	donor_027	-0.8150927783998551	0.5044305060989797	-1.201077609139145	1.183081	M	-0.80811	0.020598	0.026921	-0.004549	0.005037	0.015307	-0.03625	-2.01649	-1.799631	-0.738527	0.394901	-0.92097
cell_001034	donor_027	-1.2389342279060402	0.06821787283127081	-1.0307958246856612	1.183081	M	0.106131	0.00164	0.026921	-0.004549	0.005037	0.015307	-0.03625	-1.358349	0.017401	-0.729645	0.976828	-1.503879
cell_001035	donor_027	1.3319735941754636	0.16865631735973632	-1.3385489868044917	1.183081	M	0.564325	0.010757	0.026921	-0.004549	0.005037	0.015307	-0.03625	-0.505372	-1.577075	0.015269	-0.418198	1.044691
cell_001036	donor_027	-0.2153474877518225	1.0012085035653397	1.0059488841513966	1.183081	M	0.517685	0.052782	0.026921	-0.004549	0.005037	0.015307	-0.03625	-1.266164	-1.578917	-0.447107	0.660465	-0.924581
cell_001037	donor_027	-0.6839707155577575	0.10003507243170857	0.642495549822764	1.183081	M	0.455369	0.025929	0.026921	-0.004549	0.005037	0.015307	-0.03625	0.902301	0.454099	2.001306	0.829122	-1.177853
cell_001038	donor_027	1.1347070626026612	-0.5154656371543801	0.0011937171844469648	1.183081	M	2.920993	0.034097	0.026921	-0.004549	0.005037	0.015307	-0.03625	-0.01184	0.238029	-0.276994	0.549137	-0.491425
cell_001039	donor_027	0.32008436614175834	0.8177113911872884	-0.5903118021722338	1.183081	M	-1.850133	0.067156	0.026921	-0.004549	0.005037	0.015307	-0.03625	-0.580075	0.165255	-1.797729	0.804744	0.345692
cell_001040	donor_027	-1.048417862514664	-0.0006403580185570781	-1.124297218821573	1.183081	M	0.905386	0.026385	0.026921	-0.004549	0.005037	0.015307	-0.03625	0.770706	-0.211677	0.501842	-1.295735	-0.723972
cell_001041	donor_027	-0.19991103401235175	-0.03172467742305106	-0.4069218607582401	1.183081	M	-0.671904	0.030568	0.026921	-0.004549	0.005037	0.015307	-0.03625	-0.205164	1.037975	-1.48553	-0.84257	0.678471
cell_001042	donor_027	0.8819045066139103	-0.85556018555003	0.004080863737862669	1.183081	M	-1.284277	0.037592	0.026921	-0.004549	0.005037	0.015307	-0.03625	0.101759	0.29166	-0.503951	0.042739	-0.339056
cell_001043	donor_027	-0.6696448203543154	-0.3208863789438975	1.2786034275044322	1.183081	M	1.298128	0.06873	0.026921	-0.004549	0.005037	0.015307	-0.03625	0.077759	-1.450929	-0.855402	0.839732	0.108912
cell_001044	donor_027	-0.6853721789626873	-0.16017687524807125	0.7515009625047188	1.183081	M	0.296179	0.032251	0.026921	-0.004549	0.005037	0.015307	-0.03625	0.533931	-2.800143	-0.19231	-0.90869	-0.249938
cell_001045	donor_027	0.208947510376162	-0.7060404595964858	0.4502170203112698	1.183081	M	-0.874793	0.028425	0.026921	-0.004549	0.005037	0.015307	-0.03625	1.548049	-0.189614	1.492767	0.356749	-0.937477
cell_001046	donor_027	-0.4413157520101354	0.4404622614606373	0.4121187771568442	1.183081	M	-0.312564	0.019679	0.026921	-0.004549	0.005037	0.015307	-0.03625	-1.977974	2.277892	0.659486	0.208597	-1.449542
cell_001047	donor_027	0.1918735441634591	-1.1934195750625223	-0.1345901615492107	1.183081	M	0.174439	0.016005	0.026921	-0.004549	0.005037	0.015307	-0.03625	1.398933	0.493615	-0.519849	-0.134145	1.870895
cell_001048	donor_027	0.12420869426542955	0.6618822258707102	0.6737328277882989	1.183081	M	-2.35485	0.010165	0.026921	-0.004549	0.005037	0.015307	-0.03625	-0.032699	0.354089	-0.615092	0.478117	-0.101791
cell_001049	donor_027	0.06995837569877565	-1.2142273536555752	1.1015808611228737	1.183081	M	-0.993653	0.022052	0.026921	-0.004549	0.005037	0.015307	-0.03625	0.457184	0.919263	0.500886	-1.955673	0.689472
cell_001050	donor_027	0.09632710575549086	0.6437541209939042	-0.49833458424807164	1.183081	M	-0.078371	0.037849	0.026921	-0.004549	0.005037	0.015307	-0.03625	-0.137356	1.278669	1.231767	-0.956278	-0.576333
cell_001051	donor_027	1.0490857573936379	-0.5740704060338775	-2.0711071480276537	1.183081	M	1.063234	0.035829	0.026921	-0.004549	0.005037	0.015307	-0.03625	-0.884744	0.728853	0.915536	0.524186	-1.002001
cell_001052	donor_027	-0.5867275701137973	0.3416319039793785	2.405340991501013	1.183081	M	-0.510714	0.048476	0.026921	-0.004549	0.005037	0.015307	-0.03625	0.260448	-1.329112	-0.003766	-0.694017	-0.250591
cell_001053	donor_027	0.2689045303113712	-1.766382728192401	0.131083242376733	1.183081	M	-0.358496	0.030294	0.026921	-0.004549	0.005037	0.015307	-0.03625	0.416614	0.378033	-0.173367	-0.034113	-1.389316
cell_001054	donor_027	1.1419115945259426	1.0458779331981876	0.011332371386338694	1.183081	M	0.124587	0.01001	0.026921	-0.004549	0.005037	0.015307	-0.03625	-1.164784	-0.274918	1.027884	0.73699	-1.182459
cell_001055	donor_027	0.48194102213712353	1.4669142179457204	0.7710061300803873	1.183081	M	0.575896	0.083863	0.026921	-0.004549	0.005037	0.015307	-0.03625	0.079368	1.361123	-0.512986	-0.098555	1.299594
cell_001056	donor_027	-1.2426606616964113	0.9690661015674925	-0.7747880824599294	1.183081	M	0.306562	0.04619	0.026921	-0.004549	0.005037	0.015307	-0.03625	0.530797	0.168599	-2.273909	0.056358	-0.221374
cell_001057	donor_027	-1.2578924801409983	0.2667168475685468	-0.14927176069911965	1.183081	M	-1.037555	0.055057	0.026921	-0.004549	0.005037	0.015307	-0.03625	0.797538	0.66542	0.246448	0.588049	-0.413307
cell_001058	donor_027	1.0009046125514323	1.5959748757177843	-0.8253828858212859	1.183081	M	-1.689183	0.003698	0.026921	-0.004549	0.005037	0.015307	-0.03625	0.493873	0.957204	0.638847	-0.955376	0.985931
cell_001059	donor_027	-1.3615979294238185	-0.7788954794733621	-0.6011828104499654	1.183081	M	-1.65107	0.024333	0.026921	-0.004549	0.005037	0.015307	-0.03625	-0.472423	-1.270031	-0.728732	0.852706	0.165994
cell_001060	donor_027	-0.07507830551457358	0.7411644489996803	1.2023952009498864	1.183081	M	0.533983	0.016636	0.026921	-0.004549	0.005037	0.015307	-0.03625	0.130453	-2.138128	-1.784618	0.054041	1.033997
cell_001061	donor_027	-2.278183937619224	0.6304723951523179	1.5409357716469083	1.183081	M	0.55826	0.009353	0.026921	-0.004549	0.005037	0.015307	-0.03625	1.005727	0.086165	0.76524	-0.746093	-1.940363
cell_001062	donor_027	0.9065863836065419	1.409201712843716	1.1874289432006442	1.183081	M	0.364361	0.029826	0.026921	-0.004549	0.005037	0.015307	-0.03625	-1.717536	0.20813	0.901948	0.19043	-0.803541
cell_001063	donor_027	0.8350676450111983	0.12926740933006722	-1.0659123002591524	1.183081	M	1.162202	0.06987	0.026921	-0.004549	0.005037	0.015307	-0.03625	0.78645	0.511709	0.388926	-0.195423	0.917737
cell_001064	donor_027	1.3203573602732273	0.5852582559305829	-1.469798670556736	1.183081	M	1.161363	0.045387	0.026921	-0.004549	0.005037	0.015307	-0.03625	-0.43728	-0.331716	-0.553843	1.279037	-0.012943
cell_001065	donor_027	1.151838696866292	-2.4266453867911544	0.26585717819712423	1.183081	M	0.246799	0.02167	0.026921	-0.004549	0.005037	0.015307	-0.03625	-0.076069	-0.121427	-1.468562	-1.051244	-1.189997
cell_001066	donor_027	-0.20504994845672425	0.0076715877445801255	1.1032119257882234	1.183081	M	0.425457	0.039822	0.026921	-0.004549	0.005037	0.015307	-0.03625	-0.398395	0.210351	-1.207836	-0.358967	0.221901
cell_001067	donor_027	0.8323993733925555	-1.3540984842921906	0.35378494826377094	1.183081	M	-0.022841	0.018579	0.026921	-0.004549	0.005037	0.015307	-0.03625	-0.273152	-0.051624	1.68536	-0.226121	-2.123915
cell_001068	donor_027	-0.18822361057882883	-0.6374554249736213	-0.489989107501982	1.183081	M	-0.146762	0.054296	0.026921	-0.004549	0.005037	0.015307	-0.03625	0.162063	1.648801	0.756291	-0.034661	0.393817
cell_001069	donor_027	1.5339956208450332	-0.10004427046938605	0.007605415371761191	1.183081	M	-0.148499	0.018911	0.026921	-0.004549	0.005037	0.015307	-0.03625	-1.777333	0.251686	1.612425	0.113868	-0.243993
cell_001070	donor_027	1.4091220027792877	0.16580664565763967	-1.2194373811121182	1.183081	M	-1.397456	0.051885	0.026921	-0.004549	0.005037	0.015307	-0.03625	-0.667607	0.180996	-0.493291	1.382911	0.688275
cell_001071	donor_027	0.38142634599511577	-0.5872568870096869	-0.8558605574664796	1.183081	M	0.614834	0.034571	0.026921	-0.004549	0.005037	0.015307	-0.03625	-0.133889	1.539155	0.201935	0.844088	-0.527173
cell_001072	donor_027	0.5157925533199439	-0.7028816736407162	-0.07404389004704819	1.183081	M	-0.017713	0.020881	0.026921	-0.004549	0.005037	0.015307	-0.03625	0.168681	0.224808	-1.175108	1.049297	0.513261
cell_001073	donor_027	1.6576642316379153	1.234754460353979	0.32957115136900433	1.183081	M	0.6718	0.035803	0.026921	-0.004549	0.005037	0.015307	-0.03625	-0.293943	-0.505395	0.105759	0.502198	-0.163833
cell_001074	donor_027	-0.18453070643872688	-0.09388032212228913	1.36992056518866	1.183081	M	-0.886631	0.03741	0.026921	-0.004549	0.005037	0.015307	-0.03625	0.056845	-1.594452	1.721389	-0.611638	0.720268
cell_001075	donor_027	0.564801414237407	0.4551727158656628	-0.06753929298557694	1.183081	M	-0.210412	0.048156	0.026921	-0.004549	0.005037	0.015307	-0.03625	2.259811	-0.207397	1.248287	-0.487118	0.749547
cell_001076	donor_027	0.0013973447987306175	0.6709533121331838	0.5517954131480575	1.183081	M	-0.213597	0.035771	0.026921	-0.004549	0.005037	0.015307	-0.03625	1.815502	0.273455	-0.49872	0.312975	-0.723121
cell_001077	donor_027	-0.6838074598502072	-0.6576860203280162	0.9641334400310935	1.183081	M	0.098947	0.031127	0.026921	-0.004549	0.005037	0.015307	-0.03625	-1.273192	-0.115733	0.484353	-3.215063	1.230147
cell_001078	donor_028	-0.9099272732481563	1.2263978883698192	-0.030761547277710345	1.183081	M	1.820637	0.02283	-0.001859	-0.01507	-0.000735	-0.04043	-0.005938	-1.100413	0.591465	0.951684	-1.216362	-1.127736
cell_001079	donor_028	0.9624525116498892	-0.016895800871602973	0.22507475561634924	1.183081	M	2.613098	0.031207	-0.001859	-0.01507	-0.000735	-0.04043	-0.005938	-0.17445	1.663726	1.591486	-0.2961	0.814725
cell_001080	donor_028	-0.43531715599658627	-0.6098438180259715	-0.3770185871725596	1.183081	M	-1.328663	0.05186	-0.001859	-0.01507	-0.000735	-0.04043	-0.005938	-0.274759	0.085888	-1.188185	-1.020476	-0.373306
cell_001081	donor_028	-0.8671180361605205	-1.4070832363886556	-1.226979496546665	1.183081	M	0.564331	0.05058	-0.001859	-0.01507	-0.000735	-0.04043	-0.005938	0.533611	0.573199	0.773178	0.648811	1.791205
cell_001082	donor_028	1.482884494938755	1.4281321682420691	0.8087592886904634	1.183081	M	0.239704	0.029822	-0.001859	-0.01507	-0.000735	-0.04043	-0.005938	0.251931	-0.637951	-0.163825	-1.899455	1.48269
cell_001083	donor_028	2.0147849947795953	2.1444596147716597	0.8957237513317173	1.183081	M	2.220259	0.004684	-0.001859	-0.01507	-0.000735	-0.04043	-0.005938	-0.271031	0.541437	-2.586941	-0.430326	-0.891219
cell_001084	donor_028	0.15139809957614053	2.398615752062922	-0.3328927112534819	1.183081	M	-0.815201	0.017918	-0.001859	-0.01507	-0.000735	-0.04043	-0.005938	-0.589889	-0.586788	0.016593	-0.429339	0.67908
cell_001085	donor_028	-1.538038940821919	-0.6767483527549049	-0.21673673335945412	1.183081	M	1.260867	0.04332	-0.001859	-0.01507	-0.000735	-0.04043	-0.005938	0.510011	1.096196	0.726587	-0.417323	-0.856243
cell_001086	donor_028	0.8261582243268215	2.1611742194454067	0.6703832726433402	1.183081	M	0.358634	0.0452	-0.001859	-0.01507	-0.000735	-0.04043	-0.005938	0.307658	-0.547112	0.160401	-0.401752	1.285972
cell_001087	donor_028	-0.2598251048398395	0.18069217983949543	0.3441341721567984	1.183081	M	-0.443471	0.035527	-0.001859	-0.01507	-0.000735	-0.04043	-0.005938	-1.063484	-0.10142	-1.452823	-0.27671	0.915492
cell_001088	donor_028	-0.523557903704207	-0.8064605314444017	1.5995034612978418	1.183081	M	-0.102826	0.038534	-0.001859	-0.01507	-0.000735	-0.04043	-0.005938	0.028829	-0.162918	-1.019909	1.602978	0.85626
cell_001089	donor_028	0.47865170037395693	0.3221949993007217	0.20921487895403137	1.183081	M	-1.333294	0.019561	-0.001859	-0.01507	-0.000735	-0.04043	-0.005938	0.386021	-1.628606	-0.45631	-1.840995	1.315308
cell_001090	donor_028	0.357998096324093	-0.3087164501563065	-2.0329800372533615	1.183081	M	-0.928115	0.038169	-0.001859	-0.01507	-0.000735	-0.04043	-0.005938	0.109248	0.070389	1.967456	0.27638	1.978737
cell_001091	donor_028	1.255615907589232	-2.526402333782062	-0.5364843554521372	1.183081	M	0.36355	0.009779	-0.001859	-0.01507	-0.000735	-0.04043	-0.005938	0.194048	0.394587	0.352483	-0.206563	-0.466508
cell_001092	donor_028	0.3944872120758775	-0.393581560740727	-0.05338446759033403	1.183081	M	-0.17419	0.022175	-0.001859	-0.01507	-0.000735	-0.04043	-0.005938	-0.682533	-0.001416	-0.917848	-0.098392	-1.961336
cell_001093	donor_028	-0.001409686905935903	2.046230967854038	-0.3301193599637096	1.183081	M	0.016682	0.003813	-0.001859	-0.01507	-0.000735	-0.04043	-0.005938	1.173024	0.399403	-1.354571	-0.099899	-1.00441
cell_001094	donor_028	-0.2779102661247745	-1.113536883382952	0.3321849978431829	1.183081	M	3.651383	0.008362	-0.001859	-0.01507	-0.000735	-0.04043	-0.005938	-1.633024	2.072147	-0.368635	0.029654	-0.504813
cell_001095	donor_028	-0.2593865538232435	-0.01032257223371606	-0.22010084327498539	1.183081	M	-0.880889	0.012083	-0.001859	-0.01507	-0.000735	-0.04043	-0.005938	-2.161517	-1.353027	0.5043	-0.65266	-1.09327
cell_001096	donor_028	-1.3931038454853373	-1.3256921678382931	-1.358815036453003	1.183081	M	1.177947	0.008752	-0.001859	-0.01507	-0.000735	-0.04043	-0.005938	1.345455	1.620009	1.272888	-2.257724	-1.106397
cell_001097	donor_028	0.40921720495279823	0.19751271185260763	-1.218782904842754	1.183081	M	-0.244367	0.039422	-0.001859	-0.01507	-0.000735	-0.04043	-0.005938	0.574441	-1.406313	-0.765746	0.279248	1.146374
cell_001098	donor_028	-1.3526173137426278	-0.6529042121458488	1.9876944929460925	1.183081	M	-0.842482	0.025391	-0.001859	-0.01507	-0.000735	-0.04043	-0.005938	-0.058126	0.090978	1.558618	1.937952	0.20083
cell_001099	donor_028	0.6678145178971827	-0.39779578342787	-0.7669053207316193	1.183081	M	-0.856041	0.026088	-0.001859	-0.01507	-0.000735	-0.04043	-0.005938	-0.277828	1.143915	0.389243	-0.580977	1.35076
cell_001100	donor_028	-0.13298697350297703	-0.2872734483096506	1.3618185384289878	1.183081	M	-0.106137	0.04387	-0.001859	-0.01507	-0.000735	-0.04043	-0.005938	-1.086703	0.145079	-1.855193	-2.262343	-0.121959
cell_001101	donor_028	-0.8876151597923689	0.6400196789594357	-1.692582057727991	1.183081	M	1.00802	0.053536	-0.001859	-0.01507	-0.000735	-0.04043	-0.005938	1.450704	-1.518192	-1.113285	-0.762352	-0.73426
cell_001102	donor_028	-0.04716099000446901	-0.2606769973902291	-0.7665923945935167	1.183081	M	0.03463	0.022604	-0.001859	-0.01507	-0.000735	-0.04043	-0.005938	-0.311434	-0.918196	0.658113	0.690318	0.655864
cell_001103	donor_028	0.48825679649746656	1.790691888084664	-0.3872916397335635	1.183081	M	1.276978	0.056051	-0.001859	-0.01507	-0.000735	-0.04043	-0.005938	-0.38676	-1.2686	-1.579079	0.816046	0.003578
cell_001104	donor_028	0.02775551848702159	1.4625069654285512	-1.351498071422597	1.183081	M	-0.83702	0.009885	-0.001859	-0.01507	-0.000735	-0.04043	-0.005938	0.097611	0.965211	-0.2132	1.451739	-0.086639
cell_001105	donor_028	-0.07923058840804387	0.18979175216516325	0.6250710047118626	1.183081	M	0.255735	0.018813	-0.001859	-0.01507	-0.000735	-0.04043	-0.005938	-0.715316	1.192772	0.673228	-0.112792	-1.355591
cell_001106	donor_028	-0.13274518567484614	0.38134666788676314	1.2140574294662114	1.183081	M	-0.935108	0.015126	-0.001859	-0.01507	-0.000735	-0.04043	-0.005938	-0.250145	0.373639	1.770182	-0.961677	0.261469
cell_001107	donor_028	-0.07848675991574501	0.3401614416758447	1.8247666082260932	1.183081	M	-0.953291	0.001726	-0.001859	-0.01507	-0.000735	-0.04043	-0.005938	0.718255	0.993632	-0.448974	-1.505963	2.009479
cell_001108	donor_028	-0.10787381571025012	0.5905864810952464	2.2600097668322134	1.183081	M	0.817769	0.05129	-0.001859	-0.01507	-0.000735	-0.04043	-0.005938	-0.298491	0.130369	0.005685	1.018887	0.285591
cell_001109	donor_028	0.9572902466378275	-1.5346001122619242	-0.393374016067625	1.183081	M	-0.037215	0.009458	-0.001859	-0.01507	-0.000735	-0.04043	-0.005938	-0.157395	0.677963	1.082016	-0.275315	0.027092
cell_001110	donor_028	1.1715746998180911	0.1407718861161544	1.1671846554734402	1.183081	M	0.862512	0.007008	-0.001859	-0.01507	-0.000735	-0.04043	-0.005938	-0.258324	-0.699619	1.565867	-0.497433	1.820349
cell_001111	donor_028	-0.31373081181870316	1.9908715768093037	1.1040917551744076	1.183081	M	-0.477664	0.028647	-0.001859	-0.01507	-0.000735	-0.04043	-0.005938	0.893813	-1.253894	-1.33607	0.222495	-0.878697
cell_001112	donor_028	-1.6366446245817783	-0.3205883166569653	0.6573687384172355	1.183081	M	0.356906	0.031409	-0.001859	-0.01507	-0.000735	-0.04043	-0.005938	-1.031869	-0.915467	0.747805	-1.366419	1.650444
cell_001113	donor_028	0.7777259355679453	0.892875373587551	0.10216399344250997	1.183081	M	0.217053	0.035248	-0.001859	-0.01507	-0.000735	-0.04043	-0.005938	-0.900983	2.025925	-0.591529	-1.004304	-0.337567
cell_001114	donor_028	0.15886998940065808	0.380092428362417	2.6803150305988517	1.183081	M	-1.425577	0.03268	-0.001859	-0.01507	-0.000735	-0.04043	-0.005938	0.864972	0.803707	0.036755	0.336474	-0.597362
cell_001115	donor_028	-0.7563803243665589	-1.3001669388560861	-0.24698304500371626	1.183081	M	-0.351468	0.002766	-0.001859	-0.01507	-0.000735	-0.04043	-0.005938	0.612247	-0.447344	-0.047716	0.03238	0.153341
cell_001116	donor_028	-0.4496020815115374	-0.11037524631518648	1.2194056959107746	1.183081	M	-0.131685	0.031049	-0.001859	-0.01507	-0.000735	-0.04043	-0.005938	0.408089	0.942048	-1.058078	-0.119138	-1.382888
cell_001117	donor_028	-1.0508574078563782	-0.1787376613002825	-0.5019971772486431	1.183081	M	-1.056377	0.002956	-0.001859	-0.01507	-0.000735	-0.04043	-0.005938	0.242076	1.741776	0.583386	-0.053343	0.000903
cell_001118	donor_028	-1.4054229421654063	-0.2071716852617724	-1.925262486471738	1.183081	M	0.392387	0.048746	-0.001859	-0.01507	-0.000735	-0.04043	-0.005938	-1.302221	0.459568	1.900001	2.988564	0.728968
cell_001119	donor_028	-0.13773704778376292	0.3533582840138836	-0.5638761183026588	1.183081	M	0.491033	0.036025	-0.001859	-0.01507	-0.000735	-0.04043	-0.005938	1.350348	0.604919	1.192803	0.721446	-0.618849
cell_001120	donor_028	-0.33811806074983564	0.28465963913654146	1.0874376096065195	1.183081	M	1.830847	0.046447	-0.001859	-0.01507	-0.000735	-0.04043	-0.005938	0.00858	1.271979	-1.070177	1.228418	0.297356
cell_001121	donor_028	0.02545998234524578	-2.1433341143680162	-0.5883883282536866	1.183081	M	1.146913	0.053252	-0.001859	-0.01507	-0.000735	-0.04043	-0.005938	0.955215	-0.182155	-0.674793	-1.670386	-0.143269
cell_001122	donor_028	-2.2230299684023063	-0.08915919911899513	-0.08934698616447423	1.183081	M	-0.471406	0.054312	-0.001859	-0.01507	-0.000735	-0.04043	-0.005938	1.22657	-1.357857	-0.879972	0.674995	1.044354
cell_001123	donor_028	-0.47887252344866765	0.8601893739834838	0.09778423064026573	1.183081	M	0.197851	0.02806	-0.001859	-0.01507	-0.000735	-0.04043	-0.005938	-0.026853	1.13395	-0.710027	0.83818	0.923076
cell_001124	donor_028	0.8287635789228788	0.01618112449235617	-0.3670775998212359	1.183081	M	1.533499	0.007753	-0.001859	-0.01507	-0.000735	-0.04043	-0.005938	-0.819096	0.71524	0.753822	1.636862	-0.20223
cell_001125	donor_028	1.7590234421774227	-1.6098344504539062	0.17032655360007298	1.183081	M	-3.017451	0.046415	-0.001859	-0.01507	-0.000735	-0.04043	-0.005938	0.62884	-0.146134	-0.682063	0.01608	0.085884
cell_001126	donor_028	0.010667790005525401	0.7501015031472066	-0.5910702622499256	1.183081	M	-0.228678	0.052481	-0.001859	-0.01507	-0.000735	-0.04043	-0.005938	-1.390856	0.323962	1.4717	0.191887	1.185488
cell_001127	donor_028	-0.34643140109070225	-0.8787764835571842	0.41247623641937287	1.183081	M	0.599568	0.037173	-0.001859	-0.01507	-0.000735	-0.04043	-0.005938	1.747723	1.244502	-2.132606	0.656573	-0.328725
cell_001128	donor_029	0.06575535545260458	0.8881389680967863	-0.4915863171353144	0.971186	F	-1.126477	0.062197	0.040688	-0.019835	0.010516	-0.008397	-0.019646	1.059627	0.623805	0.120501	0.482586	-0.701642
cell_001129	donor_029	0.3742181142526776	0.487833423237855	0.5151956025134691	0.971186	F	0.771009	0.050132	0.040688	-0.019835	0.010516	-0.008397	-0.019646	-1.172551	-0.664867	0.210007	-0.518431	-0.479937
cell_001130	donor_029	1.2353790460503455	-0.5089605698750566	0.45099056328437864	0.971186	F	-0.232834	0.044301	0.040688	-0.019835	0.010516	-0.008397	-0.019646	-0.324738	0.29412	-1.689647	-1.889754	-1.35462
cell_001131	donor_029	0.658344514849036	-0.274323394391274	1.423241905682913	0.971186	F	0.851803	0.029946	0.040688	-0.019835	0.010516	-0.008397	-0.019646	-2.095025	1.507823	-0.10115	0.322471	0.843728
cell_001132	donor_029	1.2529955926978995	-0.36733380393131737	-0.3476581762891328	0.971186	F	-0.224835	0.043366	0.040688	-0.019835	0.010516	-0.008397	-0.019646	-0.464617	-0.070395	-0.40999	0.883921	-1.94704
cell_001133	donor_029	0.28339453280431376	-0.6898343549955229	0.9504866919023689	0.971186	F	-1.827007	0.006196	0.040688	-0.019835	0.010516	-0.008397	-0.019646	-1.103687	-1.263012	-1.174894	-0.341151	0.212028
cell_001134	donor_029	-0.8893849548723388	-0.0070631638068111785	0.02333902198595881	0.971186	F	-0.587234	0.037768	0.040688	-0.019835	0.010516	-0.008397	-0.019646	-0.396753	-1.630063	2.223937	0.410045	0.890511
cell_001135	donor_029	-0.21508920744639506	0.2531930637146875	1.2068626328231182	0.971186	F	-0.157526	0.004884	0.040688	-0.019835	0.010516	-0.008397	-0.019646	0.311679	0.168925	1.738952	1.546379	1.197198
cell_001136	donor_029	1.9163100017810513	-0.7452175666701895	-1.242461109078874	0.971186	F	2.851839	0.0142	0.040688	-0.019835	0.010516	-0.008397	-0.019646	-0.397917	0.078388	1.20906	0.235115	0.612214
cell_001137	donor_029	0.5889703915203274	-1.990965123118209	0.3970517764861368	0.971186	F	1.272368	0.036696	0.040688	-0.019835	0.010516	-0.008397	-0.019646	-0.401644	-1.740368	0.371967	-1.306929	1.175578
cell_001138	donor_029	0.9997736131200031	-0.6882017482028736	1.4592300021000562	0.971186	F	0.631142	0.025578	0.040688	-0.019835	0.010516	-0.008397	-0.019646	-0.074474	-0.579652	0.462794	-2.315775	-0.226584
cell_001139	donor_029	-0.7162136337229171	-0.15984001876192208	-0.6496787874163544	0.971186	F	-0.002747	0.03447	0.040688	-0.019835	0.010516	-0.008397	-0.019646	-1.534998	0.310247	-0.387544	1.207246	0.939905
cell_001140	donor_029	-1.1131153922605213	-0.20900112794223283	-1.449245458752575	0.971186	F	0.34353	0.034876	0.040688	-0.019835	0.010516	-0.008397	-0.019646	-0.470782	1.455668	1.136839	-0.720736	-0.37024
cell_001141	donor_029	1.1254202586664919	0.7875778026714024	0.2003689768259719	0.971186	F	-0.122439	0.031844	0.040688	-0.019835	0.010516	-0.008397	-0.019646	1.511549	0.582371	0.027958	0.724187	-2.333408
cell_001142	donor_029	-0.9465050411010074	0.6681025132275541	-0.7064017136809005	0.971186	F	-1.047178	0.013274	0.040688	-0.019835	0.010516	-0.008397	-0.019646	2.143318	1.505485	1.392606	0.452604	-0.070531
cell_001143	donor_029	0.6888448156571241	1.9493913620178518	2.059310660288709	0.971186	F	-1.457947	0.069874	0.040688	-0.019835	0.010516	-0.008397	-0.019646	0.367045	-0.067605	-1.516416	-1.178678	0.636362
cell_001144	donor_029	1.283511252655083	0.28199734742570065	-0.025976064719229777	0.971186	F	0.115366	0.0196	0.040688	-0.019835	0.010516	-0.008397	-0.019646	-0.722508	-0.059634	0.12785	1.002093	0.075198
cell_001145	donor_029	-1.0252149821093959	0.19677811086491592	0.20993544039061066	0.971186	F	-1.028341	0.026837	0.040688	-0.019835	0.010516	-0.008397	-0.019646	0.921283	-0.096025	0.134961	0.628153	-0.840321
cell_001146	donor_029	-1.7899115192414772	0.8870333188749988	1.7483328558228914	0.971186	F	1.447249	0.069338	0.040688	-0.019835	0.010516	-0.008397	-0.019646	-1.414141	1.327453	-0.436068	0.127501	1.293006
cell_001147	donor_029	0.5321888162896339	-0.35820028309232305	-2.101715896419356	0.971186	F	0.452225	0.014794	0.040688	-0.019835	0.010516	-0.008397	-0.019646	-1.250975	0.175415	-1.564685	0.159424	1.05718
cell_001148	donor_029	-0.7475642848182815	-1.00974110948124	-0.9602149197327542	0.971186	F	-1.93104	0.045526	0.040688	-0.019835	0.010516	-0.008397	-0.019646	-0.868493	2.119063	0.066381	0.544247	1.89287
cell_001149	donor_029	-0.215004622843297	1.9342031328331062	1.0064742293134674	0.971186	F	-2.000615	0.058612	0.040688	-0.019835	0.010516	-0.008397	-0.019646	-0.121456	1.626404	1.21576	1.623724	-1.027627
cell_001150	donor_029	0.738840645180977	-0.7616603705342165	1.1617260976351602	0.971186	F	-0.177578	0.018931	0.040688	-0.019835	0.010516	-0.008397	-0.019646	-0.100853	0.502595	-0.797533	1.665165	-0.527579
cell_001151	donor_029	1.068888555040163	-0.9165948885149007	-0.021880205614662432	0.971186	F	-0.849358	0.058907	0.040688	-0.019835	0.010516	-0.008397	-0.019646	-0.779345	0.471782	0.672541	0.156515	-1.25878
cell_001152	donor_029	-0.5422761266174454	0.08697851264369261	0.6774478578460513	0.971186	F	-0.777107	0.06851	0.040688	-0.019835	0.010516	-0.008397	-0.019646	1.235551	1.433244	-0.673704	0.573985	-0.754534
cell_001153	donor_029	0.6409744840048777	0.11461137021008808	-2.0220184966628585	0.971186	F	0.329711	0.016051	0.040688	-0.019835	0.010516	-0.008397	-0.019646	-0.614583	-0.39563	-0.804639	1.585025	-1.722476
cell_001154	donor_029	-0.3034761233702492	1.0246104812792114	-0.11478242055320113	0.971186	F	-0.501967	0.056673	0.040688	-0.019835	0.010516	-0.008397	-0.019646	1.032411	-0.77135	1.343339	-0.966566	0.640651
cell_001155	donor_029	-0.32613212122786317	0.44590375634215434	1.9827542516536698	0.971186	F	0.726247	0.068444	0.040688	-0.019835	0.010516	-0.008397	-0.019646	-0.226102	-0.590539	0.113108	0.871625	-1.767962
cell_001156	donor_029	-0.7708301165826336	2.0008514726406577	-1.6254862310102707	0.971186	F	2.09139	0.046424	0.040688	-0.019835	0.010516	-0.008397	-0.019646	-0.640417	0.652945	-1.360554	1.06016	0.948816
cell_001157	donor_029	0.21191047625871465	1.8593852956064874	-1.1981434430019575	0.971186	F	-1.356075	0.010805	0.040688	-0.019835	0.010516	-0.008397	-0.019646	-0.362796	-0.133605	-0.308402	-0.887978	-1.071947
cell_001158	donor_029	0.28089795733717005	1.20937278348488	-2.6626889880781666	0.971186	F	-0.871875	0.049605	0.040688	-0.019835	0.010516	-0.008397	-0.019646	-0.429544	-0.138445	0.94654	0.788184	1.58461
cell_001159	donor_029	-1.256732801424526	0.12003836870942032	-1.1607410948638832	0.971186	F	0.168694	0.01289	0.040688	-0.019835	0.010516	-0.008397	-0.019646	-0.725531	-0.520947	0.427007	-0.041272	-0.384212
cell_001160	donor_029	1.3339645184733515	-0.5571256483431816	1.0729762861892438	0.971186	F	-0.801669	0.038754	0.040688	-0.019835	0.010516	-0.008397	-0.019646	1.226933	0.083615	-0.747654	0.542292	-1.602428
cell_001161	donor_029	0.2318938273278091	1.879605443319258	-0.7791127381316347	0.971186	F	-0.556946	0.036005	0.040688	-0.019835	0.010516	-0.008397	-0.019646	-0.977956	0.362133	0.761866	-1.081576	0.445614
cell_001162	donor_029	-0.6647328789200111	1.1628576090934524	-0.7276393161895349	0.971186	F	0.298769	0.021342	0.040688	-0.019835	0.010516	-0.008397	-0.019646	-2.448282	0.079609	-0.208651	0.629789	0.890165
cell_001163	donor_030	0.22794204089520084	-0.2692762754678051	0.8097949285717115	-1.430292	F	-0.919597	0.021938	0.006722	-0.013594	0.01091	-0.010055	-0.018608	-0.367249	1.058803	1.838763	-0.655102	0.102956
cell_001164	donor_030	0.8569000083078838	-0.06713430336787285	0.20753162008853274	-1.430292	F	0.304793	0.074607	0.006722	-0.013594	0.01091	-0.010055	-0.018608	-0.940397	2.074501	0.061126	1.089988	0.857831
cell_001165	donor_030	0.17883229391069397	-0.03772941671363805	-0.9514064180736427	-1.430292	F	0.097421	0.03397	0.006722	-0.013594	0.01091	-0.010055	-0.018608	0.708244	0.281876	0.788821	2.201728	-3.645319
cell_001166	donor_030	-0.16332931540278217	0.6723121326717952	0.2890592268708288	-1.430292	F	0.147136	0.046267	0.006722	-0.013594	0.01091	-0.010055	-0.018608	-0.431753	-0.139835	0.903205	-1.526935	-0.366441
cell_001167	donor_030	-1.6366451338264043	0.10167251199716884	0.6296160562731938	-1.430292	F	1.457423	0.041633	0.006722	-0.013594	0.01091	-0.010055	-0.018608	-0.735237	-0.055802	0.873756	0.348485	0.748147
cell_001168	donor_030	0.44437861758081976	0.989962085324073	-0.9424856824571957	-1.430292	F	1.053445	0.024415	0.006722	-0.013594	0.01091	-0.010055	-0.018608	1.090401	0.487578	0.028506	-0.868846	0.278819
cell_001169	donor_030	0.18286029407148863	-0.7874281912424201	0.7064835967155855	-1.430292	F	-0.937651	0.053295	0.006722	-0.013594	0.01091	-0.010055	-0.018608	0.033512	-1.262761	-0.044919	1.5739	0.114179
cell_001170	donor_030	-0.5803910278640285	2.5542085903304383	0.603366156059647	-1.430292	F	0.897818	0.048327	0.006722	-0.013594	0.01091	-0.010055	-0.018608	0.374766	0.165121	-1.477542	0.186084	0.589822
cell_001171	donor_030	-0.8846907219176093	-0.5860575093369066	-0.1396408894802365	-1.430292	F	-0.092419	0.041444	0.006722	-0.013594	0.01091	-0.010055	-0.018608	-0.348303	0.088526	-0.376032	-1.397451	-0.438614
cell_001172	donor_030	-0.9162598633638596	0.06636918344939126	0.5093035099654726	-1.430292	F	-2.449802	0.019461	0.006722	-0.013594	0.01091	-0.010055	-0.018608	0.034479	1.438035	-0.195611	-0.31511	-0.4779
cell_001173	donor_030	0.07571209322560118	-1.7651752175979374	0.8107667133991204	-1.430292	F	-0.459432	0.028841	0.006722	-0.013594	0.01091	-0.010055	-0.018608	0.072614	-1.276705	0.378626	-0.22763	0.824813
cell_001174	donor_030	-0.6561461799705932	0.4386207510649153	0.28145168765572726	-1.430292	F	-0.713066	0.060433	0.006722	-0.013594	0.01091	-0.010055	-0.018608	1.859335	0.000605	0.795156	1.276268	2.299197
cell_001175	donor_030	-1.330124074805581	1.0955894307010934	0.10798821111286225	-1.430292	F	-1.140799	0.03372	0.006722	-0.013594	0.01091	-0.010055	-0.018608	-1.364442	0.118313	0.230674	-0.984059	-0.850444
cell_001176	donor_030	1.1372238251267612	0.554721948629865	-1.465414885339764	-1.430292	F	-0.299599	0.034261	0.006722	-0.013594	0.01091	-0.010055	-0.018608	1.777903	0.12744	-0.541771	0.254623	-1.033826
cell_001177	donor_030	1.015442432030524	-0.43606240582701	-0.7146986764714927	-1.430292	F	0.285037	0.038269	0.006722	-0.013594	0.01091	-0.010055	-0.018608	-0.116772	1.029537	1.538943	-0.143276	-0.056138
cell_001178	donor_030	1.5368436540010466	-0.43603629395404664	-0.6210064307911647	-1.430292	F	-0.331913	0.034996	0.006722	-0.013594	0.01091	-0.010055	-0.018608	1.394283	-0.696003	1.454563	1.941469	0.408503
cell_001179	donor_030	-0.7044788041745308	-0.9570786686897833	-1.181570896960893	-1.430292	F	-1.406965	0.016332	0.006722	-0.013594	0.01091	-0.010055	-0.018608	-0.347526	0.769833	-0.065512	-0.161675	0.737833
cell_001180	donor_030	0.9897814283034104	2.378934184443319	-0.10070017290938096	-1.430292	F	1.220271	0.004749	0.006722	-0.013594	0.01091	-0.010055	-0.018608	1.161629	0.014012	-1.00143	-0.837002	-0.75734
cell_001181	donor_030	0.9021957322576157	-0.2560789526059953	-0.6851064686428324	-1.430292	F	-0.399609	0.042069	0.006722	-0.013594	0.01091	-0.010055	-0.018608	0.475896	0.319689	0.733374	-0.289106	-1.205738
cell_001182	donor_030	-0.599045805071666	-1.2549346982430585	1.1381322653008081	-1.430292	F	-1.396907	0.026543	0.006722	-0.013594	0.01091	-0.010055	-0.018608	0.65567	0.630772	-0.604488	1.384284	0.64299
cell_001183	donor_030	-0.6418582656443814	-0.5755700526126902	-0.22840897854924128	-1.430292	F	0.529471	0.02598	0.006722	-0.013594	0.01091	-0.010055	-0.018608	0.075232	0.535712	0.768834	-0.432857	-0.232273
cell_001184	donor_030	0.022961777902529647	-0.7701332318805852	2.0738198358166726	-1.430292	F	0.499924	0.025037	0.006722	-0.013594	0.01091	-0.010055	-0.018608	1.467688	-1.360104	0.77711	-0.838291	-0.201832
cell_001185	donor_030	0.24151532864203515	-0.1885341013524066	-0.29042464480051483	-1.430292	F	-1.078852	0.048908	0.006722	-0.013594	0.01091	-0.010055	-0.018608	1.152598	0.152606	-0.883613	-0.768022	0.680913
cell_001186	donor_030	0.09963934044547902	-1.5269486708602251	0.03404198078327608	-1.430292	F	1.143639	0.018986	0.006722	-0.013594	0.01091	-0.010055	-0.018608	-3.092376	0.855729	0.714123	0.204257	0.87346
cell_001187	donor_030	-0.3537777162928074	1.1664329633068842	-1.817132327950365	-1.430292	F	-0.268836	0.049177	0.006722	-0.013594	0.01091	-0.010055	-0.018608	-0.825805	-0.778002	0.275506	0.13072	-0.49591
cell_001188	donor_030	1.376902193410923	-0.9100005567900681	-0.6894310755917065	-1.430292	F	-0.311433	0.014914	0.006722	-0.013594	0.01091	-0.010055	-0.018608	0.583903	-0.853782	0.818544	0.710281	-1.119055
cell_001189	donor_030	-0.17696374880719856	-0.6649755434528424	0.4206885443627865	-1.430292	F	-3.227584	0.018487	0.006722	-0.013594	0.01091	-0.010055	-0.018608	-0.086083	-0.176474	-1.057943	0.450169	0.455651
cell_001190	donor_030	-0.8608705615094396	1.571803116913419	-0.9211354802634856	-1.430292	F	0.564855	0.000526	0.006722	-0.013594	0.01091	-0.010055	-0.018608	0.360549	-0.157969	-0.348935	-0.733777	-2.230893
cell_001191	donor_030	-0.007753961863461968	0.08238160945032152	-0.6522102143682911	-1.430292	F	-0.564339	0.032015	0.006722	-0.013594	0.01091	-0.010055	-0.018608	0.80574	0.106543	0.496248	-0.287341	0.291764
cell_001192	donor_030	-0.7634696628000592	-0.04144384987713003	-0.4883234115730935	-1.430292	F	-0.003468	0.051433	0.006722	-0.013594	0.01091	-0.010055	-0.018608	-1.243297	-0.133431	0.458024	-0.844226	2.588092
cell_001193	donor_030	0.4518441080184696	0.2605452519352272	0.3306825137642088	-1.430292	F	-0.339479	0.045186	0.006722	-0.013594	0.01091	-0.010055	-0.018608	1.292093	0.863292	-0.374505	1.276729	0.313423
cell_001194	donor_030	0.5115430082855262	-0.23505044143715986	1.9785124575268958	-1.430292	F	1.791456	0.002301	0.006722	-0.013594	0.01091	-0.010055	-0.018608	1.102507	0.499891	1.506169	-0.944569	-0.615957
cell_001195	donor_030	-0.48908471611857607	0.37403155335355415	-1.7132686064228932	-1.430292	F	0.200795	0.019307	0.006722	-0.013594	0.01091	-0.010055	-0.018608	0.377291	-0.597116	0.646276	0.439385	-0.359633
cell_001196	donor_030	0.9878068294886017	-0.53052212488375	-1.2986249320174004	-1.430292	F	-1.872711	0.017663	0.006722	-0.013594	0.01091	-0.010055	-0.018608	0.745501	0.266191	-0.483989	1.574147	-0.361986
cell_001197	donor_030	2.0732483793114707	-1.3677420761741192	-2.629144520266982	-1.430292	F	0.609826	0.02677	0.006722	-0.013594	0.01091	-0.010055	-0.018608	-0.472669	0.720339	0.097926	-0.573142	1.075249
cell_001198	donor_030	0.7264248249205791	0.12561107357732734	-0.484814133687542	-1.430292	F	0.256168	0.022229	0.006722	-0.013594	0.01091	-0.010055	-0.018608	1.516371	0.033618	-0.12818	0.249401	-0.875666
cell_001199	donor_031	-0.2883011130469341	-0.18003992757329312	-0.0684863495685056	0.900554	F	0.186918	0.01899	0.003946	0.016521	0.024902	0.024086	0.026673	-1.391667	-0.62963	0.016573	-0.591087	-0.771419
cell_001200	donor_031	0.24143779895099945	0.8968967210559502	0.9545352624801945	0.900554	F	0.39712	0.002685	0.003946	0.016521	0.024902	0.024086	0.026673	-0.639831	0.898671	-0.703302	-0.592841	-0.347856
cell_001201	donor_031	-0.12500604658517803	-0.1717253457697605	0.4681635406394565	0.900554	F	-0.786359	0.003912	0.003946	0.016521	0.024902	0.024086	0.026673	1.540599	0.055631	-0.018678	-0.475665	1.886511
cell_001202	donor_031	0.14564482353261488	1.7318869660703995	-0.11381089468762323	0.900554	F	-0.599501	0.050352	0.003946	0.016521	0.024902	0.024086	0.026673	-0.809306	0.028867	-0.816641	-2.267358	-0.256533
cell_001203	donor_031	-1.47440835964172	-1.2078049449424921	0.2944869733902033	0.900554	F	0.191672	0.016656	0.003946	0.016521	0.024902	0.024086	0.026673	-0.656713	0.777797	1.049604	0.298378	-0.483467
cell_001204	donor_031	0.5626009717110093	0.8478190376362349	1.7738315116773462	0.900554	F	-0.446559	0.018814	0.003946	0.016521	0.024902	0.024086	0.026673	-0.161405	0.905773	-1.023809	-2.637125	0.634909
cell_001205	donor_031	-0.9182540102820242	0.13596661351743847	1.9346436625565835	0.900554	F	0.423435	0.005141	0.003946	0.016521	0.024902	0.024086	0.026673	-1.041187	0.499004	0.122987	1.589891	0.49644
cell_001206	donor_031	0.49111021753514644	0.9444648342039088	-0.4623723296108242	0.900554	F	-0.545818	0.056725	0.003946	0.016521	0.024902	0.024086	0.026673	0.356042	0.127164	-1.443742	-0.626983	1.197243
cell_001207	donor_031	0.5778118050598103	-0.5938503659440756	0.2848146987528197	0.900554	F	0.644834	0.065852	0.003946	0.016521	0.024902	0.024086	0.026673	0.751511	-1.094108	-0.01794	-0.47063	0.10856
cell_001208	donor_031	0.3440242691165032	0.5747061577690707	-0.9708053855260427	0.900554	F	0.854762	0.037879	0.003946	0.016521	0.024902	0.024086	0.026673	0.053049	0.285032	1.682569	-0.594599	-0.991734
cell_001209	donor_031	0.42206753452602347	-1.3417377072441898	0.5372322582671425	0.900554	F	-0.838772	0.043866	0.003946	0.016521	0.024902	0.024086	0.026673	0.696405	-0.276656	0.287765	-0.773644	0.509353
cell_001210	donor_031	-0.564414068249505	0.4805156803695639	0.19622989890900733	0.900554	F	-0.273004	0.038343	0.003946	0.016521	0.024902	0.024086	0.026673	1.422657	0.167308	0.371832	0.316683	-1.148582
cell_001211	donor_031	-1.501314962286854	0.6523005297422557	-0.3135714844828407	0.900554	F	-2.231515	0.013748	0.003946	0.016521	0.024902	0.024086	0.026673	1.20461	1.363987	1.445326	-1.005375	0.045392
cell_001212	donor_031	0.6481934862225822	-0.08752748971582423	-0.005740654067446738	0.900554	F	-0.513323	0.006854	0.003946	0.016521	0.024902	0.024086	0.026673	-0.222519	-0.164813	-1.452332	1.666625	-0.233931
cell_001213	donor_031	-0.208750558525188	0.40991658985555424	1.2451802592327361	0.900554	F	-0.231867	0.014431	0.003946	0.016521	0.024902	0.024086	0.026673	0.312374	0.097298	-0.247916	-1.334152	2.382655
cell_001214	donor_031	0.46569332235550936	-0.2479930372102379	-0.3687499366337471	0.900554	F	-0.194825	0.04056	0.003946	0.016521	0.024902	0.024086	0.026673	1.336018	0.439394	1.252514	1.371375	0.713033
cell_001215	donor_031	-0.20488643531518197	0.752004045206106	0.164558483657337	0.900554	F	-1.470198	0.047487	0.003946	0.016521	0.024902	0.024086	0.026673	-0.477943	-0.934987	-1.027862	-0.177474	-0.834366
cell_001216	donor_031	-0.28647674016128155	1.6787795869743363	-0.33312409591382725	0.900554	F	-0.415516	0.031686	0.003946	0.016521	0.024902	0.024086	0.026673	1.021025	0.841802	1.666126	1.763211	2.750534
cell_001217	donor_031	-0.19525866650962473	0.8061990631199485	-0.06510747588288518	0.900554	F	0.460601	0.007423	0.003946	0.016521	0.024902	0.024086	0.026673	-0.688566	0.085958	0.160505	0.447042	0.234713
cell_001218	donor_031	2.3402345570832015	0.39735993939099373	-0.23775403167674847	0.900554	F	-0.816849	0.013626	0.003946	0.016521	0.024902	0.024086	0.026673	1.828333	-0.421208	-1.013293	0.364177	0.154029
cell_001219	donor_031	-1.1160487347575574	-0.1546055518783495	0.9194370044235498	0.900554	F	-0.714503	0.06215	0.003946	0.016521	0.024902	0.024086	0.026673	-0.809826	-0.180845	-1.043886	0.537534	1.527947
cell_001220	donor_031	1.923752504094509	-0.48244549728523095	1.0484535141333449	0.900554	F	1.184762	0.022284	0.003946	0.016521	0.024902	0.024086	0.026673	0.817733	-0.088122	0.575433	0.826958	0.588255
cell_001221	donor_031	0.4670147412635172	0.1295906213238534	-0.24278191665107976	0.900554	F	-0.533583	0.015156	0.003946	0.016521	0.024902	0.024086	0.026673	1.402664	-1.494496	2.290326	0.505992	1.080732
cell_001222	donor_031	-1.5751526286736146	0.43239251094837905	0.3709973175801561	0.900554	F	-0.199508	0.020498	0.003946	0.016521	0.024902	0.024086	0.026673	1.086401	2.813449	-1.185251	1.598662	-0.768585
cell_001223	donor_031	-0.6550476794702025	-0.23751765915739365	1.9079127565895362	0.900554	F	1.001013	0.013819	0.003946	0.016521	0.024902	0.024086	0.026673	-0.897537	-0.200827	-1.041192	1.73095	0.338963
cell_001224	donor_031	0.5170130806571481	-0.9586459485347003	-0.868003031372306	0.900554	F	-0.241631	0.057713	0.003946	0.016521	0.024902	0.024086	0.026673	-0.814529	-0.417572	-0.569344	1.039682	0.855809
cell_001225	donor_031	-1.1268039733980229	0.8924728740143171	1.4706334780525614	0.900554	F	0.056505	0.05791	0.003946	0.016521	0.024902	0.024086	0.026673	-0.460205	-0.579296	-1.283565	-1.435611	-1.274815
cell_001226	donor_031	0.4984960904495298	0.01161646629784897	-2.006548740684863	0.900554	F	0.133696	0.075216	0.003946	0.016521	0.024902	0.024086	0.026673	-1.074872	1.364963	-1.973539	-0.425954	2.274163
cell_001227	donor_031	1.9880978318779008	-0.197140794681781	0.4422357692110404	0.900554	F	-0.288197	0.001745	0.003946	0.016521	0.024902	0.024086	0.026673	-0.819353	-0.82178	0.23458	-1.202217	0.144014
cell_001228	donor_031	-0.13754899568579965	-1.0492544017269407	-1.8551538934502747	0.900554	F	-1.535216	0.00399	0.003946	0.016521	0.024902	0.024086	0.026673	-0.199756	0.533364	1.314985	-2.218913	1.652694
cell_001229	donor_031	2.1905852860406814	0.30791064347754415	-0.4562619452591218	0.900554	F	-2.114919	0.030294	0.003946	0.016521	0.024902	0.024086	0.026673	-0.817591	0.020174	-0.228256	-2.640058	0.720876
cell_001230	donor_031	-0.8174689826410533	0.32357092918888103	-0.4749334487272391	0.900554	F	-0.233543	0.060475	0.003946	0.016521	0.024902	0.024086	0.026673	-1.615781	1.944938	-0.656322	1.20698	0.596953
cell_001231	donor_031	0.9912454212353045	1.436629961929675	2.3055194435026514	0.900554	F	2.42308	0.018248	0.003946	0.016521	0.024902	0.024086	0.026673	0.011044	-1.103605	0.460638	-0.049263	-0.521317
cell_001232	donor_031	-0.5922358709270843	0.5767942906672353	-0.7595414549445064	0.900554	F	-0.434622	0.035479	0.003946	0.016521	0.024902	0.024086	0.026673	-0.330325	1.597396	-1.660976	1.174526	0.87182
cell_001233	donor_031	0.5815265936646447	0.48576114749592947	0.8558469705786378	0.900554	F	-0.310025	0.032107	0.003946	0.016521	0.024902	0.024086	0.026673	-0.935491	-1.715069	0.080707	0.641919	0.170519
cell_001234	donor_031	0.6631283742944862	2.1256400542990037	0.78632093046211	0.900554	F	-0.400212	0.049241	0.003946	0.016521	0.024902	0.024086	0.026673	0.956027	0.52007	0.460276	-0.283238	-1.309232
cell_001235	donor_031	0.28330198446176563	-0.7683894787059564	-0.36491061678683934	0.900554	F	1.99193	0.050646	0.003946	0.016521	0.024902	0.024086	0.026673	-0.382422	-0.90435	0.017993	-0.459336	1.694091
cell_001236	donor_031	-1.0996723665774295	2.6570050861624868	0.4748912062722398	0.900554	F	-2.147412	0.022692	0.003946	0.016521	0.024902	0.024086	0.026673	0.835806	-1.981286	-0.078741	0.030865	-0.953159
cell_001237	donor_031	-0.19421809986684066	0.7748014346686918	-1.2254994955724747	0.900554	F	0.042276	0.028255	0.003946	0.016521	0.024902	0.024086	0.026673	1.405282	-2.024655	1.813536	-0.013332	0.900322
cell_001238	donor_031	1.7499359876047436	-0.9435298679784756	0.6055138390630043	0.900554	F	0.796951	0.05791	0.003946	0.016521	0.024902	0.024086	0.026673	-0.058375	2.208406	-1.131699	1.211017	1.468873
cell_001239	donor_031	1.4486792551934917	1.7663926390681457	-0.40798702519246155	0.900554	F	-1.123381	0.015515	0.003946	0.016521	0.024902	0.024086	0.026673	1.346446	-0.14193	-0.468713	-0.164217	-0.954039
cell_001240	donor_031	0.5873825232972503	0.30253846697899583	0.6437621404131378	0.900554	F	1.71772	0.052686	0.003946	0.016521	0.024902	0.024086	0.026673	0.239797	0.216367	0.238324	0.622682	0.449375
cell_001241	donor_032	-1.3749626892433764	-0.17649483824971945	1.0027348529092415	0.971186	M	-2.354008	0.025914	-0.010657	-0.01019	0.011386	0.014614	0.017057	0.332938	0.599487	-0.395717	-0.604223	1.042826
cell_001242	donor_032	-0.7854679514627528	-0.31881490535574464	-0.11443187631741493	0.971186	M	0.610141	0.029363	-0.010657	-0.01019	0.011386	0.014614	0.017057	-0.816114	0.027599	-0.555319	1.042692	-0.5592
cell_001243	donor_032	1.0794239692631882	-1.2640679382851305	0.7192017497541585	0.971186	M	-1.159721	0.013988	-0.010657	-0.01019	0.011386	0.014614	0.017057	-0.435704	1.461645	0.222543	0.247257	-1.125204
cell_001244	donor_032	0.2923816686835799	-0.9052924499911119	-0.46288508312233523	0.971186	M	1.294383	0.042994	-0.010657	-0.01019	0.011386	0.014614	0.017057	0.595758	-0.095431	0.4642	1.23112	-0.324273
cell_001245	donor_032	-1.4278390287848601	1.25691413634163	0.5402657915246042	0.971186	M	0.81069	0.04458	-0.010657	-0.01019	0.011386	0.014614	0.017057	1.634145	-1.034234	-0.496318	0.373656	0.326377
cell_001246	donor_032	-0.2639628196723374	-0.19370277346585207	-2.2836392053818795	0.971186	M	-0.953764	0.016821	-0.010657	-0.01019	0.011386	0.014614	0.017057	1.797954	-0.387317	0.900064	0.411216	1.67145
cell_001247	donor_032	0.8584730519882158	0.025068543687925878	0.1602728916193096	0.971186	M	0.133764	0.026892	-0.010657	-0.01019	0.011386	0.014614	0.017057	1.948629	-1.170117	-0.864886	-0.319212	-0.244439
cell_001248	donor_032	-0.8607133805000136	-0.9655240035932836	-0.9418333153875353	0.971186	M	-0.185634	0.046607	-0.010657	-0.01019	0.011386	0.014614	0.017057	-0.153808	1.408454	0.351844	0.546161	-0.194128
cell_001249	donor_032	1.3148922282105573	-0.8008540172481398	-0.49488835461184444	0.971186	M	0.717296	0.022594	-0.010657	-0.01019	0.011386	0.014614	0.017057	-1.530589	-0.278268	0.302773	-0.814632	0.283787
cell_001250	donor_032	-0.04208851511159314	-0.9714372834311107	0.6518486784517683	0.971186	M	-0.33325	0.052463	-0.010657	-0.01019	0.011386	0.014614	0.017057	-0.820784	-1.125021	0.735148	-0.320958	0.091708
cell_001251	donor_032	-0.012141238827483403	-1.1673666240481628	-0.8371490051441373	0.971186	M	0.599816	0.008168	-0.010657	-0.01019	0.011386	0.014614	0.017057	-2.173759	0.301397	-0.201862	0.641577	-1.913771
cell_001252	donor_032	-0.9074026280853729	-0.8569158884703598	0.9427000788245838	0.971186	M	-0.553773	0.03451	-0.010657	-0.01019	0.011386	0.014614	0.017057	-0.120021	-0.510221	0.256915	0.578076	-0.109704
cell_001253	donor_032	0.5640937557135034	-0.4559175372785024	0.7420016901735337	0.971186	M	1.005364	0.031622	-0.010657	-0.01019	0.011386	0.014614	0.017057	0.196219	-0.349995	-0.495637	-0.017338	-1.123252
cell_001254	donor_032	-0.6666319034858935	0.5013082624548552	-0.12284936436977968	0.971186	M	-2.525648	0.049516	-0.010657	-0.01019	0.011386	0.014614	0.017057	-0.843764	0.116459	-1.624389	-0.190777	-0.927531
cell_001255	donor_032	-0.27290177821373834	0.35435177020867226	-0.24650181817433806	0.971186	M	0.030277	0.007911	-0.010657	-0.01019	0.011386	0.014614	0.017057	0.41955	0.353797	1.430759	-0.385242	-0.372158
cell_001256	donor_032	-1.057693141712375	0.08860438922674639	-0.3642282093031581	0.971186	M	-1.89564	0.022977	-0.010657	-0.01019	0.011386	0.014614	0.017057	1.477524	-1.02625	-0.236316	-0.685746	-0.970605
cell_001257	donor_032	0.4066819361625987	1.1578600477444319	-0.3426400606643834	0.971186	M	-0.442453	0.035691	-0.010657	-0.01019	0.011386	0.014614	0.017057	1.294368	0.680005	1.207268	-0.369506	-0.866807
cell_001258	donor_032	0.25277025475124737	-0.4785637735185452	-0.619666734645539	0.971186	M	-0.246245	0.050776	-0.010657	-0.01019	0.011386	0.014614	0.017057	0.260954	-0.075298	-0.560502	-0.650513	-0.113056
cell_001259	donor_032	-0.36342464812097275	0.30986886153526366	0.1665610991055962	0.971186	M	0.094742	0.005885	-0.010657	-0.01019	0.011386	0.014614	0.017057	-1.307445	1.072387	-0.733485	-0.686644	1.022149
cell_001260	donor_032	0.19754123725197043	0.3746495239624553	0.42902703307990453	0.971186	M	-1.110544	0.037313	-0.010657	-0.01019	0.011386	0.014614	0.017057	-0.923622	0.855679	-1.02376	-2.129148	-0.340827
cell_001261	donor_032	-1.9018096602817134	0.01085971075803049	0.9775481903535927	0.971186	M	2.301897	0.026839	-0.010657	-0.01019	0.011386	0.014614	0.017057	-1.272631	-1.187772	-0.232598	-0.98837	-1.047432
cell_001262	donor_032	0.030073734947947663	-0.7562295581175269	1.287297977592903	0.971186	M	0.046614	0.045618	-0.010657	-0.01019	0.011386	0.014614	0.017057	-0.635138	-0.773033	1.588017	0.486323	0.603362
cell_001263	donor_032	0.06015605599134539	-1.6303415298839414	1.4279682100400697	0.971186	M	-2.349544	0.096813	-0.010657	-0.01019	0.011386	0.014614	0.017057	-0.650689	-0.098449	-0.694503	1.438476	0.360764
cell_001264	donor_032	-0.5482903392609663	-1.229609835964676	0.21654609240671605	0.971186	M	-1.285689	0.023022	-0.010657	-0.01019	0.011386	0.014614	0.017057	-1.102889	-1.302952	1.054296	-1.303188	-1.071054
cell_001265	donor_032	0.056640688422302174	0.006805374775894125	-0.6331340771664447	0.971186	M	-0.104009	0.042714	-0.010657	-0.01019	0.011386	0.014614	0.017057	-0.849597	-0.041284	0.388364	0.032905	-0.790395
cell_001266	donor_032	0.4645159617806976	-1.4525305629679428	0.8306579980035204	0.971186	M	0.448998	0.025607	-0.010657	-0.01019	0.011386	0.014614	0.017057	0.386287	1.553421	-0.869837	-0.021754	0.559853
cell_001267	donor_032	0.8862718485625881	-0.6202248478465913	-0.9208439358860345	0.971186	M	2.205791	0.021807	-0.010657	-0.01019	0.011386	0.014614	0.017057	-0.257763	-0.922226	-0.43498	-0.264314	2.540034
cell_001268	donor_032	-2.4717727939742047	0.04536561816245743	1.4792001905656067	0.971186	M	-1.369093	0.044661	-0.010657	-0.01019	0.011386	0.014614	0.017057	-0.756985	-1.156553	0.626173	-1.949	0.441956
cell_001269	donor_032	-0.37881762821650294	-0.31363779735428865	-0.39247758301433316	0.971186	M	0.175878	0.013715	-0.010657	-0.01019	0.011386	0.014614	0.017057	-0.244932	-0.53503	-0.256889	-0.195056	-0.058434
cell_001270	donor_032	-1.0606534049203244	-0.5249677500721369	0.6843484240393594	0.971186	M	-0.567122	0.053944	-0.010657	-0.01019	0.011386	0.014614	0.017057	-1.107568	0.17489	-1.487151	0.266862	-0.330239
cell_001271	donor_032	0.0012962870241009158	0.5530525798889246	0.08678509424641191	0.971186	M	-0.125354	0.00145	-0.010657	-0.01019	0.011386	0.014614	0.017057	-0.388752	-0.670144	-0.374234	0.683403	0.449797
cell_001272	donor_032	-1.4627878507275764	1.026452235979154	-0.2709080422000925	0.971186	M	-0.280975	0.038645	-0.010657	-0.01019	0.011386	0.014614	0.017057	0.954566	2.071741	-2.567641	0.073455	0.147283
cell_001273	donor_032	1.5134485462320486	-0.9736534394802357	1.0773869195900736	0.971186	M	0.628576	0.005996	-0.010657	-0.01019	0.011386	0.014614	0.017057	-1.42669	0.128021	-0.722043	-1.335276	0.767896
cell_001274	donor_032	-0.1915574425191396	-0.7546770940913848	-0.3076802817628115	0.971186	M	-0.832766	0.06216	-0.010657	-0.01019	0.011386	0.014614	0.017057	-0.625326	-0.888619	-0.314054	0.441252	0.35559
cell_001275	donor_033	-0.2177966765534547	-1.0397728088684832	-0.06440114897643923	0.123605	M	-0.645299	0.049061	-0.000185	-0.008891	0.00894	-0.007888	-0.007026	0.323883	-0.255879	-0.610762	-0.267405	-0.693839
cell_001276	donor_033	1.3123643872327748	1.2484864643238982	0.89603390229133	0.123605	M	0.924452	0.005116	-0.000185	-0.008891	0.00894	-0.007888	-0.007026	1.19155	1.214716	-0.261675	-0.27884	0.71051
cell_001277	donor_033	-0.3123657455385276	-0.7380607609920106	0.8387527791952315	0.123605	M	-0.393529	0.024525	-0.000185	-0.008891	0.00894	-0.007888	-0.007026	1.494079	0.094113	-1.904889	-1.718578	-0.428866
cell_001278	donor_033	-0.6241439227035196	-0.00038817909550022134	0.46857917734301174	0.123605	M	0.155423	0.042227	-0.000185	-0.008891	0.00894	-0.007888	-0.007026	-1.1574	0.86289	-0.276995	-0.18075	0.527362
cell_001279	donor_033	0.8025098710056735	0.7179436755313624	1.098696660401127	0.123605	M	0.376716	0.03321	-0.000185	-0.008891	0.00894	-0.007888	-0.007026	0.29722	-0.655365	0.609444	2.791219	0.76478
cell_001280	donor_033	0.5079459156517551	-0.936264155056956	1.1919661442112934	0.123605	M	1.060893	0.039597	-0.000185	-0.008891	0.00894	-0.007888	-0.007026	2.089843	0.167637	-1.109858	0.622081	1.179801
cell_001281	donor_033	2.1943456812521043	-1.8674155446464744	0.5349042603368993	0.123605	M	0.607894	0.056251	-0.000185	-0.008891	0.00894	-0.007888	-0.007026	-1.458098	0.603782	0.050931	-0.779732	-0.166417
cell_001282	donor_033	1.9794194067536095	-1.258339761815321	-0.06945357588394237	0.123605	M	-0.613417	0.04951	-0.000185	-0.008891	0.00894	-0.007888	-0.007026	1.991917	1.858476	0.572676	-0.265335	0.052352
cell_001283	donor_033	0.03665483321216342	-1.0311851206155949	-1.3702095453289866	0.123605	M	1.143028	0.051304	-0.000185	-0.008891	0.00894	-0.007888	-0.007026	0.43816	0.652485	0.17989	1.805381	0.632343
cell_001284	donor_033	0.21929085818574393	-0.6047511943758639	-0.3734168823680922	0.123605	M	-0.179714	0.035131	-0.000185	-0.008891	0.00894	-0.007888	-0.007026	-0.620424	-0.047315	-1.806607	-0.156177	0.359862
cell_001285	donor_033	-1.0463441309951738	-1.1653616388672394	0.3779077413714119	0.123605	M	1.462836	0.028917	-0.000185	-0.008891	0.00894	-0.007888	-0.007026	-0.653186	0.905926	-1.478893	-0.640038	0.062593
cell_001286	donor_033	0.5864628349839749	-0.3673430231722329	-0.5843013298166184	0.123605	M	0.848951	0.005935	-0.000185	-0.008891	0.00894	-0.007888	-0.007026	0.883222	-0.207515	-1.444562	-1.097714	-0.05092
cell_001287	donor_033	-0.4266532369842187	0.2889887468536396	0.2631163886776333	0.123605	M	0.746182	0.001022	-0.000185	-0.008891	0.00894	-0.007888	-0.007026	-0.378094	0.059602	-1.043431	0.051197	-0.997702
cell_001288	donor_033	0.3162411208782272	1.5565325319816565	-1.5516148084633326	0.123605	M	-0.158071	0.009047	-0.000185	-0.008891	0.00894	-0.007888	-0.007026	0.134317	-0.386856	-0.831026	0.667672	1.330951
cell_001289	donor_033	0.4267010426503478	-1.161829186503751	0.6103287452539602	0.123605	M	-1.001581	0.038199	-0.000185	-0.008891	0.00894	-0.007888	-0.007026	1.498039	-1.847469	1.00706	0.152676	-1.324451
cell_001290	donor_033	0.7564178367052382	0.43367239956394904	-1.039895068420928	0.123605	M	3.362667	0.046059	-0.000185	-0.008891	0.00894	-0.007888	-0.007026	-0.873118	-0.795184	-0.315276	-0.979981	-0.442865
cell_001291	donor_033	-0.16627164862397678	-1.229941146581807	-0.3437937432970608	0.123605	M	0.559557	0.032856	-0.000185	-0.008891	0.00894	-0.007888	-0.007026	1.657449	1.274587	-1.645981	-0.187929	0.617566
cell_001292	donor_033	-1.1327425247945044	1.4107690354695632	0.05137519938368731	0.123605	M	-0.882792	0.0051	-0.000185	-0.008891	0.00894	-0.007888	-0.007026	0.680284	0.012035	-0.159873	-2.101409	1.10014
cell_001293	donor_033	0.7406934324700553	-2.0318430236363207	-2.1669516955569734	0.123605	M	0.088102	0.030114	-0.000185	-0.008891	0.00894	-0.007888	-0.007026	-0.101363	-2.145989	-0.260159	0.38624	1.536985
cell_001294	donor_033	-1.3271215859108203	1.6004082956505379	1.237244325769739	0.123605	M	1.016135	0.022787	-0.000185	-0.008891	0.00894	-0.007888	-0.007026	-0.095635	-1.157008	1.145955	0.639362	0.460897
cell_001295	donor_033	0.5660878054109183	-0.4316956048632896	0.9078710975725023	0.123605	M	0.178036	0.043613	-0.000185	-0.008891	0.00894	-0.007888	-0.007026	-0.344117	1.636882	-0.053467	-0.462274	0.244694
cell_001296	donor_033	0.29931520477542967	0.5705005089316931	-0.3820217671456728	0.123605	M	-0.461742	0.027133	-0.000185	-0.008891	0.00894	-0.007888	-0.007026	-0.673015	-0.435741	-0.773418	0.888267	0.238482
cell_001297	donor_033	0.16251739369046786	0.28348975625254036	0.3525875247213817	0.123605	M	-0.44818	0.011517	-0.000185	-0.008891	0.00894	-0.007888	-0.007026	-0.492522	0.540704	-1.471313	-1.380732	-0.569885
cell_001298	donor_033	-0.44374955716713665	-0.13726668742623138	1.3119706849674402	0.123605	M	0.212637	0.005676	-0.000185	-0.008891	0.00894	-0.007888	-0.007026	-0.026161	-0.186809	-1.485426	-0.581095	-0.885345
cell_001299	donor_033	0.9456351917943601	-0.7323885816141505	-0.9947014659185476	0.123605	M	-3.016893	0.051564	-0.000185	-0.008891	0.00894	-0.007888	-0.007026	0.14945	-1.183163	0.4957	0.838231	0.129814
cell_001300	donor_033	0.6912293389403759	0.880136175220094	-1.3952142465048432	0.123605	M	0.408781	0.036094	-0.000185	-0.008891	0.00894	-0.007888	-0.007026	-0.641046	0.171402	0.988361	0.291558	0.324363
cell_001301	donor_033	0.5380364589374412	-1.4911758879789283	0.10434383408584215	0.123605	M	-0.878509	0.007096	-0.000185	-0.008891	0.00894	-0.007888	-0.007026	1.024373	0.299218	0.166056	1.560353	-0.80631
cell_001302	donor_033	0.02291075793908233	0.8747775079001301	-1.551433293437807	0.123605	M	0.868839	0.038592	-0.000185	-0.008891	0.00894	-0.007888	-0.007026	-0.274397	0.047787	-0.312454	-0.083489	0.155357
cell_001303	donor_033	-0.10956047579781966	0.2466572241795535	0.8421606936095777	0.123605	M	-1.250894	0.046703	-0.000185	-0.008891	0.00894	-0.007888	-0.007026	-0.685903	-0.489004	-0.460856	0.499497	-0.806835
cell_001304	donor_033	1.1870416597543616	-1.9212494154011015	-1.4779193826915384	0.123605	M	1.161645	0.020507	-0.000185	-0.008891	0.00894	-0.007888	-0.007026	0.247001	-2.687197	0.453409	-1.263459	0.57024
cell_001305	donor_033	0.1261056432565612	0.06325035229954096	-0.7449206385818469	0.123605	M	-0.431952	0.058696	-0.000185	-0.008891	0.00894	-0.007888	-0.007026	-0.055488	0.038301	0.754486	0.780219	-1.393194
cell_001306	donor_033	0.5192767994053162	-0.06455731129224469	-0.061844934288353554	0.123605	M	0.203727	0.017966	-0.000185	-0.008891	0.00894	-0.007888	-0.007026	2.212157	-0.237896	-1.1179	0.055646	-1.159147
cell_001307	donor_034	-0.04575861526059986	0.7569978551740844	-0.05624037231383949	-1.430292	F	-0.101579	0.023319	-0.012378	-0.017358	-0.061654	-0.017212	0.011886	-1.641803	-0.165628	-0.21991	0.704204	-3.119155
cell_001308	donor_034	0.5029872610400278	-0.6832161322027357	0.32102662742697285	-1.430292	F	1.430888	0.02914	-0.012378	-0.017358	-0.061654	-0.017212	0.011886	-1.068453	0.204764	1.878941	-0.367402	-0.723934
cell_001309	donor_034	1.6073904934110972	1.2213405835737405	0.005331895028427259	-1.430292	F	1.126017	0.029625	-0.012378	-0.017358	-0.061654	-0.017212	0.011886	0.830325	1.459606	-0.166131	-0.288095	-2.292785
cell_001310	donor_034	1.664707245439678	1.372572690918252	0.09012163690246397	-1.430292	F	0.533722	0.020535	-0.012378	-0.017358	-0.061654	-0.017212	0.011886	-0.050106	0.343415	0.196374	-0.796404	1.527126
cell_001311	donor_034	-0.12874045675419304	-0.8149988839588655	1.4404530823974946	-1.430292	F	-1.773249	0.005026	-0.012378	-0.017358	-0.061654	-0.017212	0.011886	0.9718	0.562327	0.611645	0.116017	-0.949335
cell_001312	donor_034	2.063859140968852	0.5957830693902302	0.29481290778535163	-1.430292	F	0.58354	0.041413	-0.012378	-0.017358	-0.061654	-0.017212	0.011886	-0.955309	0.43771	-0.963179	1.153496	1.567608
cell_001313	donor_034	0.08492903607576748	-0.8918587192510048	0.1658664461004824	-1.430292	F	0.864916	0.067449	-0.012378	-0.017358	-0.061654	-0.017212	0.011886	0.797778	0.218048	-0.807335	-0.866348	0.875885
cell_001314	donor_034	-0.12925879484607164	0.6350068690319473	-0.7567448121346322	-1.430292	F	0.198988	0.069055	-0.012378	-0.017358	-0.061654	-0.017212	0.011886	-0.337269	-0.582779	-0.162155	0.597858	0.401567
cell_001315	donor_034	-0.5452220691368472	0.5966642761186338	1.1008213174143417	-1.430292	F	0.816058	0.001618	-0.012378	-0.017358	-0.061654	-0.017212	0.011886	0.354862	0.318019	0.691364	-1.467899	-1.027887
cell_001316	donor_034	0.873509227512824	1.8587088162599181	0.5341338578291076	-1.430292	F	1.213639	0.032798	-0.012378	-0.017358	-0.061654	-0.017212	0.011886	0.772557	0.211694	-1.05343	0.176873	0.450612
cell_001317	donor_034	-0.3904170396136607	0.8503796045300293	-1.0243486697536166	-1.430292	F	-0.475618	0.000685	-0.012378	-0.017358	-0.061654	-0.017212	0.011886	0.026189	-0.373772	0.092896	0.501907	-0.373048
cell_001318	donor_034	0.08540240926466645	-0.786921899384978	0.5740908107850814	-1.430292	F	-0.403067	0.027737	-0.012378	-0.017358	-0.061654	-0.017212	0.011886	1.052913	0.918223	0.361474	2.118095	-0.857378
cell_001319	donor_034	1.2021937731681231	-0.9861979330627464	0.7885328702168979	-1.430292	F	0.051567	0.055786	-0.012378	-0.017358	-0.061654	-0.017212	0.011886	-1.610062	0.484451	0.014086	-1.517036	0.709753
cell_001320	donor_034	-0.7788879792064956	1.305781001307031	0.9908951745407832	-1.430292	F	0.584282	0.03595	-0.012378	-0.017358	-0.061654	-0.017212	0.011886	-0.05835	0.59322	-2.714396	-0.169241	-0.830329
cell_001321	donor_034	-0.11905367811449541	0.1371392654183526	0.424298637380148	-1.430292	F	-1.155941	0.023222	-0.012378	-0.017358	-0.061654	-0.017212	0.011886	-0.371239	-0.493901	0.669309	-2.28484	-0.24656
cell_001322	donor_034	-1.301134037699189	-0.8156067871117212	-0.7339082143363586	-1.430292	F	1.038244	0.040861	-0.012378	-0.017358	-0.061654	-0.017212	0.011886	-0.41413	-1.229549	0.675254	-0.826663	2.145739
cell_001323	donor_034	0.6787075663392923	-2.0262730050294677	0.5375912085096708	-1.430292	F	-0.94079	0.029074	-0.012378	-0.017358	-0.061654	-0.017212	0.011886	0.867924	-0.156995	-0.360478	-0.894222	-0.287991
cell_001324	donor_034	-0.9397556835722741	-1.0184614201744406	2.9912119707736147	-1.430292	F	1.036096	0.017947	-0.012378	-0.017358	-0.061654	-0.017212	0.011886	-1.058415	1.699152	-0.655204	-0.739416	-0.129689
cell_001325	donor_034	0.5323342200396931	-0.7165089492742363	-0.7062521547305847	-1.430292	F	1.013169	0.015528	-0.012378	-0.017358	-0.061654	-0.017212	0.011886	0.155177	2.276708	-0.786655	0.483732	2.844767
cell_001326	donor_034	-0.5384038247551192	0.37143824663118474	-0.28029718213922455	-1.430292	F	-1.44547	0.019299	-0.012378	-0.017358	-0.061654	-0.017212	0.011886	0.499784	1.35744	-0.117923	-0.060425	0.577306
cell_001327	donor_034	1.2536589544876582	0.20163918664030198	-0.6887184989978651	-1.430292	F	-1.206847	0.029265	-0.012378	-0.017358	-0.061654	-0.017212	0.011886	0.033937	-0.528963	2.74451	-0.631713	0.95125
cell_001328	donor_034	-2.2785883381733556	-0.0805064608700825	0.8975528754109106	-1.430292	F	0.755978	0.062451	-0.012378	-0.017358	-0.061654	-0.017212	0.011886	0.357508	0.628796	0.69947	-0.803621	1.379657
cell_001329	donor_034	1.034156957197205	-1.2574904066925248	0.8876584559343226	-1.430292	F	-1.205239	0.052269	-0.012378	-0.017358	-0.061654	-0.017212	0.011886	-1.780229	-0.931969	0.306601	0.815066	-1.481822
cell_001330	donor_034	0.7252209145463971	-0.2324724276938833	-0.4687602980156133	-1.430292	F	0.513055	0.008419	-0.012378	-0.017358	-0.061654	-0.017212	0.011886	0.285349	0.643671	-0.172765	1.260732	0.164254
cell_001331	donor_034	-1.8107130086660246	0.17442722480644735	-0.4876705506186073	-1.430292	F	-1.129546	0.019908	-0.012378	-0.017358	-0.061654	-0.017212	0.011886	-0.125942	-1.081633	-0.786731	0.377227	0.395923
cell_001332	donor_034	-0.1593461333119324	-0.14869431537688835	-0.9361287231986942	-1.430292	F	0.967038	0.011291	-0.012378	-0.017358	-0.061654	-0.017212	0.011886	-0.176834	0.289916	1.37449	-0.218039	-0.02345
cell_001333	donor_034	-2.366914132899953	0.5954064606266507	-1.1241026991820116	-1.430292	F	-0.612857	0.044261	-0.012378	-0.017358	-0.061654	-0.017212	0.011886	-2.358702	-0.563377	0.129592	1.094894	1.792557
cell_001334	donor_034	0.6083074869200954	0.5167890022106667	1.9595561198030347	-1.430292	F	-0.564091	0.016504	-0.012378	-0.017358	-0.061654	-0.017212	0.011886	-1.012112	-0.228956	-1.484809	1.25158	-1.141393
cell_001335	donor_034	-0.31550120516652935	0.4347383406729312	1.0764880611432268	-1.430292	F	0.145997	0.059091	-0.012378	-0.017358	-0.061654	-0.017212	0.011886	0.567854	-0.577867	-1.653073	-0.308122	0.738769
cell_001336	donor_034	-0.19099509923536742	-0.33802790619023987	1.7251130477512944	-1.430292	F	0.105086	0.015999	-0.012378	-0.017358	-0.061654	-0.017212	0.011886	-0.502637	0.28291	-0.570173	-1.028218	-0.042065
cell_001337	donor_034	0.04537425123358936	0.21696653505267127	0.20137019538736295	-1.430292	F	0.860473	0.064211	-0.012378	-0.017358	-0.061654	-0.017212	0.011886	-0.249991	0.349773	-0.465065	1.603413	-0.239974
cell_001338	donor_034	-0.8630374146980276	0.19208562028903944	1.0435973968339656	-1.430292	F	-0.59124	0.01703	-0.012378	-0.017358	-0.061654	-0.017212	0.011886	0.320996	-0.535129	1.626428	0.011117	0.16527
cell_001339	donor_034	1.531751138761382	-0.743751456591342	-0.7772591735805603	-1.430292	F	-0.5548	0.026128	-0.012378	-0.017358	-0.061654	-0.017212	0.011886	-1.146474	-0.011326	0.083364	0.682694	0.304327
cell_001340	donor_034	-1.6099263088111249	-0.6196808805438163	2.4639057142860765	-1.430292	F	-0.356149	0.04748	-0.012378	-0.017358	-0.061654	-0.017212	0.011886	-0.925929	-0.844215	-1.340647	0.209559	-0.85793
cell_001341	donor_034	-2.284144970019885	-1.0769656319346137	-1.8480059012084444	-1.430292	F	0.565912	0.039002	-0.012378	-0.017358	-0.061654	-0.017212	0.011886	-1.151609	-0.165451	-0.618833	-0.123364	-0.769603
cell_001342	donor_034	-2.8674313410084977	-0.4124456650224156	-2.8798422412136806	-1.430292	F	0.293111	0.060539	-0.012378	-0.017358	-0.061654	-0.017212	0.011886	0.275504	-0.628291	0.290736	1.013353	-0.086108
cell_001343	donor_034	0.5839258377571583	0.40711881421019974	-1.5562089312528833	-1.430292	F	-0.930192	0.043459	-0.012378	-0.017358	-0.061654	-0.017212	0.011886	0.289646	0.362063	-0.758618	1.52257	1.029685
cell_001344	donor_034	0.5238427006221712	1.4031012914235061	1.134979871586693	-1.430292	F	-0.236085	0.018584	-0.012378	-0.017358	-0.061654	-0.017212	0.011886	0.418003	1.62785	0.774389	-0.284407	-0.749663
cell_001345	donor_034	-1.310011042985838	-0.9556835997110587	0.5609860236863844	-1.430292	F	-2.027919	0.053357	-0.012378	-0.017358	-0.061654	-0.017212	0.011886	0.251929	0.6697	-1.336979	0.970898	-0.703695
cell_001346	donor_034	-0.27613954537824137	0.23501470664603907	-0.024526513974800716	-1.430292	F	-0.137045	0.054447	-0.012378	-0.017358	-0.061654	-0.017212	0.011886	0.210263	-0.318813	0.102929	-0.395531	-0.465169
cell_001347	donor_034	-1.281823914694722	0.09812209554629245	-0.33555677824584257	-1.430292	F	-0.335241	0.019759	-0.012378	-0.017358	-0.061654	-0.017212	0.011886	-2.169783	-0.625518	1.257273	0.48309	-0.47174
cell_001348	donor_035	-0.39453572749799243	-1.1881829608206993	-2.377169483967059	-0.653343	F	0.999848	0.035821	-0.005462	0.006896	-0.012094	0.013554	-0.030126	0.05438	0.614392	-0.827319	0.759376	0.711069
cell_001349	donor_035	1.665970164005143	0.1968389161589778	0.509568589281361	-0.653343	F	-0.152189	0.026033	-0.005462	0.006896	-0.012094	0.013554	-0.030126	0.472008	-0.790969	0.047897	1.928616	-0.507494
cell_001350	donor_035	0.06362960105595653	0.1178271046375424	-0.0908811570526028	-0.653343	F	0.10575	0.042411	-0.005462	0.006896	-0.012094	0.013554	-0.030126	1.459626	-1.021678	-0.320696	-0.046656	-0.89804
cell_001351	donor_035	-1.2900688441183181	0.1544038523091925	0.421085151541007	-0.653343	F	0.691533	0.054951	-0.005462	0.006896	-0.012094	0.013554	-0.030126	0.170586	0.788022	1.320124	0.522222	-0.881265
cell_001352	donor_035	-0.8730446617508615	1.8713433205798977	-0.1694065739845892	-0.653343	F	-1.797398	0.044552	-0.005462	0.006896	-0.012094	0.013554	-0.030126	1.520809	-0.128208	1.1708	-1.606965	-0.151931
cell_001353	donor_035	-0.8683717579957777	0.12352379340098449	0.9781014808261126	-0.653343	F	0.824359	0.042622	-0.005462	0.006896	-0.012094	0.013554	-0.030126	0.233477	-0.726121	1.058296	0.386117	-0.888116
cell_001354	donor_035	-0.9615709349369104	-0.3983770029153085	1.4720457403633778	-0.653343	F	1.519729	0.001099	-0.005462	0.006896	-0.012094	0.013554	-0.030126	0.105282	-0.148359	-0.389949	-0.50152	-0.870038
cell_001355	donor_035	-0.03854629949016518	0.930998166027012	-0.7711570310239686	-0.653343	F	-1.402445	0.036995	-0.005462	0.006896	-0.012094	0.013554	-0.030126	-0.345146	0.202399	-1.125595	-0.929391	2.401331
cell_001356	donor_035	-2.721170500995958	-0.3442342438691815	0.5933429118418486	-0.653343	F	-0.639907	0.059282	-0.005462	0.006896	-0.012094	0.013554	-0.030126	0.375551	1.318422	0.885923	0.973556	-0.086721
cell_001357	donor_035	-1.013144587652696	-2.0940681627284605	1.0371885324558212	-0.653343	F	0.927579	0.004184	-0.005462	0.006896	-0.012094	0.013554	-0.030126	-2.191783	0.057932	-0.227411	0.852744	0.295874
cell_001358	donor_035	1.3678913475078676	1.0394310027810028	-0.8951264871453978	-0.653343	F	-0.983441	0.049497	-0.005462	0.006896	-0.012094	0.013554	-0.030126	0.884521	-0.79667	-0.605877	-0.066486	0.849989
cell_001359	donor_035	-1.7666115885371938	-0.5215824614571876	-0.08309135693714208	-0.653343	F	0.263449	0.003337	-0.005462	0.006896	-0.012094	0.013554	-0.030126	1.765964	1.454385	-1.157823	0.642239	0.913499
cell_001360	donor_035	-1.6903140670605261	2.018593100548017	-0.44243454414882594	-0.653343	F	-0.156326	0.020652	-0.005462	0.006896	-0.012094	0.013554	-0.030126	-1.204095	-0.765258	-0.696193	0.432632	-1.102849
cell_001361	donor_035	0.22870462577097395	0.9749438718808603	-1.236376550280561	-0.653343	F	-1.253897	0.04149	-0.005462	0.006896	-0.012094	0.013554	-0.030126	-0.260841	-0.580352	-0.407501	0.772937	-3.281815
cell_001362	donor_035	0.3259518540034096	0.33440909973931376	-0.22798064987613095	-0.653343	F	-0.83329	0.045336	-0.005462	0.006896	-0.012094	0.013554	-0.030126	-0.690312	-0.655961	0.368481	0.020139	-0.976411
cell_001363	donor_035	0.5860752321664131	0.4394274728125034	-0.5275205334996925	-0.653343	F	0.754282	0.061794	-0.005462	0.006896	-0.012094	0.013554	-0.030126	-0.185585	-0.900543	0.330211	-1.401625	-2.009431
cell_001364	donor_035	-0.45936469261334767	-0.1770878868823499	0.6966961268069349	-0.653343	F	-1.277303	0.013535	-0.005462	0.006896	-0.012094	0.013554	-0.030126	1.026902	-0.802027	-0.497694	0.999503	-0.59195
cell_001365	donor_035	1.1186060625054628	0.42307165876185265	0.0205111663915373	-0.653343	F	-0.244441	0.030924	-0.005462	0.006896	-0.012094	0.013554	-0.030126	-2.054297	0.778236	1.41909	0.137079	1.024737
cell_001366	donor_035	0.44463143356141616	0.12388919733773562	0.00021931014003895261	-0.653343	F	0.674617	0.029297	-0.005462	0.006896	-0.012094	0.013554	-0.030126	-0.330515	-0.029064	-0.48883	-0.414087	0.690768
cell_001367	donor_035	-0.3038285099825855	-0.2504106358101452	-1.0617701295968558	-0.653343	F	-1.575624	0.029039	-0.005462	0.006896	-0.012094	0.013554	-0.030126	-0.753358	-0.84911	1.779806	0.821598	-2.120418
cell_001368	donor_035	-0.6958149758300939	0.5361817981640142	1.83392818195057	-0.653343	F	0.42537	0.073956	-0.005462	0.006896	-0.012094	0.013554	-0.030126	0.086775	-0.483166	-0.976587	-0.955648	-0.154512
cell_001369	donor_035	-1.4168985972353039	-0.19807314544737	0.7232282274036249	-0.653343	F	0.001178	0.056842	-0.005462	0.006896	-0.012094	0.013554	-0.030126	0.397824	0.357114	-1.822018	-1.63932	1.108055
cell_001370	donor_035	-0.022057149451960866	-0.5435078956865349	1.8179403756111205	-0.653343	F	-0.06775	0.034649	-0.005462	0.006896	-0.012094	0.013554	-0.030126	-0.886007	0.911942	-0.039344	-0.121752	0.955698
cell_001371	donor_035	-0.05736444438444772	-0.37430127847048333	-0.28104723248686875	-0.653343	F	-0.671241	0.021106	-0.005462	0.006896	-0.012094	0.013554	-0.030126	0.870637	1.713017	0.957305	0.468012	-0.529663
cell_001372	donor_035	0.5234450871215446	-1.2346397161342395	-0.04271884884728672	-0.653343	F	1.125591	0.012214	-0.005462	0.006896	-0.012094	0.013554	-0.030126	-0.635885	-0.047978	0.195212	-1.791271	-1.006152
cell_001373	donor_035	0.1911847151389522	0.7513714182608775	-0.33171758786845157	-0.653343	F	-1.488065	0.026066	-0.005462	0.006896	-0.012094	0.013554	-0.030126	-0.438809	1.619991	-0.456938	1.500693	-0.24513
cell_001374	donor_035	0.25826083860838056	0.08518655815166046	0.9397360712110291	-0.653343	F	0.39329	0.015987	-0.005462	0.006896	-0.012094	0.013554	-0.030126	-2.381597	-1.88774	1.340331	1.667702	-1.034285
cell_001375	donor_035	0.36350655563417505	-0.06272887545957409	2.3716771674847914	-0.653343	F	-1.742016	0.020407	-0.005462	0.006896	-0.012094	0.013554	-0.030126	-1.579447	-1.367418	0.42715	0.951251	0.314924
cell_001376	donor_035	-0.5172581940213898	-1.5976607150218145	-0.05923841782926034	-0.653343	F	0.830564	0.05252	-0.005462	0.006896	-0.012094	0.013554	-0.030126	0.106763	-1.104015	0.058526	0.150917	0.249854
cell_001377	donor_035	0.19626729663225495	0.40540863526529275	-0.9293351003683531	-0.653343	F	1.125547	0.028573	-0.005462	0.006896	-0.012094	0.013554	-0.030126	0.614718	0.351229	0.018373	-0.418839	-0.358491
cell_001378	donor_035	1.04962933493494	-0.39775708536157284	-1.457929602443138	-0.653343	F	-0.798641	0.041573	-0.005462	0.006896	-0.012094	0.013554	-0.030126	-0.298016	0.593087	-0.676424	1.745056	-0.329946
cell_001379	donor_035	-0.7089228296837083	-0.7629151622934706	1.8105694590862134	-0.653343	F	-0.536574	0.002727	-0.005462	0.006896	-0.012094	0.013554	-0.030126	0.544937	2.255195	-0.133884	1.227138	-0.403229
cell_001380	donor_035	0.7003571438868922	0.6763635002388058	-0.38383624707616315	-0.653343	F	0.390389	0.049568	-0.005462	0.006896	-0.012094	0.013554	-0.030126	-0.342218	0.280772	-0.829515	-0.67027	0.814755
cell_001381	donor_035	1.106396285038863	1.0813303560863243	-0.32367585163236057	-0.653343	F	0.138691	0.037117	-0.005462	0.006896	-0.012094	0.013554	-0.030126	-0.850084	0.451711	-0.383617	-0.040231	0.865533
cell_001382	donor_035	-1.0314464890685622	-0.5407037093412141	-1.530984481328152	-0.653343	F	0.221882	0.028744	-0.005462	0.006896	-0.012094	0.013554	-0.030126	0.357778	-1.68796	-0.347602	-2.806927	0.016189
cell_001383	donor_035	0.307436612212147	-0.7850610968525493	-0.024082650293945154	-0.653343	F	-0.140638	0.028811	-0.005462	0.006896	-0.012094	0.013554	-0.030126	-1.459042	0.172407	-0.79098	-1.112682	1.272095
cell_001384	donor_035	0.17770581120456944	0.09545252147419371	2.505021532291631	-0.653343	F	0.872352	0.035072	-0.005462	0.006896	-0.012094	0.013554	-0.030126	0.279474	1.228992	0.258331	1.934757	1.172069
cell_001385	donor_035	0.4070239763325008	0.19378688511015912	-2.1753376563678555	-0.653343	F	0.063914	0.053602	-0.005462	0.006896	-0.012094	0.013554	-0.030126	-0.053593	0.206146	0.810817	-0.266165	-1.496987
cell_001386	donor_036	0.01816262789967733	-0.2878594879245627	0.4747823843300508	-1.500924	F	-1.434635	0.031743	0.008004	-0.018044	0.016041	-0.01434	0.048838	-0.539869	-1.641055	1.40141	-0.97409	1.111284
cell_001387	donor_036	-0.5520330693467597	1.1676766313424958	-0.43680007837255225	-1.500924	F	-1.586097	0.040773	0.008004	-0.018044	0.016041	-0.01434	0.048838	-0.498567	-0.852813	0.501909	-0.689047	-0.634581
cell_001388	donor_036	-0.8531691960082979	0.08608845294699581	-1.0651578595886444	-1.500924	F	1.405882	0.030064	0.008004	-0.018044	0.016041	-0.01434	0.048838	1.149038	0.004046	-0.715072	-0.573136	1.083616
cell_001389	donor_036	-1.3850875101192717	0.5863337659128309	1.903777746550061	-1.500924	F	-0.401892	0.022185	0.008004	-0.018044	0.016041	-0.01434	0.048838	0.40924	0.636433	-1.011062	1.495969	-1.091872
cell_001390	donor_036	-1.7689265355906096	-0.16793688262214918	-0.7313949423386875	-1.500924	F	0.661097	0.046268	0.008004	-0.018044	0.016041	-0.01434	0.048838	1.381262	0.511756	-1.232361	0.476663	-1.249974
cell_001391	donor_036	0.6338185586656789	-0.24517933576276654	0.9013244162119036	-1.500924	F	-0.634916	0.019635	0.008004	-0.018044	0.016041	-0.01434	0.048838	1.31374	0.205285	-0.936756	1.426384	-0.698926
cell_001392	donor_036	2.811826568035933	-0.5837964561546333	-0.08698736060358829	-1.500924	F	0.061873	0.042795	0.008004	-0.018044	0.016041	-0.01434	0.048838	0.411105	-0.828581	-0.960324	1.032639	0.488859
cell_001393	donor_036	0.3584526306311515	-0.2794067182255164	-0.33304523753455567	-1.500924	F	-2.205729	0.081033	0.008004	-0.018044	0.016041	-0.01434	0.048838	1.069436	-1.424954	0.200939	2.063425	-0.918168
cell_001394	donor_036	-0.5529117754048684	-0.7367791870391023	0.32417595392764764	-1.500924	F	1.123752	0.036331	0.008004	-0.018044	0.016041	-0.01434	0.048838	-0.652479	0.785695	-0.293308	-1.401452	-1.812371
cell_001395	donor_036	1.821739005727937	-1.0202982383270855	-1.3168184789646715	-1.500924	F	0.243982	0.039203	0.008004	-0.018044	0.016041	-0.01434	0.048838	0.327007	-1.241914	2.783468	1.716102	0.404158
cell_001396	donor_036	0.8870425215725647	0.8375517788129405	1.1965894440583968	-1.500924	F	-1.657597	0.030648	0.008004	-0.018044	0.016041	-0.01434	0.048838	-0.342046	0.133134	0.243624	-0.208072	-0.003206
cell_001397	donor_036	0.6696700443668953	0.8850928865170012	-0.7743786382457577	-1.500924	F	2.16503	0.050856	0.008004	-0.018044	0.016041	-0.01434	0.048838	1.174207	1.377469	-0.856114	-0.370975	-1.397253
cell_001398	donor_036	-1.4356406636210421	-0.7797995112771126	0.9177863357479739	-1.500924	F	-0.666167	0.01711	0.008004	-0.018044	0.016041	-0.01434	0.048838	1.03824	-0.488846	-1.256472	-0.456207	0.773813
cell_001399	donor_036	0.9811671728703546	0.20617806473737232	1.033320090968181	-1.500924	F	0.170016	0.050657	0.008004	-0.018044	0.016041	-0.01434	0.048838	0.739389	0.023357	-0.047781	0.602256	0.873323
cell_001400	donor_036	0.9757376836745321	1.5031712340990406	2.1687078383346505	-1.500924	F	0.471877	0.015861	0.008004	-0.018044	0.016041	-0.01434	0.048838	-0.142246	-1.50713	1.054869	0.710397	-0.580176
cell_001401	donor_036	-0.5761327412807238	-0.3810259966234066	-0.7693475719572441	-1.500924	F	0.578931	0.033194	0.008004	-0.018044	0.016041	-0.01434	0.048838	-0.451311	0.450514	0.243402	1.428558	0.960869
cell_001402	donor_036	-0.025336474667312037	1.7700937214844514	-0.8642397790819819	-1.500924	F	-1.40029	0.006705	0.008004	-0.018044	0.016041	-0.01434	0.048838	-0.269355	-0.321915	-0.539949	0.150645	1.551192
cell_001403	donor_036	-0.010976748317332731	0.777881463272862	-0.055272856669635835	-1.500924	F	-0.684976	0.017273	0.008004	-0.018044	0.016041	-0.01434	0.048838	0.487194	0.759419	-0.463197	-0.608719	-0.935235
cell_001404	donor_036	1.6368337058017204	0.7611262238154868	-1.9980843047213834	-1.500924	F	-2.448839	0.040174	0.008004	-0.018044	0.016041	-0.01434	0.048838	0.034053	-0.317805	-1.691993	0.656664	0.563949
cell_001405	donor_036	0.012051809239943164	0.723555615336709	0.2059248500004936	-1.500924	F	0.414772	0.019559	0.008004	-0.018044	0.016041	-0.01434	0.048838	-1.851997	1.571057	-1.961439	0.813446	-1.276869
cell_001406	donor_036	1.4609828600595793	0.3092147408309009	-0.6938566568821114	-1.500924	F	-0.082486	0.00644	0.008004	-0.018044	0.016041	-0.01434	0.048838	-0.047723	0.130373	-0.497734	-0.329358	1.892251
cell_001407	donor_036	-1.1282454283415617	0.7835827095686475	1.1711960635098115	-1.500924	F	-2.308303	0.026918	0.008004	-0.018044	0.016041	-0.01434	0.048838	0.698084	-0.017145	0.062255	-0.373916	-0.493123
cell_001408	donor_036	-1.07739769356644	-0.7684688230929677	-0.46819420033806536	-1.500924	F	-0.672902	0.012511	0.008004	-0.018044	0.016041	-0.01434	0.048838	-0.070716	0.67502	1.253832	0.648365	-0.97186
cell_001409	donor_036	-0.05629204326715047	-1.0822851111878302	0.5771739852363728	-1.500924	F	-0.947714	0.02853	0.008004	-0.018044	0.016041	-0.01434	0.048838	0.523049	-0.105905	0.620955	-0.59882	0.54509
cell_001410	donor_036	2.1389004281103414	-1.6123544935225822	1.7672710447707263	-1.500924	F	0.903718	0.023351	0.008004	-0.018044	0.016041	-0.01434	0.048838	-0.191574	0.514801	1.095047	0.400891	1.933932
cell_001411	donor_036	2.8603078489125044	-0.17940724109650302	-0.996377961317455	-1.500924	F	0.275311	0.034628	0.008004	-0.018044	0.016041	-0.01434	0.048838	1.595438	-0.280674	0.934782	-0.739724	-1.16147
cell_001412	donor_036	0.8025509875400443	-0.7481202291975952	0.5962930999067617	-1.500924	F	0.799616	0.014584	0.008004	-0.018044	0.016041	-0.01434	0.048838	-0.229216	0.871083	2.007668	0.049944	0.273048
cell_001413	donor_036	-1.1601292288960583	0.49496021290999975	-0.585683326302884	-1.500924	F	-0.740599	0.038209	0.008004	-0.018044	0.016041	-0.01434	0.048838	-0.516159	-0.054996	-0.866805	0.135087	0.282263
cell_001414	donor_036	-0.20861745056632117	-0.24837268826096812	-0.7912353737935338	-1.500924	F	2.055359	0.040858	0.008004	-0.018044	0.016041	-0.01434	0.048838	1.744841	1.196282	-0.51545	-0.60412	-1.880465
cell_001415	donor_036	0.44992812427741746	0.15197259358010082	1.4487638101875027	-1.500924	F	1.392924	0.011757	0.008004	-0.018044	0.016041	-0.01434	0.048838	-0.356555	0.652087	-1.498629	0.67292	-0.391432
cell_001416	donor_036	0.3137860982803084	-0.12213234945847942	-1.227120943576092	-1.500924	F	-0.855577	0.002438	0.008004	-0.018044	0.016041	-0.01434	0.048838	0.828216	0.354174	-1.181547	0.629078	0.561835
cell_001417	donor_036	0.1892482004936052	-0.7424225176168138	-1.0031368277225707	-1.500924	F	-0.218469	0.051581	0.008004	-0.018044	0.016041	-0.01434	0.048838	-1.070237	-0.139196	1.983682	-0.166384	1.079022
cell_001418	donor_036	0.22282850731055887	-0.810910747086456	1.1410405170657443	-1.500924	F	1.2539	0.0215	0.008004	-0.018044	0.016041	-0.01434	0.048838	-0.046099	-0.282356	1.196418	-1.409791	1.037722
cell_001419	donor_036	-0.9488621092663755	0.9662464469969813	-2.132725067071155	-1.500924	F	0.108172	0.015698	0.008004	-0.018044	0.016041	-0.01434	0.048838	0.811415	0.00955	-1.454948	-1.556116	0.770633
cell_001420	donor_036	-1.647021042171236	-1.3174367884432063	2.084461714980054	-1.500924	F	-0.461473	0.041445	0.008004	-0.018044	0.016041	-0.01434	0.048838	0.085028	-2.298932	-0.423964	0.442936	0.052056
cell_001421	donor_036	-1.4880855836822093	-0.6758518475901284	1.0904113318628161	-1.500924	F	-0.77942	0.067287	0.008004	-0.018044	0.016041	-0.01434	0.048838	-0.420896	0.418561	1.385997	1.505049	-1.671765
cell_001422	donor_036	1.3484061423314535	0.5034452597980948	-0.10926180863407413	-1.500924	F	-0.478568	0.016628	0.008004	-0.018044	0.016041	-0.01434	0.048838	0.134998	0.327585	0.281953	0.748454	0.716262
cell_001423	donor_036	1.0899870904141895	0.7975349439192001	-1.1486922976337466	-1.500924	F	1.526074	0.052773	0.008004	-0.018044	0.016041	-0.01434	0.048838	1.254684	-0.736914	1.41747	-0.010138	1.194266
cell_001424	donor_036	0.6231717265524191	0.7291710589980412	0.185023981775512	-1.500924	F	-1.207567	0.004715	0.008004	-0.018044	0.016041	-0.01434	0.048838	0.987471	-0.762199	-1.081188	-0.801557	0.182049
cell_001425	donor_036	-0.6864828099803797	1.214266107781728	-1.0884948479569037	-1.500924	F	0.314139	0.043081	0.008004	-0.018044	0.016041	-0.01434	0.048838	-1.192974	-0.940636	-0.015565	1.008396	-1.15803
cell_001426	donor_036	-1.1558447361201416	0.3465446702693022	-0.8231566804022957	-1.500924	F	-0.901873	0.013265	0.008004	-0.018044	0.016041	-0.01434	0.048838	0.358862	0.513062	-0.489988	-0.514315	-0.987706
cell_001427	donor_036	1.0797507263797428	-0.0946826488002833	-1.0431869199866026	-1.500924	F	0.227511	0.05347	0.008004	-0.018044	0.016041	-0.01434	0.048838	0.482913	-0.029326	-1.122994	-0.372257	-0.025522
cell_001428	donor_036	0.12037968776255431	-1.4478420543660044	-1.6575385243148149	-1.500924	F	0.425729	0.016624	0.008004	-0.018044	0.016041	-0.01434	0.048838	-0.590261	-0.825081	-0.713718	0.821351	-0.40502
cell_001429	donor_037	0.763795706070636	-0.5304953442584318	0.44488317029025704	0.829923	M	-0.91746	0.010493	0.033995	0.029164	0.005494	0.040526	0.013762	-0.901034	0.589377	-1.309914	0.676197	-1.43244
cell_001430	donor_037	-0.776750115343674	-0.4755350882135294	-0.359648007221489	0.829923	M	-0.401011	0.051423	0.033995	0.029164	0.005494	0.040526	0.013762	-0.301227	-0.780071	-0.654384	-0.149684	0.052144
cell_001431	donor_037	-1.2603321902030609	0.6673920572818229	-0.5621462839402024	0.829923	M	-1.026828	0.045725	0.033995	0.029164	0.005494	0.040526	0.013762	1.307742	0.706492	-3.090416	-0.274991	-1.368626
cell_001432	donor_037	1.6318869278099655	-1.2380730181675643	0.2565503862168537	0.829923	M	0.199042	0.040101	0.033995	0.029164	0.005494	0.040526	0.013762	-2.5815	0.236985	1.577207	1.212026	-0.282433
cell_001433	donor_037	-0.5977214460985775	0.28966344105640734	1.3095993521622666	0.829923	M	-0.717626	0.047174	0.033995	0.029164	0.005494	0.040526	0.013762	0.010807	0.367874	-0.1549	0.241091	-0.864932
cell_001434	donor_037	-0.041163148347443064	-3.0842694502818717	0.42655757580498244	0.829923	M	0.629141	0.054779	0.033995	0.029164	0.005494	0.040526	0.013762	0.067532	-0.571886	-0.579526	-0.417241	0.879896
cell_001435	donor_037	-1.1857469132891592	-0.9665356581841821	2.3404023201671262	0.829923	M	0.831908	0.022237	0.033995	0.029164	0.005494	0.040526	0.013762	-0.195498	0.379216	0.420499	-1.197403	-0.658212
cell_001436	donor_037	0.2352513802324494	0.6992889941510257	-0.38302050872419585	0.829923	M	0.52199	0.020918	0.033995	0.029164	0.005494	0.040526	0.013762	-0.019215	-0.226758	0.649513	-0.06492	-1.76097
cell_001437	donor_037	0.16930563087924147	1.8526120643165431	0.024223884433366268	0.829923	M	-0.440803	0.023549	0.033995	0.029164	0.005494	0.040526	0.013762	0.313967	0.298559	-1.682348	-0.22086	-0.629072
cell_001438	donor_037	-1.8511868156648155	-1.7249554625568475	-0.8708832122011579	0.829923	M	0.683035	0.045456	0.033995	0.029164	0.005494	0.040526	0.013762	-0.357743	-0.394088	1.359329	2.175699	0.638654
cell_001439	donor_037	-0.41116911385755406	-0.3436912733569503	0.2962222479000595	0.829923	M	-1.92544	0.002241	0.033995	0.029164	0.005494	0.040526	0.013762	-1.380684	-0.181572	-1.292979	0.47535	0.920539
cell_001440	donor_037	-0.5345212475257468	0.7364866494943607	1.3366345430425943	0.829923	M	1.324998	0.05852	0.033995	0.029164	0.005494	0.040526	0.013762	0.058518	0.925363	1.181432	0.134419	-0.326606
cell_001441	donor_037	-1.2482538541693178	-1.1691311203433976	-1.1250189894726768	0.829923	M	0.85495	0.037315	0.033995	0.029164	0.005494	0.040526	0.013762	-0.687866	1.145452	0.398804	-0.402886	2.151926
cell_001442	donor_037	0.36849896656547715	-0.19538827847471724	0.7113991915141142	0.829923	M	2.132257	0.001246	0.033995	0.029164	0.005494	0.040526	0.013762	-2.582091	-0.981264	0.406174	1.246006	0.408351
cell_001443	donor_037	-0.3736532955220618	0.06999360110305504	-0.2874774612908245	0.829923	M	0.998473	0.025729	0.033995	0.029164	0.005494	0.040526	0.013762	-0.137315	-0.716456	0.52225	-0.158027	-0.365231
cell_001444	donor_037	-2.7234776121012776	-1.0243858992180237	0.30988423446545205	0.829923	M	1.314878	0.018452	0.033995	0.029164	0.005494	0.040526	0.013762	-0.928511	-0.409236	1.168204	-1.044316	-1.68171
cell_001445	donor_037	-0.3663097684328448	0.6289162246770263	-0.7350679713244113	0.829923	M	-0.140499	0.00946	0.033995	0.029164	0.005494	0.040526	0.013762	1.170508	-0.134597	-0.426743	-0.699384	0.363402
cell_001446	donor_037	-0.757590846002064	0.7017254892189426	0.43860145808528234	0.829923	M	0.655927	0.046839	0.033995	0.029164	0.005494	0.040526	0.013762	-0.987642	-0.11166	0.82098	0.360074	-0.807512
cell_001447	donor_037	1.5407757139862857	-1.4696200452444812	-0.3335839774305876	0.829923	M	0.278222	0.050253	0.033995	0.029164	0.005494	0.040526	0.013762	1.874399	-1.389046	0.655212	-1.898634	-0.582458
cell_001448	donor_037	1.57672073864679	0.3937421871682451	-0.335317817814451	0.829923	M	0.515414	0.027979	0.033995	0.029164	0.005494	0.040526	0.013762	-0.011029	0.640084	-0.337796	0.928672	0.91144
cell_001449	donor_037	0.46404265654723786	1.0767164176589803	1.4259010788432547	0.829923	M	1.338713	0.055947	0.033995	0.029164	0.005494	0.040526	0.013762	-1.091277	0.496225	0.770157	-0.688674	1.119448
cell_001450	donor_037	-3.274623404940004	-1.4577602335961495	-0.21527630865665587	0.829923	M	-0.447118	0.022134	0.033995	0.029164	0.005494	0.040526	0.013762	0.336777	-1.492798	0.514219	2.409171	1.314192
cell_001451	donor_037	0.472680372625391	-1.175472005691703	0.5277152708433566	0.829923	M	0.08052	0.059042	0.033995	0.029164	0.005494	0.040526	0.013762	0.256431	-0.338212	0.177432	2.046876	0.301714
cell_001452	donor_037	0.1841561839291225	0.2825271902275976	0.2734000880876275	0.829923	M	-0.142759	0.003648	0.033995	0.029164	0.005494	0.040526	0.013762	-0.902194	-0.980011	1.529882	-0.822742	-0.658459
cell_001453	donor_037	1.1986126962301857	-1.1528614194145905	0.09898804505585061	0.829923	M	1.020292	0.067913	0.033995	0.029164	0.005494	0.040526	0.013762	0.868707	-0.096451	-0.37121	-1.278829	-0.139932
cell_001454	donor_037	-0.8966732133168343	-0.4383094137578234	1.5690900676776023	0.829923	M	-0.602423	0.033889	0.033995	0.029164	0.005494	0.040526	0.013762	1.736494	0.398016	0.146604	0.386088	-0.237364
cell_001455	donor_037	0.586687583042934	-1.9867262959067626	-1.8254627955944835	0.829923	M	-0.867875	0.054326	0.033995	0.029164	0.005494	0.040526	0.013762	1.508742	1.499606	-0.508228	-1.504017	-0.16588
cell_001456	donor_037	-0.7875467787502473	-0.5561320473397907	-1.4581604327304323	0.829923	M	1.109511	0.038862	0.033995	0.029164	0.005494	0.040526	0.013762	-0.155695	-1.052559	0.716136	-0.612486	-1.288864
cell_001457	donor_037	0.8639500025192624	-0.8704108575655458	-0.2579658587812705	0.829923	M	-0.30862	0.019813	0.033995	0.029164	0.005494	0.040526	0.013762	-1.591066	-0.788807	0.010893	-0.326642	-0.211723
cell_001458	donor_037	0.37416839664278984	-0.49937116082066024	0.21990411137940732	0.829923	M	-1.104246	0.032297	0.033995	0.029164	0.005494	0.040526	0.013762	0.757096	-0.236144	0.353637	0.603691	0.733237
cell_001459	donor_037	0.1452892819752151	-0.3105785894397881	-0.7786434629844471	0.829923	M	0.549473	0.044591	0.033995	0.029164	0.005494	0.040526	0.013762	-0.479863	-0.704922	0.734121	0.773601	0.019262
cell_001460	donor_037	-0.9509741215882592	1.3275531422844984	-1.0571967115354322	0.829923	M	0.722179	0.043418	0.033995	0.029164	0.005494	0.040526	0.013762	-0.293717	-1.250014	0.616543	-0.508483	-0.47546
cell_001461	donor_037	-0.21579651204939923	1.7438323629263033	0.21529239923670335	0.829923	M	0.447736	0.047195	0.033995	0.029164	0.005494	0.040526	0.013762	0.272717	1.196623	-0.085178	-0.723299	-0.690684
cell_001462	donor_037	-0.5986443024686805	1.4098902910094646	-0.7461045629679208	0.829923	M	-0.470308	0.042658	0.033995	0.029164	0.005494	0.040526	0.013762	1.472367	0.051668	-0.502261	1.944155	0.521696
cell_001463	donor_038	-0.9167947188627471	0.11023818388531198	0.0956097952476745	-1.077133	F	-1.129411	0.0167	0.00803	0.010511	-0.007057	0.001344	-0.037001	-0.567686	-0.29107	0.959227	0.06917	1.046878
cell_001464	donor_038	-0.32091288884307084	-1.4893699132211888	-2.930929952499851	-1.077133	F	-0.98005	0.037855	0.00803	0.010511	-0.007057	0.001344	-0.037001	-0.110018	0.488765	-2.029942	2.154385	-0.273159
cell_001465	donor_038	-0.3016695613025979	-1.812981465180582	1.4379593983929835	-1.077133	F	-0.924584	0.017277	0.00803	0.010511	-0.007057	0.001344	-0.037001	-0.329345	1.202175	2.099394	-0.410718	-0.849386
cell_001466	donor_038	-0.22178184991392863	0.2335109609862227	-0.45463644749941584	-1.077133	F	0.073171	0.016829	0.00803	0.010511	-0.007057	0.001344	-0.037001	0.104119	-1.891291	0.416587	1.201209	1.128322
cell_001467	donor_038	-0.16148195420723266	-0.18943904490220584	-0.10969842404988114	-1.077133	F	-1.363258	0.037184	0.00803	0.010511	-0.007057	0.001344	-0.037001	0.611224	-1.087997	0.237111	-0.696154	-0.224246
cell_001468	donor_038	0.41921257682405433	0.243107364153109	-2.072725557576314	-1.077133	F	-0.280822	0.035055	0.00803	0.010511	-0.007057	0.001344	-0.037001	-1.13253	-0.556649	0.432282	0.74859	0.074169
cell_001469	donor_038	-0.583141637951827	-0.7669574657567662	0.3619242760845534	-1.077133	F	-2.577426	0.052323	0.00803	0.010511	-0.007057	0.001344	-0.037001	1.17326	-1.018291	-0.039517	1.679249	1.390202
cell_001470	donor_038	1.7812758745425994	-2.034125130948917	1.0286986013407535	-1.077133	F	-0.015864	0.016014	0.00803	0.010511	-0.007057	0.001344	-0.037001	0.814132	-0.381034	-1.075269	-0.338271	0.612913
cell_001471	donor_038	0.6892342282671827	-1.3470462162437296	-0.5803379748180895	-1.077133	F	-1.144729	0.036217	0.00803	0.010511	-0.007057	0.001344	-0.037001	-0.399815	-0.454854	-0.83703	0.185529	-0.671958
cell_001472	donor_038	1.5906301110974777	-0.5419870615772728	-0.585619378088346	-1.077133	F	1.126012	0.030349	0.00803	0.010511	-0.007057	0.001344	-0.037001	0.086175	-0.693319	0.686412	-0.502673	-1.261658
cell_001473	donor_038	0.26215524348019575	0.6324679817532757	-0.8475732567840402	-1.077133	F	-0.417537	0.030171	0.00803	0.010511	-0.007057	0.001344	-0.037001	0.752555	-0.415089	-0.794536	0.49408	-1.613276
cell_001474	donor_038	1.0246746144662218	0.16775352096002108	-0.006472446097997866	-1.077133	F	-1.823918	0.034971	0.00803	0.010511	-0.007057	0.001344	-0.037001	0.654787	1.139963	1.89116	0.010927	0.368089
cell_001475	donor_038	0.15614817223909686	0.6985656689376782	-1.030822890578113	-1.077133	F	0.726798	0.041378	0.00803	0.010511	-0.007057	0.001344	-0.037001	-0.008588	-0.428664	-1.087083	-1.795785	-0.719733
cell_001476	donor_038	-0.8472771643967366	0.22423328529875974	-1.2242337961274548	-1.077133	F	1.496816	0.001461	0.00803	0.010511	-0.007057	0.001344	-0.037001	-0.198372	0.16594	-0.403635	2.260705	0.883716
cell_001477	donor_038	-0.21653494956268127	0.9395942432257909	1.4654785068811327	-1.077133	F	-0.452843	0.078387	0.00803	0.010511	-0.007057	0.001344	-0.037001	-0.448576	0.362991	0.298332	-0.57351	0.894742
cell_001478	donor_038	-0.05125262754797493	0.0509465157262631	0.288904175719444	-1.077133	F	0.752909	0.028462	0.00803	0.010511	-0.007057	0.001344	-0.037001	-0.660567	-1.20417	-2.194821	-2.840164	-0.13725
cell_001479	donor_038	0.37473239454260554	0.6343424744802754	0.5223069827383697	-1.077133	F	-0.633469	0.014159	0.00803	0.010511	-0.007057	0.001344	-0.037001	1.228299	0.004301	-1.150691	-0.296273	0.119074
cell_001480	donor_038	-0.55577372903542	-0.6748919697873665	0.5195768957248935	-1.077133	F	-1.706146	0.0403	0.00803	0.010511	-0.007057	0.001344	-0.037001	-0.062677	0.714129	1.19161	0.189615	0.037008
cell_001481	donor_038	0.023786818454997083	0.2377738374607571	0.40480135833394215	-1.077133	F	-0.918824	0.074741	0.00803	0.010511	-0.007057	0.001344	-0.037001	0.25134	-0.086806	0.14168	-0.46112	0.369638
cell_001482	donor_038	1.1820435322930862	-1.4066079053546823	-0.9371983037685041	-1.077133	F	-0.229858	0.01416	0.00803	0.010511	-0.007057	0.001344	-0.037001	-0.729948	2.475413	0.652889	0.110835	0.959141
cell_001483	donor_038	-0.7212357000241038	0.5786390545097704	1.2397073901371058	-1.077133	F	-0.040196	0.038261	0.00803	0.010511	-0.007057	0.001344	-0.037001	-0.668424	-0.849979	-1.880519	0.602421	0.681714
cell_001484	donor_038	-1.4097382572539066	0.059359802654391065	-0.3407107901631645	-1.077133	F	0.645882	0.01186	0.00803	0.010511	-0.007057	0.001344	-0.037001	-0.55267	-1.145204	0.693351	-0.465387	-0.171532
cell_001485	donor_038	0.5785223663489026	0.08670425102085819	2.186347659320753	-1.077133	F	-2.007582	0.042928	0.00803	0.010511	-0.007057	0.001344	-0.037001	-1.428165	-0.760346	-0.02463	0.155201	0.242692
cell_001486	donor_038	-0.20377334066994696	0.637944001208538	2.0138788037241815	-1.077133	F	-0.665388	0.018622	0.00803	0.010511	-0.007057	0.001344	-0.037001	-0.070033	-0.05848	-1.945323	2.058821	0.17436
cell_001487	donor_038	1.4810729242464111	-0.8687333097484277	-0.4272383325225565	-1.077133	F	-1.294203	0.010903	0.00803	0.010511	-0.007057	0.001344	-0.037001	0.556317	1.897262	0.585437	1.587583	-1.175173
cell_001488	donor_038	-1.1027761105616023	0.8449091873528342	1.1350695716345534	-1.077133	F	0.125253	0.004851	0.00803	0.010511	-0.007057	0.001344	-0.037001	1.923173	0.521515	0.83523	-0.533707	-0.154984
cell_001489	donor_038	-0.354386721976544	-0.058161163204501445	0.6031396919191037	-1.077133	F	0.607475	0.055874	0.00803	0.010511	-0.007057	0.001344	-0.037001	-0.217964	0.417019	2.08532	0.818629	0.977204
cell_001490	donor_038	0.9711992523130576	-1.5085467290752848	0.2495634456697253	-1.077133	F	-1.470736	0.031303	0.00803	0.010511	-0.007057	0.001344	-0.037001	-0.890565	-0.055441	0.93162	-0.23699	0.262626
cell_001491	donor_038	1.3068735369471427	-1.5370913177721113	-0.26223433517497863	-1.077133	F	-0.486263	0.011166	0.00803	0.010511	-0.007057	0.001344	-0.037001	-1.001421	0.131787	-0.543784	-1.604887	-0.855957
cell_001492	donor_038	-0.705659755878044	-0.7807596645236821	-0.5671068703036777	-1.077133	F	1.424256	0.04102	0.00803	0.010511	-0.007057	0.001344	-0.037001	-0.479703	-0.656798	0.309696	1.957928	-1.285166
cell_001493	donor_038	0.16030983716262537	0.9680354798957548	-0.15535656446318072	-1.077133	F	1.143683	0.019103	0.00803	0.010511	-0.007057	0.001344	-0.037001	0.106936	-0.723317	-0.745799	-0.319886	1.006012
cell_001494	donor_038	-0.5379296629888066	-1.477832487260857	0.3578055004379435	-1.077133	F	-1.067729	0.008435	0.00803	0.010511	-0.007057	0.001344	-0.037001	-0.102957	-0.080114	-0.223683	0.085263	-0.051324
cell_001495	donor_038	0.9027174628182818	0.9272498430690952	1.0591804894937327	-1.077133	F	0.843581	0.068774	0.00803	0.010511	-0.007057	0.001344	-0.037001	-1.723919	1.007263	-0.541882	2.5262	0.848912
cell_001496	donor_038	1.167177849022203	-0.777581225249944	-1.1303005580995047	-1.077133	F	0.957205	0.037838	0.00803	0.010511	-0.007057	0.001344	-0.037001	0.653465	-0.882579	1.176224	0.605394	1.000032
cell_001497	donor_038	-0.09055342905139306	0.6459811171514626	1.088409354557002	-1.077133	F	-1.288449	0.059767	0.00803	0.010511	-0.007057	0.001344	-0.037001	-1.269787	-0.264178	-0.628266	-0.436753	0.222871
cell_001498	donor_038	-0.06570881547071686	0.41362338700349544	1.0794367165660925	-1.077133	F	1.627173	0.054836	0.00803	0.010511	-0.007057	0.001344	-0.037001	0.314166	2.527729	-1.488314	-0.259315	-1.571052
cell_001499	donor_039	2.831275956730552	0.4227991538710271	0.4051825148999354	-0.370816	F	-0.604055	0.048806	0.017586	-0.024337	0.019248	-0.006793	-0.023419	-0.854425	0.517602	-0.395033	-0.985638	-0.457992
cell_001500	donor_039	0.5397670069990873	-0.4844288299027088	2.1417877317882366	-0.370816	F	0.022946	0.034707	0.017586	-0.024337	0.019248	-0.006793	-0.023419	-0.216442	1.197085	-0.401222	-1.405004	2.470235
cell_001501	donor_039	-2.0801052722979088	-0.8785224848983489	0.7674210780346752	-0.370816	F	0.241325	0.026943	0.017586	-0.024337	0.019248	-0.006793	-0.023419	-0.226386	-0.99994	-2.259901	0.086053	-0.295599
cell_001502	donor_039	1.7421551381615026	-0.5087144878192031	1.2147241027688185	-0.370816	F	-0.434679	0.044972	0.017586	-0.024337	0.019248	-0.006793	-0.023419	-1.003085	0.087092	-0.330124	1.269176	-0.081146
cell_001503	donor_039	-0.11257777218235734	-1.002898916703959	-1.0062227018044703	-0.370816	F	1.590595	0.079946	0.017586	-0.024337	0.019248	-0.006793	-0.023419	-0.572875	0.069226	0.295862	-0.247865	-0.001279
cell_001504	donor_039	0.6479181885406489	1.5757683668909233	-0.16261058300278375	-0.370816	F	-0.626433	0.040756	0.017586	-0.024337	0.019248	-0.006793	-0.023419	0.072276	0.279395	-1.333678	1.58431	1.226858
cell_001505	donor_039	0.14827566110769022	1.4600669236809016	0.9906436982136911	-0.370816	F	-0.606895	0.012097	0.017586	-0.024337	0.019248	-0.006793	-0.023419	-1.193271	-0.619307	-1.709162	-0.990412	1.820489
cell_001506	donor_039	1.9273181285362224	-1.2997573822265216	0.17801410922464905	-0.370816	F	1.188429	0.02863	0.017586	-0.024337	0.019248	-0.006793	-0.023419	-1.612327	-2.018275	-0.892289	-0.412167	-0.800107
cell_001507	donor_039	-0.7651500415447068	-0.09001416745865072	-1.237248244279891	-0.370816	F	-0.786562	0.036291	0.017586	-0.024337	0.019248	-0.006793	-0.023419	1.382731	0.035549	-1.576679	-0.871729	0.112593
cell_001508	donor_039	-0.6414616879837808	-0.8210092796560973	0.7758536695818723	-0.370816	F	-0.539008	0.037448	0.017586	-0.024337	0.019248	-0.006793	-0.023419	0.338961	0.016448	-0.385002	0.810464	-0.069349
cell_001509	donor_039	-0.2019869726982917	-1.1053692349779085	-0.4427723611561714	-0.370816	F	-1.628794	0.008493	0.017586	-0.024337	0.019248	-0.006793	-0.023419	0.82594	-0.319526	-1.017961	-0.772128	-1.20131
cell_001510	donor_039	0.0649274794599131	0.2632836088602214	-0.7860906181241595	-0.370816	F	-0.487047	0.0512	0.017586	-0.024337	0.019248	-0.006793	-0.023419	-0.062365	-0.647549	1.727023	-0.539249	-0.604553
cell_001511	donor_039	-0.670535026144705	-0.16114320446592953	0.5445568330905171	-0.370816	F	0.112614	0.028325	0.017586	-0.024337	0.019248	-0.006793	-0.023419	-0.787511	0.158255	0.56856	-1.336049	-1.319552
cell_001512	donor_039	0.3778577061015163	-0.9052238148851863	1.2578702687165275	-0.370816	F	0.02501	0.008978	0.017586	-0.024337	0.019248	-0.006793	-0.023419	1.308581	-0.241512	-0.258562	0.661201	0.162485
cell_001513	donor_039	0.23416170160583924	0.6426606485029656	1.5398069395163858	-0.370816	F	0.023908	0.021908	0.017586	-0.024337	0.019248	-0.006793	-0.023419	0.097281	0.424235	0.836499	0.209136	0.749768
cell_001514	donor_039	-0.47567464560196704	-1.0063926284561198	-1.642858190598265	-0.370816	F	-0.051991	0.041792	0.017586	-0.024337	0.019248	-0.006793	-0.023419	-0.213456	-0.660796	-0.599651	0.847465	0.266589
cell_001515	donor_039	-0.4582862217246976	0.7753198278057482	-1.0864815377236405	-0.370816	F	-1.396726	0.038826	0.017586	-0.024337	0.019248	-0.006793	-0.023419	-0.214838	-0.594257	1.25027	-0.147646	-2.104879
cell_001516	donor_039	-2.7672092541413957	0.6075866436522644	-1.3253962668115602	-0.370816	F	-0.4497	0.029294	0.017586	-0.024337	0.019248	-0.006793	-0.023419	-0.300424	-0.250276	1.162561	-0.053002	2.1568
cell_001517	donor_039	1.0684678440381643	1.7983117028427271	0.7035989660774348	-0.370816	F	-1.222571	0.027638	0.017586	-0.024337	0.019248	-0.006793	-0.023419	-0.543027	1.239888	0.407261	-0.584878	-1.10626
cell_001518	donor_039	-1.3839376518305713	1.9733191971526385	-2.480059722070887	-0.370816	F	-0.018648	0.014072	0.017586	-0.024337	0.019248	-0.006793	-0.023419	0.856169	-0.310623	-1.519101	-0.658251	0.537899
cell_001519	donor_039	-0.8496084787283675	0.6183475304644723	2.0556818279440785	-0.370816	F	-1.81675	0.063345	0.017586	-0.024337	0.019248	-0.006793	-0.023419	0.684398	1.309204	0.865067	0.853945	1.609122
cell_001520	donor_039	0.7862259966108379	1.297888941792027	-0.2704838811637494	-0.370816	F	2.160258	0.030928	0.017586	-0.024337	0.019248	-0.006793	-0.023419	-0.238462	0.58003	-1.1736	-1.827127	-0.310178
cell_001521	donor_039	-0.15040857633860746	-0.2456570962811338	-0.1305314352719268	-0.370816	F	-0.11211	0.03671	0.017586	-0.024337	0.019248	-0.006793	-0.023419	0.615677	-0.257157	-0.592688	-0.402793	-0.050798
cell_001522	donor_039	-1.616285908226383	-1.6046512622189815	-1.430518892025416	-0.370816	F	-0.509628	0.041734	0.017586	-0.024337	0.019248	-0.006793	-0.023419	-0.165323	0.024001	0.015814	0.35194	-0.657472
cell_001523	donor_039	-1.2602062081045782	-1.5554566278634796	-2.07409531237367	-0.370816	F	0.888869	0.031593	0.017586	-0.024337	0.019248	-0.006793	-0.023419	1.262894	-0.93766	1.087272	-0.118666	1.180228
cell_001524	donor_039	-0.240051423669268	2.1650037882836615	-0.4850181021156484	-0.370816	F	1.682878	0.028986	0.017586	-0.024337	0.019248	-0.006793	-0.023419	0.594408	0.920601	-1.332316	-0.009805	0.754725
cell_001525	donor_039	-0.7512174440726727	-1.1305386748569948	0.8525086598736008	-0.370816	F	0.878892	0.032523	0.017586	-0.024337	0.019248	-0.006793	-0.023419	-0.748654	-0.692832	0.138021	0.094048	0.290842
cell_001526	donor_039	0.18272112198678495	-1.0065261509181584	-1.4316225794727278	-0.370816	F	-0.456596	0.037809	0.017586	-0.024337	0.019248	-0.006793	-0.023419	0.865682	-0.187528	0.65486	1.448694	-0.650697
cell_001527	donor_039	0.7633761682449361	0.9132740024289245	0.2242013704137604	-0.370816	F	-0.127387	0.047573	0.017586	-0.024337	0.019248	-0.006793	-0.023419	-0.029702	1.363764	-0.110783	1.996736	-0.620519
cell_001528	donor_039	1.682467730389694	0.8340632209381035	0.2935727790704981	-0.370816	F	0.123886	0.068516	0.017586	-0.024337	0.019248	-0.006793	-0.023419	-1.217132	1.799077	-1.028364	-2.315281	-0.709055
cell_001529	donor_039	1.6329240504804052	0.23766915928452018	1.569419636360314	-0.370816	F	1.882354	0.037147	0.017586	-0.024337	0.019248	-0.006793	-0.023419	-0.715468	-1.067549	0.399332	0.32607	2.233127
cell_001530	donor_039	1.071924233508429	0.7068034579669802	-0.666183519271908	-0.370816	F	-0.067863	0.019043	0.017586	-0.024337	0.019248	-0.006793	-0.023419	0.252666	1.01503	-0.777478	-0.065531	0.024533
cell_001531	donor_039	0.7264535689379626	-0.056296897515374096	-0.4840570826461223	-0.370816	F	-0.020331	0.028302	0.017586	-0.024337	0.019248	-0.006793	-0.023419	1.117266	0.059894	1.655094	0.328158	-0.340072
cell_001532	donor_039	1.0187328232117911	-0.7732340526721517	-1.1936290039309998	-0.370816	F	0.28159	0.031025	0.017586	-0.024337	0.019248	-0.006793	-0.023419	-0.045143	-1.468687	-1.583979	-1.549002	-0.304516
cell_001533	donor_039	1.6316751363813284	0.871280683584692	0.8479329815093214	-0.370816	F	1.074619	0.054286	0.017586	-0.024337	0.019248	-0.006793	-0.023419	-2.090079	-1.075381	0.858198	0.530152	0.051998
cell_001534	donor_039	0.7210793158782758	0.509481739766532	1.4662552410692409	-0.370816	F	1.470656	0.068763	0.017586	-0.024337	0.019248	-0.006793	-0.023419	0.451006	-0.870418	0.146183	0.415926	-0.052321
cell_001535	donor_039	1.4108067167975205	0.4747191830002367	-2.659688959403802	-0.370816	F	0.025725	0.063818	0.017586	-0.024337	0.019248	-0.006793	-0.023419	0.294677	-0.470587	0.001499	0.768931	-1.084238
cell_001536	donor_039	0.9393536435934601	-0.7422018906711983	0.9892524068583766	-0.370816	F	0.654659	0.048624	0.017586	-0.024337	0.019248	-0.006793	-0.023419	-2.236677	0.383995	-0.786785	0.791815	0.73342
cell_001537	donor_039	-0.7198313160276448	1.0099762430886305	0.18988936974703452	-0.370816	F	-0.465603	0.010632	0.017586	-0.024337	0.019248	-0.006793	-0.023419	2.111983	-0.936272	-1.339096	0.171046	1.510218
cell_001538	donor_039	0.7607820119155916	-0.255075313943674	-1.1358586330889795	-0.370816	F	-0.086014	0.006859	0.017586	-0.024337	0.019248	-0.006793	-0.023419	1.327464	-0.21977	1.075069	-0.316006	-0.69286
cell_001539	donor_039	0.31243391267543674	-0.533313048064458	0.5778716847087342	-0.370816	F	0.278177	0.003253	0.017586	-0.024337	0.019248	-0.006793	-0.023419	0.757222	1.239636	1.127213	0.414388	-1.728735
cell_001540	donor_039	0.5577738789313837	-0.199188151733896	1.2044868467843461	-0.370816	F	0.129692	0.050396	0.017586	-0.024337	0.019248	-0.006793	-0.023419	-1.454401	0.604919	-0.518501	-1.649202	0.491915
cell_001541	donor_039	0.2993763959324144	-0.6630468248450382	0.05951635327293354	-0.370816	F	0.472235	0.035689	0.017586	-0.024337	0.019248	-0.006793	-0.023419	-1.27086	-0.232431	1.656085	1.13216	0.985337
cell_001542	donor_039	-2.7623400296083886	1.1686981573250868	-0.8091200784182397	-0.370816	F	-2.056931	0.047457	0.017586	-0.024337	0.019248	-0.006793	-0.023419	-0.107409	-0.13454	-0.192439	-0.82029	1.276436
cell_001543	donor_039	0.43753246126119344	0.8920746738999885	-0.6323036192107476	-0.370816	F	0.134963	0.020409	0.017586	-0.024337	0.019248	-0.006793	-0.023419	0.961226	-0.76616	0.187238	-0.649001	-0.747551
cell_001544	donor_039	-1.6629174491612297	-0.02211181861586786	0.8129742324144633	-0.370816	F	0.58067	0.032759	0.017586	-0.024337	0.019248	-0.006793	-0.023419	-0.744691	0.525601	-0.447066	1.495255	-0.341936
cell_001545	donor_039	-0.09533613462298912	-1.1344860456790544	0.819521471160474	-0.370816	F	-3.362458	0.016957	0.017586	-0.024337	0.019248	-0.006793	-0.023419	1.209632	-0.331503	-0.492808	-0.552127	0.220755
cell_001546	donor_039	-0.044703242448037216	-0.5122140377020604	-1.0776101385528956	-0.370816	F	-0.154934	0.019155	0.017586	-0.024337	0.019248	-0.006793	-0.023419	0.207881	-1.052171	0.140912	0.181875	0.906923
cell_001547	donor_039	0.23519113758564633	-1.9634706592625522	-1.7328154461373837	-0.370816	F	-0.495893	0.050418	0.017586	-0.024337	0.019248	-0.006793	-0.023419	0.180684	0.7499	-0.240848	0.621871	0.081875
cell_001548	donor_039	0.9981088739276066	-0.19630791937253733	0.22827434176153544	-0.370816	F	-1.642291	0.03733	0.017586	-0.024337	0.019248	-0.006793	-0.023419	-1.196798	-1.018928	-0.669469	-0.36152	0.519643
cell_001549	donor_040	2.0273314145680574	-0.9281410692344801	-0.5180739994578014	0.194237	F	-1.022228	0.027112	-0.005482	-0.017791	0.000603	-0.006512	0.035263	-2.454419	2.041887	0.221558	0.378438	-1.659497
cell_001550	donor_040	-0.8954789031253526	-0.2628603544973135	1.0517878981295077	0.194237	F	0.198643	0.018454	-0.005482	-0.017791	0.000603	-0.006512	0.035263	-1.192651	-0.123544	0.871392	-0.074648	0.585841
cell_001551	donor_040	-0.9000859215051463	1.9129011610069853	-1.0653655979565788	0.194237	F	-1.019376	0.053954	-0.005482	-0.017791	0.000603	-0.006512	0.035263	-0.041205	0.664289	-0.618504	-0.440988	0.03018
cell_001552	donor_040	0.4594188795623585	0.5420706807192028	1.2135826725420193	0.194237	F	0.292545	0.018347	-0.005482	-0.017791	0.000603	-0.006512	0.035263	0.226964	0.841637	1.545068	1.742006	0.37703
cell_001553	donor_040	-1.7676187396351515	0.06255301907815068	-0.48345086388882036	0.194237	F	0.727526	0.02349	-0.005482	-0.017791	0.000603	-0.006512	0.035263	0.885009	0.553191	1.32302	-0.611857	-0.290844
cell_001554	donor_040	1.7555553424610186	0.6453109484237092	-0.980853132856921	0.194237	F	1.503258	0.019695	-0.005482	-0.017791	0.000603	-0.006512	0.035263	0.445819	-1.340608	-0.316899	1.142436	1.368497
cell_001555	donor_040	-0.378163323684313	1.0263273545918268	0.8892300607779122	0.194237	F	-0.469589	0.011886	-0.005482	-0.017791	0.000603	-0.006512	0.035263	0.391514	-1.293289	0.049541	1.644962	1.838201
cell_001556	donor_040	1.3481194356258681	1.1485689632407499	2.074784624028674	0.194237	F	-0.382924	0.018075	-0.005482	-0.017791	0.000603	-0.006512	0.035263	0.235476	-1.246032	0.128458	0.055043	-1.649056
cell_001557	donor_040	-1.3737278498873478	0.6687459221396632	-0.1214102069387435	0.194237	F	-0.599769	0.026521	-0.005482	-0.017791	0.000603	-0.006512	0.035263	-1.568752	0.410815	-0.102326	-0.694184	0.152849
cell_001558	donor_040	-0.5838240615741922	-2.205271523369322	0.3371905940899266	0.194237	F	0.928389	0.018114	-0.005482	-0.017791	0.000603	-0.006512	0.035263	0.604932	-0.192159	-0.961921	-1.18196	0.090417
cell_001559	donor_040	1.529748990272551	-0.18264786800176097	-1.8369213444490387	0.194237	F	-1.123965	0.008113	-0.005482	-0.017791	0.000603	-0.006512	0.035263	-0.547966	0.52711	-0.475266	-1.798536	1.26219
cell_001560	donor_040	-0.6711802147782564	-0.3396786354583035	0.8323377705857613	0.194237	F	-0.868945	0.015188	-0.005482	-0.017791	0.000603	-0.006512	0.035263	0.629775	0.223486	0.76941	-0.749693	-0.203517
cell_001561	donor_040	-0.413244168211869	-1.0796860059257378	1.2210707416368916	0.194237	F	0.217824	0.006701	-0.005482	-0.017791	0.000603	-0.006512	0.035263	-0.133856	2.199926	0.188944	0.9559	-0.319058
cell_001562	donor_040	-0.9509990443698291	1.0546111278032864	-0.2633682538789948	0.194237	F	0.222029	0.009387	-0.005482	-0.017791	0.000603	-0.006512	0.035263	0.724163	-0.526789	1.528856	-0.427849	-0.915639
cell_001563	donor_040	0.2995053043204558	-0.38304575598102686	-0.2761397739401446	0.194237	F	-2.193155	0.012759	-0.005482	-0.017791	0.000603	-0.006512	0.035263	-0.841857	2.864855	1.097115	0.054324	-1.547364
cell_001564	donor_040	1.61907590484663	0.4647410339342562	-0.3476135320209954	0.194237	F	-0.661172	0.027033	-0.005482	-0.017791	0.000603	-0.006512	0.035263	0.539926	2.432326	0.226358	1.048038	-0.492938
cell_001565	donor_040	-0.994800051026152	-1.1853405311837875	0.4084527838147519	0.194237	F	-2.838535	0.003579	-0.005482	-0.017791	0.000603	-0.006512	0.035263	1.262531	-1.991299	1.712136	0.398307	1.480956
cell_001566	donor_040	0.24107507070634607	-0.017348753184083212	-0.027336234649679086	0.194237	F	-0.108657	0.012267	-0.005482	-0.017791	0.000603	-0.006512	0.035263	-1.717453	0.975241	-0.001164	0.436903	-0.158628
cell_001567	donor_040	0.7312300436444656	0.03166981033275964	-0.37810812719621983	0.194237	F	-0.390619	0.043289	-0.005482	-0.017791	0.000603	-0.006512	0.035263	-0.558237	1.96755	0.271709	1.531443	-0.023194
cell_001568	donor_040	-1.5663000556682987	1.1844592413974333	1.01212587884768	0.194237	F	-0.221359	0.054548	-0.005482	-0.017791	0.000603	-0.006512	0.035263	-0.530225	0.225153	-0.776489	0.808602	-0.611071
cell_001569	donor_040	-3.2463117388976968	-0.3670018619727801	0.34070733199630976	0.194237	F	-0.799452	0.001074	-0.005482	-0.017791	0.000603	-0.006512	0.035263	-1.140747	-0.504548	-1.643085	-0.331539	0.637838
cell_001570	donor_040	-0.6517511779667994	-0.5082605043198302	-0.37882908080384775	0.194237	F	1.246491	0.035167	-0.005482	-0.017791	0.000603	-0.006512	0.035263	-0.699276	1.862584	1.69682	-0.671911	-0.185649
cell_001571	donor_040	-0.041317509180759764	-0.9167804665738669	-1.6165846956251029	0.194237	F	-0.075839	0.034089	-0.005482	-0.017791	0.000603	-0.006512	0.035263	-0.024083	-0.625106	1.111554	0.798014	0.723394
cell_001572	donor_040	-1.2723709658368474	-0.8408218279573128	1.4586689174225402	0.194237	F	2.14157	0.013115	-0.005482	-0.017791	0.000603	-0.006512	0.035263	-0.120857	0.079892	-0.903841	2.077522	-0.797464
cell_001573	donor_040	0.6623099788082534	0.5239476151513173	0.5411036203066244	0.194237	F	1.051433	0.013958	-0.005482	-0.017791	0.000603	-0.006512	0.035263	-0.501728	-0.335292	-0.098283	0.423494	1.983802
cell_001574	donor_040	-1.0628021127045693	0.31024563402556904	-0.2962360756576814	0.194237	F	0.382017	0.009516	-0.005482	-0.017791	0.000603	-0.006512	0.035263	-0.758997	0.600415	-0.269326	0.589488	-0.190822
cell_001575	donor_040	-1.0761013249675306	-1.4249107293077727	1.0369408615023772	0.194237	F	0.926509	0.013147	-0.005482	-0.017791	0.000603	-0.006512	0.035263	-0.711092	-0.256081	-1.854766	-0.579803	-0.868911
cell_001576	donor_040	-2.2928107178986834	-1.5134202046474339	0.23429989599599063	0.194237	F	2.611186	0.033995	-0.005482	-0.017791	0.000603	-0.006512	0.035263	0.632477	0.320516	-0.464344	-1.254524	0.171477
cell_001577	donor_040	0.8167156712090294	0.25860321137300196	-0.8892645648622488	0.194237	F	-0.902822	0.016164	-0.005482	-0.017791	0.000603	-0.006512	0.035263	-0.293686	-1.166638	-0.314151	0.51571	-0.615745
cell_001578	donor_040	-0.595659755485965	-1.1308818761442536	0.514832745973033	0.194237	F	0.567054	0.015329	-0.005482	-0.017791	0.000603	-0.006512	0.035263	-0.411492	0.786316	-0.78203	1.020334	1.119782
cell_001579	donor_040	-2.6067954625238015	-0.39966555678122384	-0.8429415527243559	0.194237	F	-2.205676	0.044893	-0.005482	-0.017791	0.000603	-0.006512	0.035263	0.995665	-1.446105	-1.595015	-0.569085	-1.516803
cell_001580	donor_040	0.7606540178111018	1.971584012446183	0.19105265492887577	0.194237	F	2.716092	0.029282	-0.005482	-0.017791	0.000603	-0.006512	0.035263	-0.451178	-0.07348	-0.259699	-0.793647	1.083028
cell_001581	donor_040	-0.12665582024724112	-0.8569554317124104	0.41141055390653525	0.194237	F	-0.473052	0.028703	-0.005482	-0.017791	0.000603	-0.006512	0.035263	0.482207	-0.731938	1.433022	0.12828	-0.595129
cell_001582	donor_040	-0.9355657916585545	-1.8311842883147103	-0.3575598803422884	0.194237	F	-0.312236	0.026557	-0.005482	-0.017791	0.000603	-0.006512	0.035263	0.426378	1.008284	-2.188389	-0.355692	0.559255
cell_001583	donor_040	0.45318124930531367	0.3655468540951272	-1.6289289345647533	0.194237	F	1.988482	0.009735	-0.005482	-0.017791	0.000603	-0.006512	0.035263	0.543418	-0.363077	-1.974284	-0.012468	-0.240444
cell_001584	donor_040	-0.019731198758329082	1.1847284126399047	0.9841367003389497	0.194237	F	-1.906855	0.020777	-0.005482	-0.017791	0.000603	-0.006512	0.035263	-0.018322	0.173108	-0.454314	0.050639	0.875242
cell_001585	donor_040	1.2176092464731068	0.18783276175227023	0.7479666258504176	0.194237	F	-0.651223	0.031808	-0.005482	-0.017791	0.000603	-0.006512	0.035263	0.195264	-0.525859	-0.028442	1.976083	0.287871
cell_001586	donor_040	1.2354243777867342	0.045637376297888464	-1.2229283580671528	0.194237	F	-0.696907	0.005195	-0.005482	-0.017791	0.000603	-0.006512	0.035263	1.069002	-0.371207	1.4767	0.053221	0.031058
cell_001587	donor_040	-0.11627213094987568	-0.9617886742848998	-0.45796634477082854	0.194237	F	-0.074365	0.001353	-0.005482	-0.017791	0.000603	-0.006512	0.035263	-1.920862	-0.697615	-0.436024	-0.878248	0.400214
cell_001588	donor_040	0.8057614279561387	-0.08843284978155481	0.33789998806455535	0.194237	F	0.941505	0.034963	-0.005482	-0.017791	0.000603	-0.006512	0.035263	-0.149886	-2.742299	-1.446102	-1.594099	1.092282
cell_001589	donor_040	-1.1281019659242315	0.6273504341721287	0.8765959792268506	0.194237	F	-0.950842	0.049577	-0.005482	-0.017791	0.000603	-0.006512	0.035263	1.041609	-0.537361	-1.144536	-0.478393	-1.304675
cell_001590	donor_040	-0.08765521922559119	1.2867852879180615	-1.0194635718902985	0.194237	F	-1.457859	0.032848	-0.005482	-0.017791	0.000603	-0.006512	0.035263	0.574799	0.064164	-1.457301	1.806234	0.464568
cell_001591	donor_040	-0.44288258677376785	-1.4234969263952606	0.2133510016929118	0.194237	F	1.72239	0.05238	-0.005482	-0.017791	0.000603	-0.006512	0.035263	0.360812	0.376341	0.27365	0.749641	1.621243
cell_001592	donor_040	1.4596203177817522	-1.982956030297493	-1.1647677382450174	0.194237	F	0.873991	0.001522	-0.005482	-0.017791	0.000603	-0.006512	0.035263	1.550568	-1.505779	1.07845	0.178119	2.467769
cell_001593	donor_040	-1.8391094694441714	0.7159628481374489	-0.9042513743121208	0.194237	F	-0.820883	0.014747	-0.005482	-0.017791	0.000603	-0.006512	0.035263	-0.049186	1.828332	0.649333	-1.697606	0.349022
cell_001594	donor_040	0.28825751428890595	0.09162952118322971	0.5917399362672692	0.194237	F	1.463715	0.047267	-0.005482	-0.017791	0.000603	-0.006512	0.035263	-0.945204	0.228456	-0.21174	-0.292563	-0.326891
cell_001595	donor_040	-3.0694185110273904	-0.6631942435989338	-0.4691755536739521	0.194237	F	-0.940779	0.018809	-0.005482	-0.017791	0.000603	-0.006512	0.035263	-1.69444	-1.228625	1.326348	-1.142969	-0.233558
cell_001596	donor_041	0.4491660244819495	0.3771498183613862	-0.5373809390355624	-1.006502	F	1.153215	0.0575	0.017279	0.038816	-0.000437	0.003659	0.013195	1.344491	-0.244356	-0.962282	0.876563	-1.215321
cell_001597	donor_041	-1.5663545699067494	0.08073820279417675	-0.047568489450929154	-1.006502	F	-1.65444	0.026542	0.017279	0.038816	-0.000437	0.003659	0.013195	-0.530939	-0.459822	-0.300787	0.070449	0.880593
cell_001598	donor_041	-0.7592089395433441	0.842093395255845	-0.1666664662119633	-1.006502	F	-0.053377	0.000837	0.017279	0.038816	-0.000437	0.003659	0.013195	-0.915469	0.027484	0.949713	-1.018563	-0.581479
cell_001599	donor_041	-0.6508135258836604	2.3040029971271743	-0.8631684962507475	-1.006502	F	1.337778	0.006992	0.017279	0.038816	-0.000437	0.003659	0.013195	-0.782944	0.498213	-1.755921	0.11967	-1.431867
cell_001600	donor_041	0.2957320993806149	0.19238466720283115	-0.011699202271656335	-1.006502	F	-1.910513	0.050137	0.017279	0.038816	-0.000437	0.003659	0.013195	-3.079846	-1.34608	-0.070579	0.027044	2.377451
cell_001601	donor_041	-0.3331837837503439	0.2923396686587535	0.874660246770681	-1.006502	F	-0.139129	0.011188	0.017279	0.038816	-0.000437	0.003659	0.013195	-0.130509	0.159931	0.58804	-0.87296	1.41285
cell_001602	donor_041	0.7005350153885874	0.43329582208582645	0.4501840749322205	-1.006502	F	1.423477	0.031714	0.017279	0.038816	-0.000437	0.003659	0.013195	-0.770711	-0.062217	0.041087	-1.016731	-0.00744
cell_001603	donor_041	1.9810699570779124	-0.755146375020063	-0.8331387271317913	-1.006502	F	-0.184529	0.037827	0.017279	0.038816	-0.000437	0.003659	0.013195	0.248521	1.510311	0.874564	-0.215569	1.955628
cell_001604	donor_041	-0.2378047353355048	0.1766911448618899	-0.315318380308399	-1.006502	F	1.048284	0.01321	0.017279	0.038816	-0.000437	0.003659	0.013195	-1.597253	-0.02121	0.895503	-1.741363	2.954657
cell_001605	donor_041	0.7756861924083677	0.1695677312049738	0.06598711523106615	-1.006502	F	-0.880641	0.043496	0.017279	0.038816	-0.000437	0.003659	0.013195	1.399492	-0.500349	-0.239187	1.106557	0.033512
cell_001606	donor_041	-0.4210891165787486	0.7483062582209599	-1.1564663534477178	-1.006502	F	-1.001786	0.037144	0.017279	0.038816	-0.000437	0.003659	0.013195	-2.07342	1.312896	0.294124	-0.98178	-0.537185
cell_001607	donor_041	0.8618101543143073	-0.821606046559775	-0.859191384445841	-1.006502	F	0.264544	0.002073	0.017279	0.038816	-0.000437	0.003659	0.013195	0.103495	0.697914	0.814136	-1.081855	0.402548
cell_001608	donor_041	0.44883448603082593	0.35829621243290893	-1.5361228579284234	-1.006502	F	-0.797401	0.010152	0.017279	0.038816	-0.000437	0.003659	0.013195	-0.632736	0.131691	-1.556386	0.112844	-0.769843
cell_001609	donor_041	0.1364320673035433	-0.6437371833887937	0.6409386363143438	-1.006502	F	0.072553	0.028762	0.017279	0.038816	-0.000437	0.003659	0.013195	0.570652	-0.216598	0.349595	-0.476449	-1.038403
cell_001610	donor_041	1.0724680525467984	0.32921727423181246	0.5449151876623876	-1.006502	F	-0.085447	0.026714	0.017279	0.038816	-0.000437	0.003659	0.013195	1.675836	0.222113	0.315432	-0.174666	-1.311307
cell_001611	donor_041	-0.029681485661795175	-0.6602967846900324	-3.1397835035284096	-1.006502	F	0.491121	0.030776	0.017279	0.038816	-0.000437	0.003659	0.013195	0.361294	-0.402434	-0.090764	-0.662551	0.459078
cell_001612	donor_041	-0.2759109185971207	0.5486989914270942	-0.5537303497048333	-1.006502	F	1.198909	0.085353	0.017279	0.038816	-0.000437	0.003659	0.013195	-1.635412	-0.172576	-0.459591	0.233205	2.581833
cell_001613	donor_041	0.31533972833309204	-1.3346068195814191	0.12529544128990883	-1.006502	F	1.286983	0.025907	0.017279	0.038816	-0.000437	0.003659	0.013195	-1.442906	-1.023499	-1.29558	-1.754803	-0.843731
cell_001614	donor_041	-0.3062327324537448	-1.6230303974039564	-0.07504054847806597	-1.006502	F	0.294526	0.007974	0.017279	0.038816	-0.000437	0.003659	0.013195	0.52505	0.679184	1.271041	-0.837883	0.603459
cell_001615	donor_041	-0.2451155370823622	0.7854595742269536	1.0214995223594006	-1.006502	F	-1.157323	0.026711	0.017279	0.038816	-0.000437	0.003659	0.013195	-0.087223	2.25882	1.380806	0.529742	0.336275
cell_001616	donor_041	0.5875011523966891	-1.180044394131166	-0.62574670385076	-1.006502	F	1.26662	0.028992	0.017279	0.038816	-0.000437	0.003659	0.013195	1.212787	0.295909	0.251138	-0.930597	0.319079
cell_001617	donor_041	1.9669048332957983	-0.7141176599934826	0.5894057621161408	-1.006502	F	-0.471792	0.023461	0.017279	0.038816	-0.000437	0.003659	0.013195	-0.627148	0.778072	0.868828	0.813426	-0.830536
cell_001618	donor_041	0.9993489745392398	1.447596048351002	1.9603309038654002	-1.006502	F	1.894356	0.023945	0.017279	0.038816	-0.000437	0.003659	0.013195	0.141673	0.748704	-0.332477	-0.130959	0.08862
cell_001619	donor_041	-0.9857598512498038	-1.7536180424085683	-0.4082530084883558	-1.006502	F	-0.539741	0.033528	0.017279	0.038816	-0.000437	0.003659	0.013195	0.309215	1.631415	-0.906065	-1.107127	0.673963
cell_001620	donor_041	-1.222508613831832	0.41003356589422163	-0.8139639160059896	-1.006502	F	-0.247884	0.0067	0.017279	0.038816	-0.000437	0.003659	0.013195	-1.61892	-0.382198	-3.084741	-1.111424	0.56249
cell_001621	donor_041	0.5779606088839688	-1.0817022377983445	1.0510465034868437	-1.006502	F	0.508068	0.011093	0.017279	0.038816	-0.000437	0.003659	0.013195	0.811706	-0.228341	-0.447576	-0.851832	-0.366104
cell_001622	donor_041	0.22651331288549906	-2.5808416079436967	-1.2724091263405852	-1.006502	F	1.299801	0.036554	0.017279	0.038816	-0.000437	0.003659	0.013195	-0.100419	0.961536	0.7519	0.557253	0.597747
cell_001623	donor_041	1.0662033746647692	1.4333080272099699	-1.0272771177221007	-1.006502	F	1.447079	0.058423	0.017279	0.038816	-0.000437	0.003659	0.013195	1.95272	0.912101	-0.068687	-0.773581	1.142785
cell_001624	donor_041	-0.7795783075118629	1.7567724512652416	-1.2520969880339539	-1.006502	F	-0.468144	0.052284	0.017279	0.038816	-0.000437	0.003659	0.013195	0.280902	0.564244	0.499981	0.955283	-0.959486
cell_001625	donor_041	0.3886299447633923	-0.9427656135986598	1.4830973805180354	-1.006502	F	0.115631	0.051149	0.017279	0.038816	-0.000437	0.003659	0.013195	-0.994911	0.973186	-2.417174	-0.122529	0.215196
cell_001626	donor_041	-1.3495871342454273	-1.524160285205885	-0.1881652455751482	-1.006502	F	-0.937054	0.026918	0.017279	0.038816	-0.000437	0.003659	0.013195	-1.102755	-0.821299	-0.622657	0.750851	-0.103786
cell_001627	donor_041	0.08190345006191443	0.8601659345381851	-0.09079789120650562	-1.006502	F	-0.558705	0.034121	0.017279	0.038816	-0.000437	0.003659	0.013195	0.108153	-0.862682	1.396988	0.191004	-0.41297
cell_001628	donor_041	-0.7392743344474617	-0.04620199348623946	0.8779352434221199	-1.006502	F	-0.003343	0.040289	0.017279	0.038816	-0.000437	0.003659	0.013195	0.103404	2.167984	-0.016306	0.594051	1.907506
cell_001629	donor_041	0.4582985358925077	-0.2258816450583378	-0.7042847779506833	-1.006502	F	-1.331626	0.065133	0.017279	0.038816	-0.000437	0.003659	0.013195	-0.145541	-0.174219	1.005613	0.087796	-1.868062
cell_001630	donor_041	0.25585609380147695	0.9430623809196154	1.3994584415188316	-1.006502	F	-2.068715	0.008518	0.017279	0.038816	-0.000437	0.003659	0.013195	0.196874	0.595378	0.031195	-0.645547	-1.761296
cell_001631	donor_041	0.012524592336079735	0.6308219519639453	-0.07605169840127161	-1.006502	F	-0.29989	0.02934	0.017279	0.038816	-0.000437	0.003659	0.013195	0.74545	-1.640612	-1.891609	-2.345197	-0.699053
cell_001632	donor_041	-0.4355403465279947	1.7308085297580267	-0.10881255461480048	-1.006502	F	0.395212	0.0295	0.017279	0.038816	-0.000437	0.003659	0.013195	-0.719934	0.418842	-1.336271	-0.005929	-1.423578
cell_001633	donor_041	1.0494347619465636	-1.7658131030666595	-0.8213200325351523	-1.006502	F	-0.240554	0.01499	0.017279	0.038816	-0.000437	0.003659	0.013195	-1.560353	-0.267908	1.955471	0.19034	0.436085
cell_001634	donor_041	-0.40833655772886757	1.2682537268134668	-0.7551677194679087	-1.006502	F	0.217063	0.019107	0.017279	0.038816	-0.000437	0.003659	0.013195	-0.038629	-0.302418	-1.245689	-1.648777	-0.410824
cell_001635	donor_041	-0.4424297094897189	0.9995653651530667	0.6746745703539169	-1.006502	F	2.729388	0.003117	0.017279	0.038816	-0.000437	0.003659	0.013195	-0.155805	-0.023747	0.219904	-2.717754	-1.17369
cell_001636	donor_041	0.5301988182691323	0.658025452684808	1.1613876236258323	-1.006502	F	0.665336	0.059811	0.017279	0.038816	-0.000437	0.003659	0.013195	0.979238	0.883558	-0.57058	-1.635411	-0.525184
cell_001637	donor_041	1.3964356427048692	0.7316539400354846	0.12083651654103136	-1.006502	F	2.07099	0.035019	0.017279	0.038816	-0.000437	0.003659	0.013195	0.133907	-0.640465	0.046204	1.325389	-0.436576
cell_001638	donor_041	0.42277213088980714	2.5230473403975906	0.27583768659531077	-1.006502	F	-0.675401	0.021869	0.017279	0.038816	-0.000437	0.003659	0.013195	1.28649	-0.004353	1.181878	0.358477	2.06131
cell_001639	donor_042	-0.7679127685497346	-0.6126551076472468	0.7941416449366905	0.759291	F	-0.066534	0.012105	0.008208	-0.011033	-0.008917	-0.000924	0.010146	0.026787	-0.577734	0.727185	-0.395411	0.537551
cell_001640	donor_042	1.30894055407307	-0.31644711455970864	1.2983991251651281	0.759291	F	-0.90685	0.040338	0.008208	-0.011033	-0.008917	-0.000924	0.010146	-0.964056	0.391791	-0.974912	1.754247	0.92246
cell_001641	donor_042	0.5184402287144925	-0.785363290686824	0.9275618931516585	0.759291	F	-1.526325	0.046931	0.008208	-0.011033	-0.008917	-0.000924	0.010146	1.117177	1.061715	0.723518	1.504412	-0.638752
cell_001642	donor_042	0.8090286413058104	-0.7487569478550684	0.15375777468522783	0.759291	F	-2.222062	0.06936	0.008208	-0.011033	-0.008917	-0.000924	0.010146	-0.546945	0.221377	0.236365	-1.810224	-1.215561
cell_001643	donor_042	-0.9442840333593598	1.4212553968795962	0.7971287959035104	0.759291	F	-0.461058	0.07919	0.008208	-0.011033	-0.008917	-0.000924	0.010146	0.421163	2.039569	0.68903	0.66571	-1.108768
cell_001644	donor_042	-0.6544908433075943	0.4550631564716979	1.4628012670411723	0.759291	F	1.120104	4.1e-05	0.008208	-0.011033	-0.008917	-0.000924	0.010146	-0.175349	-0.749759	-1.192059	0.508184	0.432073
cell_001645	donor_042	-1.2179255125189767	0.604805689979704	0.7970474169672709	0.759291	F	0.699187	0.028217	0.008208	-0.011033	-0.008917	-0.000924	0.010146	0.099092	-0.248874	-1.174054	-0.129992	-0.006616
cell_001646	donor_042	0.9533251409130091	-0.35536432475208	0.460853761970562	0.759291	F	0.135621	0.014512	0.008208	-0.011033	-0.008917	-0.000924	0.010146	0.028792	-2.183113	-0.119763	0.018897	-1.031923
cell_001647	donor_042	-2.347213712495022	0.8864576134902821	1.026233775213919	0.759291	F	-0.38658	0.042309	0.008208	-0.011033	-0.008917	-0.000924	0.010146	0.928486	-0.686256	0.651467	0.960666	0.537442
cell_001648	donor_042	1.1922097199529713	-0.02540671472865689	-0.8540969424613396	0.759291	F	-0.789743	0.028523	0.008208	-0.011033	-0.008917	-0.000924	0.010146	-1.064653	0.823924	1.484485	0.39925	1.125441
cell_001649	donor_042	-0.5726467190811263	1.160340165697448	-2.4514133955930535	0.759291	F	0.816109	0.031309	0.008208	-0.011033	-0.008917	-0.000924	0.010146	-1.069662	1.166509	0.316401	0.724569	0.00102
cell_001650	donor_042	-0.9079787241293887	-1.0467776442156245	2.181456686094354	0.759291	F	-1.116553	0.035774	0.008208	-0.011033	-0.008917	-0.000924	0.010146	-1.593796	-1.915962	-0.527754	0.215459	2.913627
cell_001651	donor_042	-1.5287608800831807	-0.05876139377366219	-2.0893135725639667	0.759291	F	0.920653	0.050355	0.008208	-0.011033	-0.008917	-0.000924	0.010146	-0.103782	-1.558724	0.488521	0.728152	-0.744088
cell_001652	donor_042	0.03596557134883241	-0.10667132970838032	1.388834145271816	0.759291	F	-1.320803	0.036021	0.008208	-0.011033	-0.008917	-0.000924	0.010146	0.046765	0.759139	-1.387479	0.127313	1.737664
cell_001653	donor_042	-1.4069008191946308	0.13705462221844789	-0.9326626152284652	0.759291	F	0.25999	0.013015	0.008208	-0.011033	-0.008917	-0.000924	0.010146	-0.578564	-0.982955	1.706217	0.631526	0.429268
cell_001654	donor_042	0.5468400098954675	-2.4907442629450847	-1.0488635538840487	0.759291	F	1.349463	0.05454	0.008208	-0.011033	-0.008917	-0.000924	0.010146	2.036593	-1.452082	-0.612258	-3.691398	-1.143663
cell_001655	donor_042	0.26453781693106376	-0.20213048020294616	-0.8076531036817863	0.759291	F	-0.354776	0.006533	0.008208	-0.011033	-0.008917	-0.000924	0.010146	0.832279	0.759926	1.200828	1.088093	-1.157714
cell_001656	donor_042	0.5702785995146911	-0.24818371380655743	-1.6070383929678946	0.759291	F	0.308086	0.04537	0.008208	-0.011033	-0.008917	-0.000924	0.010146	-0.775297	-0.77929	-0.849034	-1.251574	0.654014
cell_001657	donor_042	-0.6442142272359762	0.060765664402579155	1.3047824952566767	0.759291	F	-0.729442	0.02081	0.008208	-0.011033	-0.008917	-0.000924	0.010146	0.998278	-1.120797	0.664016	0.06184	-0.047544
cell_001658	donor_042	-1.4643903507780853	1.4177651409419534	1.6876702658095692	0.759291	F	0.452713	0.056193	0.008208	-0.011033	-0.008917	-0.000924	0.010146	-0.198638	1.378367	-0.577617	0.862206	-0.17008
cell_001659	donor_042	-0.4312696459310684	0.5144200432091556	0.225997662750523	0.759291	F	0.24425	0.040653	0.008208	-0.011033	-0.008917	-0.000924	0.010146	-0.315423	0.090406	0.554105	-0.034896	-0.396633
cell_001660	donor_042	2.1034738280563356	0.34521807238517105	0.25596527006908376	0.759291	F	-0.629149	0.013861	0.008208	-0.011033	-0.008917	-0.000924	0.010146	-1.648637	-0.420278	-0.786661	0.97195	-2.596245
cell_001661	donor_042	1.22830353853102	-0.21271589330255883	0.4705146918005982	0.759291	F	-0.833253	0.023878	0.008208	-0.011033	-0.008917	-0.000924	0.010146	0.416219	-0.137241	-0.493214	-0.535784	0.502835
cell_001662	donor_042	-0.8109776442402706	0.5836592731822023	-0.07958203342739087	0.759291	F	-0.284451	0.003605	0.008208	-0.011033	-0.008917	-0.000924	0.010146	1.995665	-0.64291	1.059255	0.941306	-0.803661
cell_001663	donor_042	-0.2386612472368423	1.2915974640647168	-0.9016210145949097	0.759291	F	2.151901	0.051622	0.008208	-0.011033	-0.008917	-0.000924	0.010146	0.747245	-0.174847	0.516873	-1.551332	1.792594
cell_001664	donor_042	1.868845868013316	-0.3428932678200615	-0.18610870355536915	0.759291	F	-1.242151	0.013525	0.008208	-0.011033	-0.008917	-0.000924	0.010146	0.48384	0.158456	-1.397375	1.091902	0.667883
cell_001665	donor_042	0.1150227744300686	0.47704497554688	1.056617906788034	0.759291	F	0.225684	0.011064	0.008208	-0.011033	-0.008917	-0.000924	0.010146	-1.166388	-0.080281	1.280123	1.13809	-1.733509
cell_001666	donor_042	-0.7874040097658254	-0.3015884841144838	0.9842780806191069	0.759291	F	0.867899	0.001911	0.008208	-0.011033	-0.008917	-0.000924	0.010146	-0.657743	-0.625057	-0.610841	-0.467938	1.131239
cell_001667	donor_042	-0.5973013662930693	0.23095391828287906	0.44108727930300184	0.759291	F	0.239807	0.028005	0.008208	-0.011033	-0.008917	-0.000924	0.010146	1.847584	0.580133	1.669091	-0.03322	0.363739
cell_001668	donor_042	1.2413390493476224	0.44127065664035736	-0.7071366889588437	0.759291	F	1.614268	0.02472	0.008208	-0.011033	-0.008917	-0.000924	0.010146	-1.843586	0.576318	0.010663	0.261025	1.507772
cell_001669	donor_042	1.7700101816442755	-0.5319400818578747	-0.12754906790649742	0.759291	F	-0.115228	0.03502	0.008208	-0.011033	-0.008917	-0.000924	0.010146	1.687346	2.709825	2.146322	0.82218	0.598725
cell_001670	donor_042	0.13304001440720636	-0.793535863625212	-1.1288445798239597	0.759291	F	-0.505208	0.018433	0.008208	-0.011033	-0.008917	-0.000924	0.010146	-1.978026	0.099345	-1.165493	-0.55286	0.910407
cell_001671	donor_042	-0.5807508596373205	0.17689599903639375	-1.0152473091562222	0.759291	F	2.3912	0.035131	0.008208	-0.011033	-0.008917	-0.000924	0.010146	-0.655814	-0.988139	1.457755	-0.675329	0.423689
cell_001672	donor_042	1.490569575285662	0.36529569288905767	-0.22987676918413502	0.759291	F	0.619903	0.056642	0.008208	-0.011033	-0.008917	-0.000924	0.010146	0.457617	-0.819893	-0.430101	-0.833735	-0.269673
cell_001673	donor_042	-0.9723090523233932	-0.7736270196169353	-1.9010491305111084	0.759291	F	-0.846013	0.064932	0.008208	-0.011033	-0.008917	-0.000924	0.010146	0.619854	-0.046479	0.829359	-2.406535	-0.996751
cell_001674	donor_042	0.14122845700224942	-0.553356744877982	1.1069203059430106	0.759291	F	-1.859516	0.042716	0.008208	-0.011033	-0.008917	-0.000924	0.010146	1.910575	-0.499397	0.702253	-1.51313	0.938588
cell_001675	donor_042	0.29140049466930035	0.0027761258848513623	-0.35474596484405785	0.759291	F	-1.365293	0.042481	0.008208	-0.011033	-0.008917	-0.000924	0.010146	-2.315548	-0.063176	0.395619	-0.992101	0.192859
cell_001676	donor_042	0.6136786446568294	-0.06161331234916773	-0.8410229967382598	0.759291	F	-0.271752	0.048953	0.008208	-0.011033	-0.008917	-0.000924	0.010146	-0.375688	-2.417302	-0.091193	0.12669	0.253082
cell_001677	donor_042	-1.0425715699412454	-0.24906440065082133	-1.8596773580161472	0.759291	F	0.466305	0.035058	0.008208	-0.011033	-0.008917	-0.000924	0.010146	-1.243841	0.666575	-0.808038	-1.424402	-0.53883
cell_001678	donor_042	0.10164062816273464	0.25527177638459586	0.06927006850181208	0.759291	F	-0.178413	0.019577	0.008208	-0.011033	-0.008917	-0.000924	0.010146	0.070305	0.163715	-1.034577	-0.158779	0.037113
cell_001679	donor_042	0.16456205571230223	0.1489825921772689	-0.8399464231763456	0.759291	F	-0.956914	0.030518	0.008208	-0.011033	-0.008917	-0.000924	0.010146	0.727203	-1.668747	-0.135776	-1.999679	-1.833642
cell_001680	donor_042	0.6638625009110499	-1.9870117727886447	1.193152596966628	0.759291	F	0.027225	0.02743	0.008208	-0.011033	-0.008917	-0.000924	0.010146	1.106693	0.955795	0.340497	-0.217616	-1.567003
cell_001681	donor_042	-0.10558374259029235	-0.03922759441042089	-0.10241736646179116	0.759291	F	-0.636683	0.049401	0.008208	-0.011033	-0.008917	-0.000924	0.010146	-0.444521	0.748132	0.227305	0.444905	0.338121
cell_001682	donor_042	1.0411932148852567	-0.03303269276863375	0.5638141320007988	0.759291	F	-0.318989	0.040283	0.008208	-0.011033	-0.008917	-0.000924	0.010146	2.085587	-0.417801	-0.10882	-0.573715	0.712216
cell_001683	donor_042	1.6388360714817714	0.03721121474386209	0.662616222058191	0.759291	F	-0.207907	0.011842	0.008208	-0.011033	-0.008917	-0.000924	0.010146	-0.537713	0.531451	0.984058	-0.596699	0.761062
cell_001684	donor_042	-0.6827607511099818	0.1435143662355152	1.236546217163958	0.759291	F	1.553639	0.021285	0.008208	-0.011033	-0.008917	-0.000924	0.010146	-0.355298	-1.2627	-0.095937	-0.206865	-0.91329
cell_001685	donor_042	0.019686817799816975	1.1000834253830123	1.2470359156741428	0.759291	F	-1.573135	0.048788	0.008208	-0.011033	-0.008917	-0.000924	0.010146	1.235843	2.19339	-0.931374	1.777618	1.351138
cell_001686	donor_042	-0.22462417753325967	-0.030130394290076728	-1.5092713975846315	0.759291	F	-1.268337	0.043658	0.008208	-0.011033	-0.008917	-0.000924	0.010146	-0.729159	1.180594	-0.22453	1.586753	0.156118
cell_001687	donor_043	-0.8726044509309001	0.034820675021572864	0.3198731332046771	-1.147765	M	-0.395272	0.038273	0.064132	0.004661	-0.03865	0.021962	-0.004289	-1.857949	0.115023	0.14197	0.544232	-0.671484
cell_001688	donor_043	0.1398450842583758	-0.018983758137220374	-0.5343818243415522	-1.147765	M	0.683703	0.041235	0.064132	0.004661	-0.03865	0.021962	-0.004289	-0.515923	-0.396336	1.173061	-0.480501	0.118125
cell_001689	donor_043	-1.012562393213219	0.6584164116896964	-0.015325519255110298	-1.147765	M	1.24296	0.02448	0.064132	0.004661	-0.03865	0.021962	-0.004289	-1.074755	-0.323966	0.546915	-1.020852	-0.126772
cell_001690	donor_043	-1.4959409262040635	0.0005222265569181754	-0.6838098827290402	-1.147765	M	0.999905	0.043779	0.064132	0.004661	-0.03865	0.021962	-0.004289	-0.215102	-1.066684	-0.026322	1.885194	0.230152
cell_001691	donor_043	-2.1243045629337844	0.648604758513038	0.21151524636400318	-1.147765	M	0.443746	0.026215	0.064132	0.004661	-0.03865	0.021962	-0.004289	-0.367471	0.579525	-1.616427	-0.546395	-1.498986
cell_001692	donor_043	0.24573883550415254	-1.417002788829979	-0.7389190742729911	-1.147765	M	-1.961777	0.026835	0.064132	0.004661	-0.03865	0.021962	-0.004289	-0.606524	0.508819	0.702891	-0.915052	0.180164
cell_001693	donor_043	-0.4566349252928324	1.0078508856695625	0.7644369815719191	-1.147765	M	-0.04226	0.038143	0.064132	0.004661	-0.03865	0.021962	-0.004289	-1.254865	-0.719061	0.003698	0.312731	0.37307
cell_001694	donor_043	0.13462676113243988	0.569333288371975	0.6518070089099565	-1.147765	M	-0.523679	0.012177	0.064132	0.004661	-0.03865	0.021962	-0.004289	3.348303	-0.065271	1.583521	-0.085337	0.651782
cell_001695	donor_043	0.13996677780751346	-0.8200909247189101	1.0965247635443593	-1.147765	M	-1.103766	0.045786	0.064132	0.004661	-0.03865	0.021962	-0.004289	-0.677449	-0.405645	-0.670467	0.941137	1.28956
cell_001696	donor_043	0.1843575499760212	0.5510404876551409	-1.8354383149781657	-1.147765	M	0.269285	0.00702	0.064132	0.004661	-0.03865	0.021962	-0.004289	-1.078808	0.83545	0.189295	-0.012581	0.207344
cell_001697	donor_043	0.5396286805391645	1.843158154857425	-1.0795836241635888	-1.147765	M	-0.561617	0.017278	0.064132	0.004661	-0.03865	0.021962	-0.004289	0.4921	-0.155767	-1.471295	-1.677134	-0.816522
cell_001698	donor_043	-0.262020406693658	2.3148808973225017	-0.32155939309248394	-1.147765	M	0.245357	0.010856	0.064132	0.004661	-0.03865	0.021962	-0.004289	0.171966	1.22711	-0.541087	-0.657738	-0.195699
cell_001699	donor_043	0.35780696589260524	-0.26968039038698627	0.6279914308242578	-1.147765	M	-1.450392	0.032905	0.064132	0.004661	-0.03865	0.021962	-0.004289	0.42329	0.221103	-0.447467	0.156651	1.743656
cell_001700	donor_043	-0.19775841635797933	-0.6950681636356753	1.1351524307916168	-1.147765	M	-0.128755	0.006037	0.064132	0.004661	-0.03865	0.021962	-0.004289	0.578303	1.619594	0.37373	0.641796	0.342446
cell_001701	donor_043	-0.395851912364038	-0.17963188226375967	0.48795635375423757	-1.147765	M	-1.261536	0.008001	0.064132	0.004661	-0.03865	0.021962	-0.004289	-0.704666	0.824329	-0.393567	-0.642343	-0.817291
cell_001702	donor_043	-0.6351678928821397	-1.6393692242530167	-1.1630127162015362	-1.147765	M	-0.823122	0.057889	0.064132	0.004661	-0.03865	0.021962	-0.004289	0.80647	0.199867	-1.194821	0.694666	-1.413332
cell_001703	donor_043	-1.3370375864385347	-0.6308283280162449	-0.4178366327335413	-1.147765	M	-2.759505	0.008096	0.064132	0.004661	-0.03865	0.021962	-0.004289	0.07843	-0.877906	-0.142578	0.31151	0.215184
cell_001704	donor_043	-1.4426693594800755	2.6554143768331016	0.06295536042253284	-1.147765	M	2.012262	0.0029	0.064132	0.004661	-0.03865	0.021962	-0.004289	-0.516847	-1.335859	1.002498	-0.681045	0.973384
cell_001705	donor_043	0.4568102863062391	-0.574783776718991	1.4874133691706062	-1.147765	M	-1.082742	0.053899	0.064132	0.004661	-0.03865	0.021962	-0.004289	1.637999	0.348519	0.297254	1.530651	0.795801
cell_001706	donor_043	1.2553518837032998	0.1667112362216967	-0.048790269421765814	-1.147765	M	2.060167	0.031136	0.064132	0.004661	-0.03865	0.021962	-0.004289	1.986665	1.153189	0.399304	-1.234101	-2.635563
cell_001707	donor_043	0.6668975730508411	2.1352185155337278	-0.5078017876991656	-1.147765	M	-0.065737	0.020539	0.064132	0.004661	-0.03865	0.021962	-0.004289	-0.857508	-1.110246	-1.084719	-0.755367	-0.036517
cell_001708	donor_043	1.403638825526583	0.07578278959924135	-0.6199814539740452	-1.147765	M	-0.059195	0.021898	0.064132	0.004661	-0.03865	0.021962	-0.004289	0.002796	0.151599	-0.290109	0.59372	-0.175923
cell_001709	donor_043	0.6723906400979149	-0.9496423622985686	-0.24296852133366462	-1.147765	M	-0.225109	0.026394	0.064132	0.004661	-0.03865	0.021962	-0.004289	-1.025744	1.193558	1.592863	0.579087	-0.277141
cell_001710	donor_043	-0.6197828798158347	-0.4371475485789144	0.3325588216553334	-1.147765	M	-1.217501	0.041096	0.064132	0.004661	-0.03865	0.021962	-0.004289	-0.016171	1.681742	0.212285	-0.687459	-1.603284
cell_001711	donor_043	-0.44946644272498076	-1.5305003836518531	0.6697890959893691	-1.147765	M	-0.059676	0.008772	0.064132	0.004661	-0.03865	0.021962	-0.004289	0.996001	-0.161178	0.685591	-0.485231	0.525531
cell_001712	donor_043	1.0437692059195993	-0.4947560169292826	0.3772622671678155	-1.147765	M	-0.734756	0.027348	0.064132	0.004661	-0.03865	0.021962	-0.004289	-1.557872	1.307138	0.177855	-0.605042	0.023763
cell_001713	donor_043	-0.030338152956606867	0.0185726086197649	0.38109306560868533	-1.147765	M	-0.349795	0.009006	0.064132	0.004661	-0.03865	0.021962	-0.004289	-2.825274	0.461701	-0.407518	-1.460678	0.573757
cell_001714	donor_043	-0.31540815234317776	0.13551778461299652	1.0731288477094523	-1.147765	M	0.22388	0.044753	0.064132	0.004661	-0.03865	0.021962	-0.004289	0.347329	0.910233	-1.330886	0.279414	0.219686
cell_001715	donor_043	1.211616403869793	-0.5725460768848887	1.0323679210569365	-1.147765	M	0.14712	0.006199	0.064132	0.004661	-0.03865	0.021962	-0.004289	0.457008	1.089245	0.424743	1.230367	1.90759
cell_001716	donor_043	0.17823354090454244	0.8348475476568967	-1.2793849115500402	-1.147765	M	-1.120604	0.031692	0.064132	0.004661	-0.03865	0.021962	-0.004289	1.320895	-0.41825	0.211012	-1.562385	1.066413
cell_001717	donor_043	0.7972141679956499	-0.43799989271145995	0.5006588839655857	-1.147765	M	2.282646	0.018797	0.064132	0.004661	-0.03865	0.021962	-0.004289	0.178081	-0.139076	-0.604077	-1.936123	-1.061509
cell_001718	donor_043	-1.877134839186722	0.9788977264093219	-1.1686851637861448	-1.147765	M	-0.528393	0.00442	0.064132	0.004661	-0.03865	0.021962	-0.004289	1.3422	0.489531	2.224634	0.353629	1.117187
cell_001719	donor_043	1.439026638624268	0.2733575963334233	-1.0853483459243933	-1.147765	M	-0.70079	0.013561	0.064132	0.004661	-0.03865	0.021962	-0.004289	0.572758	-0.288548	-1.81413	-1.615921	1.408337
cell_001720	donor_043	-1.3714331999515872	-2.1001821864175443	1.065206261961364	-1.147765	M	-0.202804	0.026146	0.064132	0.004661	-0.03865	0.021962	-0.004289	0.431413	-0.667727	0.122142	0.888287	-1.481465
cell_001721	donor_043	-0.695500891220448	0.5857899952831527	0.18299306528594733	-1.147765	M	1.421293	0.03797	0.064132	0.004661	-0.03865	0.021962	-0.004289	-0.896788	-0.526165	-0.523885	-0.666094	0.288758
cell_001722	donor_043	1.1058610632618011	-0.755771348451175	0.6202332647371943	-1.147765	M	1.360391	0.023664	0.064132	0.004661	-0.03865	0.021962	-0.004289	-0.846739	0.297833	-0.200268	0.84583	1.389794
cell_001723	donor_043	-1.4214177181634633	0.9308944440720269	-1.2826417580423874	-1.147765	M	-0.483931	0.047062	0.064132	0.004661	-0.03865	0.021962	-0.004289	-1.023509	0.46157	0.58514	-0.482016	-1.575137
cell_001724	donor_043	0.19239439776745054	-0.17184146336267334	0.43375254721552303	-1.147765	M	0.213661	0.028841	0.064132	0.004661	-0.03865	0.021962	-0.004289	0.617006	0.224256	-0.559775	-0.350705	-2.009462
cell_001725	donor_043	-0.3516111427983012	-0.21952532456232965	0.13203906837502224	-1.147765	M	1.066708	0.018178	0.064132	0.004661	-0.03865	0.021962	-0.004289	-0.762012	0.558967	0.080345	-0.525295	0.101113
cell_001726	donor_043	0.8933063941794502	-0.5664388384085436	-1.2061971290684992	-1.147765	M	1.115057	0.042787	0.064132	0.004661	-0.03865	0.021962	-0.004289	-0.883913	-0.07988	1.500917	0.587806	-0.327023
cell_001727	donor_043	0.24929137374674512	-1.416983976526631	-0.02630122007878803	-1.147765	M	1.725652	0.045771	0.064132	0.004661	-0.03865	0.021962	-0.004289	-0.942736	-0.48141	-0.214458	0.243293	1.901425
cell_001728	donor_044	1.0233430180679604	0.2940771686089921	0.015101580941189208	0.900554	M	0.253237	0.012151	-0.004115	-0.011867	-0.045665	0.015296	-0.002996	1.007083	1.072896	0.34064	-0.146348	1.229787
cell_001729	donor_044	0.5551497327675907	0.4380174937037332	2.362448321526506	0.900554	M	-2.361332	0.002887	-0.004115	-0.011867	-0.045665	0.015296	-0.002996	-1.054596	-0.092275	0.178008	-0.714667	-0.272383
cell_001730	donor_044	-0.45925739737321336	-0.8105534716794877	1.0687448451198078	0.900554	M	-0.738535	0.005248	-0.004115	-0.011867	-0.045665	0.015296	-0.002996	0.114653	-0.681294	0.12779	-0.187873	0.630645
cell_001731	donor_044	-0.6669352387608822	0.838036744947256	0.6995173351337918	0.900554	M	0.666442	0.038682	-0.004115	-0.011867	-0.045665	0.015296	-0.002996	-1.459282	0.058866	-0.6072	2.339017	0.496361
cell_001732	donor_044	1.0103082903763365	0.037597776164123825	-1.0802545829078603	0.900554	M	0.763636	0.015097	-0.004115	-0.011867	-0.045665	0.015296	-0.002996	2.001307	0.264432	-0.108877	-1.990987	-1.449947
cell_001733	donor_044	-0.6142502128881019	-0.14755851765933636	0.9418048731598263	0.900554	M	0.656937	0.021167	-0.004115	-0.011867	-0.045665	0.015296	-0.002996	-0.293951	-1.571476	1.031698	-0.913497	-2.162753
cell_001734	donor_044	1.1147114822306379	-0.5663409183507804	0.7089101021985884	0.900554	M	-0.228042	0.030923	-0.004115	-0.011867	-0.045665	0.015296	-0.002996	-0.219974	-0.038679	1.380992	1.352116	-2.227484
cell_001735	donor_044	0.5763550509402309	2.1818596665290966	-1.09183918188164	0.900554	M	0.951098	0.030923	-0.004115	-0.011867	-0.045665	0.015296	-0.002996	0.734603	1.795022	0.330263	1.049578	0.316954
cell_001736	donor_044	1.4775476353846164	1.5004133578459093	-1.2429775565734986	0.900554	M	-0.488794	0.048196	-0.004115	-0.011867	-0.045665	0.015296	-0.002996	0.684375	0.592503	1.03403	1.451436	1.784636
cell_001737	donor_044	1.4571585952565393	1.026926839412765	1.378546846922653	0.900554	M	-1.661258	0.011707	-0.004115	-0.011867	-0.045665	0.015296	-0.002996	-0.407044	-0.293412	-0.231435	0.129541	0.586972
cell_001738	donor_044	0.15384445733668575	0.7732909189021026	-0.6632676155769434	0.900554	M	0.005564	0.038092	-0.004115	-0.011867	-0.045665	0.015296	-0.002996	2.916227	-0.634467	-0.047018	0.077661	-0.443857
cell_001739	donor_044	-0.4994653603564689	-0.1878536805331205	0.8930289609875931	0.900554	M	-0.10089	0.034203	-0.004115	-0.011867	-0.045665	0.015296	-0.002996	0.581222	-0.615604	1.966417	-0.159852	0.522388
cell_001740	donor_044	-0.28562434798275665	0.4208510164645926	-0.9293491097085548	0.900554	M	-0.383671	0.006536	-0.004115	-0.011867	-0.045665	0.015296	-0.002996	1.337792	-0.334985	-0.798767	-0.574445	0.416761
cell_001741	donor_044	1.5030988622361627	0.5430163940463262	-0.2754936561471767	0.900554	M	-0.233148	0.015323	-0.004115	-0.011867	-0.045665	0.015296	-0.002996	-0.432829	-2.07561	1.406369	0.837929	-1.056282
cell_001742	donor_044	-0.33767318202843	0.04381010479756691	0.0667003765774186	0.900554	M	-1.932827	0.002107	-0.004115	-0.011867	-0.045665	0.015296	-0.002996	0.744044	-0.244277	-1.249109	-0.071788	0.537967
cell_001743	donor_044	0.26545086984663807	0.29891160264955047	-0.28559218377344714	0.900554	M	1.343919	0.026374	-0.004115	-0.011867	-0.045665	0.015296	-0.002996	1.622605	-0.424121	1.661817	0.268825	0.045956
cell_001744	donor_044	1.4526695551979216	-0.25797620695772383	0.555691540675927	0.900554	M	-1.791864	0.015935	-0.004115	-0.011867	-0.045665	0.015296	-0.002996	-0.908456	-1.964311	1.53599	0.234745	-0.217827
cell_001745	donor_044	-0.5060659601040947	1.6956473052124579	0.8936414731428273	0.900554	M	0.133584	0.028075	-0.004115	-0.011867	-0.045665	0.015296	-0.002996	0.607987	0.229703	-0.778335	-0.277947	-1.016978
cell_001746	donor_044	0.18551567371704789	-0.8700360651549447	-1.7614515579155159	0.900554	M	1.021195	0.015934	-0.004115	-0.011867	-0.045665	0.015296	-0.002996	-0.736869	0.854213	-0.911726	0.603205	1.654951
cell_001747	donor_044	-0.7052932481861762	0.6322512000398535	-1.5035516698496707	0.900554	M	-2.20712	0.046798	-0.004115	-0.011867	-0.045665	0.015296	-0.002996	-0.571341	-0.267169	0.995092	0.356225	-1.606513
cell_001748	donor_044	0.964590123552359	-1.0054648515916529	1.6821813009326967	0.900554	M	2.761348	0.005873	-0.004115	-0.011867	-0.045665	0.015296	-0.002996	0.642814	0.80421	-0.71381	-2.073223	0.21469
cell_001749	donor_044	0.15198297029963312	0.02118265620418003	-0.43354683595376897	0.900554	M	-1.969286	0.021385	-0.004115	-0.011867	-0.045665	0.015296	-0.002996	-1.262306	0.318114	0.307094	1.563215	1.367472
cell_001750	donor_044	-2.487704273185103	-0.09912505764254524	-0.7907767248717138	0.900554	M	-0.820394	0.024721	-0.004115	-0.011867	-0.045665	0.015296	-0.002996	0.298048	0.136958	-1.263659	0.62945	-0.308086
cell_001751	donor_044	-0.17439578508924974	0.7066673797085634	-0.6827160035528741	0.900554	M	0.246637	0.018986	-0.004115	-0.011867	-0.045665	0.015296	-0.002996	1.234359	-0.828035	0.646048	-1.131488	0.107113
cell_001752	donor_044	0.30918640805921527	-0.7885980848023155	-0.2848593677249568	0.900554	M	0.98758	0.035129	-0.004115	-0.011867	-0.045665	0.015296	-0.002996	2.763737	-1.455477	1.138789	-0.383255	0.790925
cell_001753	donor_044	-0.3749888027895548	-1.4894675248380476	0.8265198347756156	0.900554	M	1.03148	0.009293	-0.004115	-0.011867	-0.045665	0.015296	-0.002996	-1.979156	-1.982017	0.903087	-0.689747	-0.455104
cell_001754	donor_044	-0.3713034563723742	-0.9010979077816058	-0.4526696671134861	0.900554	M	0.463457	0.021841	-0.004115	-0.011867	-0.045665	0.015296	-0.002996	1.321449	1.617139	0.839734	0.921588	-0.416313
cell_001755	donor_044	-1.9713306978387208	0.340604063062064	1.0683839000842235	0.900554	M	0.304349	0.027785	-0.004115	-0.011867	-0.045665	0.015296	-0.002996	-0.586808	0.177768	1.570951	-0.684249	0.92188
cell_001756	donor_044	1.1002157622455042	-0.41912100456530293	-1.086232664287184	0.900554	M	-0.336884	0.027458	-0.004115	-0.011867	-0.045665	0.015296	-0.002996	-0.138562	-0.736143	-1.123247	-0.23449	-0.926405
cell_001757	donor_044	1.5310503312940904	0.8613872717225493	-0.9193245255017606	0.900554	M	-0.552515	0.03092	-0.004115	-0.011867	-0.045665	0.015296	-0.002996	0.475276	0.424345	-0.677363	-0.894944	0.584693
cell_001758	donor_044	0.6624129194393569	0.3377231908479868	-0.7119335369714253	0.900554	M	-0.590241	0.007773	-0.004115	-0.011867	-0.045665	0.015296	-0.002996	2.450598	-1.119387	-1.399999	-1.540652	0.342394
cell_001759	donor_044	-0.15389145226411352	-1.0400360802134307	-0.37636718026195043	0.900554	M	0.681037	0.035255	-0.004115	-0.011867	-0.045665	0.015296	-0.002996	-1.239952	0.889105	-1.441236	-1.364035	-0.35934
cell_001760	donor_044	1.847712414422367	-0.17160892344113254	0.1749561342886587	0.900554	M	-0.075638	0.046677	-0.004115	-0.011867	-0.045665	0.015296	-0.002996	1.422952	0.463068	0.748372	2.273257	0.892531
cell_001761	donor_044	-1.3638363565767946	0.22118178799149668	0.016067577400636142	0.900554	M	-0.087995	0.003153	-0.004115	-0.011867	-0.045665	0.015296	-0.002996	0.250049	-0.026603	-0.599248	0.42833	0.976018
cell_001762	donor_044	-0.2412517673543582	0.9451886620275819	-2.2432373002918298	0.900554	M	0.37163	0.016808	-0.004115	-0.011867	-0.045665	0.015296	-0.002996	-1.00459	1.137409	-1.05482	0.428963	-0.102872
cell_001763	donor_044	-0.15959073767319923	-0.5492269792449724	0.2537023370937456	0.900554	M	-0.172397	0.026179	-0.004115	-0.011867	-0.045665	0.015296	-0.002996	-0.554826	1.104169	0.03868	0.175896	1.317943
cell_001764	donor_044	0.9836098221378928	0.5853079953851835	0.3728380467241139	0.900554	M	1.200952	0.007477	-0.004115	-0.011867	-0.045665	0.015296	-0.002996	0.090727	0.251398	-0.568039	-0.742188	0.476531
cell_001765	donor_044	-2.3116796258370735	0.8156877631646162	0.342194365309032	0.900554	M	-0.024025	0.021233	-0.004115	-0.011867	-0.045665	0.015296	-0.002996	-1.556009	-1.369949	0.121927	-1.711226	1.333467
cell_001766	donor_044	-0.1579737427397764	-0.8262235152648972	0.058776188241210475	0.900554	M	-0.259904	0.020061	-0.004115	-0.011867	-0.045665	0.015296	-0.002996	-0.411429	1.330764	1.154114	-1.203567	-0.904974
cell_001767	donor_044	-1.0227405074217095	-0.18020953335255674	1.3948651465113286	0.900554	M	-0.439071	0.002765	-0.004115	-0.011867	-0.045665	0.015296	-0.002996	0.557352	-1.090577	-1.573035	-0.003341	-1.132293
cell_001768	donor_044	1.4185040384442609	-0.6557135302127246	-0.5442274877082257	0.900554	M	-2.709155	0.03995	-0.004115	-0.011867	-0.045665	0.015296	-0.002996	0.150307	-1.299027	0.343213	-0.853354	-0.188724
cell_001769	donor_044	0.2447402212977313	0.9153900760422806	0.3519130485424572	0.900554	M	-0.082083	0.021477	-0.004115	-0.011867	-0.045665	0.015296	-0.002996	1.292681	-1.760913	-0.611559	0.172434	-0.073199
cell_001770	donor_044	-0.12009236964724226	0.018459721178763305	0.6630496633181073	0.900554	M	-1.223142	0.051595	-0.004115	-0.011867	-0.045665	0.015296	-0.002996	-0.429873	0.327423	0.245061	0.64252	-0.90395
cell_001771	donor_044	-0.5830789567341398	-0.6213711844626907	-1.95896330973755	0.900554	M	-0.712011	0.036946	-0.004115	-0.011867	-0.045665	0.015296	-0.002996	-0.520548	1.385952	-1.090867	-0.795209	-0.144531
cell_001772	donor_044	2.1651489801803994	0.739896868262444	-1.4849615795935056	0.900554	M	0.860956	0.026136	-0.004115	-0.011867	-0.045665	0.015296	-0.002996	0.709102	-0.073694	0.157069	-1.589171	-0.371366
cell_001773	donor_044	0.9776063236437947	-1.6028531083805888	0.4918597778993418	0.900554	M	0.547727	0.05838	-0.004115	-0.011867	-0.045665	0.015296	-0.002996	0.184282	1.551608	0.580563	-0.995332	0.359806
cell_001774	donor_044	0.531878706607873	1.3237649217353522	-0.20722583435461817	0.900554	M	0.641544	0.026948	-0.004115	-0.011867	-0.045665	0.015296	-0.002996	0.32423	0.696094	0.537101	-1.248786	1.538971
cell_001775	donor_044	1.1776408528485809	-0.1583362759642859	-1.4004883711769511	0.900554	M	-0.931582	0.016481	-0.004115	-0.011867	-0.045665	0.015296	-0.002996	-1.353495	0.141392	-0.064693	-0.403332	-1.454196
cell_001776	donor_044	0.5637470580148457	0.21800123089447687	1.2725049111493716	0.900554	M	-0.326822	0.054179	-0.004115	-0.011867	-0.045665	0.015296	-0.002996	-0.664512	0.250253	-0.44514	0.570757	-0.428444
cell_001777	donor_045	-0.09229990647668578	0.3572548023112481	0.5520250493081448	-0.300185	M	-0.82972	0.023834	0.019456	0.04213	-0.016999	-0.017802	0.005947	-0.743648	0.240904	0.819731	-0.274201	-0.96892
cell_001778	donor_045	-0.4000317157951988	0.2938022117324215	2.0726896252607654	-0.300185	M	0.327434	0.040149	0.019456	0.04213	-0.016999	-0.017802	0.005947	0.20447	-0.643502	1.682979	1.755458	2.582324
cell_001779	donor_045	-0.15489481433312033	0.531710681780566	0.9451521217483457	-0.300185	M	0.803703	0.055121	0.019456	0.04213	-0.016999	-0.017802	0.005947	-0.15179	-0.349099	-0.623686	-1.0347	-0.578516
cell_001780	donor_045	1.2843569315764283	0.36971444227775235	-0.3186043211672597	-0.300185	M	0.866322	0.035436	0.019456	0.04213	-0.016999	-0.017802	0.005947	-0.567766	0.565514	-0.251717	-0.405731	0.41797
cell_001781	donor_045	0.318330891683327	-1.2144243422417675	0.20039592571996906	-0.300185	M	-1.330999	0.015703	0.019456	0.04213	-0.016999	-0.017802	0.005947	0.662992	-0.42368	0.108697	1.665136	2.166695
cell_001782	donor_045	0.16751071781845844	0.0062687227825607384	1.8854103954787234	-0.300185	M	-0.462172	0.049782	0.019456	0.04213	-0.016999	-0.017802	0.005947	-1.467128	-0.345427	-0.991476	0.233082	-1.057367
cell_001783	donor_045	-0.7412052998850169	-0.6606727520981268	-0.5981243117178637	-0.300185	M	-2.074657	0.046666	0.019456	0.04213	-0.016999	-0.017802	0.005947	2.389247	-0.520958	-0.652821	-0.684704	0.549509
cell_001784	donor_045	-0.9478013657284197	-0.8717950432660492	-0.9410600977722525	-0.300185	M	1.2276	0.034848	0.019456	0.04213	-0.016999	-0.017802	0.005947	-0.325875	1.06055	-1.313152	-0.367144	0.274136
cell_001785	donor_045	-1.8380401041280054	-0.06760700448885205	0.26750837485880147	-0.300185	M	0.522106	0.054041	0.019456	0.04213	-0.016999	-0.017802	0.005947	-0.953735	-0.668182	-2.199753	2.74712	0.161122
cell_001786	donor_045	-0.03195733689778797	1.4123716819566317	-0.292168664079859	-0.300185	M	-0.171092	0.04398	0.019456	0.04213	-0.016999	-0.017802	0.005947	0.916018	-0.156752	1.182236	-0.713002	0.345427
cell_001787	donor_045	1.1131446641857203	2.148674050373992	-0.5960211151131249	-0.300185	M	-0.354471	0.03755	0.019456	0.04213	-0.016999	-0.017802	0.005947	0.828111	0.220531	-0.069791	-0.077635	0.842642
cell_001788	donor_045	0.8851391671688909	0.43624533513511793	1.0174606247654763	-0.300185	M	0.179002	0.03131	0.019456	0.04213	-0.016999	-0.017802	0.005947	-0.079597	-0.428336	0.09399	-0.945975	-0.854543
cell_001789	donor_045	0.0869661378512468	0.1448927489624692	0.8204151422460775	-0.300185	M	-0.587564	0.019417	0.019456	0.04213	-0.016999	-0.017802	0.005947	-0.130114	2.071559	1.061096	-1.952355	-1.108976
cell_001790	donor_045	2.2240844949725127	-2.075017540323017	-0.17155627369175766	-0.300185	M	-0.992401	0.005525	0.019456	0.04213	-0.016999	-0.017802	0.005947	1.061126	-0.198854	-0.118258	-1.824231	1.475775
cell_001791	donor_045	0.228992455576891	-0.23199634181110868	-0.6024713545285211	-0.300185	M	0.838864	0.021203	0.019456	0.04213	-0.016999	-0.017802	0.005947	0.667995	0.931338	-0.253041	-0.056234	-1.030879
cell_001792	donor_045	2.0154272831862357	0.6286365299981259	-1.1324732307247654	-0.300185	M	-0.515678	0.048141	0.019456	0.04213	-0.016999	-0.017802	0.005947	1.563024	-0.455886	0.502194	-0.199672	0.78355
cell_001793	donor_045	0.7872585725004738	0.42689422473643523	-0.17449236541695512	-0.300185	M	0.043368	0.005452	0.019456	0.04213	-0.016999	-0.017802	0.005947	1.571358	0.52351	1.053488	0.038673	0.424753
cell_001794	donor_045	-1.9619726178365609	1.5923380769336344	-1.031631779696882	-0.300185	M	-0.795045	0.024276	0.019456	0.04213	-0.016999	-0.017802	0.005947	-0.863676	-2.320482	0.520456	-0.455842	-0.963952
cell_001795	donor_045	1.6582732587457074	-0.4350999439402831	0.7968414853959428	-0.300185	M	-1.812638	0.057817	0.019456	0.04213	-0.016999	-0.017802	0.005947	-1.344418	-0.003525	0.020478	-0.145983	0.582519
cell_001796	donor_045	0.29498587955616984	-0.6846321421625021	0.3134437352513556	-0.300185	M	0.248994	6.2e-05	0.019456	0.04213	-0.016999	-0.017802	0.005947	1.6408	0.642437	1.353015	1.017398	0.442316
cell_001797	donor_045	0.27656553518904414	-0.47850923886833857	-1.4319604063393279	-0.300185	M	-0.515387	0.0574	0.019456	0.04213	-0.016999	-0.017802	0.005947	-0.954872	-1.014574	0.244547	-0.929457	0.196485
cell_001798	donor_045	-0.030170647185812922	-0.19912320176133622	-1.6321096443874703	-0.300185	M	-0.512385	0.010691	0.019456	0.04213	-0.016999	-0.017802	0.005947	-0.043933	0.485248	-0.231633	-0.556985	1.108688
cell_001799	donor_045	0.29891480845364116	-0.5481053149722672	0.4795847016156219	-0.300185	M	1.022992	0.046742	0.019456	0.04213	-0.016999	-0.017802	0.005947	0.492286	0.177901	-0.576021	-0.100425	-0.099662
cell_001800	donor_045	0.9086433205633363	-0.9426388476053774	-0.06099894002644173	-0.300185	M	0.289676	0.044305	0.019456	0.04213	-0.016999	-0.017802	0.005947	0.369083	1.421819	-0.414534	0.208887	1.484351
cell_001801	donor_045	0.16478413188731347	0.43290383215468636	-0.9206638674505379	-0.300185	M	1.237277	0.01505	0.019456	0.04213	-0.016999	-0.017802	0.005947	-1.068975	1.477939	0.202709	-0.85537	0.693182
cell_001802	donor_045	0.1616991793521386	-1.803428180901949	-0.2713035782130255	-0.300185	M	0.212892	0.005992	0.019456	0.04213	-0.016999	-0.017802	0.005947	0.942184	0.038333	-0.66218	-0.502675	0.775106
cell_001803	donor_045	-0.632337348718704	-0.008847948908338144	-0.4992864558833685	-0.300185	M	-1.023387	0.015857	0.019456	0.04213	-0.016999	-0.017802	0.005947	1.528772	0.87793	-0.538091	-0.908747	-0.71645
cell_001804	donor_045	-0.2201367928574581	-0.9745320277238331	0.18494936818177685	-0.300185	M	1.132675	0.004712	0.019456	0.04213	-0.016999	-0.017802	0.005947	0.070768	-1.876044	-0.35266	-1.498136	-0.4782
cell_001805	donor_045	0.8348179569348155	-1.4315318038544262	-1.2932342491534852	-0.300185	M	-0.702366	0.044168	0.019456	0.04213	-0.016999	-0.017802	0.005947	0.316488	0.752085	-0.747841	-0.376768	0.531763
cell_001806	donor_045	-0.433963631626642	-1.1762936861748954	-1.2613254958933464	-0.300185	M	0.697224	0.056082	0.019456	0.04213	-0.016999	-0.017802	0.005947	-0.557919	-0.066016	2.489503	-0.253435	0.272304
cell_001807	donor_045	1.5559002947869855	1.4524030944908006	0.7191804965564111	-0.300185	M	0.772404	0.046194	0.019456	0.04213	-0.016999	-0.017802	0.005947	-0.40605	0.475082	0.444437	1.169528	0.213902
cell_001808	donor_045	1.3593855283488647	-0.6570060026366568	-1.0589649274821706	-0.300185	M	2.33813	0.008016	0.019456	0.04213	-0.016999	-0.017802	0.005947	-1.340567	-0.342186	0.152336	0.560923	-1.265088
cell_001809	donor_045	0.06025358319623048	0.7783728499959814	0.5254880333183937	-0.300185	M	0.120637	1.5e-05	0.019456	0.04213	-0.016999	-0.017802	0.005947	0.119983	-1.086431	-0.126819	-0.393171	0.566328
cell_001810	donor_045	-0.6537527136609371	0.00995350613594776	-0.4690354549720951	-0.300185	M	-1.831211	0.037002	0.019456	0.04213	-0.016999	-0.017802	0.005947	-0.068869	2.138597	0.139649	-1.273928	0.030011
cell_001811	donor_045	-0.3336197770494405	0.18003678103547582	-1.185857890305058	-0.300185	M	0.066385	0.075442	0.019456	0.04213	-0.016999	-0.017802	0.005947	0.982077	0.182427	0.276284	-0.802132	-0.702772
cell_001812	donor_045	0.6634528766465	-0.07272800049097786	0.731720695207279	-0.300185	M	-0.727939	0.039962	0.019456	0.04213	-0.016999	-0.017802	0.005947	0.405386	1.296416	1.587407	0.313998	0.086844
cell_001813	donor_046	1.2324355711052646	1.033997566932542	-0.2906879742227403	0.829923	M	-0.285446	0.048298	0.020896	-0.007463	-0.014023	0.021349	-0.060881	0.256638	-0.252777	-0.336211	0.630395	-1.052467
cell_001814	donor_046	-1.64458169727498	0.5007509528742091	0.09223536250847607	0.829923	M	0.866425	0.020611	0.020896	-0.007463	-0.014023	0.021349	-0.060881	-0.755896	-1.163925	0.520332	0.097102	0.757512
cell_001815	donor_046	-1.2285459356989796	0.5890710924014789	-1.3392488976304966	0.829923	M	1.612485	0.052627	0.020896	-0.007463	-0.014023	0.021349	-0.060881	-0.804958	-0.303336	0.469658	-0.9583	-1.250006
cell_001816	donor_046	0.30787626882685026	-1.327270404839616	0.2650887691135326	0.829923	M	1.073788	0.026676	0.020896	-0.007463	-0.014023	0.021349	-0.060881	0.109829	-0.305489	1.259649	-0.436196	-0.790607
cell_001817	donor_046	0.2540222499806006	-0.3852883953185356	1.508812075364106	0.829923	M	-0.080555	0.014823	0.020896	-0.007463	-0.014023	0.021349	-0.060881	-0.313938	0.169213	-0.120953	-0.989466	0.808874
cell_001818	donor_046	-1.5658266739060362	-0.6108073134702978	-2.1544296415427784	0.829923	M	-0.653383	0.009997	0.020896	-0.007463	-0.014023	0.021349	-0.060881	-0.348378	2.112433	1.377541	0.984356	0.708005
cell_001819	donor_046	0.8322048658988092	-0.9567160314069169	1.3979437084310085	0.829923	M	-0.034566	0.023297	0.020896	-0.007463	-0.014023	0.021349	-0.060881	0.071773	2.347482	2.058657	1.127868	1.517166
cell_001820	donor_046	-0.6161445188366239	-0.6369324289902238	-1.4576992988041295	0.829923	M	0.314567	0.017008	0.020896	-0.007463	-0.014023	0.021349	-0.060881	-0.860803	-1.030897	-0.864399	-0.553151	-0.409885
cell_001821	donor_046	0.2530659621959355	1.4451079420847484	-1.031105519759826	0.829923	M	-0.696247	0.040217	0.020896	-0.007463	-0.014023	0.021349	-0.060881	-1.145197	0.639663	0.227969	0.832251	0.252471
cell_001822	donor_046	-0.003196384419275465	0.18994415858330002	-2.2753469225402005	0.829923	M	0.778915	0.030012	0.020896	-0.007463	-0.014023	0.021349	-0.060881	-0.61742	1.874582	0.82505	-0.479194	0.898623
cell_001823	donor_046	0.7241310889891119	1.3931922978184779	2.1929000183353047	0.829923	M	-1.101926	0.05217	0.020896	-0.007463	-0.014023	0.021349	-0.060881	-0.023492	0.432129	1.105377	0.224798	1.041919
cell_001824	donor_046	0.41907369730478483	0.2989977497182914	0.134047128318548	0.829923	M	-0.223507	0.027895	0.020896	-0.007463	-0.014023	0.021349	-0.060881	2.797	-1.834727	0.39109	1.705364	0.888368
cell_001825	donor_046	0.28064025903644785	0.4697648730875604	0.7845600014617223	0.829923	M	0.402143	0.004524	0.020896	-0.007463	-0.014023	0.021349	-0.060881	-3.407618	-0.590938	-0.168033	0.267142	-0.06372
cell_001826	donor_046	-0.10136256364522409	-0.2631564380811104	1.6429013891347133	0.829923	M	0.137942	0.041394	0.020896	-0.007463	-0.014023	0.021349	-0.060881	0.839369	1.199187	-0.207296	-1.830698	1.277564
cell_001827	donor_046	-0.3323875627093644	0.41138782513157907	-1.0311950137460313	0.829923	M	-0.160767	0.027497	0.020896	-0.007463	-0.014023	0.021349	-0.060881	0.77425	0.423854	-0.560901	0.828607	-0.05493
cell_001828	donor_046	0.759588087308791	-0.7020732758218189	0.6419156701775568	0.829923	M	-0.580834	0.025819	0.020896	-0.007463	-0.014023	0.021349	-0.060881	-0.506588	-0.320569	0.352774	-0.600817	2.910754
cell_001829	donor_046	-0.8793077113085311	0.1961400521089401	1.1048647893521584	0.829923	M	2.713903	0.00459	0.020896	-0.007463	-0.014023	0.021349	-0.060881	-0.629785	0.570752	0.924226	-0.107973	-2.553972
cell_001830	donor_046	1.0496022522641995	-0.9956608136985463	0.18645971994426952	0.829923	M	-1.057972	0.027091	0.020896	-0.007463	-0.014023	0.021349	-0.060881	-0.849876	-1.1873	-0.193111	0.548062	1.632068
cell_001831	donor_046	-0.33731843149167706	-0.18199735128844002	-1.388768672386662	0.829923	M	0.397424	0.037592	0.020896	-0.007463	-0.014023	0.021349	-0.060881	-0.048704	0.265211	0.102558	0.67507	-1.944409
cell_001832	donor_046	1.5295638740579356	-1.0703309043517844	0.725882378693779	0.829923	M	0.070544	0.069507	0.020896	-0.007463	-0.014023	0.021349	-0.060881	-0.768078	-1.513744	-1.440956	-0.07658	2.319496
cell_001833	donor_046	0.21377024317179533	-2.0627528843507275	-0.7366599712971655	0.829923	M	1.474839	0.039772	0.020896	-0.007463	-0.014023	0.021349	-0.060881	0.685162	1.702723	0.498227	-0.24912	0.395181
cell_001834	donor_046	0.2556979426576641	0.8088790483876852	0.8116877301452935	0.829923	M	-0.319477	0.042482	0.020896	-0.007463	-0.014023	0.021349	-0.060881	0.551638	1.477612	-1.101846	-1.324809	0.832735
cell_001835	donor_046	0.3921423192548947	0.5950022567472697	0.932937503446637	0.829923	M	-1.016603	0.04631	0.020896	-0.007463	-0.014023	0.021349	-0.060881	1.19184	-1.805673	0.743332	1.36268	-1.283617
cell_001836	donor_046	-1.0903499033746589	-0.531004229426864	1.7715811620379172	0.829923	M	1.203002	0.044258	0.020896	-0.007463	-0.014023	0.021349	-0.060881	0.853628	-0.344521	-2.206488	1.155345	-0.437301
cell_001837	donor_046	0.7029641637818038	-0.935215526729222	0.817650267695807	0.829923	M	-0.401866	0.000504	0.020896	-0.007463	-0.014023	0.021349	-0.060881	-0.292817	-0.416917	0.419986	-0.39887	-0.391161
cell_001838	donor_046	2.0413269660665523	-1.5926078207546501	-0.9940672472501828	0.829923	M	-0.601707	0.048149	0.020896	-0.007463	-0.014023	0.021349	-0.060881	0.521783	1.493668	-1.300444	-0.214917	1.059567
cell_001839	donor_046	0.6891515523294526	-0.06366587961662223	0.06977264536575392	0.829923	M	0.831051	0.048486	0.020896	-0.007463	-0.014023	0.021349	-0.060881	-1.194364	1.259124	-1.011076	0.756337	0.094096
cell_001840	donor_046	-0.18435201441018492	-0.9257249111387865	0.08968395944970389	0.829923	M	-0.675082	0.003889	0.020896	-0.007463	-0.014023	0.021349	-0.060881	-0.690053	-1.079988	0.159606	-0.368208	0.181383
cell_001841	donor_046	-1.6481873174420305	-0.6731890128938615	-0.042704879845997905	0.829923	M	-0.186608	0.007296	0.020896	-0.007463	-0.014023	0.021349	-0.060881	2.083593	-0.146927	0.364181	0.847149	1.474756
cell_001842	donor_046	0.6401791907709079	0.10565953757043603	-1.8456930750460994	0.829923	M	1.918512	0.020517	0.020896	-0.007463	-0.014023	0.021349	-0.060881	1.230578	0.082352	0.266673	1.17766	-1.483507
cell_001843	donor_046	-0.4600903317808384	-0.7586244288283203	1.1006757363900506	0.829923	M	-0.542419	0.022026	0.020896	-0.007463	-0.014023	0.021349	-0.060881	1.553044	-1.936602	-1.820908	-1.059052	0.955002
cell_001844	donor_046	1.5312787573611915	0.7748056950333514	-0.6530747327724654	0.829923	M	0.37592	0.066036	0.020896	-0.007463	-0.014023	0.021349	-0.060881	-0.787589	-0.675986	0.376031	-0.926489	0.289679
cell_001845	donor_047	1.280540776696395	0.3071774619311035	0.5026761394834123	1.394976	M	-0.242502	0.001398	0.003755	0.000888	-0.055239	-0.001963	-0.014958	1.479747	1.365907	-0.119656	-1.233134	1.525354
cell_001846	donor_047	-1.1389791635213822	-0.6265067327396403	0.014944067330596887	1.394976	M	-2.029655	0.045908	0.003755	0.000888	-0.055239	-0.001963	-0.014958	0.128299	-0.847711	-0.879694	1.013491	-0.847291
cell_001847	donor_047	-0.75671815389459	0.5249781306189939	-0.28665018714534785	1.394976	M	1.800686	0.038212	0.003755	0.000888	-0.055239	-0.001963	-0.014958	1.403896	0.672221	0.45366	2.387697	0.385817
cell_001848	donor_047	-0.3923715266423694	-0.28490795493647864	-1.4793296523659725	1.394976	M	2.810725	0.035713	0.003755	0.000888	-0.055239	-0.001963	-0.014958	0.142971	-0.974014	-0.281343	0.523401	-1.587253
cell_001849	donor_047	-0.2062151496901272	1.5566722713882875	-0.39230947366289876	1.394976	M	-0.4388	0.009281	0.003755	0.000888	-0.055239	-0.001963	-0.014958	-0.006732	-1.088044	1.011222	0.075791	-0.829763
cell_001850	donor_047	0.10205865305557599	0.6184099049734969	0.3084014884915235	1.394976	M	-0.405298	0.02214	0.003755	0.000888	-0.055239	-0.001963	-0.014958	0.310818	0.477493	0.209871	0.530946	-0.77531
cell_001851	donor_047	0.5799598765635393	0.3361921839378054	1.5793041207400385	1.394976	M	1.057103	0.013403	0.003755	0.000888	-0.055239	-0.001963	-0.014958	0.222452	0.968361	-0.261688	-0.778904	-0.385941
cell_001852	donor_047	0.6046712671531755	-0.20917278017503585	-0.627232141268925	1.394976	M	-0.125522	0.008498	0.003755	0.000888	-0.055239	-0.001963	-0.014958	0.740437	1.551467	-1.337135	1.021532	1.05611
cell_001853	donor_047	2.107766462445475	-0.6676028985929047	-0.40760020302223365	1.394976	M	-0.155027	0.02364	0.003755	0.000888	-0.055239	-0.001963	-0.014958	-0.408715	0.470129	1.008603	-0.198273	2.32225
cell_001854	donor_047	1.7474351171573845	1.8542987059532803	0.5950866424994168	1.394976	M	0.163176	0.011557	0.003755	0.000888	-0.055239	-0.001963	-0.014958	-0.584687	0.563493	-0.957793	-0.861375	-1.195625
cell_001855	donor_047	0.2294748903649789	-1.0870443637714162	1.3202623743088893	1.394976	M	0.657621	0.017913	0.003755	0.000888	-0.055239	-0.001963	-0.014958	0.333656	1.849706	-0.209455	-0.397028	2.909189
cell_001856	donor_047	0.6102317626122272	-0.9875509726198061	-0.9621109768976082	1.394976	M	-1.382069	0.016306	0.003755	0.000888	-0.055239	-0.001963	-0.014958	0.014069	-0.399984	1.72499	-0.145503	-0.338626
cell_001857	donor_047	1.5586165821404454	1.0142235516635623	1.8760170273354968	1.394976	M	-2.28555	0.023913	0.003755	0.000888	-0.055239	-0.001963	-0.014958	0.321877	-0.407777	0.195343	0.303172	-0.353992
cell_001858	donor_047	0.7428395375901504	-0.8096774728768635	0.7636495748501401	1.394976	M	0.871491	0.03022	0.003755	0.000888	-0.055239	-0.001963	-0.014958	2.16211	-1.203285	-0.885254	-1.023237	-0.140566
cell_001859	donor_047	0.09072632596773406	-0.7198846108035099	-0.055384296117413676	1.394976	M	-1.337253	0.014823	0.003755	0.000888	-0.055239	-0.001963	-0.014958	-1.374099	-0.554891	0.354059	3.175217	-0.744928
cell_001860	donor_047	-1.1818693519235564	-0.09718646664345948	0.6429221350727715	1.394976	M	-0.646214	0.025784	0.003755	0.000888	-0.055239	-0.001963	-0.014958	-0.617695	0.45336	0.763674	-0.017517	-0.126101
cell_001861	donor_047	-1.8278231807171375	0.9537482440104696	-1.0951300649520364	1.394976	M	0.177197	0.062597	0.003755	0.000888	-0.055239	-0.001963	-0.014958	3.079186	1.194537	-0.24854	1.646283	-0.010263
cell_001862	donor_047	0.5452166998115083	-0.5484970305115753	0.7191408948937356	1.394976	M	0.035354	0.052325	0.003755	0.000888	-0.055239	-0.001963	-0.014958	1.050939	1.337884	-0.025611	-0.402458	-0.463359
cell_001863	donor_047	-0.2701600611250106	0.8835158446404	-1.3319609233672993	1.394976	M	-0.058575	0.027005	0.003755	0.000888	-0.055239	-0.001963	-0.014958	1.450152	-1.132351	-2.494486	-0.07224	-1.146186
cell_001864	donor_047	1.8721085273612401	-0.7681840961113678	0.7423704389464123	1.394976	M	-0.471659	0.083354	0.003755	0.000888	-0.055239	-0.001963	-0.014958	0.616043	-1.287073	-0.908316	2.426889	1.775765
cell_001865	donor_047	0.5704030259835943	-0.7528119645986289	0.4590000204668427	1.394976	M	0.834491	0.042475	0.003755	0.000888	-0.055239	-0.001963	-0.014958	0.88017	2.68724	-1.086553	0.270622	0.12356
cell_001866	donor_047	0.5019588530221238	0.9486969189960751	0.3062922592022964	1.394976	M	-0.736226	0.022212	0.003755	0.000888	-0.055239	-0.001963	-0.014958	0.573904	-0.727068	-0.822157	-2.071102	0.984671
cell_001867	donor_047	-1.0201705566221166	-0.058434647052163495	0.6191207251406244	1.394976	M	1.418988	0.022133	0.003755	0.000888	-0.055239	-0.001963	-0.014958	-0.31396	-0.304185	-1.791289	-0.918597	0.104012
cell_001868	donor_047	0.5042446500288261	1.2882640219157577	-1.635918697260264	1.394976	M	0.404864	0.018367	0.003755	0.000888	-0.055239	-0.001963	-0.014958	-0.764221	0.636824	0.961727	-1.86649	-0.438497
cell_001869	donor_047	0.13637760069901753	-0.08659738416236461	-1.1036891333962218	1.394976	M	0.402273	0.041556	0.003755	0.000888	-0.055239	-0.001963	-0.014958	-1.370727	0.835522	-0.457934	0.84955	0.183716
cell_001870	donor_047	0.46759187734492536	-0.37035404195149263	0.6027427662017854	1.394976	M	0.055086	0.014721	0.003755	0.000888	-0.055239	-0.001963	-0.014958	1.523021	-0.346035	0.002211	-0.636134	2.427441
cell_001871	donor_047	0.8992214356847243	0.09704763288922628	-0.15706312971656775	1.394976	M	-0.121059	0.012953	0.003755	0.000888	-0.055239	-0.001963	-0.014958	-0.871923	-0.751362	0.281699	-1.554075	-0.475523
cell_001872	donor_047	-0.9104747592468345	-0.020851352992931664	-0.05349543978271676	1.394976	M	0.995191	0.050967	0.003755	0.000888	-0.055239	-0.001963	-0.014958	-0.045493	-0.85816	-1.129576	0.180065	0.409367
cell_001873	donor_047	0.5169262132963922	2.5516088519445184	1.3682867941017374	1.394976	M	-0.935305	0.01328	0.003755	0.000888	-0.055239	-0.001963	-0.014958	-0.443078	-0.087367	0.990866	2.203498	0.610401
cell_001874	donor_047	0.6252090483482045	0.043172363353634884	-1.3429859279621892	1.394976	M	1.326286	0.085278	0.003755	0.000888	-0.055239	-0.001963	-0.014958	-2.287211	0.961163	0.91146	-1.400813	-0.281517
cell_001875	donor_047	-0.4519043317206596	-0.541736048371052	1.8469527115906255	1.394976	M	-0.179671	0.040204	0.003755	0.000888	-0.055239	-0.001963	-0.014958	0.312925	-1.578074	-0.278647	-1.24905	1.861644
cell_001876	donor_047	0.6838459642317315	-0.714164145426493	1.1093217035159915	1.394976	M	-0.553382	0.023045	0.003755	0.000888	-0.055239	-0.001963	-0.014958	2.0531	-0.859025	0.462991	-0.538367	-0.534032
cell_001877	donor_047	0.39785396316715693	0.6449735555979766	-0.4864446654897797	1.394976	M	1.724602	0.055256	0.003755	0.000888	-0.055239	-0.001963	-0.014958	-0.257283	0.372588	-1.664439	1.182806	0.063916
cell_001878	donor_047	0.9339221392813142	0.9018355846915723	1.3736259707459266	1.394976	M	0.907229	0.030989	0.003755	0.000888	-0.055239	-0.001963	-0.014958	0.180563	-0.127035	0.795234	-0.817343	0.124102
cell_001879	donor_047	-0.7815693638909066	-0.25141791321074697	-0.05891947026924336	1.394976	M	0.028716	0.014674	0.003755	0.000888	-0.055239	-0.001963	-0.014958	0.421541	-0.886248	-0.816899	0.278347	0.655467
cell_001880	donor_048	1.0196168866373418	0.3632522329429853	-0.44389671131353353	-0.865238	M	-0.299298	0.051972	-0.001341	-0.027704	0.009572	-0.01717	-0.023666	-2.069726	0.389358	-0.079473	0.42547	-0.434444
cell_001881	donor_048	0.3135974855736388	0.3082903979833065	-0.19428714156605711	-0.865238	M	-0.00604	0.04512	-0.001341	-0.027704	0.009572	-0.01717	-0.023666	-0.530568	-1.044992	0.655905	-0.089896	0.202892
cell_001882	donor_048	0.8051526235878838	-0.28425475291764	0.5197851842296766	-0.865238	M	-1.093944	0.057085	-0.001341	-0.027704	0.009572	-0.01717	-0.023666	0.060151	0.932651	0.134011	-0.09736	0.662062
cell_001883	donor_048	0.9611024032681217	2.051241385728705	0.35239533625213165	-0.865238	M	1.326435	0.057369	-0.001341	-0.027704	0.009572	-0.01717	-0.023666	0.298623	-0.630874	1.117731	1.178476	1.089954
cell_001884	donor_048	1.171863308014248	0.6943243538869494	-0.11302808976396206	-0.865238	M	0.35254	0.046007	-0.001341	-0.027704	0.009572	-0.01717	-0.023666	-0.488401	-0.638924	0.888281	0.185289	-2.599688
cell_001885	donor_048	0.5784037819521626	3.0286262159250255	0.5068475515753791	-0.865238	M	1.262615	0.020543	-0.001341	-0.027704	0.009572	-0.01717	-0.023666	0.949129	-0.036289	1.079963	-1.137746	-1.365871
cell_001886	donor_048	0.20778945062758414	-0.9592283739292993	-1.3865771367780828	-0.865238	M	-0.144666	0.013561	-0.001341	-0.027704	0.009572	-0.01717	-0.023666	1.378164	-0.216199	-1.477892	-1.502019	-0.284204
cell_001887	donor_048	-0.8817343864959253	-0.47672984502842647	0.11082287706569328	-0.865238	M	-1.409618	0.054084	-0.001341	-0.027704	0.009572	-0.01717	-0.023666	0.319247	0.209848	0.899647	-0.49231	0.730047
cell_001888	donor_048	-0.1854061387550216	1.429959559130968	1.1063443116830838	-0.865238	M	0.03296	0.045051	-0.001341	-0.027704	0.009572	-0.01717	-0.023666	-0.055324	1.23749	-0.163252	-0.289186	0.912301
cell_001889	donor_048	0.3329118971614367	1.7322061030929907	0.458727288335107	-0.865238	M	-0.886066	0.0349	-0.001341	-0.027704	0.009572	-0.01717	-0.023666	1.69557	-0.92647	-0.003009	-0.711941	-0.610615
cell_001890	donor_048	0.5069914830762766	-1.5936791848362075	0.2218410895956785	-0.865238	M	0.67487	0.015026	-0.001341	-0.027704	0.009572	-0.01717	-0.023666	1.266284	-0.103228	0.285274	1.023695	0.653547
cell_001891	donor_048	-1.5657612058695836	-0.4885242294839701	1.0535191851180001	-0.865238	M	2.235374	0.022844	-0.001341	-0.027704	0.009572	-0.01717	-0.023666	1.641855	-0.500025	1.686251	0.382374	-0.884142
cell_001892	donor_048	-0.8699451756167473	1.253402289763536	-0.13217761902242428	-0.865238	M	0.890134	0.043465	-0.001341	-0.027704	0.009572	-0.01717	-0.023666	0.323543	1.022801	1.340152	0.709042	-0.294166
cell_001893	donor_048	-0.47716614710535865	-1.0390234774197888	-0.1474547486444643	-0.865238	M	-1.604803	0.009661	-0.001341	-0.027704	0.009572	-0.01717	-0.023666	-0.774253	0.734016	-0.741979	0.397184	-1.247207
cell_001894	donor_048	1.5954855059608133	-0.521249630269146	-0.5381946665349097	-0.865238	M	1.430473	0.049979	-0.001341	-0.027704	0.009572	-0.01717	-0.023666	1.002166	-0.677312	-1.591254	1.472973	-3.171102
cell_001895	donor_048	-0.5501106766229689	0.4123094120801942	-0.7795209955609732	-0.865238	M	1.122938	0.044425	-0.001341	-0.027704	0.009572	-0.01717	-0.023666	-0.071995	1.031113	-1.418209	0.276773	-1.127183
cell_001896	donor_048	-0.010020402006327119	2.0055874979296417	-0.013080503579252747	-0.865238	M	1.646215	0.047741	-0.001341	-0.027704	0.009572	-0.01717	-0.023666	-1.430812	0.359166	-1.570285	1.372685	0.907148
cell_001897	donor_048	-1.6915098486753921	-0.7924742333529995	1.1280943153195613	-0.865238	M	0.624393	0.012806	-0.001341	-0.027704	0.009572	-0.01717	-0.023666	0.772468	0.262714	-0.465363	-0.83155	-0.789248
cell_001898	donor_048	-0.30738374860358214	-0.4180100886398051	1.8769297086942256	-0.865238	M	-0.050547	0.01374	-0.001341	-0.027704	0.009572	-0.01717	-0.023666	0.511732	1.430644	1.053825	-1.027563	0.361875
cell_001899	donor_048	0.03435535279694392	0.6360734190166933	1.481333864578598	-0.865238	M	-0.640223	0.069476	-0.001341	-0.027704	0.009572	-0.01717	-0.023666	0.460415	-0.163575	-0.523513	-0.131042	-0.778336
cell_001900	donor_048	-0.8599324970191307	-1.0194391269362746	3.0219726354659704	-0.865238	M	0.597568	0.049746	-0.001341	-0.027704	0.009572	-0.01717	-0.023666	-0.025234	-0.834498	0.584993	1.137013	-0.493443
cell_001901	donor_048	-0.9705807838337834	0.9664203057181647	0.19188654403842634	-0.865238	M	1.375716	0.030269	-0.001341	-0.027704	0.009572	-0.01717	-0.023666	-0.180479	-0.077079	0.931726	-1.636698	-1.676446
cell_001902	donor_048	1.2548184752777347	-0.6512749995312483	-0.8096099444461408	-0.865238	M	0.18553	0.04803	-0.001341	-0.027704	0.009572	-0.01717	-0.023666	-1.133976	-2.127972	-0.204161	0.276296	-0.073782
cell_001903	donor_048	0.501821156657134	-0.7417575232102442	-1.9082629447733404	-0.865238	M	-0.470376	0.034025	-0.001341	-0.027704	0.009572	-0.01717	-0.023666	-1.776712	-0.567158	0.212735	0.042535	0.399916
cell_001904	donor_048	-0.06974285583379014	0.43202721760271007	0.06956199947778884	-0.865238	M	1.75075	0.008233	-0.001341	-0.027704	0.009572	-0.01717	-0.023666	-0.401482	0.215372	-1.035983	-0.848751	0.167205
cell_001905	donor_048	-0.10846624800871954	1.05870002570382	-1.1408861033909743	-0.865238	M	-0.279389	0.028967	-0.001341	-0.027704	0.009572	-0.01717	-0.023666	1.63048	-0.778809	1.477341	-0.160046	-1.032951
cell_001906	donor_048	0.5224392884551027	-0.12450057050849204	0.8055151919104429	-0.865238	M	-0.228108	0.023681	-0.001341	-0.027704	0.009572	-0.01717	-0.023666	1.191179	0.427903	-1.541839	1.188324	0.119746
cell_001907	donor_048	-0.5593679251270384	-1.3979582264135846	1.849374691529969	-0.865238	M	0.364395	0.021969	-0.001341	-0.027704	0.009572	-0.01717	-0.023666	-1.275518	-0.266138	-0.503703	0.35645	-0.604801
cell_001908	donor_048	0.4070136203856086	-1.564266526353434	0.610750824891719	-0.865238	M	-1.39394	0.01771	-0.001341	-0.027704	0.009572	-0.01717	-0.023666	0.857193	1.297933	2.070828	-0.441996	-0.068538
cell_001909	donor_048	0.5547793243738695	1.3228487686199557	2.3609406601720084	-0.865238	M	-1.53975	0.026256	-0.001341	-0.027704	0.009572	-0.01717	-0.023666	-1.227739	-1.504178	0.200233	0.425713	-1.214043
cell_001910	donor_048	-0.07608168515055656	-1.2098552889051053	-0.253226779810071	-0.865238	M	-0.36149	0.022177	-0.001341	-0.027704	0.009572	-0.01717	-0.023666	-1.724063	0.170888	-0.120672	1.188511	-1.630892
cell_001911	donor_048	-0.6975288159622864	0.6891687320527778	1.2993103649698754	-0.865238	M	-1.083268	0.023673	-0.001341	-0.027704	0.009572	-0.01717	-0.023666	-0.189468	0.879231	-0.716062	-0.369088	1.236364
cell_001912	donor_048	-0.15462245407694383	0.27279372600241275	-0.6950874966908706	-0.865238	M	-0.293117	0.01397	-0.001341	-0.027704	0.009572	-0.01717	-0.023666	1.032053	-0.613747	0.050658	-1.79154	-0.615733
cell_001913	donor_048	2.0392866029683776	2.253537818718032	-1.8458217815947884	-0.865238	M	0.634553	0.034505	-0.001341	-0.027704	0.009572	-0.01717	-0.023666	-0.024502	-1.009543	0.086304	-0.26662	-0.832903
cell_001914	donor_048	1.1937629630007764	0.2181872814490938	0.9952886791570049	-0.865238	M	-0.512013	0.023987	-0.001341	-0.027704	0.009572	-0.01717	-0.023666	-0.316189	0.006674	0.767372	-1.271401	0.661287
cell_001915	donor_048	0.4969603174543438	-1.0817686470001069	0.6870920284419053	-0.865238	M	0.312017	0.044689	-0.001341	-0.027704	0.009572	-0.01717	-0.023666	0.501307	0.191348	-0.659538	1.020896	-0.334
cell_001916	donor_048	0.1615926993147026	-0.197434451282	-1.049965858322685	-0.865238	M	-0.66209	0.033578	-0.001341	-0.027704	0.009572	-0.01717	-0.023666	-1.206967	0.520453	-0.411593	-0.086631	0.798896
cell_001917	donor_048	1.307009506287406	-0.567236976243753	1.000557237168356	-0.865238	M	1.020521	0.036468	-0.001341	-0.027704	0.009572	-0.01717	-0.023666	0.641481	0.342632	-0.317405	0.601895	-0.91875
cell_001918	donor_048	0.15837700281324493	1.4950636912581883	-1.3361197783187622	-0.865238	M	-0.437561	0.028901	-0.001341	-0.027704	0.009572	-0.01717	-0.023666	0.087296	-0.323547	0.569699	1.043308	-1.160939
cell_001919	donor_048	0.07438628259559667	1.1826765337218212	1.5391492842998467	-0.865238	M	1.6854	0.037698	-0.001341	-0.027704	0.009572	-0.01717	-0.023666	0.03827	0.933557	-0.111148	-0.029381	-1.456089
cell_001920	donor_048	-1.1889217404213182	-2.160488380651522	-2.064034762051309	-0.865238	M	0.036923	0.066833	-0.001341	-0.027704	0.009572	-0.01717	-0.023666	-1.21063	-1.247258	-0.918674	0.827024	0.072317
cell_001921	donor_048	1.1751976128581723	0.029280714937266306	0.31516208033114024	-0.865238	M	0.560898	0.036939	-0.001341	-0.027704	0.009572	-0.01717	-0.023666	0.190328	0.76352	1.13839	0.846519	1.122721
cell_001922	donor_048	-0.42867957101727855	0.5539536011292766	0.7674196651289409	-0.865238	M	0.506314	0.039215	-0.001341	-0.027704	0.009572	-0.01717	-0.023666	-0.853715	-0.434038	-0.597102	-1.097802	-1.240995
cell_001923	donor_048	-1.495557309692957	0.0977534210847801	0.8001576126552186	-0.865238	M	1.502774	0.036892	-0.001341	-0.027704	0.009572	-0.01717	-0.023666	-0.789615	-0.631306	1.94397	-0.31743	1.861268
cell_001924	donor_048	-1.8525747834520414	-0.2952122702783481	-0.3680690925766947	-0.865238	M	-1.484249	0.012998	-0.001341	-0.027704	0.009572	-0.01717	-0.023666	1.459559	0.447634	-0.047602	-0.555349	0.476168
cell_001925	donor_048	1.909407477494885	0.9874798476361916	2.058790005669513	-0.865238	M	0.572095	0.042177	-0.001341	-0.027704	0.009572	-0.01717	-0.023666	0.347619	0.008992	1.110379	-1.708037	0.032826
cell_001926	donor_048	-1.1863076278263498	0.1190545611844285	0.7132802080603168	-0.865238	M	-0.55962	0.040638	-0.001341	-0.027704	0.009572	-0.01717	-0.023666	-0.192481	-0.625995	-0.098689	-0.09837	-0.259577
cell_001927	donor_049	-0.9101398181532216	-0.7562691542559036	-0.00475013910657749	-1.218397	M	0.540915	0.040592	-0.040181	-0.011922	0.016857	-0.003181	0.003135	-0.677695	0.601759	-0.273534	0.837318	-0.797527
cell_001928	donor_049	1.2601008664699875	1.2937247928190247	0.13965149228058868	-1.218397	M	-0.783874	0.036231	-0.040181	-0.011922	0.016857	-0.003181	0.003135	1.79575	-0.576442	-1.032552	0.044784	-0.127607
cell_001929	donor_049	-0.9761306862432186	0.6757409259945849	-0.5792974900892618	-1.218397	M	-1.618941	0.014147	-0.040181	-0.011922	0.016857	-0.003181	0.003135	-0.489042	0.797177	1.697714	-0.340435	-1.231213
cell_001930	donor_049	0.5503740466280288	-0.15326693708553327	-1.973710736170218	-1.218397	M	-0.561099	0.022588	-0.040181	-0.011922	0.016857	-0.003181	0.003135	-0.46636	0.093063	0.951347	-1.032001	-0.887745
cell_001931	donor_049	0.8313280549917076	0.2378464633080001	0.7068193982679098	-1.218397	M	0.420061	0.041151	-0.040181	-0.011922	0.016857	-0.003181	0.003135	-0.41679	0.869973	2.374031	-2.124755	-0.076049
cell_001932	donor_049	1.5355655156219128	2.5011494548918445	0.09266295741506768	-1.218397	M	-0.728554	0.032333	-0.040181	-0.011922	0.016857	-0.003181	0.003135	0.682843	0.60485	1.106186	0.980054	1.303813
cell_001933	donor_049	0.5119312221382233	-0.5164740358791788	0.1381106168076532	-1.218397	M	-1.050097	0.018496	-0.040181	-0.011922	0.016857	-0.003181	0.003135	0.785711	-0.196384	0.591544	-0.015861	0.29261
cell_001934	donor_049	0.815580736536358	2.341792177511595	-0.14392799251665991	-1.218397	M	-1.79698	0.018419	-0.040181	-0.011922	0.016857	-0.003181	0.003135	1.611811	-3.166275	1.187433	-0.870278	-0.320582
cell_001935	donor_049	-1.0438083963450864	0.1786800930990793	0.04031498822088867	-1.218397	M	-1.454206	0.066642	-0.040181	-0.011922	0.016857	-0.003181	0.003135	-0.738082	-0.973957	-1.24004	2.016629	-0.209934
cell_001936	donor_049	-0.7101122236782937	1.0712453792053152	-1.3149231336695895	-1.218397	M	-1.355991	0.012176	-0.040181	-0.011922	0.016857	-0.003181	0.003135	-0.804495	-0.449638	0.731866	-1.49761	0.657391
cell_001937	donor_049	-0.445630352835046	0.9945977953574615	0.384230634840412	-1.218397	M	-0.35085	0.006069	-0.040181	-0.011922	0.016857	-0.003181	0.003135	0.423254	0.248121	-1.082623	0.812492	-1.371785
cell_001938	donor_049	-0.7673619996786284	-0.6532543330292184	-0.6088021045578523	-1.218397	M	1.297434	0.057428	-0.040181	-0.011922	0.016857	-0.003181	0.003135	0.546601	0.583273	0.021477	-1.489846	0.040615
cell_001939	donor_049	-0.40567189510958224	0.24310527202163515	-1.537776022596862	-1.218397	M	0.367009	0.010912	-0.040181	-0.011922	0.016857	-0.003181	0.003135	-0.591313	1.207	0.406539	0.158349	0.857331
cell_001940	donor_049	-1.0378294387482259	1.2147468338721248	-1.9925898523074816	-1.218397	M	-0.020067	0.04821	-0.040181	-0.011922	0.016857	-0.003181	0.003135	-0.160673	-0.0577	-1.691273	-2.28224	0.290086
cell_001941	donor_049	0.13891722164727763	0.3967465795126843	0.13432482700573817	-1.218397	M	-0.050893	0.043818	-0.040181	-0.011922	0.016857	-0.003181	0.003135	-0.569248	1.881257	-0.70765	-0.837362	1.928598
cell_001942	donor_049	0.38816971487161067	-0.3484241950999206	0.6389754960351615	-1.218397	M	0.119033	0.017901	-0.040181	-0.011922	0.016857	-0.003181	0.003135	0.537394	-0.090503	-0.865638	0.884675	1.479543
cell_001943	donor_049	-1.3706780642902974	0.7887730793802207	0.1503600242211498	-1.218397	M	0.539877	0.027047	-0.040181	-0.011922	0.016857	-0.003181	0.003135	-1.143931	-0.32492	-0.580449	-1.042576	-0.804173
cell_001944	donor_049	-0.048307283668291956	0.3687792276388611	1.2263821104913688	-1.218397	M	-0.247143	0.041981	-0.040181	-0.011922	0.016857	-0.003181	0.003135	1.493904	0.149743	0.637689	-0.127206	-0.749603
cell_001945	donor_049	-1.322794765300966	-0.06153158336010616	-0.7657461758100613	-1.218397	M	0.039565	0.006478	-0.040181	-0.011922	0.016857	-0.003181	0.003135	0.644488	-2.258278	1.076389	-0.056427	0.171646
cell_001946	donor_049	-0.15634561717927806	0.33014494635218705	0.44106638675849796	-1.218397	M	1.085876	0.032562	-0.040181	-0.011922	0.016857	-0.003181	0.003135	0.538423	-0.787396	-0.465079	2.564032	0.336775
cell_001947	donor_049	0.3387331483340387	0.7777542321697749	-0.2959175316760971	-1.218397	M	-0.903495	0.050749	-0.040181	-0.011922	0.016857	-0.003181	0.003135	-0.573499	-0.867499	-0.09087	-0.671465	0.020985
cell_001948	donor_049	0.6621806915738253	0.30556587864190776	0.023078115450221596	-1.218397	M	1.674148	0.032912	-0.040181	-0.011922	0.016857	-0.003181	0.003135	-0.65896	0.467596	0.986283	-0.328528	0.730992
cell_001949	donor_049	0.4751863668268219	-1.920511700590317	0.46467971525178553	-1.218397	M	-1.046901	0.07213	-0.040181	-0.011922	0.016857	-0.003181	0.003135	0.528422	0.824671	1.37647	-0.795139	0.709151
cell_001950	donor_049	2.10142533536142	2.3246931812432963	-0.5191051075626563	-1.218397	M	0.689897	0.037136	-0.040181	-0.011922	0.016857	-0.003181	0.003135	2.649198	-1.04049	-0.791091	-0.63834	-0.621035
cell_001951	donor_049	1.2565257805437453	1.8960118115677174	-0.9876219175021613	-1.218397	M	0.127426	0.003986	-0.040181	-0.011922	0.016857	-0.003181	0.003135	-0.246091	-0.445481	0.545262	-1.01183	-0.232159
cell_001952	donor_049	0.8210416857139244	1.5330138791146688	1.0414913883821728	-1.218397	M	-0.69829	0.041277	-0.040181	-0.011922	0.016857	-0.003181	0.003135	-1.355754	-1.407712	1.074914	-1.444588	1.518576
cell_001953	donor_049	-0.7823538669351893	-0.5271830374861818	0.2374738309458821	-1.218397	M	0.421855	0.055316	-0.040181	-0.011922	0.016857	-0.003181	0.003135	-0.864926	1.122365	-0.374583	0.131558	-0.775686
cell_001954	donor_049	1.5072625605632484	-2.817236777068155	-0.9020539125000917	-1.218397	M	0.814398	0.037318	-0.040181	-0.011922	0.016857	-0.003181	0.003135	0.304495	1.015948	-1.113584	1.67445	0.375245
cell_001955	donor_049	0.1464261806601194	0.20351291463057278	-0.5416997217992185	-1.218397	M	-0.426168	0.022978	-0.040181	-0.011922	0.016857	-0.003181	0.003135	1.315996	-1.159209	0.624071	1.374202	0.201353
cell_001956	donor_049	-1.2739823739913185	-1.5392662420928924	0.4911643008794311	-1.218397	M	-2.053866	0.019919	-0.040181	-0.011922	0.016857	-0.003181	0.003135	1.066769	0.933192	-0.252366	-0.157303	-1.121782
cell_001957	donor_049	-0.0659672122964104	-1.5424606285266138	-0.28824706766622843	-1.218397	M	-1.267162	0.024052	-0.040181	-0.011922	0.016857	-0.003181	0.003135	0.784419	2.193941	0.237502	0.277528	-0.531666
cell_001958	donor_049	1.0479474579594064	0.15146753000704802	-1.1032510531735382	-1.218397	M	-0.462079	0.061819	-0.040181	-0.011922	0.016857	-0.003181	0.003135	-1.648242	0.176399	-0.520039	-0.165655	0.977322
cell_001959	donor_049	-0.5704302632489673	-0.41480604664363946	1.5128161036295125	-1.218397	M	-0.066913	0.005183	-0.040181	-0.011922	0.016857	-0.003181	0.003135	-0.888287	0.721954	-0.588747	0.148363	1.002756
cell_001960	donor_049	-1.7468669827364969	1.4701026386408285	0.3505476814613158	-1.218397	M	0.259905	0.023648	-0.040181	-0.011922	0.016857	-0.003181	0.003135	0.755714	0.191352	-0.147796	-0.022601	-0.20617
cell_001961	donor_049	-0.08622376503598211	0.012558618673231822	0.04371870052367693	-1.218397	M	-0.664582	0.038065	-0.040181	-0.011922	0.016857	-0.003181	0.003135	-1.147648	0.742541	-1.575126	-0.17465	-0.017448
cell_001962	donor_049	-2.138304240051401	-0.4138453654882367	-0.6309194703367089	-1.218397	M	1.017768	0.020453	-0.040181	-0.011922	0.016857	-0.003181	0.003135	-1.443965	0.607868	1.289611	1.506059	0.482344
cell_001963	donor_049	-0.3517415114932002	1.0802482762832064	1.1853424386906475	-1.218397	M	0.324269	0.009717	-0.040181	-0.011922	0.016857	-0.003181	0.003135	-0.636442	-0.656581	0.70729	0.789447	-0.431614
cell_001964	donor_049	0.0585951311705398	0.8951091874846795	-0.5066541018593888	-1.218397	M	0.859011	0.037819	-0.040181	-0.011922	0.016857	-0.003181	0.003135	-0.035396	1.295893	1.135125	0.695123	0.109568
cell_001965	donor_049	-0.491115919704284	-1.4173164503947038	-0.01786718158173189	-1.218397	M	-0.296484	0.000525	-0.040181	-0.011922	0.016857	-0.003181	0.003135	0.195463	0.098749	-2.621854	-0.731766	-1.491894
cell_001966	donor_049	0.22451222105273144	-2.0719453742410523	0.3534918530046235	-1.218397	M	-0.059741	0.035674	-0.040181	-0.011922	0.016857	-0.003181	0.003135	-1.113051	1.145131	1.525962	-0.181789	-1.022309
cell_001967	donor_049	-0.2187677530616992	-1.2459530671951597	-1.0489796647830296	-1.218397	M	0.05468	0.036974	-0.040181	-0.011922	0.016857	-0.003181	0.003135	0.828797	1.202992	-0.088033	-0.65256	0.268263
cell_001968	donor_049	0.6207177356415547	-1.233321874055701	-0.9220141342216669	-1.218397	M	1.201089	0.01616	-0.040181	-0.011922	0.016857	-0.003181	0.003135	0.950165	1.460492	0.028391	-0.563731	1.017336
cell_001969	donor_049	1.64868870159855	-2.0957847559930336	-0.04907455500698013	-1.218397	M	-2.561291	0.049984	-0.040181	-0.011922	0.016857	-0.003181	0.003135	0.134849	1.151171	0.089704	-0.999936	1.234293
cell_001970	donor_049	-0.590848693344529	-0.8514064318735577	1.2244215488295882	-1.218397	M	-1.117743	0.031081	-0.040181	-0.011922	0.016857	-0.003181	0.003135	3.183767	1.096332	-1.934168	-1.051442	0.571105
cell_001971	donor_049	-0.3088424681566503	-0.4696590603825958	0.3843528588415896	-1.218397	M	-0.632306	0.025103	-0.040181	-0.011922	0.016857	-0.003181	0.003135	0.954058	0.48657	-0.853555	-1.023486	-0.68001
cell_001972	donor_049	0.16826101355835293	0.4999484583461594	-1.8218833511024843	-1.218397	M	-0.452343	0.064884	-0.040181	-0.011922	0.016857	-0.003181	0.003135	0.541076	0.143074	-0.105843	-0.250197	0.132924
cell_001973	donor_050	1.1355886387852718	-0.4946060743446258	0.7828918294173393	0.971186	M	0.154119	0.061264	0.0141	0.013115	0.039207	-0.001454	-0.010876	-1.546173	2.035848	1.71624	1.152858	-0.778343
cell_001974	donor_050	-0.15023007586601017	-0.9566068627728707	-0.6795942246512281	0.971186	M	-1.193284	0.028199	0.0141	0.013115	0.039207	-0.001454	-0.010876	1.258463	-0.982658	-1.271426	-0.107337	-1.188043
cell_001975	donor_050	-0.40665420328132107	-0.3523262238818675	-0.18801301774391876	0.971186	M	0.390228	0.036794	0.0141	0.013115	0.039207	-0.001454	-0.010876	0.172453	0.971452	-1.361812	2.780944	1.239091
cell_001976	donor_050	-0.6231800319133167	-0.5883922191257305	0.64110985401249	0.971186	M	-0.590547	0.040786	0.0141	0.013115	0.039207	-0.001454	-0.010876	1.136325	-0.895815	0.755931	0.349415	1.626977
cell_001977	donor_050	1.2909425988722476	-0.9622613293799515	-0.04994808117269634	0.971186	M	0.2871	0.028573	0.0141	0.013115	0.039207	-0.001454	-0.010876	2.975671	-2.371662	1.479019	1.560634	0.508159
cell_001978	donor_050	-0.039920970499716976	-0.0928832083362204	-0.5191996859976737	0.971186	M	-0.253003	0.013838	0.0141	0.013115	0.039207	-0.001454	-0.010876	-0.170562	-0.22442	0.256643	0.844129	-1.184127
cell_001979	donor_050	-0.34432489380696013	-0.8080710350306624	2.509171240130302	0.971186	M	-0.233128	0.011147	0.0141	0.013115	0.039207	-0.001454	-0.010876	-0.897993	0.262052	-1.496985	-1.954	-1.272958
cell_001980	donor_050	1.0683828415450687	-0.9448849493528313	-1.8673854950231987	0.971186	M	-0.623985	0.044136	0.0141	0.013115	0.039207	-0.001454	-0.010876	0.363527	-0.114747	2.560389	-0.135358	0.42017
cell_001981	donor_050	0.5978867099973467	-0.5085490079337285	-0.8483453975434055	0.971186	M	-0.15062	0.068794	0.0141	0.013115	0.039207	-0.001454	-0.010876	-0.648711	0.383799	0.561016	-0.277952	-0.375975
cell_001982	donor_050	0.5746858105630176	-1.0153331498766665	1.5789220458362399	0.971186	M	-1.116294	0.009533	0.0141	0.013115	0.039207	-0.001454	-0.010876	-0.019156	-0.608823	0.94756	0.346131	0.365592
cell_001983	donor_050	-0.15356870809418627	0.22366406659576277	-0.43665864828960776	0.971186	M	0.302882	0.01978	0.0141	0.013115	0.039207	-0.001454	-0.010876	0.027334	1.860703	-0.984711	-0.00715	-0.48852
cell_001984	donor_050	-0.7216959436832416	0.4105409302223776	1.0146533382464025	0.971186	M	0.605024	0.006766	0.0141	0.013115	0.039207	-0.001454	-0.010876	-1.310036	0.474684	-0.618257	-0.540849	0.672468
cell_001985	donor_050	1.221174263243478	-0.3220112639313715	0.14787550226995422	0.971186	M	-0.205984	0.046809	0.0141	0.013115	0.039207	-0.001454	-0.010876	1.350125	0.129367	-0.186479	-0.22243	2.082684
cell_001986	donor_050	-0.8061114041633187	-0.12887007822031132	0.7109088005373203	0.971186	M	1.29534	0.023518	0.0141	0.013115	0.039207	-0.001454	-0.010876	-1.498536	0.442516	2.515229	-0.52708	-0.158137
cell_001987	donor_050	-0.12274917282390202	-0.5995347594311196	-1.0726156221050258	0.971186	M	-1.039859	0.036178	0.0141	0.013115	0.039207	-0.001454	-0.010876	0.212809	0.035149	-1.320808	-0.883029	-0.977389
cell_001988	donor_050	-1.3623631605709103	0.6319591977493669	-0.3479297919390186	0.971186	M	-0.739991	0.008234	0.0141	0.013115	0.039207	-0.001454	-0.010876	0.998193	0.088894	-0.184995	0.759136	-1.415045
cell_001989	donor_050	-0.3637213018084689	-2.1751102823538395	-0.2211959795794812	0.971186	M	0.676511	0.030592	0.0141	0.013115	0.039207	-0.001454	-0.010876	1.088159	0.211318	1.176554	-0.75357	0.730948
cell_001990	donor_050	2.2860194542181853	0.9897042732934738	0.5538825128506959	0.971186	M	-0.282059	0.044092	0.0141	0.013115	0.039207	-0.001454	-0.010876	0.325482	1.268222	-0.797803	0.477426	0.322119
cell_001991	donor_050	-0.8146446461342556	-1.0720823818156913	-1.1402509906976315	0.971186	M	2.212561	0.028835	0.0141	0.013115	0.039207	-0.001454	-0.010876	-2.250046	0.866755	-0.555399	2.255114	1.288685
cell_001992	donor_050	-0.1073033910937136	-0.6803669324511423	-2.7403887403977536	0.971186	M	0.969102	0.043972	0.0141	0.013115	0.039207	-0.001454	-0.010876	0.344771	1.023609	1.708282	0.774916	-0.605486
cell_001993	donor_050	0.012732864176656263	1.5670371684470255	-0.10009212963358702	0.971186	M	-2.016996	0.030187	0.0141	0.013115	0.039207	-0.001454	-0.010876	-0.369038	-2.28696	0.496468	1.317511	1.063156
cell_001994	donor_050	-0.2650309644822822	-0.8426747234280683	0.23941319773108843	0.971186	M	1.681693	0.066086	0.0141	0.013115	0.039207	-0.001454	-0.010876	-0.590901	0.210355	-1.476493	0.552918	0.150072
cell_001995	donor_050	0.8026695470698342	-0.49131219644687973	-1.1648335052628485	0.971186	M	0.551226	0.020751	0.0141	0.013115	0.039207	-0.001454	-0.010876	2.628688	-1.39746	-2.390387	-0.371537	1.756554
cell_001996	donor_050	-0.07866838168014798	1.4453226247437811	0.22079064955467803	0.971186	M	-0.896426	0.011074	0.0141	0.013115	0.039207	-0.001454	-0.010876	0.521871	0.384379	0.865571	-0.438245	0.73477
cell_001997	donor_050	0.09808467055225423	-0.9322395345448792	-0.6726282344152682	0.971186	M	1.104912	0.013969	0.0141	0.013115	0.039207	-0.001454	-0.010876	-0.268341	-1.846745	-1.423249	-0.920375	1.510076
cell_001998	donor_050	-1.4739088228966943	-0.1495842801907899	0.5321116114263261	0.971186	M	-0.661941	0.028954	0.0141	0.013115	0.039207	-0.001454	-0.010876	-0.947418	-2.035842	-0.12399	0.214399	-0.729756
cell_001999	donor_050	-0.41643897262862645	-1.3046527342131686	0.328638508922632	0.971186	M	-0.032534	0.009411	0.0141	0.013115	0.039207	-0.001454	-0.010876	-0.257284	-0.585512	-0.888239	-0.945576	-1.32182
cell_002000	donor_050	-0.43874614183267	-0.7525481204953886	0.6132843702772608	0.971186	M	0.181063	0.046829	0.0141	0.013115	0.039207	-0.001454	-0.010876	-0.758475	-1.103828	-3.053316	-0.78979	2.366528
cell_002001	donor_050	0.09695764706430604	1.412409868896193	-1.2936669842943804	0.971186	M	0.1481	0.046963	0.0141	0.013115	0.039207	-0.001454	-0.010876	-0.354061	0.939046	-0.439008	-1.215311	0.818537
cell_002002	donor_050	-0.6647830286518406	-0.0957059611033697	1.4468706112996046	0.971186	M	-0.403246	0.036742	0.0141	0.013115	0.039207	-0.001454	-0.010876	0.424138	1.940291	0.650062	-0.748887	0.592019
cell_002003	donor_050	-0.5772057541129998	-0.054015493328581264	0.41393418291221395	0.971186	M	-0.01612	0.032483	0.0141	0.013115	0.039207	-0.001454	-0.010876	-0.696024	0.561901	-1.065254	-1.233854	-0.380878
cell_002004	donor_050	1.0229612214337733	-0.2632328040842429	-0.7637846994508484	0.971186	M	-0.595161	0.032284	0.0141	0.013115	0.039207	-0.001454	-0.010876	-1.264216	-3.051064	-1.256405	-1.563604	-0.343204
cell_002005	donor_050	-0.29112718919555547	-2.0728565735339393	1.0076151992648759	0.971186	M	-1.39811	0.06134	0.0141	0.013115	0.039207	-0.001454	-0.010876	-1.55336	-0.125309	0.198303	1.933016	1.025767
cell_002006	donor_050	-0.9091856061036311	-0.6483692467333155	-1.0264686239799325	0.971186	M	0.571199	0.035868	0.0141	0.013115	0.039207	-0.001454	-0.010876	-2.994572	-0.458502	-1.159688	-1.683046	-0.696403
cell_002007	donor_050	-1.5502946346954722	-0.30301976860144797	-0.7231248021020728	0.971186	M	-1.450209	0.014941	0.0141	0.013115	0.039207	-0.001454	-0.010876	0.828924	-1.402963	-1.446029	-0.12124	0.454449
cell_002008	donor_050	-0.295883180621818	-0.7157773617995994	-1.853154376396885	0.971186	M	-1.176027	0.038818	0.0141	0.013115	0.039207	-0.001454	-0.010876	-1.10809	0.37218	-0.064718	1.112815	-1.496622
cell_002009	donor_050	0.4252444950471061	-2.576300755660749	0.11516042734367657	0.971186	M	-1.065613	0.019841	0.0141	0.013115	0.039207	-0.001454	-0.010876	1.128441	-1.681214	-0.97925	0.10475	1.188777
cell_002010	donor_050	-2.79842270565222	0.8203613713280784	0.3987017398483376	0.971186	M	0.35097	0.006128	0.0141	0.013115	0.039207	-0.001454	-0.010876	0.172975	-0.623286	1.29964	-0.658765	-0.387761
cell_002011	donor_050	0.37769980112247686	0.29954233213006143	-2.249795143955638	0.971186	M	0.576953	0.027149	0.0141	0.013115	0.039207	-0.001454	-0.010876	0.180272	-0.448645	-0.507942	-0.41558	0.974555
cell_002012	donor_050	1.7023884916604235	0.25610940761078843	0.8312668516150629	0.971186	M	0.719574	0.022703	0.0141	0.013115	0.039207	-0.001454	-0.010876	-0.687822	-0.539008	0.778188	1.055938	-0.343417
cell_002013	donor_050	0.5069911365605982	0.3134161284979768	-1.8078940359350328	0.971186	M	0.642952	0.038571	0.0141	0.013115	0.039207	-0.001454	-0.010876	-0.459448	-1.292005	1.192885	1.711395	-0.749542
cell_002014	donor_050	-0.6691803794685679	0.8630976757446537	1.916235959303538	0.971186	M	-0.275799	0.020915	0.0141	0.013115	0.039207	-0.001454	-0.010876	0.228959	0.533146	-0.208093	-0.560993	1.310084
cell_002015	donor_050	-0.5168747285003423	-1.8324201589820368	0.6347471038811844	0.971186	M	-0.307127	0.047964	0.0141	0.013115	0.039207	-0.001454	-0.010876	0.230053	-1.439502	-1.88878	-0.041237	1.235227
cell_002016	donor_050	-0.49288648784936506	0.06724869745776024	2.4702455490677906	0.971186	M	-0.004229	0.013541	0.0141	0.013115	0.039207	-0.001454	-0.010876	1.642848	-0.496261	-0.624401	1.293097	-0.951263
cell_002017	donor_051	-1.0057515684883065	0.3997829118534804	0.4332990847897573	0.900554	F	0.622504	0.02729	0.05652	-0.003756	0.001762	-0.002895	-0.029032	-0.444893	-0.849176	0.300585	0.445136	0.227539
cell_002018	donor_051	-1.6019081860949715	0.7785293744178647	0.6024595697494357	0.900554	F	-0.57497	0.02187	0.05652	-0.003756	0.001762	-0.002895	-0.029032	-1.189644	-1.681463	-0.884379	-2.003794	0.04245
cell_002019	donor_051	-0.9386122120394452	0.31669496078597664	0.4683918180572308	0.900554	F	-1.45696	0.040488	0.05652	-0.003756	0.001762	-0.002895	-0.029032	-2.440769	1.112207	-0.535339	0.489245	-0.151151
cell_002020	donor_051	1.5085532826474586	0.7841394059509454	-1.0445249889666428	0.900554	F	1.108231	0.019734	0.05652	-0.003756	0.001762	-0.002895	-0.029032	1.721967	0.273053	1.130136	-0.106561	-0.077725
cell_002021	donor_051	0.7706044753042838	-0.12674110558403076	-0.31544575289564086	0.900554	F	0.777721	0.0253	0.05652	-0.003756	0.001762	-0.002895	-0.029032	-1.980646	0.589728	1.109197	1.031241	-0.614046
cell_002022	donor_051	-0.009908574795126584	-0.7690165278425396	-0.06616859092901968	0.900554	F	-0.488832	0.022507	0.05652	-0.003756	0.001762	-0.002895	-0.029032	-0.327719	-0.057663	-0.517766	0.285763	0.791748
cell_002023	donor_051	-1.3989489251399656	0.7413462275492756	-0.516063510001649	0.900554	F	-0.068568	0.042724	0.05652	-0.003756	0.001762	-0.002895	-0.029032	-1.342688	0.500506	0.610361	-0.55156	-1.070483
cell_002024	donor_051	1.1565326750589182	-0.16398441993394872	0.7300902444253871	0.900554	F	1.462599	0.000671	0.05652	-0.003756	0.001762	-0.002895	-0.029032	0.495946	0.866752	-0.564551	-1.017314	1.176692
cell_002025	donor_051	-2.849218682015636	-0.47292383224084467	-1.5934984634549976	0.900554	F	0.924624	0.039443	0.05652	-0.003756	0.001762	-0.002895	-0.029032	-0.691	-0.570193	-0.302917	0.242735	-0.873142
cell_002026	donor_051	0.6420019513642576	-1.3998400262770991	-0.32955829323229524	0.900554	F	-0.132771	0.036436	0.05652	-0.003756	0.001762	-0.002895	-0.029032	-1.200846	1.575787	1.624354	1.144483	0.774913
cell_002027	donor_051	-0.23754165392015714	-0.2539897174601838	-0.04873987887106423	0.900554	F	-0.538104	0.000506	0.05652	-0.003756	0.001762	-0.002895	-0.029032	1.845313	0.31661	-0.146482	-0.224933	1.03578
cell_002028	donor_051	0.43264953137971807	0.7240106504437347	-0.5824391269148373	0.900554	F	-0.075712	0.026461	0.05652	-0.003756	0.001762	-0.002895	-0.029032	-0.685773	-0.067739	1.164509	-0.660192	0.540008
cell_002029	donor_051	0.21504189925519615	-0.7854060447102463	0.005535836198160389	0.900554	F	-1.448392	0.015467	0.05652	-0.003756	0.001762	-0.002895	-0.029032	-1.333064	1.282185	0.817801	2.624509	1.586154
cell_002030	donor_051	1.3162436529026202	0.4931472297131652	0.9708245654374037	0.900554	F	-1.401785	0.049898	0.05652	-0.003756	0.001762	-0.002895	-0.029032	-0.914455	-0.675875	0.851047	0.824676	-2.088043
cell_002031	donor_051	-1.0567532837725797	-0.3556809564454179	0.2089553785363588	0.900554	F	-1.455724	0.005814	0.05652	-0.003756	0.001762	-0.002895	-0.029032	0.03799	-0.008999	-0.260864	-0.329512	-1.148818
cell_002032	donor_051	-1.4958204316787718	-1.0991254321761352	-2.3146035513419596	0.900554	F	-0.008273	0.024433	0.05652	-0.003756	0.001762	-0.002895	-0.029032	0.33005	-0.635938	-0.647279	0.63696	-0.401472
cell_002033	donor_051	0.4857156704308713	0.9552019893955846	0.07416210733848339	0.900554	F	0.099238	0.024124	0.05652	-0.003756	0.001762	-0.002895	-0.029032	1.073156	-1.799132	-1.002892	-1.370448	-0.490657
cell_002034	donor_051	0.5034114528872333	0.26490192894476333	-1.1625644988459827	0.900554	F	-1.0769	0.018986	0.05652	-0.003756	0.001762	-0.002895	-0.029032	-0.075107	-0.063376	0.915717	-1.804128	-1.145202
cell_002035	donor_051	0.3080231452877757	-0.8303415043649216	-0.46338643869964197	0.900554	F	1.743024	0.039728	0.05652	-0.003756	0.001762	-0.002895	-0.029032	0.106076	-1.730456	-1.170518	1.07665	-0.6321
cell_002036	donor_051	1.3409920204787338	-1.070212840038006	0.29042911067455685	0.900554	F	0.959404	0.019718	0.05652	-0.003756	0.001762	-0.002895	-0.029032	-0.18354	-0.369148	0.077803	0.814207	1.980918
cell_002037	donor_051	0.4232357176616023	-0.21173586940656092	-0.5207431173241336	0.900554	F	1.175337	0.039408	0.05652	-0.003756	0.001762	-0.002895	-0.029032	-2.101301	1.182247	-0.701424	-0.273722	0.861629
cell_002038	donor_051	-0.9512365993769474	-1.523976913716326	-0.5431564995043678	0.900554	F	1.263722	0.041997	0.05652	-0.003756	0.001762	-0.002895	-0.029032	0.867302	0.338585	-0.040311	-0.834052	0.066088
cell_002039	donor_051	2.620460540216341	-1.1449207412109608	0.4546922355322185	0.900554	F	1.069855	0.023783	0.05652	-0.003756	0.001762	-0.002895	-0.029032	0.424622	0.759587	0.667299	-1.656687	0.797844
cell_002040	donor_051	-0.04284396823457573	1.3302895678329685	0.7818677786010237	0.900554	F	0.934495	0.051942	0.05652	-0.003756	0.001762	-0.002895	-0.029032	-0.610032	0.860176	-0.403706	-1.54697	1.475935
cell_002041	donor_051	-0.20033905509208913	-0.6788974933480643	-0.4439236588977477	0.900554	F	-0.161443	0.038833	0.05652	-0.003756	0.001762	-0.002895	-0.029032	-1.001086	-0.97963	-0.293156	0.71348	0.432448
cell_002042	donor_051	0.26102492404945465	0.030605551515765217	-0.9086196807819661	0.900554	F	2.718759	0.005981	0.05652	-0.003756	0.001762	-0.002895	-0.029032	1.991087	-0.568496	-0.040993	0.654707	-1.213522
cell_002043	donor_051	-0.8036004135505405	-0.7366395272429183	0.5998918276848905	0.900554	F	-0.421734	0.023692	0.05652	-0.003756	0.001762	-0.002895	-0.029032	1.247121	0.803548	-0.480723	0.383409	0.121632
cell_002044	donor_051	0.9872783373362105	1.6549116633591296	0.639697268936256	0.900554	F	1.868441	0.054061	0.05652	-0.003756	0.001762	-0.002895	-0.029032	-0.412188	2.318749	0.106438	0.141653	1.688971
cell_002045	donor_051	2.2719407575159285	0.7434550184388536	-0.4177063952869897	0.900554	F	-0.743276	0.031457	0.05652	-0.003756	0.001762	-0.002895	-0.029032	-0.132156	-0.522914	-1.494743	0.11876	-0.418086
cell_002046	donor_051	-0.7345449459904209	0.7302098719975084	-1.4724327693582626	0.900554	F	-0.992077	0.039322	0.05652	-0.003756	0.001762	-0.002895	-0.029032	0.986443	-0.771868	-0.494475	0.054662	0.517936
cell_002047	donor_051	-0.32585624705500166	-1.906413169609434	0.21088344085214672	0.900554	F	0.335547	0.014199	0.05652	-0.003756	0.001762	-0.002895	-0.029032	0.619066	-0.129118	1.000923	2.22918	1.622984
cell_002048	donor_052	0.19445004368528765	1.2662851767449683	0.21670945189944346	1.183081	M	0.94513	0.06078	-0.029196	-0.006123	0.002847	-0.009945	-0.016872	-0.182136	0.240852	1.472755	-0.391166	0.491677
cell_002049	donor_052	-0.9152896762622623	1.6851111010424276	-0.44231335675765343	1.183081	M	0.076455	0.034377	-0.029196	-0.006123	0.002847	-0.009945	-0.016872	-2.176127	-0.363813	0.208178	-0.553396	0.299573
cell_002050	donor_052	0.4976863330482952	-0.2547045152234218	1.5085946700698225	1.183081	M	-1.045643	0.012571	-0.029196	-0.006123	0.002847	-0.009945	-0.016872	-0.645497	-0.628496	1.638996	-0.034963	0.521772
cell_002051	donor_052	-0.4756675808588992	0.7848362242112815	-0.08609516925674837	1.183081	M	-0.817359	0.003233	-0.029196	-0.006123	0.002847	-0.009945	-0.016872	-0.918833	0.531768	1.340294	0.977425	0.175393
cell_002052	donor_052	0.27942481822417503	0.3605087866597275	1.9051168263080067	1.183081	M	-0.192281	0.038382	-0.029196	-0.006123	0.002847	-0.009945	-0.016872	0.24221	-0.214318	-0.48706	0.448908	0.953315
cell_002053	donor_052	-0.16323882273985307	-0.520401757468874	1.5942082040834646	1.183081	M	-1.206109	0.003271	-0.029196	-0.006123	0.002847	-0.009945	-0.016872	-1.511464	0.867401	-0.767475	0.719297	0.562337
cell_002054	donor_052	-0.39318440517933506	2.117219388274565	0.4906091509007523	1.183081	M	-0.976894	0.004793	-0.029196	-0.006123	0.002847	-0.009945	-0.016872	-0.037783	-0.747292	1.500536	0.864594	0.171429
cell_002055	donor_052	2.0983808181728407	0.22160580397486057	0.6852705824333335	1.183081	M	0.390127	0.014554	-0.029196	-0.006123	0.002847	-0.009945	-0.016872	0.42076	0.857796	-0.627465	-0.133093	0.612283
cell_002056	donor_052	-1.1116340906257418	-0.8964499563470134	0.4370533436735583	1.183081	M	-0.172146	0.037724	-0.029196	-0.006123	0.002847	-0.009945	-0.016872	-0.093909	0.018032	-0.041465	-2.525827	-0.043022
cell_002057	donor_052	0.5667657280075654	1.1179951695663797	-2.629254581019891	1.183081	M	-0.34461	0.000963	-0.029196	-0.006123	0.002847	-0.009945	-0.016872	0.66694	0.927068	-1.065472	-0.501191	0.036441
cell_002058	donor_052	0.6801201603153444	0.1369193997651737	0.6775417151739639	1.183081	M	0.582521	0.001546	-0.029196	-0.006123	0.002847	-0.009945	-0.016872	2.037496	-0.998187	-0.3572	0.845714	0.176276
cell_002059	donor_052	-0.2841892632573555	0.8191364775525244	-2.115127078659009	1.183081	M	0.834887	0.021721	-0.029196	-0.006123	0.002847	-0.009945	-0.016872	-0.704103	-0.037367	-1.19059	-0.319893	-0.359763
cell_002060	donor_052	0.2701602993329066	0.3894131789876129	1.4067191109920862	1.183081	M	-0.843888	0.003536	-0.029196	-0.006123	0.002847	-0.009945	-0.016872	1.132202	-0.272033	-1.205407	-0.805435	-0.76372
cell_002061	donor_052	-1.6748224720762217	0.3594758151526692	0.5529790031385104	1.183081	M	-0.229046	0.029387	-0.029196	-0.006123	0.002847	-0.009945	-0.016872	-0.669576	-0.323613	1.853322	-0.249601	0.484158
cell_002062	donor_052	-2.186496861594705	-1.508761318479767	-0.27610970601592305	1.183081	M	0.145611	0.022697	-0.029196	-0.006123	0.002847	-0.009945	-0.016872	0.321963	0.563174	-2.183885	-0.88936	-0.612193
cell_002063	donor_052	-0.06788655529221942	-0.3002111052247547	0.4193695414179166	1.183081	M	0.095808	0.02309	-0.029196	-0.006123	0.002847	-0.009945	-0.016872	-1.03172	0.583627	-0.450176	0.276738	-2.174915
cell_002064	donor_052	-0.21592615428637543	-0.05610009430300527	-0.5067664821621889	1.183081	M	0.525445	0.010183	-0.029196	-0.006123	0.002847	-0.009945	-0.016872	1.104919	-1.708727	0.665151	-1.674298	-0.947528
cell_002065	donor_052	-0.5397183069097184	-0.6565792551300615	0.11551505527385476	1.183081	M	-0.395853	0.051972	-0.029196	-0.006123	0.002847	-0.009945	-0.016872	-0.291566	-0.888994	0.592875	-0.891551	-0.282921
cell_002066	donor_052	0.9281025862344683	-0.14218721705972456	-0.2022648105832528	1.183081	M	-0.029086	0.006417	-0.029196	-0.006123	0.002847	-0.009945	-0.016872	-0.277727	-0.609951	-0.182986	0.871741	-0.309643
cell_002067	donor_052	-1.7815151257629038	-0.06487703675518393	-0.5516224418870778	1.183081	M	-0.301448	0.011163	-0.029196	-0.006123	0.002847	-0.009945	-0.016872	-1.430441	-0.123077	-0.158098	-2.018294	-0.847068
cell_002068	donor_052	1.1077621745571757	0.5120878794668148	-0.5300155693014801	1.183081	M	-0.100594	0.041793	-0.029196	-0.006123	0.002847	-0.009945	-0.016872	0.045783	0.265663	-0.17025	1.443747	0.800114
cell_002069	donor_052	1.1864848443054725	0.8891182196929621	1.6280579173939902	1.183081	M	0.286458	0.049143	-0.029196	-0.006123	0.002847	-0.009945	-0.016872	0.555864	-0.380577	-0.15555	0.983347	-0.09154
cell_002070	donor_052	0.5010522085111645	0.613269544116146	0.5212320103746045	1.183081	M	-1.168037	0.05834	-0.029196	-0.006123	0.002847	-0.009945	-0.016872	0.698561	0.020787	-0.205045	1.991857	0.836396
cell_002071	donor_052	-0.27401326780359486	0.531740235096859	1.3831672040551752	1.183081	M	-1.15331	0.059066	-0.029196	-0.006123	0.002847	-0.009945	-0.016872	1.917727	-0.271411	0.473485	0.137062	0.573425
cell_002072	donor_052	-0.1566490912262947	-0.15231377469288632	0.8865538862108012	1.183081	M	1.284311	0.000769	-0.029196	-0.006123	0.002847	-0.009945	-0.016872	1.235872	-1.390623	-0.805429	0.27465	-2.180065
cell_002073	donor_052	-0.8975561501707436	-0.21076408105763397	2.2166646593995036	1.183081	M	-1.33995	0.002229	-0.029196	-0.006123	0.002847	-0.009945	-0.016872	-1.247749	0.561999	0.176761	-0.104402	-2.260822
cell_002074	donor_052	1.1024983648167714	0.2015525307371942	0.2721929558347286	1.183081	M	1.053603	0.038449	-0.029196	-0.006123	0.002847	-0.009945	-0.016872	-0.617164	-0.702307	0.494432	-0.119109	-2.146803
cell_002075	donor_052	1.4312795742686208	-2.2413446504635943	-0.14451064287118048	1.183081	M	2.948432	0.045377	-0.029196	-0.006123	0.002847	-0.009945	-0.016872	-0.742574	-0.965144	-0.116957	1.270981	-0.087747
cell_002076	donor_052	-0.07714745442696722	0.716302217584956	-0.3176887559594259	1.183081	M	0.057042	0.022809	-0.029196	-0.006123	0.002847	-0.009945	-0.016872	-0.539644	-1.042244	-0.02884	0.200472	1.411488
cell_002077	donor_052	-1.596653120597299	-0.6301883861129337	0.21822164518845116	1.183081	M	1.49383	0.057864	-0.029196	-0.006123	0.002847	-0.009945	-0.016872	-2.137368	-0.470086	-0.872221	-0.664222	-0.094653
cell_002078	donor_052	0.5459149219964307	-0.47118489511327977	1.6445070111652471	1.183081	M	-1.572212	0.061582	-0.029196	-0.006123	0.002847	-0.009945	-0.016872	0.734354	0.036867	0.069917	1.699638	-0.426403
cell_002079	donor_052	-0.5983448643605884	0.36589485969370633	1.5572884961757425	1.183081	M	-0.657174	0.024511	-0.029196	-0.006123	0.002847	-0.009945	-0.016872	0.495591	1.305587	-1.032853	-0.10615	1.351575
cell_002080	donor_052	0.9356155640049502	0.43510723097063775	-0.9130841691307142	1.183081	M	1.044858	0.024438	-0.029196	-0.006123	0.002847	-0.009945	-0.016872	0.567733	-0.899276	-1.435637	1.512616	0.187867
cell_002081	donor_052	-0.2913562494866231	-0.7384501150001814	-0.8661825840686079	1.183081	M	-1.271519	0.04917	-0.029196	-0.006123	0.002847	-0.009945	-0.016872	1.022905	0.849474	0.007475	-0.799254	0.339434
cell_002082	donor_052	0.4086664948279676	-0.8478559238424828	-0.024371646227429343	1.183081	M	-1.566164	0.030565	-0.029196	-0.006123	0.002847	-0.009945	-0.016872	0.858139	-0.021881	2.320182	-0.227806	0.253662
cell_002083	donor_052	0.4649943340297185	-0.1460611839837244	-0.36105142080859315	1.183081	M	2.047691	0.055737	-0.029196	-0.006123	0.002847	-0.009945	-0.016872	1.895641	-0.887225	0.462927	-0.239798	1.230709
cell_002084	donor_052	0.10573839725287217	-0.279780381418115	-0.0867464684100841	1.183081	M	1.020599	0.051041	-0.029196	-0.006123	0.002847	-0.009945	-0.016872	-0.236999	1.253539	-2.084722	1.267631	1.510988
cell_002085	donor_052	0.008661459588201654	1.0421775883371933	-1.6517323948428586	1.183081	M	-0.319167	0.026085	-0.029196	-0.006123	0.002847	-0.009945	-0.016872	1.269884	-1.163363	-0.479921	1.136577	-0.930631
cell_002086	donor_052	-1.0048405468197514	0.09908188261876852	-0.9220374666903735	1.183081	M	-0.315554	0.026078	-0.029196	-0.006123	0.002847	-0.009945	-0.016872	-1.637356	1.112105	0.374391	-0.873194	-0.465955
cell_002087	donor_052	0.37100822709913656	-1.3882413890057208	1.620936830603918	1.183081	M	-0.534961	0.009122	-0.029196	-0.006123	0.002847	-0.009945	-0.016872	0.770693	-0.348637	-0.709304	-1.751704	-1.241104
cell_002088	donor_052	-0.5645040098934275	1.9009173847993583	0.36409006983689646	1.183081	M	-1.422618	0.042616	-0.029196	-0.006123	0.002847	-0.009945	-0.016872	0.041635	0.337109	0.695321	-0.50572	0.476308
cell_002089	donor_052	-1.0005007721361463	1.5030088056955013	-2.054642351829878	1.183081	M	0.555938	0.031624	-0.029196	-0.006123	0.002847	-0.009945	-0.016872	-0.412668	0.733182	-0.419061	-1.260946	0.20292
cell_002090	donor_052	1.5389530732108683	0.8405389636951347	-0.20384668795199776	1.183081	M	0.847245	0.024724	-0.029196	-0.006123	0.002847	-0.009945	-0.016872	-0.514389	-2.122121	-0.789925	-0.357878	1.758284
cell_002091	donor_052	-0.970774515687051	-1.0724787740623374	0.1352233397631533	1.183081	M	2.271711	0.016671	-0.029196	-0.006123	0.002847	-0.009945	-0.016872	-0.399384	0.164456	1.585513	0.251559	0.314544
cell_002092	donor_052	0.15971092011627935	-1.881169637759623	0.3974904081053295	1.183081	M	0.513541	0.0197	-0.029196	-0.006123	0.002847	-0.009945	-0.016872	0.05019	1.012317	-0.736049	1.078403	-0.514691
cell_002093	donor_052	-2.2287348669178724	2.80059031075121	-0.025205097024358986	1.183081	M	-0.740726	0.0476	-0.029196	-0.006123	0.002847	-0.009945	-0.016872	-2.230406	-0.017897	0.30486	0.170626	0.917798
cell_002094	donor_053	-0.33781153795032137	-0.881703068112828	-0.05771632333325207	-0.794607	F	0.41656	0.015841	-0.053165	-0.001986	-0.024993	-0.017867	0.012292	-0.796395	-1.714235	-0.520558	0.632164	1.023386
cell_002095	donor_053	0.1548847449114877	0.3807631967928901	-2.1311369181508404	-0.794607	F	-0.108608	0.050499	-0.053165	-0.001986	-0.024993	-0.017867	0.012292	0.27125	0.464813	-2.190173	-1.599891	0.759322
cell_002096	donor_053	-1.2131944596964823	1.941757180254757	0.9605287947938804	-0.794607	F	-0.041402	0.032401	-0.053165	-0.001986	-0.024993	-0.017867	0.012292	0.35665	-1.091042	-0.293617	-0.358991	-0.414792
cell_002097	donor_053	-0.5968637716384803	-0.7689385335664244	-2.4434494594120997	-0.794607	F	-0.032415	0.018082	-0.053165	-0.001986	-0.024993	-0.017867	0.012292	0.127682	1.372826	0.53461	0.898586	1.448457
cell_002098	donor_053	-0.5227740479456963	2.3506775457374736	0.4181778218247334	-0.794607	F	-0.552079	0.024715	-0.053165	-0.001986	-0.024993	-0.017867	0.012292	-0.296626	-1.511078	-0.238146	1.579765	-0.093499
cell_002099	donor_053	-0.44739001301046416	-2.2562784292576135	-3.694530764141834	-0.794607	F	1.882551	0.001259	-0.053165	-0.001986	-0.024993	-0.017867	0.012292	-1.288726	1.151577	-0.798886	-0.571536	0.76773
cell_002100	donor_053	-0.5738197613651401	0.4880500809390314	0.15052722735996504	-0.794607	F	-1.325178	0.058404	-0.053165	-0.001986	-0.024993	-0.017867	0.012292	-1.029991	-1.164718	0.723029	-1.037955	1.08281
cell_002101	donor_053	-0.03141752710165347	-0.2529101500513646	-1.1557036806794667	-0.794607	F	1.275333	0.047627	-0.053165	-0.001986	-0.024993	-0.017867	0.012292	-0.552192	-0.338187	-0.212497	1.209795	-0.486778
cell_002102	donor_053	-0.3291934649460163	0.6392533806110327	-0.9941379686096203	-0.794607	F	-1.243501	0.017914	-0.053165	-0.001986	-0.024993	-0.017867	0.012292	-1.381896	-1.460887	-1.377931	-0.531998	1.081599
cell_002103	donor_053	1.9088240970468104	-0.5112180014044716	-1.505739631115283	-0.794607	F	0.936496	0.030585	-0.053165	-0.001986	-0.024993	-0.017867	0.012292	0.601809	-1.435246	1.194591	-2.119628	0.033096
cell_002104	donor_053	1.809221781978295	-0.1769374875677065	-0.49336367551319577	-0.794607	F	-1.685017	0.054267	-0.053165	-0.001986	-0.024993	-0.017867	0.012292	0.205692	-0.187044	-0.192765	0.561804	1.089545
cell_002105	donor_053	-0.9050003128218008	-0.15867607692698432	1.4078708433877591	-0.794607	F	0.734279	0.050862	-0.053165	-0.001986	-0.024993	-0.017867	0.012292	2.069998	1.320285	-0.814089	0.275903	-0.924228
cell_002106	donor_053	-0.8326686105144417	0.1872731059822726	0.49428985688293586	-0.794607	F	-0.752508	0.014017	-0.053165	-0.001986	-0.024993	-0.017867	0.012292	0.876719	0.003421	-1.941966	1.212877	-1.184635
cell_002107	donor_053	-1.5007548526055967	0.7103671611119289	-0.5103603246597632	-0.794607	F	-0.245491	0.0156	-0.053165	-0.001986	-0.024993	-0.017867	0.012292	0.530761	-1.110955	-1.538621	0.938578	-0.495719
cell_002108	donor_053	-0.11068482377240423	-0.45061905597738483	-1.9814529083525425	-0.794607	F	1.243505	0.006012	-0.053165	-0.001986	-0.024993	-0.017867	0.012292	-1.22209	-0.647561	-1.075418	-1.222187	-0.086132
cell_002109	donor_053	1.2259996883090396	1.5696292317908678	0.4885312142545429	-0.794607	F	0.66792	0.041186	-0.053165	-0.001986	-0.024993	-0.017867	0.012292	1.253009	0.573309	-0.128343	-1.178091	-1.24149
cell_002110	donor_053	-1.756805696813415	0.413758890485301	0.4563084527945145	-0.794607	F	0.033785	0.056744	-0.053165	-0.001986	-0.024993	-0.017867	0.012292	0.046053	-1.494397	-0.959865	-0.021802	0.739954
cell_002111	donor_053	-0.8241466031076528	-0.38864497414214305	-0.8626568367780921	-0.794607	F	0.340336	0.058355	-0.053165	-0.001986	-0.024993	-0.017867	0.012292	-0.876434	-0.04389	-0.510893	0.58829	1.455371
cell_002112	donor_053	0.050539255495144646	-0.17731707965164636	1.0355584104551965	-0.794607	F	-0.678848	0.05636	-0.053165	-0.001986	-0.024993	-0.017867	0.012292	-0.653909	0.723338	0.147046	-0.460689	-0.340862
cell_002113	donor_053	-1.4614203222972781	-0.29652166036819605	-0.18667683196830973	-0.794607	F	0.183899	0.033847	-0.053165	-0.001986	-0.024993	-0.017867	0.012292	-1.883315	0.141477	0.044229	-0.509395	0.40729
cell_002114	donor_053	1.4855630464158218	1.330838706321373	-0.2206271653548826	-0.794607	F	-1.040554	0.055576	-0.053165	-0.001986	-0.024993	-0.017867	0.012292	-0.861526	0.831473	1.040317	0.332016	0.932703
cell_002115	donor_053	-1.0191183022020143	-2.071899367004209	-1.2358975757330164	-0.794607	F	2.333102	0.046279	-0.053165	-0.001986	-0.024993	-0.017867	0.012292	-1.069357	-0.455583	0.145501	-0.118705	-0.526166
cell_002116	donor_053	-1.2759308690417377	-0.9175780436054427	0.5809541539793143	-0.794607	F	-1.766625	0.035691	-0.053165	-0.001986	-0.024993	-0.017867	0.012292	0.496139	0.735265	1.447533	-1.269144	-1.060484
cell_002117	donor_053	0.562542452348724	1.7840783757841507	1.2255893563827085	-0.794607	F	0.196758	0.004237	-0.053165	-0.001986	-0.024993	-0.017867	0.012292	-0.837791	-0.397557	-0.581247	-0.450286	-0.798153
cell_002118	donor_053	0.18260406805872662	0.006571999816389202	-0.6216647193426246	-0.794607	F	0.49985	0.042317	-0.053165	-0.001986	-0.024993	-0.017867	0.012292	-0.998638	-2.813661	-2.365169	-0.629608	-1.07004
cell_002119	donor_053	0.6588009945182286	-0.9088689411572027	-0.5337710946885956	-0.794607	F	-0.855774	0.035577	-0.053165	-0.001986	-0.024993	-0.017867	0.012292	-0.097123	-0.899171	0.49993	-1.180896	0.938753
cell_002120	donor_053	-0.32296614007010455	-0.9516782592077119	1.0683785475878116	-0.794607	F	-0.557897	0.039925	-0.053165	-0.001986	-0.024993	-0.017867	0.012292	-0.067361	-0.14898	0.628466	1.068751	2.389036
cell_002121	donor_053	0.652324094796934	0.6104593568742623	-0.8576660444622621	-0.794607	F	-0.951125	0.034075	-0.053165	-0.001986	-0.024993	-0.017867	0.012292	0.458742	-0.607213	2.622013	0.365944	-0.842449
cell_002122	donor_053	-1.797904484227029	-0.27836936758140945	0.005743995111154879	-0.794607	F	-0.763443	0.033147	-0.053165	-0.001986	-0.024993	-0.017867	0.012292	0.033481	0.32954	-2.117177	-1.076145	0.834263
cell_002123	donor_053	-0.10899236632061435	1.0730557385544828	-0.17417065481096297	-0.794607	F	2.530441	0.061594	-0.053165	-0.001986	-0.024993	-0.017867	0.012292	-0.538037	0.458918	1.03806	0.24429	0.23869
cell_002124	donor_053	-0.6186055121698697	1.606019272406052	-1.0810523530252567	-0.794607	F	-0.226466	0.032045	-0.053165	-0.001986	-0.024993	-0.017867	0.012292	-1.856656	2.396816	0.52832	0.127691	-0.408331
cell_002125	donor_053	-0.42442509273050116	-0.5508999118009267	-0.816613120081566	-0.794607	F	1.465691	0.034459	-0.053165	-0.001986	-0.024993	-0.017867	0.012292	0.247801	0.482663	-0.175989	1.075561	-0.396678
cell_002126	donor_053	-0.2903125611749259	0.6907566005682222	0.47329514714816007	-0.794607	F	1.364158	0.064097	-0.053165	-0.001986	-0.024993	-0.017867	0.012292	-0.130039	0.940435	-1.444351	-1.284898	-0.756173
cell_002127	donor_053	0.2852623922776617	0.10660139942351901	1.431906654152279	-0.794607	F	-0.853849	0.057285	-0.053165	-0.001986	-0.024993	-0.017867	0.012292	1.224453	-0.229727	0.288431	-0.643935	-0.256701
cell_002128	donor_053	-0.5613795358941475	-0.3639891062569715	-0.07406290798658552	-0.794607	F	-1.086262	0.031147	-0.053165	-0.001986	-0.024993	-0.017867	0.012292	-1.303919	-1.035298	0.513194	-0.50473	1.680191
cell_002129	donor_053	0.46790082748063583	1.9359613820852237	0.47339426107704874	-0.794607	F	0.215599	0.041795	-0.053165	-0.001986	-0.024993	-0.017867	0.012292	2.043782	0.735883	-0.393081	0.747618	0.377834
cell_002130	donor_053	-0.38475986222721376	-0.2704840150773708	0.5164129171174296	-0.794607	F	-0.77741	0.051585	-0.053165	-0.001986	-0.024993	-0.017867	0.012292	-1.425623	0.578527	-0.068995	2.303955	0.20728
cell_002131	donor_053	-0.8490300048324368	0.6616611370095795	-0.10690144395038968	-0.794607	F	-0.780244	0.002021	-0.053165	-0.001986	-0.024993	-0.017867	0.012292	0.6962	0.025755	1.188169	-1.399211	-0.121226
cell_002132	donor_053	0.8353894822089277	1.6713310656867528	0.1916172691613784	-0.794607	F	0.321366	0.046939	-0.053165	-0.001986	-0.024993	-0.017867	0.012292	-0.656764	1.309951	-0.528583	0.17085	0.23841
cell_002133	donor_053	0.38299645461397686	-0.2831529375031261	-0.9417086483040373	-0.794607	F	1.394914	0.03416	-0.053165	-0.001986	-0.024993	-0.017867	0.012292	-0.126715	0.486485	0.102792	-0.378366	0.07951
cell_002134	donor_054	1.2210643212080043	0.713472243620941	0.664350049212537	-0.017658	F	1.153991	0.017466	0.003591	-0.000203	0.001692	-0.011741	0.013463	-1.097297	-2.45101	-0.468469	0.85741	-0.529229
cell_002135	donor_054	-0.21664610581152433	-0.19336239501161992	-0.4486222820406422	-0.017658	F	0.648345	0.017982	0.003591	-0.000203	0.001692	-0.011741	0.013463	0.563417	-0.579161	-0.977152	0.084712	1.059726
cell_002136	donor_054	-0.7699460004361599	1.0814746382508635	-0.4242492655482177	-0.017658	F	-0.288294	0.003722	0.003591	-0.000203	0.001692	-0.011741	0.013463	-0.265488	-0.757566	-0.075935	0.125908	1.454533
cell_002137	donor_054	0.08757824951390168	2.780800726162797	-0.6340852192104753	-0.017658	F	0.171124	0.021817	0.003591	-0.000203	0.001692	-0.011741	0.013463	0.846771	-0.555653	1.72947	-0.213955	1.706665
cell_002138	donor_054	0.6797011452454812	-0.806153637062124	0.630663536048394	-0.017658	F	-0.149612	0.040934	0.003591	-0.000203	0.001692	-0.011741	0.013463	1.220065	2.23885	-1.577882	1.242818	-2.220475
cell_002139	donor_054	0.6862808198185424	0.15417141867503398	0.799202906811483	-0.017658	F	-0.134594	0.002925	0.003591	-0.000203	0.001692	-0.011741	0.013463	-1.021817	-0.79425	-1.467444	-1.153995	-0.353425
cell_002140	donor_054	-1.8336864696287853	-1.2881668335688214	-0.8203801171208889	-0.017658	F	-0.134932	0.02652	0.003591	-0.000203	0.001692	-0.011741	0.013463	-2.14668	0.204965	1.025603	0.248221	0.677389
cell_002141	donor_054	0.517480367459239	-1.1298203785112355	-2.35609343815269	-0.017658	F	0.428728	0.014107	0.003591	-0.000203	0.001692	-0.011741	0.013463	-1.882722	-0.893001	2.116009	0.329643	0.681713
cell_002142	donor_054	0.686428450269522	-0.08373675777854155	-0.42474990654076616	-0.017658	F	0.65297	0.002257	0.003591	-0.000203	0.001692	-0.011741	0.013463	-0.124249	1.443835	-0.166641	-1.30118	-0.130236
cell_002143	donor_054	-0.9242952536904243	1.5332757098931853	0.5103076854106894	-0.017658	F	-0.328685	0.018574	0.003591	-0.000203	0.001692	-0.011741	0.013463	-1.092719	1.156461	0.429027	1.581243	0.004059
cell_002144	donor_054	1.773848267462743	-0.11967547780148934	-1.4661732675389354	-0.017658	F	-1.043726	0.037549	0.003591	-0.000203	0.001692	-0.011741	0.013463	-0.325245	0.88842	2.262923	0.107856	2.608646
cell_002145	donor_054	-0.20160930033594862	0.23920555666165247	0.40790657199198543	-0.017658	F	-1.179602	0.013291	0.003591	-0.000203	0.001692	-0.011741	0.013463	0.199137	-1.490474	3.325802	-2.016209	1.195483
cell_002146	donor_054	-0.15939345443750558	0.4164446375637862	-0.019267559285036363	-0.017658	F	-1.264889	0.06938	0.003591	-0.000203	0.001692	-0.011741	0.013463	0.914619	0.136268	-0.239267	-1.779106	-0.462014
cell_002147	donor_054	0.05243788709016446	-0.6519872428666755	0.23953557479291251	-0.017658	F	-1.472278	0.013599	0.003591	-0.000203	0.001692	-0.011741	0.013463	0.338742	0.327259	-0.245916	0.10044	0.292018
cell_002148	donor_054	0.7487440080376924	0.7273190292488023	0.6360684534432627	-0.017658	F	0.565616	0.034558	0.003591	-0.000203	0.001692	-0.011741	0.013463	0.181252	-0.154564	0.06658	2.281094	-0.389119
cell_002149	donor_054	-1.141301586468846	1.780465786409495	-0.6706540272749223	-0.017658	F	0.700526	0.035747	0.003591	-0.000203	0.001692	-0.011741	0.013463	0.260137	-0.769522	-0.1731	-1.486676	-0.506005
cell_002150	donor_054	-1.2187163743311056	0.8702619357595054	-1.5067996745418137	-0.017658	F	-1.322163	0.004515	0.003591	-0.000203	0.001692	-0.011741	0.013463	-0.117035	1.685952	0.133382	0.363745	0.462782
cell_002151	donor_054	0.4857888415422072	-0.5081252276459609	0.6154371274506294	-0.017658	F	0.983562	0.057809	0.003591	-0.000203	0.001692	-0.011741	0.013463	0.785621	-0.849738	-1.750485	-0.350046	-0.174111
cell_002152	donor_054	0.9767125422135678	-0.6412599742142936	-0.5322904325283822	-0.017658	F	-1.577468	0.029844	0.003591	-0.000203	0.001692	-0.011741	0.013463	-1.114376	0.695012	-0.079072	-0.787678	0.658615
cell_002153	donor_054	-0.15950370950743156	-1.02207645291167	-0.24630390885251885	-0.017658	F	0.199292	0.020561	0.003591	-0.000203	0.001692	-0.011741	0.013463	1.197892	-0.894996	-0.517407	-0.318087	0.397972
cell_002154	donor_054	-0.5787198083776777	1.680391924864483	0.100286340584118	-0.017658	F	0.590644	0.014572	0.003591	-0.000203	0.001692	-0.011741	0.013463	1.197989	0.721242	-0.094191	-0.295536	0.635877
cell_002155	donor_054	0.29806452254979804	0.43673824304009184	-0.002212862825806949	-0.017658	F	0.218943	0.025358	0.003591	-0.000203	0.001692	-0.011741	0.013463	0.228688	-2.000352	-1.400511	1.437159	-0.736864
cell_002156	donor_054	1.8075678132639943	0.36541426862180654	1.2999637690610257	-0.017658	F	-0.594233	0.012048	0.003591	-0.000203	0.001692	-0.011741	0.013463	-0.253509	-0.031724	0.616707	0.106562	1.11186
cell_002157	donor_054	0.20286107045303622	0.176754348558687	0.6689452703595454	-0.017658	F	0.053902	0.048312	0.003591	-0.000203	0.001692	-0.011741	0.013463	0.300016	0.673416	0.665983	-1.332027	-1.934399
cell_002158	donor_054	-0.5693498746317558	0.15724876377296398	0.35100242294614853	-0.017658	F	-0.761825	0.003358	0.003591	-0.000203	0.001692	-0.011741	0.013463	0.188437	0.536723	-0.196549	1.102634	-0.736135
cell_002159	donor_054	0.22799449487370532	0.14465908498565128	-0.012048990684204773	-0.017658	F	0.203522	0.019826	0.003591	-0.000203	0.001692	-0.011741	0.013463	-1.135885	-1.898735	-0.503519	1.598675	1.302882
cell_002160	donor_054	-0.27896660753430924	1.0993950057909079	-1.3607074067022182	-0.017658	F	-0.43757	0.037195	0.003591	-0.000203	0.001692	-0.011741	0.013463	-0.182154	-0.200144	-0.266379	-0.271528	0.044879
cell_002161	donor_054	0.10258471722711222	-2.118963504722	1.186365128487579	-0.017658	F	-2.199235	0.017936	0.003591	-0.000203	0.001692	-0.011741	0.013463	-2.30411	0.603224	0.312404	0.531745	1.021371
cell_002162	donor_054	0.30468011699740577	1.7763079694018764	0.8806531570487741	-0.017658	F	-0.103133	0.009226	0.003591	-0.000203	0.001692	-0.011741	0.013463	2.067431	2.223649	2.066786	0.484766	1.110542
cell_002163	donor_054	0.143442613158191	0.3202050513406846	0.3269223106700156	-0.017658	F	-1.662219	0.008023	0.003591	-0.000203	0.001692	-0.011741	0.013463	-1.138456	-0.936107	0.0059	-0.261805	0.469575
cell_002164	donor_054	-0.1531441808072862	0.6873882346262926	0.3745152690831654	-0.017658	F	0.842982	0.02645	0.003591	-0.000203	0.001692	-0.011741	0.013463	0.602057	1.072522	-0.337078	-0.387827	-0.955747
cell_002165	donor_054	-0.8485696725279934	0.23020161500894987	2.470689265217699	-0.017658	F	1.074116	0.024961	0.003591	-0.000203	0.001692	-0.011741	0.013463	-2.462031	0.533524	-0.161424	0.761646	-2.031166
cell_002166	donor_054	1.3385495356489077	0.12203961900731652	-0.9257274703491212	-0.017658	F	-0.718119	0.016372	0.003591	-0.000203	0.001692	-0.011741	0.013463	-0.80529	0.482029	1.588539	0.778622	0.334021
cell_002167	donor_054	-0.4380285582173522	-0.8373523117339584	0.5448567514017316	-0.017658	F	-0.808699	0.032923	0.003591	-0.000203	0.001692	-0.011741	0.013463	0.335527	-1.563159	1.390605	1.674344	0.222232
cell_002168	donor_054	0.6611578015070255	0.0446879770045552	1.4709257010937653	-0.017658	F	0.121843	0.022018	0.003591	-0.000203	0.001692	-0.011741	0.013463	2.180318	-0.562651	-0.518258	-0.988081	-0.416416
cell_002169	donor_054	-0.39676953272379484	1.6564968552989219	0.25601871339122656	-0.017658	F	2.805894	0.007564	0.003591	-0.000203	0.001692	-0.011741	0.013463	0.163057	-1.228277	1.149401	-1.461587	-0.573782
cell_002170	donor_054	-0.1526530180980108	0.4717345806418928	-0.9308106291547424	-0.017658	F	-0.395923	0.054954	0.003591	-0.000203	0.001692	-0.011741	0.013463	-0.675692	1.06083	0.064745	0.82268	0.617209
cell_002171	donor_055	0.24037969784544155	-0.988611589279708	-0.35543387781347274	-1.218397	M	0.554572	0.010218	0.017604	-0.001674	0.040414	0.008886	0.00255	-2.229367	1.144684	-1.764772	0.709732	-0.123413
cell_002172	donor_055	-0.4931654783683719	0.510003459586129	-0.13903376354022184	-1.218397	M	-0.271936	0.028527	0.017604	-0.001674	0.040414	0.008886	0.00255	-0.070606	0.709115	0.313633	-1.929699	0.737386
cell_002173	donor_055	-1.1119334155499838	0.9776949408373917	-0.5095524204206123	-1.218397	M	-1.143163	0.026404	0.017604	-0.001674	0.040414	0.008886	0.00255	0.778932	1.843606	-1.076754	-1.804234	0.221398
cell_002174	donor_055	1.2136867398336855	1.3593421819340668	-3.111723969374034	-1.218397	M	-1.541844	0.041575	0.017604	-0.001674	0.040414	0.008886	0.00255	-0.676198	0.080309	0.558489	-1.171437	1.743327
cell_002175	donor_055	-0.473978866644326	-1.2177395612947208	0.972743950566887	-1.218397	M	1.110367	0.034474	0.017604	-0.001674	0.040414	0.008886	0.00255	1.885236	0.325143	0.621106	-0.481524	-1.940585
cell_002176	donor_055	1.7007326396613516	-0.8926828202862318	-0.773585650912971	-1.218397	M	1.738151	0.007214	0.017604	-0.001674	0.040414	0.008886	0.00255	-0.663004	-1.459852	0.206666	-0.57184	-1.670812
cell_002177	donor_055	0.22846257702944137	-0.8294069433898332	-0.46465314801415075	-1.218397	M	1.563924	0.057477	0.017604	-0.001674	0.040414	0.008886	0.00255	0.231785	1.169495	-0.616379	-1.038032	-0.867025
cell_002178	donor_055	0.5890652066365344	-0.6568126210487835	1.2644738714258807	-1.218397	M	-1.480083	0.067942	0.017604	-0.001674	0.040414	0.008886	0.00255	1.419048	0.376021	-0.490052	-0.625592	-1.646437
cell_002179	donor_055	1.1458477562780054	-1.679105514244835	0.8787513467924907	-1.218397	M	-1.390603	0.02641	0.017604	-0.001674	0.040414	0.008886	0.00255	-0.682784	-1.106707	0.635476	-0.89689	1.053969
cell_002180	donor_055	-0.7482053059039575	0.4606534909385843	0.3242733453825474	-1.218397	M	0.50174	0.034684	0.017604	-0.001674	0.040414	0.008886	0.00255	-0.822341	2.034869	-1.237251	0.159501	-1.548484
cell_002181	donor_055	1.074964537601255	0.11779174763152916	-0.76652522413667	-1.218397	M	1.328598	0.029097	0.017604	-0.001674	0.040414	0.008886	0.00255	-0.165366	1.026687	1.359521	-0.714396	0.354487
cell_002182	donor_055	0.03007841863872066	-1.147494757769687	0.37939486589853666	-1.218397	M	-0.174313	0.02913	0.017604	-0.001674	0.040414	0.008886	0.00255	-0.842683	1.097679	1.248093	-1.574639	-0.363101
cell_002183	donor_055	0.9978610002311333	-0.4876251437549943	2.168401315655678	-1.218397	M	-2.212889	0.020216	0.017604	-0.001674	0.040414	0.008886	0.00255	2.549793	-0.266792	-0.787054	-0.687609	1.556842
cell_002184	donor_055	0.19004281176391988	1.582403513029403	0.49382445606685715	-1.218397	M	0.449504	0.014405	0.017604	-0.001674	0.040414	0.008886	0.00255	0.67014	1.532414	1.18049	-0.807435	-0.160652
cell_002185	donor_055	-0.2188946952672141	2.0475241774180715	-0.022035385644836057	-1.218397	M	-1.477801	0.055757	0.017604	-0.001674	0.040414	0.008886	0.00255	0.166776	0.198153	1.908313	0.845528	-0.35862
cell_002186	donor_055	1.334551015245366	-0.599646206528477	-0.8415896351798708	-1.218397	M	0.801569	0.044985	0.017604	-0.001674	0.040414	0.008886	0.00255	1.639713	-1.207933	-0.25173	2.250609	-0.61318
cell_002187	donor_055	-0.2685624713479929	1.9459707336174124	-0.29360478973036486	-1.218397	M	0.513536	0.005435	0.017604	-0.001674	0.040414	0.008886	0.00255	0.17474	-0.162902	-0.604408	0.841237	1.779924
cell_002188	donor_055	-0.6571629549432533	1.655953650796732	-0.34659980861952033	-1.218397	M	0.142354	0.015198	0.017604	-0.001674	0.040414	0.008886	0.00255	-1.633204	-0.098888	0.188848	1.443351	-1.565941
cell_002189	donor_055	-0.13594164975533213	0.42417354647068134	-0.282687704944151	-1.218397	M	-0.363387	0.005541	0.017604	-0.001674	0.040414	0.008886	0.00255	-1.546632	3.186925	0.204727	-0.982757	-0.759958
cell_002190	donor_055	1.7266738022622024	-0.5877078315886363	-0.5159291821269052	-1.218397	M	0.576528	0.060614	0.017604	-0.001674	0.040414	0.008886	0.00255	0.737816	-0.856277	0.330704	-0.020032	0.397574
cell_002191	donor_055	0.512403077552307	1.4875692158803586	-0.8221672996400228	-1.218397	M	0.056454	0.045407	0.017604	-0.001674	0.040414	0.008886	0.00255	-0.577563	-1.16991	-0.619657	-0.729232	-1.477918
cell_002192	donor_055	0.9670909398857249	-1.1983172891275997	-2.604213942416228	-1.218397	M	-1.188274	0.026672	0.017604	-0.001674	0.040414	0.008886	0.00255	-0.412492	0.51379	1.29216	1.834728	-0.399448
cell_002193	donor_055	1.8317561020037216	1.2326913192447029	-0.001776320806452623	-1.218397	M	-0.158987	0.039651	0.017604	-0.001674	0.040414	0.008886	0.00255	1.594804	-0.643824	-0.174804	1.120053	1.57037
cell_002194	donor_055	0.7613520498815289	-0.2115607945624486	1.0041461766116364	-1.218397	M	0.946427	0.022145	0.017604	-0.001674	0.040414	0.008886	0.00255	0.906259	0.057302	0.415454	-0.089701	-1.18526
cell_002195	donor_055	1.0300236386090122	0.627959408676852	1.9302024914627494	-1.218397	M	-1.014586	0.052137	0.017604	-0.001674	0.040414	0.008886	0.00255	1.348185	-0.112303	0.243776	-0.302994	0.117895
cell_002196	donor_055	0.34537235903251823	0.17004598908079532	0.8787324879361937	-1.218397	M	0.863187	0.020183	0.017604	-0.001674	0.040414	0.008886	0.00255	0.258017	-1.363074	-1.556368	-0.039454	0.419064
cell_002197	donor_055	2.472760229899149	-0.467732091110661	-2.1234461639987035	-1.218397	M	-0.692784	0.02567	0.017604	-0.001674	0.040414	0.008886	0.00255	-0.253154	-0.255195	-2.530203	-0.554281	1.01318
cell_002198	donor_055	0.12153663040601116	-0.18085469079908809	-1.5534424570460952	-1.218397	M	-0.642785	0.030649	0.017604	-0.001674	0.040414	0.008886	0.00255	1.423735	-0.720104	-0.122037	1.418403	0.97729
cell_002199	donor_055	1.3699166533810967	0.41395913676280766	1.508877895124321	-1.218397	M	-0.554998	0.041031	0.017604	-0.001674	0.040414	0.008886	0.00255	0.240754	0.939453	1.47383	0.961616	-1.372998
cell_002200	donor_055	-1.3556089631676485	-0.763892493370106	0.5940981718603756	-1.218397	M	-0.634244	0.043067	0.017604	-0.001674	0.040414	0.008886	0.00255	-0.40375	0.326743	-0.606258	-0.19155	0.835216
cell_002201	donor_055	0.7957688921809957	2.060625024355496	0.382035799001634	-1.218397	M	0.874033	0.012558	0.017604	-0.001674	0.040414	0.008886	0.00255	-2.083795	-0.758835	-0.7596	1.076376	-0.377219
cell_002202	donor_055	-1.0755823928394614	-0.4044750908653378	0.2683650782775747	-1.218397	M	0.446864	0.082306	0.017604	-0.001674	0.040414	0.008886	0.00255	-1.071777	1.379511	-1.227529	1.373975	-1.327637
cell_002203	donor_055	-2.9036204774990106	-0.852723842290685	-0.08940149493491036	-1.218397	M	-1.219339	0.033222	0.017604	-0.001674	0.040414	0.008886	0.00255	-0.631781	1.838736	-0.180368	0.667337	1.634701
cell_002204	donor_055	0.5614381690920874	0.3173640739471735	-0.3697002268438817	-1.218397	M	0.353378	0.011176	0.017604	-0.001674	0.040414	0.008886	0.00255	2.515771	0.886994	1.174751	1.684695	-1.4817
cell_002205	donor_055	-0.4623590934869552	1.1496759986925527	0.9492419789526523	-1.218397	M	-0.260804	0.04676	0.017604	-0.001674	0.040414	0.008886	0.00255	0.447776	-0.39546	-0.95656	-1.269627	-0.861532
cell_002206	donor_055	-0.7861817885964162	0.13781142027772483	-0.8955681514261279	-1.218397	M	0.623726	0.028136	0.017604	-0.001674	0.040414	0.008886	0.00255	-1.550894	0.234508	1.114028	0.63649	-0.013974
cell_002207	donor_055	0.05699550647196328	-0.9511684571940654	-0.18385593215245963	-1.218397	M	1.264314	0.044049	0.017604	-0.001674	0.040414	0.008886	0.00255	-0.650403	-0.899571	1.107753	-0.603829	0.428176
cell_002208	donor_055	-1.1385548160713783	0.39156530748569457	0.3376642126732983	-1.218397	M	0.548919	0.038356	0.017604	-0.001674	0.040414	0.008886	0.00255	0.098976	2.232749	-0.339757	0.530676	-0.68821
cell_002209	donor_055	-0.04369601986965597	-0.9542122985915383	0.7098476059539062	-1.218397	M	2.569208	0.023794	0.017604	-0.001674	0.040414	0.008886	0.00255	-0.563336	0.70823	0.04458	-0.223407	1.886563
cell_002210	donor_055	-1.0929657298666116	1.945873090184009	0.3903071775919096	-1.218397	M	-0.923198	0.029194	0.017604	-0.001674	0.040414	0.008886	0.00255	-0.496548	-0.499525	1.59278	0.469473	0.433861
cell_002211	donor_055	-0.1307544167781066	0.0451088023111765	-1.3987530905531587	-1.218397	M	-0.775097	0.00963	0.017604	-0.001674	0.040414	0.008886	0.00255	-0.05326	0.993666	-0.760397	-0.416918	0.168397
cell_002212	donor_055	-2.1882982272652365	2.150419643542547	0.5130584289397235	-1.218397	M	1.971713	0.027176	0.017604	-0.001674	0.040414	0.008886	0.00255	1.331222	-0.358489	-1.411701	-0.875053	-1.70932
cell_002213	donor_055	-0.5608380682308255	-0.5731293953880244	-0.45327911566986434	-1.218397	M	0.435972	0.043447	0.017604	-0.001674	0.040414	0.008886	0.00255	1.259688	-0.386318	-0.430498	-1.079762	-0.246807
cell_002214	donor_056	0.6282239578378246	1.308271953384465	0.4077770401484325	0.829923	M	-1.30462	0.017423	0.012456	-0.004277	0.007197	-0.005282	0.028737	1.417212	-0.485778	0.185042	0.339045	0.841426
cell_002215	donor_056	0.5294562964397292	0.6832678497439695	-1.0051412711731091	0.829923	M	1.210875	0.00727	0.012456	-0.004277	0.007197	-0.005282	0.028737	-0.587898	-2.138362	1.240062	0.865837	0.602462
cell_002216	donor_056	0.3448905920497101	1.3508042498259973	-1.914510480720178	0.829923	M	0.648367	0.018821	0.012456	-0.004277	0.007197	-0.005282	0.028737	-1.317872	-0.043535	0.346826	-0.226842	-1.634349
cell_002217	donor_056	-0.3011381406961234	0.266643967238038	0.9676123962911509	0.829923	M	-0.135646	0.024755	0.012456	-0.004277	0.007197	-0.005282	0.028737	-0.002678	0.171326	0.976023	-0.910472	-2.406464
cell_002218	donor_056	2.114005681833701	0.6412910962696539	0.6950772905263256	0.829923	M	-0.664793	0.044726	0.012456	-0.004277	0.007197	-0.005282	0.028737	-0.115095	0.496598	-1.411151	1.421997	0.391948
cell_002219	donor_056	2.4506150886453275	-0.7352902133730712	0.14530173241625263	0.829923	M	-0.586104	0.049343	0.012456	-0.004277	0.007197	-0.005282	0.028737	-0.278096	-0.461389	1.002583	0.991329	0.522517
cell_002220	donor_056	0.6436844317718637	1.7362548438752008	1.2297615250607863	0.829923	M	-1.332972	0.005637	0.012456	-0.004277	0.007197	-0.005282	0.028737	1.827983	-0.074546	2.657704	-0.453598	2.225491
cell_002221	donor_056	0.6046305031099309	-1.2447450531586617	0.37567844349272395	0.829923	M	-1.693159	0.062793	0.012456	-0.004277	0.007197	-0.005282	0.028737	0.610435	-1.219232	0.074754	-0.188914	-0.934914
cell_002222	donor_056	0.31623461596006436	-0.29708153118080116	0.8271320841260449	0.829923	M	1.449513	0.024244	0.012456	-0.004277	0.007197	-0.005282	0.028737	0.077384	-0.910871	-0.300047	1.514037	2.330925
cell_002223	donor_056	-0.7946175172026593	1.3886295728695623	-1.0409913069138228	0.829923	M	-2.946932	0.024303	0.012456	-0.004277	0.007197	-0.005282	0.028737	1.07401	1.505598	1.575732	-1.482097	1.622862
cell_002224	donor_056	0.3235227648843644	2.347626661783424	-0.0862512739975934	0.829923	M	-1.051591	0.010995	0.012456	-0.004277	0.007197	-0.005282	0.028737	0.351077	-1.128801	0.585221	0.661415	-0.066663
cell_002225	donor_056	-0.05486128835574316	-1.1051073228302315	0.4298463598220961	0.829923	M	-0.5459	0.014949	0.012456	-0.004277	0.007197	-0.005282	0.028737	0.504567	-0.478041	0.42508	1.072914	0.504085
cell_002226	donor_056	1.1628051919282816	1.066760842894808	0.7554464042728617	0.829923	M	1.060018	0.028714	0.012456	-0.004277	0.007197	-0.005282	0.028737	-0.450859	1.024437	0.394021	0.229333	-0.593005
cell_002227	donor_056	0.19250347906400994	0.16918143136944516	-0.620977415567619	0.829923	M	-0.874162	0.034548	0.012456	-0.004277	0.007197	-0.005282	0.028737	0.405647	-0.009547	-0.305358	-0.762672	-0.931139
cell_002228	donor_056	0.4895466891039375	0.11455666914899124	-0.027120209811250257	0.829923	M	-0.198248	0.023716	0.012456	-0.004277	0.007197	-0.005282	0.028737	0.765571	1.830556	-0.032771	1.027799	2.043531
cell_002229	donor_056	-0.3359501135043984	0.01818536935871837	0.7876972498141501	0.829923	M	1.298696	0.016195	0.012456	-0.004277	0.007197	-0.005282	0.028737	-0.026353	0.399536	-1.231132	1.411757	-1.039907
cell_002230	donor_056	2.2056441816522696	-0.06582909270379156	1.5632614811099024	0.829923	M	1.485481	0.010521	0.012456	-0.004277	0.007197	-0.005282	0.028737	-0.391216	0.965578	0.304722	-1.008322	0.734354
cell_002231	donor_056	0.8656430393550376	-0.10842771745442911	0.8637589819346183	0.829923	M	-1.214045	0.022851	0.012456	-0.004277	0.007197	-0.005282	0.028737	1.521896	-0.458068	1.287575	-3.216902	1.40635
cell_002232	donor_056	0.22758442890576883	-0.2483603870886627	1.3386183485436587	0.829923	M	0.379026	0.027355	0.012456	-0.004277	0.007197	-0.005282	0.028737	-2.949768	1.158303	-0.984865	-0.910811	-1.109607
cell_002233	donor_056	0.00510425652486686	-0.924551242957323	-0.9063410504705536	0.829923	M	-0.63114	0.003603	0.012456	-0.004277	0.007197	-0.005282	0.028737	-0.502283	0.494238	-0.737192	-0.034636	0.087053
cell_002234	donor_056	-2.5946509966147326	0.1909599624091576	0.31046424840167974	0.829923	M	-0.045827	0.044417	0.012456	-0.004277	0.007197	-0.005282	0.028737	0.329453	-0.182517	-0.012241	0.059067	-0.031673
cell_002235	donor_056	0.2422149082113857	0.5622845651922581	-0.06491647075950309	0.829923	M	0.587676	0.024504	0.012456	-0.004277	0.007197	-0.005282	0.028737	-1.275896	1.743588	0.433832	-0.123001	-0.602047
cell_002236	donor_056	-0.11042455235692321	0.6148709375357821	-0.6795350819949922	0.829923	M	0.141016	0.010177	0.012456	-0.004277	0.007197	-0.005282	0.028737	0.53878	0.289404	0.157351	0.413448	-0.122844
cell_002237	donor_056	-0.13457713695889229	-0.4471978149328167	-0.768013063271181	0.829923	M	1.675648	0.032542	0.012456	-0.004277	0.007197	-0.005282	0.028737	-1.035252	0.926325	0.384321	0.986312	0.985986
cell_002238	donor_056	0.7659576505170168	0.29438068056329614	-1.4277512893537117	0.829923	M	0.450061	0.004926	0.012456	-0.004277	0.007197	-0.005282	0.028737	-1.875428	-0.74921	1.508752	-0.271139	0.04677
cell_002239	donor_056	0.5872973745346526	-0.8794940642191084	-2.3970106531094197	0.829923	M	-0.123417	0.031387	0.012456	-0.004277	0.007197	-0.005282	0.028737	-0.279652	0.06444	1.589636	-1.130994	-2.139361
cell_002240	donor_056	-0.7077676087044066	-0.7579080968124041	0.6885532618047274	0.829923	M	-0.216425	0.044565	0.012456	-0.004277	0.007197	-0.005282	0.028737	0.256854	0.737687	0.093779	-0.166648	1.975596
cell_002241	donor_056	-0.10154654859963527	-0.823588812908722	-0.9279382169597302	0.829923	M	1.922824	0.041909	0.012456	-0.004277	0.007197	-0.005282	0.028737	-0.620801	1.107462	0.154146	0.581381	0.400341
cell_002242	donor_056	0.4682617856020498	-0.6656173480756745	0.22879665729379378	0.829923	M	0.071778	0.007562	0.012456	-0.004277	0.007197	-0.005282	0.028737	-0.110914	-0.799054	-0.435597	0.159439	0.128282
cell_002243	donor_056	0.26735016178521703	-0.7070273259591708	-0.18568429700989278	0.829923	M	-1.428749	0.047539	0.012456	-0.004277	0.007197	-0.005282	0.028737	0.366266	-1.46797	1.184732	-0.905017	-2.162631
cell_002244	donor_056	2.116641856058643	-0.12898810174103365	-0.4385662388862802	0.829923	M	0.294356	0.028229	0.012456	-0.004277	0.007197	-0.005282	0.028737	0.069117	0.207782	-2.387611	-1.184565	0.454922
cell_002245	donor_056	0.012813550397280243	1.1949196944772282	0.46044883698262673	0.829923	M	1.004627	0.049873	0.012456	-0.004277	0.007197	-0.005282	0.028737	-0.190948	0.400579	1.059858	-1.769102	-0.519888
cell_002246	donor_056	-0.06229920005616404	0.15651607836361034	0.46727604528951977	0.829923	M	-0.163361	0.038939	0.012456	-0.004277	0.007197	-0.005282	0.028737	1.602706	-0.493871	0.125252	-0.399118	1.338283
cell_002247	donor_056	-1.227931353603903	1.471293144886308	0.6625194209763615	0.829923	M	0.281287	0.026937	0.012456	-0.004277	0.007197	-0.005282	0.028737	0.348673	-0.404092	0.742902	1.702433	0.205473
cell_002248	donor_056	-0.19835878930417103	1.1870909962560878	0.2303159454107907	0.829923	M	0.67139	0.031438	0.012456	-0.004277	0.007197	-0.005282	0.028737	1.634223	-0.298905	0.671908	-1.217426	1.111172
cell_002249	donor_056	-0.5393982677347053	-0.7737576694717949	-0.9835511336120675	0.829923	M	-0.322437	0.018664	0.012456	-0.004277	0.007197	-0.005282	0.028737	0.146832	1.650258	1.458775	3.219908	0.249542
cell_002250	donor_056	-0.44206775101183354	0.05430596657639812	-0.873290737429305	0.829923	M	0.457954	0.032006	0.012456	-0.004277	0.007197	-0.005282	0.028737	0.574679	0.980191	-1.035631	-1.331202	-0.397073
cell_002251	donor_056	0.08994142273828343	2.0797653943901877	0.01836399381716902	0.829923	M	0.40403	0.048069	0.012456	-0.004277	0.007197	-0.005282	0.028737	-0.215995	-2.079705	1.464931	-0.771493	0.812312
cell_002252	donor_056	0.4175699865367051	0.12316807882873379	-0.46991767481903135	0.829923	M	-0.173255	0.018348	0.012456	-0.004277	0.007197	-0.005282	0.028737	-1.539927	-0.906925	1.188763	-1.711172	-0.053787
cell_002253	donor_056	1.1408154654083291	-1.1764351674055806	-0.7665725686194874	0.829923	M	-0.25213	0.01606	0.012456	-0.004277	0.007197	-0.005282	0.028737	-1.106749	-0.080889	-1.819333	1.064028	-2.082746
cell_002254	donor_056	-0.10675056206632069	0.2903931792487327	0.943341704224295	0.829923	M	-0.222656	0.024204	0.012456	-0.004277	0.007197	-0.005282	0.028737	-0.62638	-0.907	0.606112	-1.262209	-0.768786
cell_002255	donor_056	-0.38445317963093123	0.14112900701458989	0.6098463844262756	0.829923	M	0.687836	0.015314	0.012456	-0.004277	0.007197	-0.005282	0.028737	2.358697	-2.111653	-0.653517	0.659245	-0.071094
cell_002256	donor_057	-0.3157573084318957	1.154822657932013	-1.2720292451228188	1.53624	F	0.754202	0.057836	0.000396	0.034606	0.031017	0.019918	0.016447	-1.486791	-0.80272	-0.449564	-0.250154	0.830982
cell_002257	donor_057	1.0557166466441403	0.5915651611478543	-0.4768914550495087	1.53624	F	-0.513802	0.026065	0.000396	0.034606	0.031017	0.019918	0.016447	0.858918	-0.054498	-1.115217	0.624644	-0.457111
cell_002258	donor_057	-0.7411328306738595	-0.5894820427105487	-0.18478735276404026	1.53624	F	-0.219497	0.058581	0.000396	0.034606	0.031017	0.019918	0.016447	1.248878	1.166364	-0.152367	2.439502	1.257908
cell_002259	donor_057	-1.848976143567322	0.2229210733010917	-0.7484010824295044	1.53624	F	0.888593	0.061996	0.000396	0.034606	0.031017	0.019918	0.016447	-0.902356	-0.881442	-1.596181	-1.850259	0.507482
cell_002260	donor_057	0.03481648428762127	1.3786765142916828	-0.09204235221625416	1.53624	F	-0.907554	0.055171	0.000396	0.034606	0.031017	0.019918	0.016447	0.365066	-1.189648	-0.348215	1.504791	-0.301966
cell_002261	donor_057	0.2899426691157219	0.003927521396750126	-0.8871809495841905	1.53624	F	0.46401	0.050143	0.000396	0.034606	0.031017	0.019918	0.016447	2.152522	-0.734798	-0.608722	-0.578086	0.043627
cell_002262	donor_057	-0.07959407656561622	1.008802309039559	0.6126404004595136	1.53624	F	-3.507976	0.037582	0.000396	0.034606	0.031017	0.019918	0.016447	-1.446886	0.84268	-0.063967	1.709382	-3.153727
cell_002263	donor_057	-0.8116879582601991	0.2986832828373333	-0.20628436251991508	1.53624	F	0.252592	0.004084	0.000396	0.034606	0.031017	0.019918	0.016447	0.268877	1.34602	1.112006	0.03252	0.302833
cell_002264	donor_057	-0.3582212164278712	0.950679427541754	0.7164059177613706	1.53624	F	0.296618	0.010671	0.000396	0.034606	0.031017	0.019918	0.016447	0.243038	-0.793306	0.505064	0.025555	-0.741775
cell_002265	donor_057	-1.673427916033573	1.0262266739472397	0.2664918500591668	1.53624	F	0.345917	0.011838	0.000396	0.034606	0.031017	0.019918	0.016447	-0.725124	-1.480186	-0.57242	-0.428207	0.086051
cell_002266	donor_057	1.85450111329651	3.5638902676588646	-0.05510649364268438	1.53624	F	-0.704132	0.039923	0.000396	0.034606	0.031017	0.019918	0.016447	-0.248709	0.929783	1.853196	0.180888	-0.08903
cell_002267	donor_057	0.4118880762222697	-1.2199704723852225	-0.25968644264299195	1.53624	F	2.056802	0.025469	0.000396	0.034606	0.031017	0.019918	0.016447	-0.628356	0.314388	-0.816095	0.552144	-0.862783
cell_002268	donor_057	-0.2514815588975782	0.5889184509260647	0.8873665990198969	1.53624	F	-0.196739	0.082153	0.000396	0.034606	0.031017	0.019918	0.016447	-0.07121	0.855939	0.837364	3.290542	0.417199
cell_002269	donor_057	0.47454463120487156	1.2569615235693552	-1.0902515328690774	1.53624	F	-0.341281	0.00524	0.000396	0.034606	0.031017	0.019918	0.016447	0.719266	1.826716	-1.326608	1.119988	-0.490019
cell_002270	donor_057	2.3585304053819245	0.15270866872514946	-1.2038631422596306	1.53624	F	0.04468	0.046474	0.000396	0.034606	0.031017	0.019918	0.016447	0.656602	1.049425	-0.139397	-1.201261	-0.320157
cell_002271	donor_057	-1.3703294418598586	-0.5732789374023084	-0.07109120600233587	1.53624	F	1.279979	0.015787	0.000396	0.034606	0.031017	0.019918	0.016447	1.027716	1.495049	0.851516	-0.856342	-0.247877
cell_002272	donor_057	0.6275592199925211	-0.14134076647326632	-1.093957015620686	1.53624	F	-0.051967	0.005673	0.000396	0.034606	0.031017	0.019918	0.016447	0.840814	-0.789734	-1.028247	0.767068	0.147302
cell_002273	donor_057	0.876297032469034	0.48003794528152827	-1.3642162736882222	1.53624	F	-0.111859	0.015099	0.000396	0.034606	0.031017	0.019918	0.016447	0.166368	0.632622	0.826764	-0.89694	0.56258
cell_002274	donor_057	-0.5219650775057187	0.3738812931539104	-0.02988247617326622	1.53624	F	-0.719082	0.038557	0.000396	0.034606	0.031017	0.019918	0.016447	-1.02995	0.485073	1.276582	-0.199031	1.959149
cell_002275	donor_057	-2.346708670960149	0.3818703723859117	1.5715920357994166	1.53624	F	0.621378	0.046271	0.000396	0.034606	0.031017	0.019918	0.016447	-0.082982	-0.784216	0.40855	0.701551	-1.40173
cell_002276	donor_057	0.7558446597225348	0.21714552846104146	1.7636300674758298	1.53624	F	-0.826046	0.03501	0.000396	0.034606	0.031017	0.019918	0.016447	-0.434684	0.785563	2.414839	-1.220542	0.061347
cell_002277	donor_057	1.6644218893778873	-0.09387710546775588	0.30025230540944053	1.53624	F	1.255671	0.029422	0.000396	0.034606	0.031017	0.019918	0.016447	-0.202356	-1.320548	-0.661215	-0.85365	0.599199
cell_002278	donor_057	1.2665877015840648	-0.16173610929827406	0.8620246152830585	1.53624	F	0.541617	0.018767	0.000396	0.034606	0.031017	0.019918	0.016447	-1.313698	-0.445494	-0.820876	1.755014	2.00407
cell_002279	donor_057	0.5451055140250093	-0.6266725339202408	0.45906163649137915	1.53624	F	-0.621044	0.01137	0.000396	0.034606	0.031017	0.019918	0.016447	0.758737	0.522576	1.408825	0.185263	-0.646344
cell_002280	donor_057	0.3428875803441142	0.2932316345603226	-0.749388577806674	1.53624	F	-0.752444	0.009639	0.000396	0.034606	0.031017	0.019918	0.016447	0.556683	-1.535653	-0.086806	0.138656	-1.042225
cell_002281	donor_057	-0.7032773050163549	1.9172744655666898	1.5490506656072722	1.53624	F	-0.346168	0.027961	0.000396	0.034606	0.031017	0.019918	0.016447	1.410671	0.440951	1.36852	-0.658839	-1.338165
cell_002282	donor_057	-1.2258380781276297	1.1243761545440765	-0.9245830376176885	1.53624	F	-2.734758	0.006354	0.000396	0.034606	0.031017	0.019918	0.016447	-0.913011	0.523547	0.029421	1.221407	-0.29267
cell_002283	donor_057	-0.6229491862236434	0.448297264213736	-0.1143341448066169	1.53624	F	-1.512117	0.043744	0.000396	0.034606	0.031017	0.019918	0.016447	-0.4181	0.29515	2.165215	-0.742877	0.779823
cell_002284	donor_057	-0.7589991664748627	-1.9189955819788074	-0.6714673623084476	1.53624	F	-0.07158	0.03492	0.000396	0.034606	0.031017	0.019918	0.016447	-0.71287	0.09643	-0.131475	1.176133	-0.921957
cell_002285	donor_057	0.9083329580017531	-0.751933459474785	1.0369056811905035	1.53624	F	-0.884109	0.034729	0.000396	0.034606	0.031017	0.019918	0.016447	0.867088	-0.516283	-0.37601	-1.575086	-1.324107
cell_002286	donor_057	0.5331173723325761	0.5080315244332487	-0.013094430517408993	1.53624	F	0.978155	0.054701	0.000396	0.034606	0.031017	0.019918	0.016447	1.409547	0.798045	-0.656926	-0.43475	-0.651802
cell_002287	donor_057	0.2735152386471336	1.3240526310008507	1.8692356441365672	1.53624	F	-1.381194	0.043824	0.000396	0.034606	0.031017	0.019918	0.016447	0.500892	-0.331447	-1.310224	0.566343	-1.650656
cell_002288	donor_057	-0.7946915694472322	0.5676822525271951	1.2511043840741372	1.53624	F	-0.961187	0.031888	0.000396	0.034606	0.031017	0.019918	0.016447	1.261478	-0.655887	-1.066818	-1.136732	1.310318
cell_002289	donor_057	-1.6916252689761373	-1.4992212624239014	0.3752343488504013	1.53624	F	-1.172035	0.031794	0.000396	0.034606	0.031017	0.019918	0.016447	-0.200032	0.065694	0.057822	-0.778313	-1.241422
cell_002290	donor_057	-1.6773157214803642	1.4662199833259553	0.9271636151170962	1.53624	F	0.322589	0.051438	0.000396	0.034606	0.031017	0.019918	0.016447	1.852883	0.963829	1.325554	0.468308	-0.716989
cell_002291	donor_058	0.538226917967795	1.2198549438883706	1.2518276100015675	-1.35966	F	0.697047	0.029925	0.020894	-0.013271	0.010431	-0.005765	-0.006114	0.278625	0.761527	0.762924	0.604991	-0.894079
cell_002292	donor_058	-1.7345111029823255	-0.05473027182169284	1.0231676113759636	-1.35966	F	0.965247	0.021452	0.020894	-0.013271	0.010431	-0.005765	-0.006114	0.913208	0.304648	-1.141274	0.35487	-0.298789
cell_002293	donor_058	2.5502465423376806	-0.07921104156271716	1.2131937016597851	-1.35966	F	0.229983	0.017355	0.020894	-0.013271	0.010431	-0.005765	-0.006114	0.22524	1.521466	0.567819	1.365514	1.498244
cell_002294	donor_058	0.28726732663386184	0.41627827280098256	1.8029565642610488	-1.35966	F	-0.816412	0.036199	0.020894	-0.013271	0.010431	-0.005765	-0.006114	0.253382	-0.081174	0.166551	-1.972091	0.727089
cell_002295	donor_058	-1.287854043879539	-1.0390771846316211	0.7765318388006607	-1.35966	F	1.095454	0.036253	0.020894	-0.013271	0.010431	-0.005765	-0.006114	0.177795	-2.011708	-0.437655	-0.04754	-0.661351
cell_002296	donor_058	-0.6646510679956784	-0.40312968604496713	0.7358286150528451	-1.35966	F	-1.088905	0.025548	0.020894	-0.013271	0.010431	-0.005765	-0.006114	0.324725	0.509571	1.082989	0.265603	1.258424
cell_002297	donor_058	-0.2601083309608281	-0.5862106780261305	0.12088256731332513	-1.35966	F	-0.591958	0.015698	0.020894	-0.013271	0.010431	-0.005765	-0.006114	0.998376	1.033946	0.281529	1.739727	-0.661894
cell_002298	donor_058	1.7352919890121854	0.15880627463003674	-0.21393484251873704	-1.35966	F	1.383566	0.033191	0.020894	-0.013271	0.010431	-0.005765	-0.006114	-0.689969	0.441772	-2.586039	-0.02929	1.524847
cell_002299	donor_058	0.8395080320597182	0.468450496706761	1.8282915156934387	-1.35966	F	-1.576502	0.024562	0.020894	-0.013271	0.010431	-0.005765	-0.006114	-1.552315	-1.466643	-1.001275	-0.405871	0.804364
cell_002300	donor_058	0.22068226289485326	-0.5119465692770223	-0.045435940530179124	-1.35966	F	0.27569	0.020275	0.020894	-0.013271	0.010431	-0.005765	-0.006114	-0.785536	-0.230094	0.213316	-0.719309	-0.55492
cell_002301	donor_058	0.22003020486004696	1.1348514797083005	0.6465934391668472	-1.35966	F	0.957758	0.050029	0.020894	-0.013271	0.010431	-0.005765	-0.006114	-0.554146	-0.077408	0.471378	-0.34203	1.660148
cell_002302	donor_058	0.6454152552049758	-0.7975050107222567	0.20787693904190518	-1.35966	F	-0.902951	0.039747	0.020894	-0.013271	0.010431	-0.005765	-0.006114	-0.129937	0.327395	-0.516947	-0.573552	-1.657442
cell_002303	donor_058	0.20300225008952863	-0.7375307408746372	-0.3693848646257831	-1.35966	F	-0.072782	0.043098	0.020894	-0.013271	0.010431	-0.005765	-0.006114	-0.856009	0.143275	0.523702	-0.573596	0.663965
cell_002304	donor_058	0.20159950482681807	-0.5891547360386714	-1.9694867116497456	-1.35966	F	0.712485	0.017757	0.020894	-0.013271	0.010431	-0.005765	-0.006114	0.257695	-1.103536	0.124203	-1.274598	-1.136061
cell_002305	donor_058	-0.4446290203456076	-0.49194447449102924	-0.3040879801779406	-1.35966	F	2.152573	0.023459	0.020894	-0.013271	0.010431	-0.005765	-0.006114	0.413215	0.66604	1.549192	-0.683997	-0.769522
cell_002306	donor_058	0.7315892503152767	-0.5399559926732422	-0.8451685286990118	-1.35966	F	0.467549	0.050013	0.020894	-0.013271	0.010431	-0.005765	-0.006114	0.936216	0.739951	-1.060011	1.024354	-0.006798
cell_002307	donor_058	-1.1557462508235097	-1.8177554606134276	0.017474432409923513	-1.35966	F	0.458745	0.021297	0.020894	-0.013271	0.010431	-0.005765	-0.006114	-0.489805	0.863898	-0.080178	-1.812094	1.419853
cell_002308	donor_058	-0.07024391279077527	-0.2800703374548332	2.444147806976554	-1.35966	F	1.685698	0.038744	0.020894	-0.013271	0.010431	-0.005765	-0.006114	1.059217	0.169819	2.052721	0.624021	1.101013
cell_002309	donor_058	-2.3314427535316233	0.37513528652642575	-0.23780236184964337	-1.35966	F	0.600269	0.035966	0.020894	-0.013271	0.010431	-0.005765	-0.006114	0.090871	-1.312732	0.289856	2.662522	0.693452
cell_002310	donor_058	0.906515467386967	-0.7620307435145451	-0.17672763719255147	-1.35966	F	1.277466	0.001144	0.020894	-0.013271	0.010431	-0.005765	-0.006114	0.395105	0.166307	-0.801785	2.101456	0.770018
cell_002311	donor_058	-0.05676394820309585	-1.0748515543913328	1.024297532665314	-1.35966	F	0.816616	0.032958	0.020894	-0.013271	0.010431	-0.005765	-0.006114	0.32927	-1.331061	0.08236	-0.190701	-0.519229
cell_002312	donor_058	0.06222705381306356	1.500238034637123	1.2878091743144395	-1.35966	F	0.42026	0.000252	0.020894	-0.013271	0.010431	-0.005765	-0.006114	-0.358179	-0.294672	0.475348	-0.983454	-1.466642
cell_002313	donor_058	0.3451483218532541	-0.01856420521888224	-0.244114177215906	-1.35966	F	0.159466	0.042238	0.020894	-0.013271	0.010431	-0.005765	-0.006114	1.309085	0.746079	1.936884	-1.772936	-0.214704
cell_002314	donor_058	-0.16182448225255522	-0.6550842197748932	-1.405788056600692	-1.35966	F	-0.330087	0.024769	0.020894	-0.013271	0.010431	-0.005765	-0.006114	-0.822882	-0.519089	-0.559532	-0.671861	0.531613
cell_002315	donor_058	-0.8648445646347269	-0.7788278408698363	-0.24440512715029325	-1.35966	F	-1.44496	0.008833	0.020894	-0.013271	0.010431	-0.005765	-0.006114	-0.184301	0.991353	1.309434	0.485003	-1.716687
cell_002316	donor_058	0.2643291232553562	2.331368712904331	0.15722410526284583	-1.35966	F	0.320547	0.029066	0.020894	-0.013271	0.010431	-0.005765	-0.006114	0.94645	1.005143	-0.223227	-0.863482	1.035001
cell_002317	donor_058	-0.41891506575679094	-1.7135307903026817	1.2974132748056617	-1.35966	F	0.1647	0.044988	0.020894	-0.013271	0.010431	-0.005765	-0.006114	0.255077	1.019938	-0.177257	0.97574	-0.496221
cell_002318	donor_058	0.2538945368078791	-2.3542783084797	-0.7849399110186431	-1.35966	F	-0.43459	0.005404	0.020894	-0.013271	0.010431	-0.005765	-0.006114	-0.242556	-0.242636	1.18568	-0.018124	-1.433887
cell_002319	donor_058	-0.3456766908025003	-0.06974625426445077	0.13643389459429925	-1.35966	F	0.428568	0.003144	0.020894	-0.013271	0.010431	-0.005765	-0.006114	0.413058	-0.350158	0.433602	-1.369412	0.045572
cell_002320	donor_058	-1.4956342951577988	2.3030024426709974	-0.8308663406058047	-1.35966	F	-0.296588	0.029542	0.020894	-0.013271	0.010431	-0.005765	-0.006114	0.277585	-0.463061	-0.076629	-0.04484	1.526264
cell_002321	donor_058	0.8312573835356557	0.80092607912114	0.8264122032971832	-1.35966	F	-0.222234	0.01543	0.020894	-0.013271	0.010431	-0.005765	-0.006114	-0.430746	-0.94869	0.200275	-1.510787	0.264345
cell_002322	donor_058	-0.16353221131147216	-0.48701655899338164	0.9722059937215604	-1.35966	F	-0.700187	0.012105	0.020894	-0.013271	0.010431	-0.005765	-0.006114	0.101144	-0.223666	-0.157044	-2.278089	-1.641992
cell_002323	donor_058	0.06229633332808036	-0.5662303423833163	-1.5624760981351475	-1.35966	F	-0.797166	0.005677	0.020894	-0.013271	0.010431	-0.005765	-0.006114	0.171052	2.407226	0.663676	0.354448	-0.373399
cell_002324	donor_058	-1.2570569020700362	-1.8949828239969562	2.1722055617536817	-1.35966	F	0.101141	0.019303	0.020894	-0.013271	0.010431	-0.005765	-0.006114	-1.095946	0.648654	0.398418	0.226949	0.906683
cell_002325	donor_058	-1.3820618501732134	-1.997990270712308	1.2834958451442082	-1.35966	F	0.683403	0.031152	0.020894	-0.013271	0.010431	-0.005765	-0.006114	-0.879786	-2.632275	-0.17497	-0.314538	0.960845
cell_002326	donor_058	-0.7831754103050494	0.5611547776126862	0.6145993775344839	-1.35966	F	-1.047488	0.025832	0.020894	-0.013271	0.010431	-0.005765	-0.006114	1.11932	0.586888	0.911506	1.968903	-1.164438
cell_002327	donor_058	-0.3637825699080281	2.2833302995502356	1.0048325275306622	-1.35966	F	2.126929	0.011695	0.020894	-0.013271	0.010431	-0.005765	-0.006114	0.125146	-0.434217	0.302363	-0.721831	-0.051724
cell_002328	donor_058	-1.291236833522937	-1.813931451284099	-0.171251424788029	-1.35966	F	0.146456	0.037833	0.020894	-0.013271	0.010431	-0.005765	-0.006114	0.565123	0.130543	-0.881168	1.758237	-0.772747
cell_002329	donor_058	-0.4711346797795446	-0.15658848645328077	-0.5409027055547257	-1.35966	F	-0.991269	0.012537	0.020894	-0.013271	0.010431	-0.005765	-0.006114	-2.345044	-1.417656	-1.386557	-1.307636	1.422221
cell_002330	donor_058	0.3136007247824756	0.9345600738369059	2.163965675152216	-1.35966	F	-1.253126	0.022933	0.020894	-0.013271	0.010431	-0.005765	-0.006114	0.447352	0.723431	-0.096565	-0.207545	0.229323
cell_002331	donor_059	2.099773792995146	1.3407627056133535	0.8423531388687439	0.900554	F	1.203945	0.027001	0.037802	-0.010306	0.023702	0.034995	0.00572	-1.095954	-0.209284	1.744669	-0.008438	-0.984111
cell_002332	donor_059	-0.04686489149218868	0.766127031648983	-1.631675642174448	0.900554	F	0.345991	0.000711	0.037802	-0.010306	0.023702	0.034995	0.00572	-0.70555	0.7208	1.78848	-0.791181	-0.190197
cell_002333	donor_059	-0.15523318451078805	1.2017744658624299	0.34374391238012314	0.900554	F	-0.748031	0.06915	0.037802	-0.010306	0.023702	0.034995	0.00572	0.746149	1.353993	1.4353	0.203196	0.698472
cell_002334	donor_059	0.009020201578939787	0.6138544527816332	1.660679959028341	0.900554	F	-1.009879	0.049874	0.037802	-0.010306	0.023702	0.034995	0.00572	-0.014928	-0.394237	0.3185	0.880326	0.620593
cell_002335	donor_059	0.45760175672113207	0.8059745884439014	-0.7008915696473718	0.900554	F	-0.845548	0.005521	0.037802	-0.010306	0.023702	0.034995	0.00572	-0.72874	1.215376	-1.998145	0.009238	-0.871386
cell_002336	donor_059	-0.26460161296407975	-0.3287677306276369	-0.9370373185414476	0.900554	F	2.52291	0.027709	0.037802	-0.010306	0.023702	0.034995	0.00572	0.721511	-0.111038	0.075795	0.175192	1.197474
cell_002337	donor_059	0.8751515292753964	0.9114147718783132	0.39864891749499	0.900554	F	-0.359647	0.045949	0.037802	-0.010306	0.023702	0.034995	0.00572	0.597888	1.652436	-0.801333	0.499465	-0.176985
cell_002338	donor_059	1.5495369756800426	-1.1829241315997083	-0.4599806591869077	0.900554	F	-0.401633	0.063156	0.037802	-0.010306	0.023702	0.034995	0.00572	0.190384	-0.576335	-1.093998	1.563461	-0.020166
cell_002339	donor_059	0.409294052057427	-0.12484212330169094	-0.16576588350895088	0.900554	F	-0.719527	0.024313	0.037802	-0.010306	0.023702	0.034995	0.00572	0.531309	1.047379	-0.395645	-1.10918	1.160968
cell_002340	donor_059	0.12216291703446999	1.329666447105226	1.2675529978418953	0.900554	F	-1.779484	0.05938	0.037802	-0.010306	0.023702	0.034995	0.00572	0.52718	-0.291597	-0.110186	1.581798	0.217999
cell_002341	donor_059	0.41905001358308785	0.8155075004101536	-0.5060398123452224	0.900554	F	0.500193	0.050905	0.037802	-0.010306	0.023702	0.034995	0.00572	0.61505	-0.214014	-1.090892	1.773431	0.752485
cell_002342	donor_059	-0.5935355808876166	-0.3343654559930707	0.08841913373202505	0.900554	F	-0.388448	0.04678	0.037802	-0.010306	0.023702	0.034995	0.00572	1.568301	-0.573071	-1.247652	-1.025568	1.17259
cell_002343	donor_059	-0.08916423416033364	-0.4993943282977787	0.6230528298900089	0.900554	F	0.269106	0.045861	0.037802	-0.010306	0.023702	0.034995	0.00572	0.6827	-0.233489	-0.884811	-0.133414	0.70256
cell_002344	donor_059	-0.03940974185963262	-0.4625056172487746	0.35402916825052205	0.900554	F	-1.485415	0.050186	0.037802	-0.010306	0.023702	0.034995	0.00572	-0.756154	-0.93078	0.074463	-0.920773	-0.265558
cell_002345	donor_059	-0.07830063439747269	-0.45372176162621036	-0.16131856591760016	0.900554	F	-1.06135	0.030139	0.037802	-0.010306	0.023702	0.034995	0.00572	-0.708356	-0.834229	0.758476	-0.631573	-0.741185
cell_002346	donor_059	-0.4157636792339489	1.142460896356907	-0.5129211965840581	0.900554	F	-0.50075	0.03992	0.037802	-0.010306	0.023702	0.034995	0.00572	1.096702	-0.896654	0.261009	0.785765	-1.243386
cell_002347	donor_059	-1.3818039724449018	1.7597461408120427	1.1660184274817513	0.900554	F	-1.847429	0.000507	0.037802	-0.010306	0.023702	0.034995	0.00572	-1.240451	-0.156373	-0.413018	0.615002	-0.431819
cell_002348	donor_059	-0.09017969704841414	-0.1288375876542217	0.5073811958767008	0.900554	F	-0.646983	0.012815	0.037802	-0.010306	0.023702	0.034995	0.00572	0.680433	0.535107	0.482871	-1.074678	-1.199373
cell_002349	donor_059	-0.039310511050404076	-0.426174826065884	0.9462017799945818	0.900554	F	-0.908499	0.00334	0.037802	-0.010306	0.023702	0.034995	0.00572	0.967357	-0.157692	1.038889	0.174334	1.531643
cell_002350	donor_059	0.21906013343651887	0.16963565636447384	-0.3266970700864413	0.900554	F	0.054793	0.041244	0.037802	-0.010306	0.023702	0.034995	0.00572	1.184608	-1.735202	0.494461	-2.011709	0.391752
cell_002351	donor_059	1.5600719774333838	-0.750628319177875	0.8769660105024218	0.900554	F	-0.538095	0.03649	0.037802	-0.010306	0.023702	0.034995	0.00572	-0.83739	0.182143	-0.544675	-0.503057	-1.229418
cell_002352	donor_059	0.20346319269970323	-0.47054276241327464	1.2978355526695529	0.900554	F	0.797154	0.047478	0.037802	-0.010306	0.023702	0.034995	0.00572	-0.771595	1.181882	-1.06609	-0.0998	-0.090108
cell_002353	donor_059	-0.06966887124153026	3.2011995832438442	0.6900492069541445	0.900554	F	1.157622	0.03625	0.037802	-0.010306	0.023702	0.034995	0.00572	-0.525013	0.260601	0.603898	-0.808096	0.261841
cell_002354	donor_059	0.11143966233872102	-0.2515205427807309	-1.7710368883428917	0.900554	F	-0.559196	0.020149	0.037802	-0.010306	0.023702	0.034995	0.00572	-0.434893	0.128194	0.308959	0.02862	-0.036271
cell_002355	donor_059	-0.5539848827916409	-0.6209830421344097	1.3982380039855846	0.900554	F	-1.988476	0.007751	0.037802	-0.010306	0.023702	0.034995	0.00572	-0.804778	-0.094426	-0.881856	-0.208855	-0.270172
cell_002356	donor_059	-0.5941363083304182	0.7209286507886813	-0.1261212550493155	0.900554	F	0.224996	0.066372	0.037802	-0.010306	0.023702	0.034995	0.00572	-1.640922	1.116453	-0.926738	-2.225922	0.225558
cell_002357	donor_059	1.76828159477397	0.6335751566632627	-1.0958479731546673	0.900554	F	-0.615921	0.012139	0.037802	-0.010306	0.023702	0.034995	0.00572	1.686646	-0.898389	0.649251	1.931464	-0.864503
cell_002358	donor_059	-1.5161113353751303	-0.18572940572681138	-1.410325610269428	0.900554	F	-1.004423	0.03779	0.037802	-0.010306	0.023702	0.034995	0.00572	1.290312	1.649024	0.533321	1.431429	-0.239346
cell_002359	donor_059	0.6740017460395075	-0.5993814937456019	-1.2719035312205378	0.900554	F	-0.086374	0.020082	0.037802	-0.010306	0.023702	0.034995	0.00572	-0.487667	-0.649663	1.4492	-0.61521	0.636162
cell_002360	donor_059	-2.202649345103229	0.39277374223734834	0.3675979830250558	0.900554	F	1.059843	0.047807	0.037802	-0.010306	0.023702	0.034995	0.00572	0.026439	1.198511	-1.086478	-1.306896	0.189851
cell_002361	donor_059	-0.4431730783481408	-0.08990706847232681	-0.25549664314348103	0.900554	F	-0.038786	0.037957	0.037802	-0.010306	0.023702	0.034995	0.00572	0.97799	-1.205348	1.0271	0.297616	-0.625836
cell_002362	donor_059	0.5639672207399304	0.7091741382586313	-0.1355775382327808	0.900554	F	-1.651576	0.037215	0.037802	-0.010306	0.023702	0.034995	0.00572	-0.351129	0.06253	-0.971633	-0.052367	0.194188
cell_002363	donor_059	0.42289725338383893	-0.1385767198784327	0.6725837474062004	0.900554	F	-0.00899	0.058037	0.037802	-0.010306	0.023702	0.034995	0.00572	1.250399	0.021306	0.302437	-0.560992	-0.034023
cell_002364	donor_059	1.3015535687711808	-0.42296180016352436	0.3786843994004265	0.900554	F	1.437388	0.02741	0.037802	-0.010306	0.023702	0.034995	0.00572	1.004808	-0.142008	-0.752784	2.621106	0.758758
cell_002365	donor_059	1.0034102775636897	0.024809485554658228	0.19966063675335335	0.900554	F	-0.952738	0.028006	0.037802	-0.010306	0.023702	0.034995	0.00572	0.316542	1.737001	1.21862	-0.237176	0.077581
cell_002366	donor_059	0.018943438371931208	-1.018326797198117	-0.1299297016073686	0.900554	F	0.498559	0.008338	0.037802	-0.010306	0.023702	0.034995	0.00572	0.208018	-1.575598	0.316127	-1.022828	0.604014
cell_002367	donor_059	-0.2804674612202327	1.1333850898060827	0.8091601765244819	0.900554	F	0.244546	0.024536	0.037802	-0.010306	0.023702	0.034995	0.00572	1.330835	0.678404	1.261749	1.425598	1.036869
cell_002368	donor_059	0.8925883148562898	-0.34583958657513697	1.2189682293492177	0.900554	F	0.595935	0.032106	0.037802	-0.010306	0.023702	0.034995	0.00572	1.243926	-0.461106	0.449523	1.351862	-0.690033
cell_002369	donor_059	-1.2804621078834528	-0.9960494366529914	-1.3444401449918442	0.900554	F	0.824433	0.014551	0.037802	-0.010306	0.023702	0.034995	0.00572	-0.488464	1.937467	0.875702	2.389544	0.181647
cell_002370	donor_060	-0.6080915460879694	-0.9164240127879462	-0.14432271691684598	-1.430292	M	-0.448533	0.02664	-0.026334	0.002868	-0.031813	-0.016343	0.000597	0.19035	1.051326	-0.70846	1.107831	-0.797141
cell_002371	donor_060	-0.1689393639029347	0.859468619347095	0.5201981526364866	-1.430292	M	0.745507	0.02325	-0.026334	0.002868	-0.031813	-0.016343	0.000597	0.245558	0.867864	-1.159802	0.714689	0.299641
cell_002372	donor_060	1.0153509791036295	-0.0023519687135044876	1.8665099296248913	-1.430292	M	-0.490209	0.006542	-0.026334	0.002868	-0.031813	-0.016343	0.000597	1.01188	-1.56322	-1.02332	-1.289879	1.972771
cell_002373	donor_060	-1.285563752517765	0.7629836171289051	-0.8504686246593638	-1.430292	M	-0.315219	0.036056	-0.026334	0.002868	-0.031813	-0.016343	0.000597	-0.706803	-0.217274	-0.812031	0.749729	-2.644903
cell_002374	donor_060	-0.24698957031122606	-1.0835841698519357	-0.03745920157743932	-1.430292	M	-2.014829	0.039561	-0.026334	0.002868	-0.031813	-0.016343	0.000597	0.772802	1.018534	-1.72021	0.717065	0.94176
cell_002375	donor_060	-1.2080766169932962	-0.8524343812522837	-0.5455584966677307	-1.430292	M	-0.776875	0.001077	-0.026334	0.002868	-0.031813	-0.016343	0.000597	-0.119325	-0.222667	-0.828811	-0.297093	-1.891
cell_002376	donor_060	-0.18529102052571506	0.3248160273239031	-0.1717162401278414	-1.430292	M	-0.150427	0.046435	-0.026334	0.002868	-0.031813	-0.016343	0.000597	0.472736	0.885983	-0.074493	0.949894	1.488082
cell_002377	donor_060	0.41837520081862767	-1.394292646431953	0.9060381455562784	-1.430292	M	-0.014303	0.058029	-0.026334	0.002868	-0.031813	-0.016343	0.000597	-0.473095	-1.471576	-1.29066	0.495665	0.34641
cell_002378	donor_060	0.620027128640635	-0.6117263185242393	1.5026012957671737	-1.430292	M	-0.299542	0.051865	-0.026334	0.002868	-0.031813	-0.016343	0.000597	-1.422315	0.289185	-0.600971	0.037716	0.868445
cell_002379	donor_060	1.5847852030655845	0.9757981398380753	-1.2724098208414507	-1.430292	M	0.068695	0.008836	-0.026334	0.002868	-0.031813	-0.016343	0.000597	0.547281	0.146175	-0.261669	0.160675	-0.067188
cell_002380	donor_060	-0.9102515628422609	0.47304570591698	1.2149648154823238	-1.430292	M	-0.069922	0.003525	-0.026334	0.002868	-0.031813	-0.016343	0.000597	0.844317	-0.482494	-1.718229	1.183753	-0.532314
cell_002381	donor_060	-0.509247349135218	0.14516993269352443	0.1016404032257319	-1.430292	M	-0.270307	0.012764	-0.026334	0.002868	-0.031813	-0.016343	0.000597	-1.442902	1.056251	-1.236257	-0.670861	-0.278975
cell_002382	donor_060	-0.47929744907450494	1.4612543975119248	0.8834856481153068	-1.430292	M	-0.811439	0.01412	-0.026334	0.002868	-0.031813	-0.016343	0.000597	-1.193952	-0.239883	-0.723152	-0.777746	-0.989649
cell_002383	donor_060	-2.4771823433078204	1.2204680335132836	-0.19622826028722132	-1.430292	M	-1.948254	0.05133	-0.026334	0.002868	-0.031813	-0.016343	0.000597	1.057625	-0.504486	0.548323	-0.231367	-1.259029
cell_002384	donor_060	-0.6920644588735525	-1.3707999476947152	0.608462288860224	-1.430292	M	-0.924918	0.018528	-0.026334	0.002868	-0.031813	-0.016343	0.000597	0.371901	0.539934	0.412622	0.991383	1.32842
cell_002385	donor_060	-0.6602279723828248	1.1094872799760738	-0.39099776672422343	-1.430292	M	0.959101	0.03914	-0.026334	0.002868	-0.031813	-0.016343	0.000597	-0.828121	0.352162	1.756059	1.502122	0.315645
cell_002386	donor_060	0.22780227102379444	-0.5108082008168131	1.9482007681833335	-1.430292	M	-1.038961	0.011731	-0.026334	0.002868	-0.031813	-0.016343	0.000597	0.176711	0.884403	-0.505883	1.581699	-0.179414
cell_002387	donor_060	0.3668847202739403	-0.7459528923815026	0.1763169843003303	-1.430292	M	0.859163	0.014562	-0.026334	0.002868	-0.031813	-0.016343	0.000597	-2.479925	-1.728235	-0.962463	-2.082208	-0.274771
cell_002388	donor_060	-2.075053899040776	-0.8312013549284737	0.21324674736004004	-1.430292	M	0.281498	0.01716	-0.026334	0.002868	-0.031813	-0.016343	0.000597	0.957423	0.582758	1.83908	0.132317	-1.495871
cell_002389	donor_060	0.6528901318748194	-1.6025109994576336	1.5337589370002516	-1.430292	M	-0.60415	0.000824	-0.026334	0.002868	-0.031813	-0.016343	0.000597	0.693709	1.210681	0.79662	-0.082682	1.417297
cell_002390	donor_060	-0.6783463483928232	0.4134630267111717	-0.09957351820509908	-1.430292	M	-2.233477	0.046972	-0.026334	0.002868	-0.031813	-0.016343	0.000597	1.141262	-1.344255	0.129543	-1.45016	1.734747
cell_002391	donor_060	-0.04194222260656281	-1.0116644348008277	0.017425027634236912	-1.430292	M	1.731197	0.003864	-0.026334	0.002868	-0.031813	-0.016343	0.000597	-0.230618	-0.647726	-1.115515	1.622251	1.923464
cell_002392	donor_060	-0.3420445690979911	0.012070749763103655	0.796894362417203	-1.430292	M	0.302626	0.027678	-0.026334	0.002868	-0.031813	-0.016343	0.000597	-1.700584	-0.447558	-1.096777	-0.186402	-1.214304
cell_002393	donor_060	0.545022362579241	-0.3739041245286697	0.2577472730120813	-1.430292	M	-1.002018	0.009855	-0.026334	0.002868	-0.031813	-0.016343	0.000597	-1.150062	-0.351041	0.666585	0.39621	1.978893
cell_002394	donor_060	-0.7408524019034511	-0.5044326156300353	0.15733855111296685	-1.430292	M	0.33903	0.027399	-0.026334	0.002868	-0.031813	-0.016343	0.000597	-0.966604	0.534987	-1.353623	0.471809	-0.509179
cell_002395	donor_060	0.28122760449838363	-0.6475926694050811	-0.0892064096724922	-1.430292	M	-0.866842	0.007348	-0.026334	0.002868	-0.031813	-0.016343	0.000597	-0.537871	1.313783	-0.312355	-0.378827	-1.16264
cell_002396	donor_060	-0.02291967716307065	-0.510238913017461	1.388535742765648	-1.430292	M	-1.643679	0.029868	-0.026334	0.002868	-0.031813	-0.016343	0.000597	0.996641	-0.985085	0.24773	-0.08233	-1.208965
cell_002397	donor_060	-0.3400839199979736	1.4499033445010543	-0.10984887013172467	-1.430292	M	-0.595287	0.016003	-0.026334	0.002868	-0.031813	-0.016343	0.000597	1.551156	0.017977	1.811456	0.820708	-1.62984
cell_002398	donor_060	-0.485615375984543	-0.5740517566711932	1.2387982056224238	-1.430292	M	0.895232	0.016905	-0.026334	0.002868	-0.031813	-0.016343	0.000597	-0.404611	0.645233	-1.096858	0.028425	0.964494
cell_002399	donor_060	0.42918960731364275	-1.5120444432070106	0.8028583156997815	-1.430292	M	-0.933352	0.02364	-0.026334	0.002868	-0.031813	-0.016343	0.000597	0.326934	0.116566	-0.978782	-1.854383	0.996707
cell_002400	donor_060	-0.9120731149906693	-0.8729798191387064	0.19633477073621816	-1.430292	M	-0.310047	0.034996	-0.026334	0.002868	-0.031813	-0.016343	0.000597	0.376644	0.268459	-1.077666	-1.002957	-0.642552
cell_002401	donor_061	0.14965338136461384	-0.8479467952155808	-1.3833415252178785	1.112449	M	-1.00824	0.000174	-0.008215	-0.00759	0.014362	-0.028249	-0.021111	0.18227	-0.462478	1.073649	0.491881	1.191987
cell_002402	donor_061	0.7827005842493325	1.2474097627156424	0.46726050955763293	1.112449	M	-0.458577	0.030335	-0.008215	-0.00759	0.014362	-0.028249	-0.021111	2.550795	-1.093543	-0.11942	0.607516	-1.459909
cell_002403	donor_061	-0.46059756444405614	-1.3064393095369158	2.850442276397436	1.112449	M	-0.270031	0.038605	-0.008215	-0.00759	0.014362	-0.028249	-0.021111	1.162763	0.517555	0.676556	0.879789	0.722758
cell_002404	donor_061	0.7066211683810788	-0.5611505088753117	0.40031367054554023	1.112449	M	1.094071	0.03113	-0.008215	-0.00759	0.014362	-0.028249	-0.021111	-0.29489	0.473616	0.809916	-1.132987	-0.64424
cell_002405	donor_061	0.6918298745071271	-0.1957292846293743	1.4190370218470874	1.112449	M	-0.693742	0.005393	-0.008215	-0.00759	0.014362	-0.028249	-0.021111	1.861477	0.467134	1.03242	-1.155741	-0.485403
cell_002406	donor_061	0.373716910894987	-0.4061830107661824	-0.864834314789103	1.112449	M	-0.31632	0.066334	-0.008215	-0.00759	0.014362	-0.028249	-0.021111	-0.629526	0.311923	0.580776	0.363381	-0.362619
cell_002407	donor_061	1.1390358626336983	0.4541135810588461	0.5518299880030073	1.112449	M	0.171265	0.003846	-0.008215	-0.00759	0.014362	-0.028249	-0.021111	1.351534	0.27075	-3.167876	-0.819933	-1.07053
cell_002408	donor_061	0.5470421206295452	-0.022771889724992795	0.8410878327903127	1.112449	M	1.127748	0.043103	-0.008215	-0.00759	0.014362	-0.028249	-0.021111	0.704592	-0.962798	0.348758	1.076303	0.627873
cell_002409	donor_061	-1.3265345071798889	0.7440230978204433	0.5548369563409996	1.112449	M	-0.960156	0.00135	-0.008215	-0.00759	0.014362	-0.028249	-0.021111	1.807081	-1.237132	1.667299	-0.877029	0.23415
cell_002410	donor_061	0.20030030150821412	2.8186000642365694	-1.5324924292937012	1.112449	M	-0.403568	0.008385	-0.008215	-0.00759	0.014362	-0.028249	-0.021111	0.419239	0.96235	0.411821	-0.111998	-0.419741
cell_002411	donor_061	-0.8613355398235637	1.061472001527308	-0.031252253749852126	1.112449	M	0.650172	0.037351	-0.008215	-0.00759	0.014362	-0.028249	-0.021111	-0.282479	-2.06249	2.647441	-0.009514	0.910938
cell_002412	donor_061	0.30753827412217133	-1.5497032783513378	1.858637753274936	1.112449	M	-0.127356	0.05083	-0.008215	-0.00759	0.014362	-0.028249	-0.021111	-0.170152	-1.551434	-2.979248	0.886344	-0.670147
cell_002413	donor_061	0.7240690624272604	-0.8937811627122867	-0.2609083532751028	1.112449	M	0.153301	0.02518	-0.008215	-0.00759	0.014362	-0.028249	-0.021111	1.798831	-0.237065	-1.927081	2.608114	1.968154
cell_002414	donor_061	-0.8935938949552371	0.3873968745986189	-0.4186359756461115	1.112449	M	0.531935	0.018792	-0.008215	-0.00759	0.014362	-0.028249	-0.021111	-1.021543	0.272076	-0.811812	-0.88461	-1.281679
cell_002415	donor_061	-0.5651014192664569	1.9631545325591684	-1.3322292881174436	1.112449	M	1.354963	0.027723	-0.008215	-0.00759	0.014362	-0.028249	-0.021111	0.789564	1.787283	-1.598093	-0.686	1.334384
cell_002416	donor_061	1.1586216397863196	-1.4898078876831007	-0.677629714914279	1.112449	M	1.151011	0.053664	-0.008215	-0.00759	0.014362	-0.028249	-0.021111	0.228065	1.961208	0.744914	-1.159637	0.215304
cell_002417	donor_061	0.6031625459965692	0.2825502773411006	0.5317646042138148	1.112449	M	2.040714	0.029325	-0.008215	-0.00759	0.014362	-0.028249	-0.021111	-1.783821	-1.216378	0.885049	-0.683138	-0.259554
cell_002418	donor_061	0.7893663304509699	1.3214318191951113	1.069060151580287	1.112449	M	0.041573	0.017782	-0.008215	-0.00759	0.014362	-0.028249	-0.021111	0.281209	0.282118	1.328079	2.630951	0.831233
cell_002419	donor_061	2.7946370938893503	-0.09913710505735403	-1.083634382347453	1.112449	M	0.101608	0.034843	-0.008215	-0.00759	0.014362	-0.028249	-0.021111	-0.37934	-0.265604	-1.635399	0.064649	-0.647883
cell_002420	donor_061	0.4846577218143699	-0.0517922441237781	-0.2276356120383084	1.112449	M	-0.05249	0.008288	-0.008215	-0.00759	0.014362	-0.028249	-0.021111	0.30177	-1.446064	-1.633196	-0.126974	-1.08906
cell_002421	donor_061	2.600363239714051	0.3974183067844333	-0.4655926132822347	1.112449	M	1.092765	0.06512	-0.008215	-0.00759	0.014362	-0.028249	-0.021111	-1.782709	0.380134	0.3836	1.624606	-0.37209
cell_002422	donor_061	-1.193999522897705	1.0961840842632786	-1.3402725130834252	1.112449	M	0.34808	0.059385	-0.008215	-0.00759	0.014362	-0.028249	-0.021111	-0.804689	0.719982	1.509932	1.723744	-0.343119
cell_002423	donor_061	1.8441099518747648	0.6836609943156251	1.1317705685346167	1.112449	M	-0.725838	6.3e-05	-0.008215	-0.00759	0.014362	-0.028249	-0.021111	-0.717755	0.248554	0.625343	1.096091	-1.015503
cell_002424	donor_061	1.2348685118852711	2.5528656418686864	0.2536725955502281	1.112449	M	0.150383	0.024678	-0.008215	-0.00759	0.014362	-0.028249	-0.021111	0.780561	0.396201	1.62775	1.780991	1.617967
cell_002425	donor_061	1.182820646312763	-0.9385024670130188	-1.263546173952743	1.112449	M	-0.420934	0.003108	-0.008215	-0.00759	0.014362	-0.028249	-0.021111	1.229831	-0.64625	-0.672169	0.496073	-1.079287
cell_002426	donor_061	0.11136442914765766	0.8335107173794031	-1.9872527923037742	1.112449	M	-1.437718	0.036651	-0.008215	-0.00759	0.014362	-0.028249	-0.021111	-0.490889	-0.213033	-2.506248	1.774447	0.202929
cell_002427	donor_061	0.9782109808849211	1.2451179352634973	0.9941636980837786	1.112449	M	-0.478993	0.000445	-0.008215	-0.00759	0.014362	-0.028249	-0.021111	0.159849	-0.062734	2.017842	-1.243985	-0.674894
cell_002428	donor_061	-0.5997611201722822	-0.9473506575079349	-0.5698795628389585	1.112449	M	0.76214	0.010803	-0.008215	-0.00759	0.014362	-0.028249	-0.021111	0.48028	-2.139262	-1.454672	0.111723	-0.008484
cell_002429	donor_061	-1.931511635623409	0.28165549749573787	-0.573477029648555	1.112449	M	-0.471918	0.00608	-0.008215	-0.00759	0.014362	-0.028249	-0.021111	-1.046462	0.310918	-0.911409	0.873729	0.080462
cell_002430	donor_061	-0.435092152878955	0.7875576731640992	1.0024801786089264	1.112449	M	1.147144	0.019473	-0.008215	-0.00759	0.014362	-0.028249	-0.021111	-1.003017	0.471424	0.270994	1.124998	-1.310237
cell_002431	donor_061	-1.1004957182666872	-0.4096392856457294	-0.3734688366831441	1.112449	M	0.420499	0.049571	-0.008215	-0.00759	0.014362	-0.028249	-0.021111	-1.323647	-0.674881	-0.207116	0.098331	-0.968337
cell_002432	donor_061	0.7450053782224312	0.3656490711319614	-1.676863301498341	1.112449	M	-0.907025	0.025131	-0.008215	-0.00759	0.014362	-0.028249	-0.021111	0.693526	-1.208342	-1.777855	-0.007729	-1.901653
cell_002433	donor_061	-0.8384437899005717	-0.8462237899153683	0.3898684797687136	1.112449	M	-0.57926	0.065973	-0.008215	-0.00759	0.014362	-0.028249	-0.021111	0.460488	1.024785	-0.81701	-0.036647	1.607101
cell_002434	donor_061	0.33403396636825866	-1.8039187266569645	0.6496003912691436	1.112449	M	-0.537094	0.02911	-0.008215	-0.00759	0.014362	-0.028249	-0.021111	0.705004	0.868208	0.422546	0.420502	0.694495
cell_002435	donor_061	0.293197739989785	-1.020586671010588	0.09876447203959034	1.112449	M	-1.533322	0.041	-0.008215	-0.00759	0.014362	-0.028249	-0.021111	2.405865	-0.686433	-0.426693	0.6281	0.890421
cell_002436	donor_061	0.5255592298817601	-0.04930176900183161	-0.5289057894313577	1.112449	M	0.37067	0.022348	-0.008215	-0.00759	0.014362	-0.028249	-0.021111	0.335777	-0.050565	2.255697	-1.613585	1.008229
cell_002437	donor_061	-2.7512822008275624	-0.5158868024704452	0.3504426739781909	1.112449	M	0.323835	0.016052	-0.008215	-0.00759	0.014362	-0.028249	-0.021111	-0.44593	1.050976	0.274597	0.476314	-0.867331
cell_002438	donor_061	-0.767242002615499	-1.8872705868501707	-1.7140182583890473	1.112449	M	0.628904	0.045309	-0.008215	-0.00759	0.014362	-0.028249	-0.021111	1.299371	2.719063	-0.162891	0.78628	-0.274469
cell_002439	donor_061	-2.9318073074196063	0.2881997337288449	-0.566978157450089	1.112449	M	0.63525	0.027363	-0.008215	-0.00759	0.014362	-0.028249	-0.021111	1.108946	0.00029	3.184169	-1.907109	0.208096
cell_002440	donor_062	0.08413316674339377	0.331420916762363	2.0218370111010016	-0.723975	F	-0.948376	0.037603	-0.001726	-0.007185	-0.022623	0.028222	-0.017938	-0.032837	0.147386	-2.026453	0.861561	-1.262367
cell_002441	donor_062	1.0218543192943146	0.6034589375293196	1.3860566190461205	-0.723975	F	0.779936	0.02298	-0.001726	-0.007185	-0.022623	0.028222	-0.017938	1.619889	1.148518	0.521228	0.331899	0.216665
cell_002442	donor_062	-0.6479830077090484	-0.049934802162520525	-0.16125677069921088	-0.723975	F	0.716206	0.051816	-0.001726	-0.007185	-0.022623	0.028222	-0.017938	-0.707864	-0.532661	0.585447	0.971372	0.966627
cell_002443	donor_062	0.5905812485648709	-0.8289413227284257	-0.37640259560746947	-0.723975	F	-0.14305	0.040931	-0.001726	-0.007185	-0.022623	0.028222	-0.017938	-1.755431	1.738714	-1.210258	1.47937	-0.337238
cell_002444	donor_062	-1.8973046659124413	0.6107217318997814	-0.6476925521708097	-0.723975	F	-1.872881	0.010587	-0.001726	-0.007185	-0.022623	0.028222	-0.017938	1.008696	-0.371189	1.258399	0.539811	0.831193
cell_002445	donor_062	0.11886359709619557	1.4522751772565428	0.4400727871041291	-0.723975	F	0.413243	0.063493	-0.001726	-0.007185	-0.022623	0.028222	-0.017938	-1.677785	0.095848	0.51194	-0.194692	1.057891
cell_002446	donor_062	-0.7146834914463721	0.7367926718654547	0.17616507219239813	-0.723975	F	-0.100951	0.072391	-0.001726	-0.007185	-0.022623	0.028222	-0.017938	0.46194	0.465938	-0.765538	-0.471711	-2.14842
cell_002447	donor_062	-0.7026491245992958	-0.23238742643199234	0.3273976970826661	-0.723975	F	-1.543283	0.012892	-0.001726	-0.007185	-0.022623	0.028222	-0.017938	0.303147	-1.980474	-0.091937	0.47781	-1.10947
cell_002448	donor_062	0.11017536086119589	-0.16309024942685588	-0.4786409623270442	-0.723975	F	-0.695383	0.0565	-0.001726	-0.007185	-0.022623	0.028222	-0.017938	-2.214076	-1.840654	0.243356	-0.558238	0.082664
cell_002449	donor_062	-0.6627384046404353	-0.8705897712301252	1.694349218564632	-0.723975	F	0.49258	0.028312	-0.001726	-0.007185	-0.022623	0.028222	-0.017938	2.226686	-1.823036	-1.282074	-0.561029	1.570319
cell_002450	donor_062	-0.7112293660071874	-1.1010973065783718	-1.3713102018211205	-0.723975	F	2.076992	0.024053	-0.001726	-0.007185	-0.022623	0.028222	-0.017938	-3.130236	0.81922	0.972398	-0.019285	-1.939204
cell_002451	donor_062	0.6371038867904616	0.06331679681786914	1.3918009818063153	-0.723975	F	1.13842	0.055898	-0.001726	-0.007185	-0.022623	0.028222	-0.017938	-0.206371	-0.306389	0.578645	1.591616	-0.877319
cell_002452	donor_062	-0.6452304388268115	-0.9255988382808864	-0.14176434106577876	-0.723975	F	-0.38211	0.015606	-0.001726	-0.007185	-0.022623	0.028222	-0.017938	0.590184	0.95964	-0.085792	-0.973531	-0.307181
cell_002453	donor_062	2.320887159200196	0.11104568658148052	0.707640342369684	-0.723975	F	-0.330321	0.014041	-0.001726	-0.007185	-0.022623	0.028222	-0.017938	0.100194	0.676919	-0.439333	-1.559751	1.489514
cell_002454	donor_062	-0.20052430693438655	0.2555944424110765	0.32918751581633826	-0.723975	F	-0.023678	0.031318	-0.001726	-0.007185	-0.022623	0.028222	-0.017938	0.279695	2.980293	0.449802	0.984053	-0.745446
cell_002455	donor_062	0.6851627305416838	1.7009893089154704	-0.9079356844486346	-0.723975	F	-0.104716	0.064435	-0.001726	-0.007185	-0.022623	0.028222	-0.017938	0.607803	0.17681	-0.133963	0.195559	-0.587064
cell_002456	donor_062	0.3115475260195562	-0.7409486163821551	0.8134656155820541	-0.723975	F	0.075043	0.056773	-0.001726	-0.007185	-0.022623	0.028222	-0.017938	0.406623	0.527603	1.835151	0.456848	-0.213733
cell_002457	donor_062	-1.2079248463982772	-1.4849634908338527	-1.696748166947444	-0.723975	F	0.773906	0.042157	-0.001726	-0.007185	-0.022623	0.028222	-0.017938	0.093558	-1.556587	-0.355514	-0.034337	-0.641749
cell_002458	donor_062	0.8483908900434856	-0.6648950171478832	-0.5292759527433394	-0.723975	F	-0.046772	0.03314	-0.001726	-0.007185	-0.022623	0.028222	-0.017938	0.656485	0.730396	-0.641869	0.157439	1.682365
cell_002459	donor_062	0.9357881388273187	-2.043807015154306	0.5319717190205354	-0.723975	F	-0.822144	0.049543	-0.001726	-0.007185	-0.022623	0.028222	-0.017938	0.988646	0.495865	-0.258655	2.03975	0.206669
cell_002460	donor_062	0.3496987113952715	1.0221730062554302	-0.3334673268002164	-0.723975	F	1.135766	0.001034	-0.001726	-0.007185	-0.022623	0.028222	-0.017938	-0.555427	0.018861	0.82871	2.070005	0.548707
cell_002461	donor_062	0.012582389731149257	1.0555930665018098	0.46432842344190317	-0.723975	F	-2.764602	0.04385	-0.001726	-0.007185	-0.022623	0.028222	-0.017938	-1.253896	0.38809	0.279175	-0.217569	-0.626668
cell_002462	donor_062	0.8214544367034934	-0.801095952680536	-0.05152374617764208	-0.723975	F	-1.59213	0.010431	-0.001726	-0.007185	-0.022623	0.028222	-0.017938	-0.593719	-0.228575	1.126041	0.118057	-0.614877
cell_002463	donor_062	1.2634420859398856	-0.3354253192898642	0.4364892457521717	-0.723975	F	0.949195	0.023383	-0.001726	-0.007185	-0.022623	0.028222	-0.017938	-0.4384	-0.70275	0.8583	-0.323678	-0.786303
cell_002464	donor_062	0.3700359576382729	-0.47398340640007314	1.7393628696924248	-0.723975	F	-0.237523	0.056222	-0.001726	-0.007185	-0.022623	0.028222	-0.017938	1.074375	1.000209	-1.444283	0.93933	-0.087594
cell_002465	donor_062	0.10942828065854095	1.258601175925822	0.9013020183115514	-0.723975	F	1.522756	0.03018	-0.001726	-0.007185	-0.022623	0.028222	-0.017938	-0.468357	-0.775935	-1.736337	-2.017424	1.090367
cell_002466	donor_062	0.7952771922353141	0.7392976128360862	0.08708286310997823	-0.723975	F	0.893302	0.02265	-0.001726	-0.007185	-0.022623	0.028222	-0.017938	-0.583616	-0.507912	0.31994	-1.042343	-1.046227
cell_002467	donor_062	0.1500446988086042	-0.3935779126597063	0.21765786794396638	-0.723975	F	-0.478656	0.03434	-0.001726	-0.007185	-0.022623	0.028222	-0.017938	-1.52193	-1.855187	0.258416	-0.506329	-0.489749
cell_002468	donor_062	-0.3604194199356525	0.09221431960207181	-0.25226563670161284	-0.723975	F	2.04422	0.062835	-0.001726	-0.007185	-0.022623	0.028222	-0.017938	2.1498	0.165912	0.704002	-0.581936	-0.937372
cell_002469	donor_062	0.9455473625496699	1.5660070549062086	0.2884422898089763	-0.723975	F	-0.659187	0.037087	-0.001726	-0.007185	-0.022623	0.028222	-0.017938	-1.606086	1.369161	0.163563	0.970712	-1.34713
cell_002470	donor_062	-1.8170314919031336	-0.23581374572230085	-0.8418118131673877	-0.723975	F	2.519833	0.03489	-0.001726	-0.007185	-0.022623	0.028222	-0.017938	-1.570823	-0.646582	0.812324	0.028916	-0.904423
cell_002471	donor_062	0.5362387038506538	0.8687707072673092	-0.7217930379296954	-0.723975	F	-0.225439	0.00025	-0.001726	-0.007185	-0.022623	0.028222	-0.017938	-0.87797	-0.06516	1.591609	0.199205	-0.258254
cell_002472	donor_062	-0.1983417848929117	0.47912968416776164	-0.06890144158042773	-0.723975	F	0.598783	0.031255	-0.001726	-0.007185	-0.022623	0.028222	-0.017938	0.343033	-0.527397	0.230632	1.248316	-0.780898
cell_002473	donor_062	-1.6755483209803206	0.5519868946036055	0.05995053101590874	-0.723975	F	-0.152264	0.028994	-0.001726	-0.007185	-0.022623	0.028222	-0.017938	1.563409	0.023741	-0.914504	-2.011724	-1.072639
cell_002474	donor_062	-0.13296604906458098	0.31172745099179694	1.4022892485876928	-0.723975	F	-1.195889	0.022163	-0.001726	-0.007185	-0.022623	0.028222	-0.017938	-0.293045	1.31693	-1.452082	1.457942	-0.774547
cell_002475	donor_062	1.0183467284551937	0.28517885342459237	-0.13255005027850977	-0.723975	F	-0.864875	0.05151	-0.001726	-0.007185	-0.022623	0.028222	-0.017938	-0.400998	-0.459644	0.295005	-0.28296	-0.225629
cell_002476	donor_062	-1.460044617971884	-0.5332857110678109	1.7513942023859992	-0.723975	F	-0.283535	0.074773	-0.001726	-0.007185	-0.022623	0.028222	-0.017938	-0.461775	-0.968373	-1.47011	-1.214246	-0.270143
cell_002477	donor_062	1.0139883194465693	-1.5251415826003267	-0.3280616423482412	-0.723975	F	0.20005	0.030732	-0.001726	-0.007185	-0.022623	0.028222	-0.017938	1.513141	0.472018	0.747296	1.162757	0.864915
cell_002478	donor_062	-0.3108237205484714	-0.8836194887144472	0.02956903477448647	-0.723975	F	-0.277522	0.051936	-0.001726	-0.007185	-0.022623	0.028222	-0.017938	0.301259	0.369312	-0.231437	0.043129	-0.5162
cell_002479	donor_062	0.8712183908593517	0.5714675429814938	0.6647406118474218	-0.723975	F	0.094388	0.068875	-0.001726	-0.007185	-0.022623	0.028222	-0.017938	1.247448	0.214497	1.542134	-0.403639	-0.709348
cell_002480	donor_062	-1.2603779904547643	-0.6756846741339991	-2.8357202154300003	-0.723975	F	0.332653	0.03866	-0.001726	-0.007185	-0.022623	0.028222	-0.017938	0.420867	-0.116963	-0.487914	0.045833	-0.230806
cell_002481	donor_062	1.3052059785969898	-0.24680950983991942	0.38407933155418483	-0.723975	F	-1.852065	0.051977	-0.001726	-0.007185	-0.022623	0.028222	-0.017938	1.399752	-0.234163	1.08316	-0.846701	0.577834
cell_002482	donor_062	0.08358670239643144	-1.0516241326382776	0.27165942379847796	-0.723975	F	-1.275079	0.044101	-0.001726	-0.007185	-0.022623	0.028222	-0.017938	2.004138	-1.466146	-0.451098	0.276164	1.79092
cell_002483	donor_062	0.4065399370902598	0.3994628461649568	0.4656485930302618	-0.723975	F	-0.34782	0.063752	-0.001726	-0.007185	-0.022623	0.028222	-0.017938	0.499564	1.160457	1.237056	-0.778314	-1.577944
cell_002484	donor_062	-0.9509655965199703	0.29544554879473295	-0.4111482775326218	-0.723975	F	-0.179387	0.011097	-0.001726	-0.007185	-0.022623	0.028222	-0.017938	-0.465879	-1.506596	-1.011814	-0.726874	0.562313
cell_002485	donor_062	-0.8163240335441658	1.122615959018522	-1.5309175822145231	-0.723975	F	-2.886339	0.039933	-0.001726	-0.007185	-0.022623	0.028222	-0.017938	-1.450347	1.514921	1.873914	-0.215303	-0.193122
cell_002486	donor_063	-1.8707614871379576	1.9891756122685524	-0.08830299773594201	0.547396	F	1.713757	0.055183	-0.033281	-0.015274	0.030306	0.003072	0.009357	1.088876	-2.643734	-0.330642	-0.013943	-1.822546
cell_002487	donor_063	0.10927394078799378	-0.9198488225658106	0.3101422235216736	0.547396	F	2.756251	0.044215	-0.033281	-0.015274	0.030306	0.003072	0.009357	-0.474793	-1.529789	-2.181603	-0.487179	-0.98734
cell_002488	donor_063	-0.25161271870401936	-0.7965357300028403	0.8697692398777256	0.547396	F	-1.95682	0.001784	-0.033281	-0.015274	0.030306	0.003072	0.009357	0.432501	-0.889591	-0.307332	-1.022116	1.856132
cell_002489	donor_063	0.8214973402053191	-1.2249921467710112	-0.5811999321958127	0.547396	F	-0.729255	0.003249	-0.033281	-0.015274	0.030306	0.003072	0.009357	-1.319041	2.534026	0.036354	0.049905	-0.315637
cell_002490	donor_063	-0.03944157880785071	0.2362613558602684	-1.652802840138742	0.547396	F	-0.105507	0.054516	-0.033281	-0.015274	0.030306	0.003072	0.009357	-1.264142	0.119054	0.059635	-1.17069	1.229832
cell_002491	donor_063	-1.1587901989334617	-0.6532739263546725	-1.3406366270919359	0.547396	F	0.555284	0.023557	-0.033281	-0.015274	0.030306	0.003072	0.009357	1.742748	0.481595	-0.917273	1.37453	-0.05485
cell_002492	donor_063	0.777829428264581	1.0281092580966227	1.3200461508967616	0.547396	F	-1.533607	0.024434	-0.033281	-0.015274	0.030306	0.003072	0.009357	-0.182101	-1.030362	-1.261846	-0.711245	-0.85918
cell_002493	donor_063	1.9025256567875823	0.5581255012814252	-0.19170733988988628	0.547396	F	1.52169	0.055365	-0.033281	-0.015274	0.030306	0.003072	0.009357	0.791149	0.803242	0.49648	-0.250321	0.473325
cell_002494	donor_063	-0.13745046769144725	0.48494454469771536	-0.20814000657525963	0.547396	F	0.698318	0.027575	-0.033281	-0.015274	0.030306	0.003072	0.009357	-0.120808	-0.847848	-1.094181	-1.631234	-0.17809
cell_002495	donor_063	1.010567554954064	-0.7864008011612563	0.6586188689637287	0.547396	F	1.310327	0.055763	-0.033281	-0.015274	0.030306	0.003072	0.009357	-0.437941	-1.344603	0.175458	1.969124	0.765219
cell_002496	donor_063	0.46743851154388494	-1.5762886769329236	-0.41953509517584464	0.547396	F	1.027497	0.019505	-0.033281	-0.015274	0.030306	0.003072	0.009357	-0.613423	-0.034885	-0.277504	-0.523153	-0.63311
cell_002497	donor_063	1.550350121442056	0.7839182156167116	-0.13763787689221632	0.547396	F	-0.476378	0.020348	-0.033281	-0.015274	0.030306	0.003072	0.009357	2.288617	-0.794632	1.835861	-0.502541	-0.152918
cell_002498	donor_063	1.2846563369645958	-0.8436831298504293	1.1484548731527402	0.547396	F	-1.104154	0.007812	-0.033281	-0.015274	0.030306	0.003072	0.009357	0.310347	0.202237	-1.771729	-0.042335	-0.055758
cell_002499	donor_063	-0.3532630775281115	1.692117026923807	-0.40821969388428286	0.547396	F	0.26295	0.053818	-0.033281	-0.015274	0.030306	0.003072	0.009357	0.416004	2.430275	0.640315	1.61155	-1.078688
cell_002500	donor_063	-0.19758522814832752	1.137496174572562	0.6870997456898477	0.547396	F	0.74623	0.011489	-0.033281	-0.015274	0.030306	0.003072	0.009357	-0.763094	1.859056	-1.469937	0.64972	0.234005
cell_002501	donor_063	-0.13570944408937347	-0.10583592414317206	0.2596589327016499	0.547396	F	0.754144	0.005132	-0.033281	-0.015274	0.030306	0.003072	0.009357	-0.703678	2.399072	-1.234024	1.23466	0.461201
cell_002502	donor_063	0.5271180245725926	-0.48654465507768885	0.5772795339487021	0.547396	F	1.078696	0.051839	-0.033281	-0.015274	0.030306	0.003072	0.009357	0.198017	1.048552	-0.259382	1.954333	-1.161113
cell_002503	donor_063	0.8585667115527916	0.5259439016467615	0.8431735138849398	0.547396	F	-0.287009	0.014411	-0.033281	-0.015274	0.030306	0.003072	0.009357	-2.402945	0.093492	0.830116	-0.568862	0.438306
cell_002504	donor_063	-1.4249443179895933	-0.3745657462308916	-2.1572143779090216	0.547396	F	-1.83156	0.028043	-0.033281	-0.015274	0.030306	0.003072	0.009357	1.462979	-0.12831	-0.137517	1.215861	0.562351
cell_002505	donor_063	1.3172405601350312	2.4198691167206086	-0.10615165491951364	0.547396	F	0.380786	0.029371	-0.033281	-0.015274	0.030306	0.003072	0.009357	-0.178909	1.057851	-1.253636	0.643196	-0.349756
cell_002506	donor_063	1.8208601954616865	-1.8182736013294079	2.1753633478832177	0.547396	F	-0.05156	0.052812	-0.033281	-0.015274	0.030306	0.003072	0.009357	2.123967	1.493924	-1.50563	0.166747	-0.181893
cell_002507	donor_063	-0.2041129416306263	0.29101735699946046	-0.8004547622512183	0.547396	F	0.909565	0.01933	-0.033281	-0.015274	0.030306	0.003072	0.009357	0.456515	1.335793	1.753011	-0.045704	-0.35322
cell_002508	donor_063	0.6035789003074209	-0.38635493255877423	1.5010580234383517	0.547396	F	-0.092369	0.03127	-0.033281	-0.015274	0.030306	0.003072	0.009357	-0.228015	1.623852	0.889677	0.81563	1.098064
cell_002509	donor_063	0.49494492450588223	1.5353436590039702	-0.10094968743754353	0.547396	F	1.1824	0.008261	-0.033281	-0.015274	0.030306	0.003072	0.009357	-0.28154	0.005473	-1.107945	-0.674207	-1.275609
cell_002510	donor_063	0.93325567643079	1.8648866627274432	0.38354162511512613	0.547396	F	-1.071687	0.000635	-0.033281	-0.015274	0.030306	0.003072	0.009357	0.246565	-1.37018	-0.010497	-1.979422	-1.349732
cell_002511	donor_063	-1.596986891898405	-0.6122883895021535	-0.75617477343865	0.547396	F	-1.054095	0.020535	-0.033281	-0.015274	0.030306	0.003072	0.009357	-0.337067	0.803669	-0.943482	-0.858961	-0.784831
cell_002512	donor_063	1.1984948558506048	0.5417202630122712	2.595764190838931	0.547396	F	0.24564	0.035874	-0.033281	-0.015274	0.030306	0.003072	0.009357	1.955055	-0.223846	0.127008	1.173954	0.124996
cell_002513	donor_063	0.1929029117383935	0.5803018543885039	-0.9357407994943666	0.547396	F	1.00465	0.034615	-0.033281	-0.015274	0.030306	0.003072	0.009357	-0.846607	-0.162204	0.434278	-0.121474	0.402195
cell_002514	donor_063	-0.9929377524827154	-1.5254742688395864	1.0423841978084993	0.547396	F	-0.087628	0.0579	-0.033281	-0.015274	0.030306	0.003072	0.009357	0.177241	0.800425	1.873449	0.540812	-0.710648
cell_002515	donor_063	-0.21948348059114314	-0.1511091719397369	0.44163437097607433	0.547396	F	0.122497	0.02	-0.033281	-0.015274	0.030306	0.003072	0.009357	0.592609	-1.213884	-0.452976	1.154034	1.202116
cell_002516	donor_063	-0.5897946963919933	-1.4873533117769273	-0.7089993716369419	0.547396	F	-1.092284	0.039506	-0.033281	-0.015274	0.030306	0.003072	0.009357	-0.552349	-1.698009	-0.223497	-1.01854	-1.718927
cell_002517	donor_063	-0.34498481315579443	0.009307855893148318	0.4833226010960245	0.547396	F	-0.791442	0.013262	-0.033281	-0.015274	0.030306	0.003072	0.009357	0.660988	0.713399	-0.345286	1.228712	-1.750465
cell_002518	donor_063	0.5872790093309339	-0.7077358805345374	-0.02148072059906562	0.547396	F	-2.792123	0.026401	-0.033281	-0.015274	0.030306	0.003072	0.009357	0.377005	0.130398	-0.481946	-0.114405	0.263847
cell_002519	donor_063	1.016819663555469	-0.07201816783638944	-0.99667779231098	0.547396	F	-1.384811	0.007696	-0.033281	-0.015274	0.030306	0.003072	0.009357	-1.30133	-1.083677	0.697059	-0.418361	0.965709
cell_002520	donor_064	0.474248061884276	0.7992978702997671	-0.27052206067813506	1.394976	F	1.925226	0.042745	-0.0301	0.027615	-0.007821	0.005033	0.00298	-0.600743	-0.982324	-0.230152	-0.24844	0.922564
cell_002521	donor_064	-1.1584256589195958	0.7222575814518866	-1.1707861340969787	1.394976	F	-0.227565	0.038835	-0.0301	0.027615	-0.007821	0.005033	0.00298	-0.34323	-0.521832	-2.117953	-1.088106	-0.862158
cell_002522	donor_064	0.15983274406450104	-1.650256516961004	-1.4884539800391596	1.394976	F	0.312159	0.038829	-0.0301	0.027615	-0.007821	0.005033	0.00298	-0.343141	-1.267705	-3.033173	-0.446259	-0.336126
cell_002523	donor_064	-0.3519564101344789	0.29067257150072556	-0.14153151549851067	1.394976	F	-0.164281	0.03162	-0.0301	0.027615	-0.007821	0.005033	0.00298	-0.405907	0.377086	1.396397	-0.081202	-0.130658
cell_002524	donor_064	1.8833383228154035	0.3315887446768828	-0.03410817394782225	1.394976	F	-0.10248	0.068236	-0.0301	0.027615	-0.007821	0.005033	0.00298	0.049287	-2.577171	-1.660967	1.190584	-0.947263
cell_002525	donor_064	-1.1241703664681901	-0.18850152753390698	-0.16349672255548783	1.394976	F	-0.48504	0.044582	-0.0301	0.027615	-0.007821	0.005033	0.00298	2.101542	2.60385	1.885777	-1.100943	1.524875
cell_002526	donor_064	0.0799401632325246	0.008362228018320884	0.25232675083371314	1.394976	F	0.692756	0.047041	-0.0301	0.027615	-0.007821	0.005033	0.00298	-0.6896	1.015181	-0.902419	1.44873	-0.816606
cell_002527	donor_064	2.3269104406261554	0.4143428192954453	1.3935212249717985	1.394976	F	0.66871	0.049397	-0.0301	0.027615	-0.007821	0.005033	0.00298	-0.792496	-0.516751	1.746309	-0.590443	-0.144323
cell_002528	donor_064	1.3893908430235153	0.5002343228599587	-1.6532123658352038	1.394976	F	-1.613482	0.019968	-0.0301	0.027615	-0.007821	0.005033	0.00298	0.153996	-0.614949	-0.951939	-0.653965	-1.929947
cell_002529	donor_064	1.0963954983357986	-0.6877320321199267	0.9324596494156087	1.394976	F	-0.622052	0.023404	-0.0301	0.027615	-0.007821	0.005033	0.00298	-1.269114	-0.999662	1.82285	0.924543	-0.161823
cell_002530	donor_064	0.39802240800101873	0.69290647986655	-1.4731898732985016	1.394976	F	0.562659	0.017046	-0.0301	0.027615	-0.007821	0.005033	0.00298	1.012742	-3.037269	-1.879094	-0.224828	-0.236229
cell_002531	donor_064	0.5618030982492177	-0.2976033355273922	0.4075921127139192	1.394976	F	0.404364	0.009712	-0.0301	0.027615	-0.007821	0.005033	0.00298	0.70429	-0.145977	0.329225	-0.932754	1.337368
cell_002532	donor_064	-0.41955553677544416	-0.04040570147513467	0.3403472472547451	1.394976	F	-1.36176	0.052407	-0.0301	0.027615	-0.007821	0.005033	0.00298	0.178275	2.641942	-1.098891	0.434952	0.24427
cell_002533	donor_064	2.3730341345192905	-1.109267442098708	1.0070397429749471	1.394976	F	0.603979	0.031509	-0.0301	0.027615	-0.007821	0.005033	0.00298	0.998589	-1.461283	-0.06849	0.420751	0.212561
cell_002534	donor_064	1.6620405760615302	1.1441172809873332	-0.7769050951426604	1.394976	F	-0.958196	0.033931	-0.0301	0.027615	-0.007821	0.005033	0.00298	-1.977643	-1.943141	-0.635314	0.363234	0.894172
cell_002535	donor_064	-0.5223174907565824	1.2205191587645126	0.9167325068326032	1.394976	F	0.48782	0.05526	-0.0301	0.027615	-0.007821	0.005033	0.00298	0.726614	-0.870659	0.379716	1.011244	0.420183
cell_002536	donor_064	1.3647455895624776	-0.45608799046452303	-0.6579672390685292	1.394976	F	0.837393	0.010226	-0.0301	0.027615	-0.007821	0.005033	0.00298	0.762487	-1.711471	0.455148	-0.911781	0.439676
cell_002537	donor_064	-0.004172161436938618	-0.5297507520612481	-1.2876478793232466	1.394976	F	-1.014089	0.002308	-0.0301	0.027615	-0.007821	0.005033	0.00298	0.10473	-0.563631	0.365045	0.6671	-0.024627
cell_002538	donor_064	0.23673547723829155	-0.9450684290104142	1.0671294905648299	1.394976	F	-0.050588	0.015145	-0.0301	0.027615	-0.007821	0.005033	0.00298	-0.815227	2.864749	-1.033593	-0.653198	-0.932979
cell_002539	donor_064	-1.071531155750413	0.10248213193406813	-0.8308017469908594	1.394976	F	-0.773035	0.001687	-0.0301	0.027615	-0.007821	0.005033	0.00298	0.76242	0.509994	-0.311702	1.323757	-0.491565
cell_002540	donor_064	-1.1830021030324762	0.06255694135033478	0.19764300619723146	1.394976	F	0.396411	0.056716	-0.0301	0.027615	-0.007821	0.005033	0.00298	1.277802	0.106623	-0.308363	-0.552466	-0.392451
cell_002541	donor_064	0.5552333618578984	0.720894734028251	0.5025538115188078	1.394976	F	-1.746136	0.040304	-0.0301	0.027615	-0.007821	0.005033	0.00298	2.120282	-0.689286	0.167962	-1.346636	0.543411
cell_002542	donor_064	0.6129547671161251	-1.0946029939742565	-0.8239904405625614	1.394976	F	-0.664661	0.050606	-0.0301	0.027615	-0.007821	0.005033	0.00298	0.603252	1.069716	0.38861	-1.974769	0.198876
cell_002543	donor_064	1.290283271463686	-1.518599816162949	-0.3651963897911917	1.394976	F	0.633291	0.04388	-0.0301	0.027615	-0.007821	0.005033	0.00298	1.146863	0.840674	-2.445376	-0.396654	-0.404532
cell_002544	donor_064	-0.9951365154218462	-0.08915684790747222	-1.3063227531216843	1.394976	F	-1.111253	0.059249	-0.0301	0.027615	-0.007821	0.005033	0.00298	-0.541817	-1.819996	-2.172351	0.005971	0.372853
cell_002545	donor_064	1.4551236302769248	-0.623524934588907	0.4911494843836733	1.394976	F	-1.488272	0.011684	-0.0301	0.027615	-0.007821	0.005033	0.00298	0.696984	-2.87671	-0.512525	-0.105632	0.775646
cell_002546	donor_064	1.6477370093744619	1.5429101912009042	-0.42898656370365257	1.394976	F	0.836609	0.037628	-0.0301	0.027615	-0.007821	0.005033	0.00298	-1.153127	0.825257	0.047856	-1.147095	-0.694453
cell_002547	donor_064	1.104768192593136	1.8806377836679853	-0.9240467893750439	1.394976	F	-1.119242	0.035411	-0.0301	0.027615	-0.007821	0.005033	0.00298	-0.068755	0.421019	0.534311	1.404138	0.038788
cell_002548	donor_064	-0.9221818013778995	1.7441280137397337	1.5106668771237637	1.394976	F	0.516541	0.009635	-0.0301	0.027615	-0.007821	0.005033	0.00298	1.630311	-1.677919	1.001742	-0.621937	0.105546
cell_002549	donor_064	-0.1725363815031756	-0.8580992252868208	0.20115188286028649	1.394976	F	1.667398	0.004444	-0.0301	0.027615	-0.007821	0.005033	0.00298	-1.319897	-0.779841	-0.197065	-0.069313	1.283812
cell_002550	donor_064	-0.3847952602862483	0.9699507957656581	-1.1563595298261837	1.394976	F	-0.1547	0.016113	-0.0301	0.027615	-0.007821	0.005033	0.00298	-0.166115	-0.880904	-1.754923	1.3061	1.425328
cell_002551	donor_064	-0.1742756162181835	-2.390191651353703	1.9746650247788824	1.394976	F	-0.197938	0.001783	-0.0301	0.027615	-0.007821	0.005033	0.00298	0.05171	-2.173807	-0.174465	1.366495	-0.457759
cell_002552	donor_064	-0.009911890011073787	-1.055127044995064	-1.0160207634748804	1.394976	F	-1.065673	0.040067	-0.0301	0.027615	-0.007821	0.005033	0.00298	0.073385	-0.502243	-0.294386	0.443083	1.40396
cell_002553	donor_064	0.8518221049574083	1.2308778129703406	0.3220296781582823	1.394976	F	1.126399	0.044652	-0.0301	0.027615	-0.007821	0.005033	0.00298	0.895286	0.686114	0.218649	-1.251764	0.518444
cell_002554	donor_064	-0.43000562689856847	-0.6057700960678948	1.5671124082167036	1.394976	F	1.675799	0.078512	-0.0301	0.027615	-0.007821	0.005033	0.00298	0.952168	1.469383	1.10506	-0.813498	-1.359513
cell_002555	donor_064	0.6889800687705037	-1.3763824345472815	-0.3627221469192461	1.394976	F	1.42886	0.018731	-0.0301	0.027615	-0.007821	0.005033	0.00298	-1.034657	0.271941	-0.864631	-0.785375	-0.337554
cell_002556	donor_064	1.2983611410680316	0.6738045126379469	-0.44987439343699315	1.394976	F	0.819544	0.058515	-0.0301	0.027615	-0.007821	0.005033	0.00298	-0.922997	-0.915796	-0.398783	-2.439505	0.057133
cell_002557	donor_064	0.055877418882652664	-1.2300776505363618	0.6386888763210863	1.394976	F	-1.075973	0.022988	-0.0301	0.027615	-0.007821	0.005033	0.00298	-0.596874	1.045631	0.094016	-1.563608	0.631677
cell_002558	donor_064	-2.9563879772227653	0.9257951899931214	0.9806002473965931	1.394976	F	1.523477	0.068229	-0.0301	0.027615	-0.007821	0.005033	0.00298	0.190471	-0.03424	-0.816432	-0.176302	0.417099
cell_002559	donor_064	-0.32851790167254313	-1.5344736000522754	-0.9430875063194225	1.394976	F	0.340874	0.021289	-0.0301	0.027615	-0.007821	0.005033	0.00298	-0.136834	-0.613014	0.100306	-0.824751	-1.567454
cell_002560	donor_064	-0.9748476928747947	0.22754408343698754	0.23168829763384388	1.394976	F	1.720907	0.042184	-0.0301	0.027615	-0.007821	0.005033	0.00298	0.202939	-0.724774	0.55337	0.761953	-1.078457
cell_002561	donor_064	-1.3355467480815166	-1.0873510399428772	-1.3150173681391841	1.394976	F	0.496222	0.02622	-0.0301	0.027615	-0.007821	0.005033	0.00298	-0.05519	0.628602	-0.260314	0.66028	-0.771464
cell_002562	donor_064	-0.5956299686514465	-0.20075334242048487	0.4810578690970342	1.394976	F	1.834143	0.052691	-0.0301	0.027615	-0.007821	0.005033	0.00298	-1.007459	-0.282338	0.215385	-0.371962	0.232937
cell_002563	donor_064	-0.18258489314991982	1.7942780483667258	1.3626881414435739	1.394976	F	-0.404049	0.027858	-0.0301	0.027615	-0.007821	0.005033	0.00298	1.466987	-0.121091	-0.059872	-2.798007	-0.196128
cell_002564	donor_064	-1.6568950030491867	0.17849596738611143	-1.2712559065201	1.394976	F	-0.095462	0.015086	-0.0301	0.027615	-0.007821	0.005033	0.00298	0.974182	-1.542616	-1.672244	0.309557	0.725521
cell_002565	donor_064	-0.4746241800912766	0.37205549874575516	-0.39196464892231864	1.394976	F	0.203407	0.015767	-0.0301	0.027615	-0.007821	0.005033	0.00298	-0.181835	-0.912017	1.525172	0.936874	-1.570741
cell_002566	donor_065	-0.37020862066315113	-0.6964799969008452	-1.3499284846676218	0.759291	F	-0.629894	0.063373	-0.032987	-0.038436	-0.015653	0.015338	0.003704	2.079362	-0.090321	1.537576	1.216251	-1.178278
cell_002567	donor_065	-0.3653746024816435	0.14035404420872383	1.88324657589903	0.759291	F	0.969343	0.051646	-0.032987	-0.038436	-0.015653	0.015338	0.003704	-0.466785	0.155983	0.932615	-2.219683	0.391309
cell_002568	donor_065	-0.7098704910759039	-0.1961985389954349	-0.7962163253575645	0.759291	F	0.094979	0.001801	-0.032987	-0.038436	-0.015653	0.015338	0.003704	-0.620189	1.760013	-0.344798	-1.244796	1.082129
cell_002569	donor_065	-0.5340716982509941	-0.2251933791337762	-1.1372627861806544	0.759291	F	-0.766782	0.025539	-0.032987	-0.038436	-0.015653	0.015338	0.003704	-0.788759	-0.106564	0.986169	0.943703	-0.032151
cell_002570	donor_065	-0.47023232063417036	-1.3167990687727917	-1.4071229489088057	0.759291	F	1.001011	0.046519	-0.032987	-0.038436	-0.015653	0.015338	0.003704	1.042637	-0.084522	0.221076	0.175274	-1.495203
cell_002571	donor_065	0.08705596508047347	1.613111879419259	-0.5144907460530739	0.759291	F	0.582173	0.014928	-0.032987	-0.038436	-0.015653	0.015338	0.003704	1.269912	-0.292067	-0.297857	0.077398	1.262962
cell_002572	donor_065	0.40489867295983767	-0.1265359735645869	-0.03482928644490845	0.759291	F	0.972687	0.011934	-0.032987	-0.038436	-0.015653	0.015338	0.003704	0.933884	-0.193982	-1.145559	-0.000581	-0.071127
cell_002573	donor_065	0.4667883060525562	0.8058911470534605	0.6772297651333585	0.759291	F	0.613612	0.018416	-0.032987	-0.038436	-0.015653	0.015338	0.003704	-1.74219	0.085506	1.200813	-0.995456	-0.420177
cell_002574	donor_065	-0.35780266230080165	-0.8006353112208479	1.567436872313401	0.759291	F	-0.949257	0.038498	-0.032987	-0.038436	-0.015653	0.015338	0.003704	-0.705477	0.516431	-0.098589	0.135188	-2.102173
cell_002575	donor_065	-1.7857438152455012	-0.45727911728181164	-0.7710746650996476	0.759291	F	0.415834	0.02154	-0.032987	-0.038436	-0.015653	0.015338	0.003704	0.13146	-0.094199	-0.373173	0.981502	-0.358709
cell_002576	donor_065	0.6771238304284564	0.1913988507029033	0.9390158460838348	0.759291	F	0.143894	0.010989	-0.032987	-0.038436	-0.015653	0.015338	0.003704	2.022489	-0.970306	0.017191	0.113581	0.382015
cell_002577	donor_065	-0.492321510243927	0.34767192965452026	0.02749090083206865	0.759291	F	-0.086178	0.036162	-0.032987	-0.038436	-0.015653	0.015338	0.003704	0.916631	-0.780325	-0.011299	-0.661625	-0.330744
cell_002578	donor_065	-1.1161701556989048	1.0520801826663637	-0.061261388647630595	0.759291	F	1.793152	0.036479	-0.032987	-0.038436	-0.015653	0.015338	0.003704	-1.230887	-0.787847	-0.293801	-0.327526	0.060358
cell_002579	donor_065	0.09364834536339976	0.759916952059302	-0.5830429756447219	0.759291	F	-1.206169	0.038538	-0.032987	-0.038436	-0.015653	0.015338	0.003704	-1.194731	1.051284	1.432274	-0.403991	-1.001118
cell_002580	donor_065	1.1320938090338153	-1.2241425703917832	-0.44985156913186797	0.759291	F	-1.433918	0.010042	-0.032987	-0.038436	-0.015653	0.015338	0.003704	-0.392429	1.828516	-0.607233	-0.46529	-0.068193
cell_002581	donor_065	0.0018177311645577673	0.3893976654293345	0.5608334726982301	0.759291	F	-1.249404	0.031737	-0.032987	-0.038436	-0.015653	0.015338	0.003704	-0.116925	0.062166	1.887359	-0.849492	-0.279427
cell_002582	donor_065	0.5185673678929151	0.827022446539416	-0.8927969063681266	0.759291	F	1.328841	0.025388	-0.032987	-0.038436	-0.015653	0.015338	0.003704	0.184269	-0.252091	-0.70922	0.058187	0.00354
cell_002583	donor_065	2.2801511841885787	1.9917116478765908	0.12113668904711691	0.759291	F	1.673433	0.075029	-0.032987	-0.038436	-0.015653	0.015338	0.003704	1.110886	-0.10014	0.829923	2.30787	-1.287085
cell_002584	donor_065	-0.37035648004953764	1.537828946617306	0.16753601442941163	0.759291	F	1.316663	0.000952	-0.032987	-0.038436	-0.015653	0.015338	0.003704	0.60468	-0.198344	0.841859	0.340873	-1.203888
cell_002585	donor_065	-0.2693737445523954	1.17294506550986	-0.9971945691556823	0.759291	F	0.099012	0.009297	-0.032987	-0.038436	-0.015653	0.015338	0.003704	-1.19471	0.59031	0.01832	-0.150709	-2.799031
cell_002586	donor_065	1.4771348468139258	-0.481986374722525	-0.01646709809294197	0.759291	F	-1.646105	0.009899	-0.032987	-0.038436	-0.015653	0.015338	0.003704	0.353935	0.75409	0.858945	0.409591	0.980009
cell_002587	donor_065	-0.6811556030569801	0.008886969866424376	-1.8852600825679289	0.759291	F	-0.082066	0.036784	-0.032987	-0.038436	-0.015653	0.015338	0.003704	-1.971403	1.905311	0.822993	-0.532065	-0.207389
cell_002588	donor_065	-0.2836848014423345	-1.4959799569834051	0.7703017724665161	0.759291	F	0.29952	0.016508	-0.032987	-0.038436	-0.015653	0.015338	0.003704	0.464756	-0.639772	1.553855	-0.573659	0.121584
cell_002589	donor_065	-2.035063560254721	1.468154594898066	-0.7489342930872741	0.759291	F	-1.257235	0.016111	-0.032987	-0.038436	-0.015653	0.015338	0.003704	-0.323755	1.712896	0.281551	0.03189	-0.345278
cell_002590	donor_065	0.9750069349357388	-0.8131560309898417	-0.8815457367123835	0.759291	F	-0.133907	0.03862	-0.032987	-0.038436	-0.015653	0.015338	0.003704	0.673287	0.152321	1.742892	-0.440843	-0.551394
cell_002591	donor_065	1.2658945434087117	1.5308634136447545	-1.4829909043633467	0.759291	F	-1.342839	0.015432	-0.032987	-0.038436	-0.015653	0.015338	0.003704	-0.972178	-0.097875	0.006175	0.801692	-0.627931
cell_002592	donor_065	-0.439729348855908	0.04700440044801207	0.8772901407185996	0.759291	F	0.266053	0.008439	-0.032987	-0.038436	-0.015653	0.015338	0.003704	-0.567519	-0.165491	1.684182	-1.923782	-1.192813
cell_002593	donor_065	0.3198358191733271	-0.890899169780655	0.3068101347222961	0.759291	F	0.652778	0.004053	-0.032987	-0.038436	-0.015653	0.015338	0.003704	1.035373	1.631224	-0.690624	1.127629	-0.14989
cell_002594	donor_065	0.3527118800201362	-0.24749844017207495	-0.8582480507983844	0.759291	F	-0.450908	0.033356	-0.032987	-0.038436	-0.015653	0.015338	0.003704	-0.065209	-0.51069	0.722008	-0.458565	1.548459
cell_002595	donor_065	-1.26082786670523	-0.5449915107750806	-0.3820830715499255	0.759291	F	1.138434	0.01361	-0.032987	-0.038436	-0.015653	0.015338	0.003704	-0.836911	0.928503	-0.026716	-1.256431	-1.358494
cell_002596	donor_065	-0.8653778492275793	0.6366762852291281	-0.5268235530961762	0.759291	F	-0.405673	0.05611	-0.032987	-0.038436	-0.015653	0.015338	0.003704	-1.372605	-1.547011	-0.324834	-0.114203	-0.304604
cell_002597	donor_065	1.3036165585638504	0.30743839188309463	-1.3057287843520806	0.759291	F	-0.483391	0.008662	-0.032987	-0.038436	-0.015653	0.015338	0.003704	0.595601	1.378235	1.673307	-0.202227	0.299493
cell_002598	donor_065	-1.2326644172932226	1.2172492886595043	-0.9750521080090726	0.759291	F	0.830265	0.009071	-0.032987	-0.038436	-0.015653	0.015338	0.003704	0.522788	1.081377	2.481375	-0.132038	-0.322994
cell_002599	donor_065	-0.06556199401871096	-0.9886060510562781	-0.04861614414412076	0.759291	F	-1.34893	0.075157	-0.032987	-0.038436	-0.015653	0.015338	0.003704	-0.22406	0.701467	1.976858	-0.240668	-0.066717
cell_002600	donor_065	-1.0198750154440066	-0.4095812107469912	-0.6663763489228715	0.759291	F	0.451392	0.081102	-0.032987	-0.038436	-0.015653	0.015338	0.003704	-0.725248	-1.352251	1.165355	-0.838708	0.009077
cell_002601	donor_065	1.2043858042965878	-1.41809676248003	-0.11438223526839802	0.759291	F	-0.69127	0.049906	-0.032987	-0.038436	-0.015653	0.015338	0.003704	-0.77347	1.358302	-1.939653	0.78089	-1.712554
cell_002602	donor_066	-0.4028210737099315	1.4640733692193209	-0.12440401442063394	0.264869	F	-0.276407	0.057308	0.001224	-0.014687	-0.00294	-0.001913	0.022018	-1.312109	-0.052136	-0.959127	0.045764	-0.446043
cell_002603	donor_066	1.1914458442700842	1.7304367255851096	-0.21832662125906344	0.264869	F	-0.071522	0.033322	0.001224	-0.014687	-0.00294	-0.001913	0.022018	-0.829342	0.858042	1.108294	-0.504258	-0.377014
cell_002604	donor_066	0.2603828325052393	-1.5065535627693345	2.0719693648142465	0.264869	F	-0.695636	0.030153	0.001224	-0.014687	-0.00294	-0.001913	0.022018	-0.063229	-1.918391	-0.582518	-0.442872	-0.271061
cell_002605	donor_066	-0.25545103048372714	1.2669236552121652	-0.6060102438350785	0.264869	F	-1.049684	0.047223	0.001224	-0.014687	-0.00294	-0.001913	0.022018	0.684617	0.294956	-0.561098	-0.081115	-1.417231
cell_002606	donor_066	-0.06016623254332873	1.6094972552570619	-0.07235847782637797	0.264869	F	0.521821	0.033091	0.001224	-0.014687	-0.00294	-0.001913	0.022018	1.178219	-0.411566	-0.068023	-0.651393	-1.600216
cell_002607	donor_066	1.0744347799769574	-0.12310897670411307	1.037055156363946	0.264869	F	-1.002437	0.006523	0.001224	-0.014687	-0.00294	-0.001913	0.022018	0.132829	-0.221385	-0.671679	-0.410066	0.582829
cell_002608	donor_066	0.08385748410069031	-1.0553390314898394	0.37621479565022864	0.264869	F	0.96208	0.033629	0.001224	-0.014687	-0.00294	-0.001913	0.022018	0.904914	-1.04389	-0.205945	2.063972	-0.981192
cell_002609	donor_066	-0.48663769454205846	0.08205009182263294	1.3406222528273548	0.264869	F	2.858943	0.048776	0.001224	-0.014687	-0.00294	-0.001913	0.022018	0.491515	0.309741	-1.294666	0.096605	0.784255
cell_002610	donor_066	-1.0889608102827706	-0.7541155760435814	-1.5980669263953033	0.264869	F	2.528971	0.027103	0.001224	-0.014687	-0.00294	-0.001913	0.022018	-0.038875	-0.112991	-0.569885	2.096976	0.911377
cell_002611	donor_066	0.47528033364645894	-0.9848783081421049	-0.3587619760969352	0.264869	F	2.243851	0.013389	0.001224	-0.014687	-0.00294	-0.001913	0.022018	0.707872	-0.398478	0.126748	1.346605	0.911965
cell_002612	donor_066	-0.5456595243199159	-0.02135707092354391	-1.3799397053276672	0.264869	F	0.076293	0.030863	0.001224	-0.014687	-0.00294	-0.001913	0.022018	0.246193	0.980771	-1.227026	0.042169	-0.706639
cell_002613	donor_066	-1.0834959687481232	-0.478101531919857	-1.1018147983472761	0.264869	F	0.507659	0.002027	0.001224	-0.014687	-0.00294	-0.001913	0.022018	0.717592	-0.088462	-2.410197	0.514611	0.149961
cell_002614	donor_066	-0.9417450845083498	-0.7348899233735713	-1.3417444236480947	0.264869	F	-0.22887	0.043037	0.001224	-0.014687	-0.00294	-0.001913	0.022018	-0.39918	-0.073648	-0.702493	1.727409	-0.425557
cell_002615	donor_066	-1.658237596528092	-0.5319760862287252	-1.2000173103680538	0.264869	F	0.310948	0.050392	0.001224	-0.014687	-0.00294	-0.001913	0.022018	-1.413908	-0.893048	-0.267735	-1.117158	1.895239
cell_002616	donor_066	0.45798231138628864	1.001329971224003	2.13147024139398	0.264869	F	0.200341	0.020339	0.001224	-0.014687	-0.00294	-0.001913	0.022018	0.363719	-1.59269	-1.059504	0.756119	1.767662
cell_002617	donor_066	0.7820098834555171	0.2980828967389441	-0.24633378489332092	0.264869	F	-0.081984	0.049478	0.001224	-0.014687	-0.00294	-0.001913	0.022018	0.388671	0.249148	-0.669968	-1.426063	-0.272195
cell_002618	donor_066	0.825348432044759	0.06628584059227888	1.618589661225445	0.264869	F	-1.078207	0.009793	0.001224	-0.014687	-0.00294	-0.001913	0.022018	-0.717243	2.607162	1.021229	0.275699	1.230139
cell_002619	donor_066	0.9061335772076227	0.393917636071549	0.0831843937639517	0.264869	F	-0.30303	0.033081	0.001224	-0.014687	-0.00294	-0.001913	0.022018	-0.946612	-0.364359	1.237888	0.599308	-1.360748
cell_002620	donor_066	-0.13595875788417355	1.8175763657521413	-0.2790241238977111	0.264869	F	1.161598	0.008443	0.001224	-0.014687	-0.00294	-0.001913	0.022018	0.881977	-0.410363	-1.361926	1.529161	0.622967
cell_002621	donor_066	0.6640280836691261	0.5498913790622716	-1.1959212058508806	0.264869	F	-0.620296	0.023757	0.001224	-0.014687	-0.00294	-0.001913	0.022018	-0.966002	0.581294	0.276701	-0.364283	0.78046
cell_002622	donor_066	-0.05455075514505733	1.2451614847163848	0.0019556757544550024	0.264869	F	1.913026	0.024762	0.001224	-0.014687	-0.00294	-0.001913	0.022018	1.112813	1.409726	0.698201	0.064952	0.844809
cell_002623	donor_066	-0.682406187648661	0.5337471915513871	0.5081844442651366	0.264869	F	0.970669	0.035333	0.001224	-0.014687	-0.00294	-0.001913	0.022018	0.989012	1.593201	-1.279305	0.168755	1.250267
cell_002624	donor_066	-1.0901464740926252	0.7737531915595728	-0.9807184475866926	0.264869	F	-1.212102	0.053261	0.001224	-0.014687	-0.00294	-0.001913	0.022018	0.178885	0.884396	-0.872562	-1.02486	0.310316
cell_002625	donor_066	0.12984913717302668	-0.7482127493908585	0.003004993197196953	0.264869	F	-0.502002	0.074061	0.001224	-0.014687	-0.00294	-0.001913	0.022018	-0.201481	0.535586	-0.230718	-0.442824	0.603188
cell_002626	donor_066	-0.31548041670597926	0.9601376016308076	0.4891056185034077	0.264869	F	0.548848	0.025389	0.001224	-0.014687	-0.00294	-0.001913	0.022018	0.608183	-0.940055	0.251838	-0.596661	-1.560222
cell_002627	donor_066	0.10156876609825866	-1.5988245379966934	-0.11005029922355182	0.264869	F	-0.186973	0.013873	0.001224	-0.014687	-0.00294	-0.001913	0.022018	-0.582598	-1.663617	-1.667366	0.389434	-0.344794
cell_002628	donor_066	-0.6539738165453699	0.5519577568624241	-1.1974585786653558	0.264869	F	0.43479	0.027584	0.001224	-0.014687	-0.00294	-0.001913	0.022018	1.498785	1.399709	-1.378711	0.159266	-1.777784
cell_002629	donor_066	-0.035427325864287214	1.709204757970503	1.0215669676256256	0.264869	F	1.001308	0.055727	0.001224	-0.014687	-0.00294	-0.001913	0.022018	0.433519	0.828504	1.0309	2.095469	0.599248
cell_002630	donor_066	0.7752648740329169	1.2310394645990506	-0.7718947456407379	0.264869	F	-1.789396	0.035562	0.001224	-0.014687	-0.00294	-0.001913	0.022018	-0.337132	1.890774	0.000774	0.084926	-0.702322
cell_002631	donor_066	0.7001127137173265	1.0734618389491835	-0.8926654610189277	0.264869	F	-0.405998	0.018353	0.001224	-0.014687	-0.00294	-0.001913	0.022018	0.098162	1.016417	2.12336	-0.897477	0.542866
cell_002632	donor_066	-0.6651622719012946	-0.7114457306596869	-2.5905107950618698	0.264869	F	-0.363661	0.016019	0.001224	-0.014687	-0.00294	-0.001913	0.022018	-1.505193	2.127007	-0.189966	0.350419	-0.667266
cell_002633	donor_066	-0.3328435037143277	-0.07683771152012621	-0.2837812000498585	0.264869	F	-1.12124	0.027759	0.001224	-0.014687	-0.00294	-0.001913	0.022018	-0.564317	0.191637	0.67173	0.04111	-1.069901
cell_002634	donor_066	1.5785955713088482	0.3754000953220254	0.1430412826486049	0.264869	F	1.914394	0.008525	0.001224	-0.014687	-0.00294	-0.001913	0.022018	-0.350805	0.196043	1.422011	1.650455	-1.535865
cell_002635	donor_066	-1.253758088648251	-0.01777493856765518	-1.2409461792433003	0.264869	F	-0.909476	0.066769	0.001224	-0.014687	-0.00294	-0.001913	0.022018	0.799256	0.625882	-0.49334	0.232132	-0.255199
cell_002636	donor_066	0.665072033769231	-0.8847856996285539	-1.7788228054284987	0.264869	F	-1.191283	0.040949	0.001224	-0.014687	-0.00294	-0.001913	0.022018	-0.423039	-0.85398	-0.722685	-1.190469	-1.743152
cell_002637	donor_066	0.13220624173266443	-0.5409565027523648	1.1755465695849807	0.264869	F	-1.629982	0.015086	0.001224	-0.014687	-0.00294	-0.001913	0.022018	-0.672692	-0.516019	-0.072132	0.720838	1.270943
cell_002638	donor_066	-0.6165952318371596	-0.8911616240107256	0.07378168850105729	0.264869	F	-0.253881	0.017292	0.001224	-0.014687	-0.00294	-0.001913	0.022018	-0.248379	0.300807	0.797017	0.384099	-0.481037
cell_002639	donor_066	0.1972125670661761	0.45362066059141415	0.04764853287207049	0.264869	F	-0.153135	0.038295	0.001224	-0.014687	-0.00294	-0.001913	0.022018	-0.379735	-0.81429	-0.244246	0.770485	0.974171
cell_002640	donor_066	-0.5255634262847168	0.7173680137201258	-0.9925670587022963	0.264869	F	-0.539029	0.01972	0.001224	-0.014687	-0.00294	-0.001913	0.022018	-0.425572	1.540946	-0.099955	0.813767	0.725763
cell_002641	donor_066	1.0038962321731484	-0.1879201248540233	-0.26822345391673746	0.264869	F	0.115438	0.036236	0.001224	-0.014687	-0.00294	-0.001913	0.022018	-1.837212	0.688678	0.420658	0.611506	-0.029474
cell_002642	donor_066	-1.9085953384997463	-0.4734040596653343	0.8856450246112504	0.264869	F	-0.700632	0.033968	0.001224	-0.014687	-0.00294	-0.001913	0.022018	1.739086	-2.866354	-1.182822	0.316506	-1.050605
cell_002643	donor_066	1.1640234681075654	-0.3756759672735631	-0.04213856307089319	0.264869	F	0.390931	0.022835	0.001224	-0.014687	-0.00294	-0.001913	0.022018	1.010526	-1.10685	0.159519	0.405925	1.941529
cell_002644	donor_066	0.9198922532565458	1.0184309086403847	-1.0754215914412915	0.264869	F	-0.062483	0.013937	0.001224	-0.014687	-0.00294	-0.001913	0.022018	-1.148367	-0.082074	0.463077	-1.2553	0.722331
cell_002645	donor_066	-0.41438120577335075	0.5089978470144262	1.8698599974452328	0.264869	F	-2.038923	0.014516	0.001224	-0.014687	-0.00294	-0.001913	0.022018	-0.195362	-0.099368	0.618423	-1.033247	-0.249399
cell_002646	donor_066	0.12703226846231422	0.8694324427696354	-0.6694423331724916	0.264869	F	-1.451937	0.050775	0.001224	-0.014687	-0.00294	-0.001913	0.022018	1.09106	-0.012981	-1.193204	-0.983481	0.363992
cell_002647	donor_066	-1.0113474956674209	-0.18088862481779203	1.3555725476900995	0.264869	F	0.39512	0.040418	0.001224	-0.014687	-0.00294	-0.001913	0.022018	0.170343	-1.058807	0.64286	1.499035	-1.66036
cell_002648	donor_066	1.678986467964104	-2.281188494210372	1.7676726180271973	0.264869	F	0.227655	0.013108	0.001224	-0.014687	-0.00294	-0.001913	0.022018	-0.359515	0.665566	0.18178	-0.939137	-0.347023
cell_002649	donor_066	0.25038744453737927	1.3746383991553668	-0.7636743292596416	0.264869	F	-0.700978	0.025224	0.001224	-0.014687	-0.00294	-0.001913	0.022018	-0.096855	0.003816	0.830114	0.329956	0.643904
cell_002650	donor_067	1.2870741257851035	0.9779497811038508	-0.4524651832311115	1.818766	M	0.895044	0.015388	0.042005	0.019802	0.007036	-0.005258	-0.032658	0.095851	-0.057138	0.227661	0.482243	-0.045808
cell_002651	donor_067	-0.23101664174596828	-1.6276162584240843	0.99613994384018	1.818766	M	0.195418	0.032772	0.042005	0.019802	0.007036	-0.005258	-0.032658	-0.580461	0.958353	1.072968	-0.750463	0.858798
cell_002652	donor_067	-0.056456548114863496	1.4175795685936685	0.6175267706196609	1.818766	M	-2.671107	0.032135	0.042005	0.019802	0.007036	-0.005258	-0.032658	-0.909247	-0.193198	-1.180665	0.294734	-0.192934
cell_002653	donor_067	-1.2781089882885874	0.6577954910457088	-0.9653782624647442	1.818766	M	-0.934702	0.017977	0.042005	0.019802	0.007036	-0.005258	-0.032658	-1.153686	3.243424	0.213921	-0.172224	-0.595736
cell_002654	donor_067	0.3193718418162431	0.6493535878001304	0.682373128840508	1.818766	M	0.074873	0.023708	0.042005	0.019802	0.007036	-0.005258	-0.032658	-0.737683	1.479934	0.891749	0.479925	2.090582
cell_002655	donor_067	-0.7346200071261281	0.4697530571702772	-1.112690542229801	1.818766	M	-0.944073	0.032025	0.042005	0.019802	0.007036	-0.005258	-0.032658	-0.283349	-2.306332	-1.003412	-0.339502	0.876387
cell_002656	donor_067	1.8888185630738823	0.2738499620251857	-0.6062101709756843	1.818766	M	-0.678945	0.044687	0.042005	0.019802	0.007036	-0.005258	-0.032658	0.131007	0.908344	0.646191	-0.675256	-0.645257
cell_002657	donor_067	0.9948135410844567	-0.5768962571063715	-1.69833993389492	1.818766	M	0.703781	0.058264	0.042005	0.019802	0.007036	-0.005258	-0.032658	1.042805	-0.874183	-0.503931	-0.30069	-0.21125
cell_002658	donor_067	-0.3726813645802116	-0.3043648126394221	0.8652683856826368	1.818766	M	-0.309429	0.021333	0.042005	0.019802	0.007036	-0.005258	-0.032658	0.319671	-0.472325	2.06444	0.961629	-0.000858
cell_002659	donor_067	-1.192262248247152	-0.2345197652085206	0.7276450290955098	1.818766	M	0.086255	0.013091	0.042005	0.019802	0.007036	-0.005258	-0.032658	1.750151	-0.671183	0.92549	1.374053	0.991398
cell_002660	donor_067	-0.7652877336708811	-0.42704132102970294	-0.9521837290916844	1.818766	M	0.431103	0.046602	0.042005	0.019802	0.007036	-0.005258	-0.032658	0.976725	-0.774681	-0.974279	-2.450227	0.190786
cell_002661	donor_067	-0.9586734455367328	-1.2576483309704738	-0.43431094523877506	1.818766	M	1.36743	0.053785	0.042005	0.019802	0.007036	-0.005258	-0.032658	-0.943646	-0.205483	0.458872	0.375318	0.918106
cell_002662	donor_067	-0.7749937252179472	-0.9934217424118811	-0.7358670405651438	1.818766	M	0.876631	0.01916	0.042005	0.019802	0.007036	-0.005258	-0.032658	-0.127144	-0.272718	-0.637502	-0.067962	3.002637
cell_002663	donor_067	0.13588298917315322	-1.0412265465110633	-0.497629192244114	1.818766	M	0.086075	0.006178	0.042005	0.019802	0.007036	-0.005258	-0.032658	-1.154017	0.297402	-0.969508	0.455242	1.781899
cell_002664	donor_067	0.4715209201902379	0.5157059913235404	0.30653021524214696	1.818766	M	-0.16152	0.024397	0.042005	0.019802	0.007036	-0.005258	-0.032658	-0.486236	0.966265	0.088831	-0.848249	-2.546399
cell_002665	donor_067	-0.7705469744481654	0.38412689985807913	-0.45955294736071584	1.818766	M	1.622538	0.007774	0.042005	0.019802	0.007036	-0.005258	-0.032658	1.010273	1.399005	-0.684022	-2.250609	0.56403
cell_002666	donor_067	-2.1951676760304353	0.18185164017636016	-0.2836383827062008	1.818766	M	0.384492	0.018012	0.042005	0.019802	0.007036	-0.005258	-0.032658	-0.604184	0.051459	-0.373585	-1.907443	0.650098
cell_002667	donor_067	0.883371118508251	0.06170885450784406	-0.14951356941463906	1.818766	M	0.137986	0.068264	0.042005	0.019802	0.007036	-0.005258	-0.032658	0.368693	1.728213	-0.13021	-0.955292	1.568241
cell_002668	donor_067	2.1370233054720376	-0.21827646530536304	0.16035601623558296	1.818766	M	-1.038458	0.020624	0.042005	0.019802	0.007036	-0.005258	-0.032658	-0.308825	0.366408	-1.326828	0.377701	0.236012
cell_002669	donor_067	0.7876167804259313	-0.01692821083321397	2.270574437077019	1.818766	M	0.484497	0.007152	0.042005	0.019802	0.007036	-0.005258	-0.032658	1.525809	-0.790233	1.075949	0.288707	1.77968
cell_002670	donor_067	-1.7180668044954088	0.7272332747992822	-0.43186084412915104	1.818766	M	0.373314	0.007483	0.042005	0.019802	0.007036	-0.005258	-0.032658	0.457783	-0.532149	-0.413972	-0.216509	1.377737
cell_002671	donor_067	1.208634742469259	-2.4017602866440106	2.094352252515	1.818766	M	-0.836376	0.042279	0.042005	0.019802	0.007036	-0.005258	-0.032658	-1.143447	0.31733	-1.320942	1.458898	-0.889871
cell_002672	donor_067	0.08878054287201557	1.1818038986960697	-0.43903334164707986	1.818766	M	-0.597313	0.025727	0.042005	0.019802	0.007036	-0.005258	-0.032658	0.648994	-0.140553	0.217728	0.692072	-2.34269
cell_002673	donor_067	0.8680033174770933	-0.925996478150653	-0.5374613238439886	1.818766	M	-1.146492	0.035659	0.042005	0.019802	0.007036	-0.005258	-0.032658	-0.158657	-0.998936	-0.268911	-0.589017	0.080293
cell_002674	donor_067	2.1660304937289663	0.05320498382353916	-0.589991686579057	1.818766	M	-0.530666	0.034205	0.042005	0.019802	0.007036	-0.005258	-0.032658	-0.296922	-1.266769	0.303158	-0.800605	-1.465997
cell_002675	donor_067	0.5951890035228182	-1.641239660009618	-1.3950818615994087	1.818766	M	-0.68656	0.065712	0.042005	0.019802	0.007036	-0.005258	-0.032658	0.048888	-0.704929	-0.220461	0.356561	0.630738
cell_002676	donor_067	-1.150179540833262	1.6687053313561118	0.7101425056454526	1.818766	M	2.535861	0.031382	0.042005	0.019802	0.007036	-0.005258	-0.032658	-0.221756	-0.964772	-0.28985	-0.438069	-0.472847
cell_002677	donor_067	1.2554070947709	-0.47768565780895605	0.4631654229891549	1.818766	M	0.091659	0.030352	0.042005	0.019802	0.007036	-0.005258	-0.032658	-1.360719	0.185825	1.365277	0.533004	-1.584667
cell_002678	donor_067	1.1744657483030707	-0.22318080845123203	-0.7826426550997727	1.818766	M	0.53267	0.032003	0.042005	0.019802	0.007036	-0.005258	-0.032658	0.444183	-0.237126	1.724909	-1.294271	0.366368
cell_002679	donor_067	-0.13552284266045886	-0.48739972743468896	-0.3397288319318788	1.818766	M	0.619356	0.039583	0.042005	0.019802	0.007036	-0.005258	-0.032658	-0.168355	-0.9059	-2.431004	0.13763	-0.95864
cell_002680	donor_067	-0.881657024003042	0.7968472117062618	-0.38654980722749216	1.818766	M	-1.436584	0.060132	0.042005	0.019802	0.007036	-0.005258	-0.032658	0.159209	-1.066315	-0.184318	-1.574584	0.766838
cell_002681	donor_067	-0.9592187406407988	-0.0010112090532940856	0.22870108332336356	1.818766	M	0.08062	0.009042	0.042005	0.019802	0.007036	-0.005258	-0.032658	-0.38956	1.465317	0.25309	-1.10386	-0.920298
cell_002682	donor_067	0.8992562945128653	-0.6046156822604692	-0.3268468751653604	1.818766	M	1.565509	0.043007	0.042005	0.019802	0.007036	-0.005258	-0.032658	0.305321	0.297184	-1.150227	1.521346	-0.065972
cell_002683	donor_067	0.39838605893618356	-0.4598000135036466	-0.05207993457722404	1.818766	M	-1.140336	0.023804	0.042005	0.019802	0.007036	-0.005258	-0.032658	-1.618091	-0.037232	0.65441	-1.015238	0.170097
cell_002684	donor_067	-1.0579594583946743	0.36816622900632856	0.24164427346632428	1.818766	M	0.33474	0.043344	0.042005	0.019802	0.007036	-0.005258	-0.032658	0.570579	-1.293243	0.99181	-0.733212	0.116046
cell_002685	donor_067	1.4387002834885003	0.5510428854213772	-1.6927347279055942	1.818766	M	0.080748	0.033894	0.042005	0.019802	0.007036	-0.005258	-0.032658	0.937032	-0.056554	1.383018	-1.668185	-0.548463
cell_002686	donor_067	-0.9604768376390885	0.6218842410599227	0.712602939181288	1.818766	M	0.438579	0.032256	0.042005	0.019802	0.007036	-0.005258	-0.032658	0.150896	-0.327491	-0.808189	-0.790693	-1.720579
cell_002687	donor_067	-0.9615507275084492	1.0514086314791085	1.2442627098998207	1.818766	M	0.199704	0.009564	0.042005	0.019802	0.007036	-0.005258	-0.032658	-0.195322	-0.846056	0.348598	1.083022	-0.917151
cell_002688	donor_068	-1.3955802834280093	0.7483907391615747	-1.0100559528517754	-0.229553	F	-0.806615	0.063509	-0.005381	-0.035915	0.005953	0.00831	-0.012043	-0.562964	0.464391	-0.221196	0.929953	-0.248913
cell_002689	donor_068	-2.3349905357532945	-0.28328074375815016	-0.09305336566510232	-0.229553	F	-1.314901	0.055042	-0.005381	-0.035915	0.005953	0.00831	-0.012043	-0.018223	0.746081	-1.243241	-1.373837	-1.016666
cell_002690	donor_068	0.011620903880988293	1.2973495718373858	0.5280812009370183	-0.229553	F	-0.355307	0.038463	-0.005381	-0.035915	0.005953	0.00831	-0.012043	0.399182	0.303709	2.712076	-0.934801	1.561657
cell_002691	donor_068	-0.7668829214853013	-0.2491082883743011	1.4698307523850227	-0.229553	F	0.13895	0.01265	-0.005381	-0.035915	0.005953	0.00831	-0.012043	1.724981	-1.574615	-0.195955	-1.030149	0.353286
cell_002692	donor_068	0.4785077833456024	-1.4283698944493608	1.1102415446198985	-0.229553	F	-0.320699	0.021883	-0.005381	-0.035915	0.005953	0.00831	-0.012043	0.031244	0.369639	-0.265106	0.754316	-0.711122
cell_002693	donor_068	-0.0019031119317314154	0.12209718352917119	-2.099669965977092	-0.229553	F	0.723416	0.033586	-0.005381	-0.035915	0.005953	0.00831	-0.012043	1.091593	0.300999	-0.231919	0.522203	1.610666
cell_002694	donor_068	0.07223059987311704	1.0829480387815715	-0.15078332667066144	-0.229553	F	0.450612	0.071706	-0.005381	-0.035915	0.005953	0.00831	-0.012043	-0.172962	0.450727	-0.817356	-2.230612	-0.327991
cell_002695	donor_068	0.2779788018133036	1.1638990204935329	1.7788393656416162	-0.229553	F	-1.697193	0.045219	-0.005381	-0.035915	0.005953	0.00831	-0.012043	-0.790809	-1.620942	0.996996	0.369949	0.564891
cell_002696	donor_068	0.6590722770253377	-0.8489069445465192	0.40970481158557887	-0.229553	F	0.434441	0.001991	-0.005381	-0.035915	0.005953	0.00831	-0.012043	0.092498	0.267589	0.623517	-0.276049	-0.765259
cell_002697	donor_068	-0.7355097993307851	-0.6051006601550688	-1.3166458607621068	-0.229553	F	-0.30464	0.066303	-0.005381	-0.035915	0.005953	0.00831	-0.012043	-1.827634	0.424625	-0.842514	1.366574	-0.173958
cell_002698	donor_068	0.5983960859301029	-2.31567792946376	-0.8031025846407084	-0.229553	F	-1.559279	0.041566	-0.005381	-0.035915	0.005953	0.00831	-0.012043	-0.228958	0.53372	-0.315927	-1.449946	-0.87372
cell_002699	donor_068	0.4218427729117098	-0.4986741763550566	0.15720522259113656	-0.229553	F	-1.152292	0.031651	-0.005381	-0.035915	0.005953	0.00831	-0.012043	-0.436494	0.128583	1.346499	-1.003803	0.255503
cell_002700	donor_068	0.3373423415914311	-1.1610560507419505	-0.8819432126688826	-0.229553	F	-1.197038	0.011918	-0.005381	-0.035915	0.005953	0.00831	-0.012043	0.304274	0.973782	-0.332713	1.314027	1.129071
cell_002701	donor_068	-0.7542016500924107	-0.014344646640701925	-2.5874862357111885	-0.229553	F	-0.768776	0.002718	-0.005381	-0.035915	0.005953	0.00831	-0.012043	-0.247472	0.034216	-0.822266	0.440089	-0.094458
cell_002702	donor_068	-0.7492501947813024	1.112631996813565	0.6896446451909385	-0.229553	F	0.058035	0.04114	-0.005381	-0.035915	0.005953	0.00831	-0.012043	1.823253	-0.150434	-0.228654	-0.944408	0.51551
cell_002703	donor_068	0.5174804409189077	-0.8342224631480977	0.9019231605428708	-0.229553	F	0.168616	0.05218	-0.005381	-0.035915	0.005953	0.00831	-0.012043	-0.275095	-1.329175	0.840253	-0.529275	-0.161342
cell_002704	donor_068	-0.009775211873640263	0.2148621046616289	-1.184905361928183	-0.229553	F	-0.372138	0.004037	-0.005381	-0.035915	0.005953	0.00831	-0.012043	0.389548	-1.386968	-0.318378	-2.608496	-1.115324
cell_002705	donor_068	0.5727056936904	-0.8851271081079388	0.265386934800346	-0.229553	F	0.4386	0.036339	-0.005381	-0.035915	0.005953	0.00831	-0.012043	-1.545027	1.309564	0.874066	0.143801	-0.727033
cell_002706	donor_068	1.4722475789159644	0.20990205912145685	0.19158949573825246	-0.229553	F	0.067347	0.069783	-0.005381	-0.035915	0.005953	0.00831	-0.012043	0.212233	-0.022244	1.900536	-1.057288	-0.431578
cell_002707	donor_068	-0.2421300161130607	0.21008206919023537	0.25926490396961327	-0.229553	F	0.239915	0.071123	-0.005381	-0.035915	0.005953	0.00831	-0.012043	0.824232	-0.260858	-0.194664	-1.403404	0.854809
cell_002708	donor_068	-0.05491977561959146	-0.42680548614086317	-0.16927683455405093	-0.229553	F	0.487203	0.023623	-0.005381	-0.035915	0.005953	0.00831	-0.012043	0.139256	0.718036	0.425442	-0.702701	-0.347953
cell_002709	donor_068	-1.681305539042582	-0.1298938140540991	0.30732898563117655	-0.229553	F	-0.398912	0.004369	-0.005381	-0.035915	0.005953	0.00831	-0.012043	2.24272	-0.127072	0.726087	0.951105	-0.490128
cell_002710	donor_068	-0.4796893220408348	-0.8608026063525894	-0.6662902430017253	-0.229553	F	-0.062487	0.039415	-0.005381	-0.035915	0.005953	0.00831	-0.012043	0.632116	-1.347029	-0.533373	-0.030167	0.085175
cell_002711	donor_068	1.7419553921644004	0.061332957124989096	1.9613155818726278	-0.229553	F	0.781099	0.038382	-0.005381	-0.035915	0.005953	0.00831	-0.012043	-0.05479	-1.090317	-1.008238	1.311364	1.086943
cell_002712	donor_068	2.784496276045197	0.9714701448929799	0.24461195437041203	-0.229553	F	1.981193	0.05403	-0.005381	-0.035915	0.005953	0.00831	-0.012043	-0.910658	-1.329524	0.012945	-0.189602	-1.395318
cell_002713	donor_068	-0.8978176887642714	0.7580373226336883	0.5466995648155458	-0.229553	F	2.318566	0.054354	-0.005381	-0.035915	0.005953	0.00831	-0.012043	0.401575	1.455893	1.042921	2.046227	-0.253483
cell_002714	donor_068	-0.50310289235923	-2.0813605803551605	0.25829578937383824	-0.229553	F	-1.401957	0.030808	-0.005381	-0.035915	0.005953	0.00831	-0.012043	-1.182614	0.799573	0.252893	-0.613788	1.236609
cell_002715	donor_068	-0.08230533636812415	-1.1367916110404006	0.5975630804182108	-0.229553	F	-2.327286	0.035584	-0.005381	-0.035915	0.005953	0.00831	-0.012043	-0.015679	0.053227	0.165276	-0.307951	-0.16824
cell_002716	donor_068	0.2824634458107411	0.7960372608016528	-0.9537159886229585	-0.229553	F	-0.30369	0.021038	-0.005381	-0.035915	0.005953	0.00831	-0.012043	1.635276	1.333714	0.310292	0.684154	0.357221
cell_002717	donor_068	0.11708152513459667	0.8294346907805873	0.36706231332079664	-0.229553	F	0.242362	0.002718	-0.005381	-0.035915	0.005953	0.00831	-0.012043	0.345891	1.635671	0.706923	-1.464438	2.776707
cell_002718	donor_068	1.3921122161150716	-0.17238522706678744	1.4853664490654184	-0.229553	F	0.526878	0.001901	-0.005381	-0.035915	0.005953	0.00831	-0.012043	-0.018715	0.227462	0.313943	0.928599	-1.501776
cell_002719	donor_068	-0.7571027730767431	1.6624104951959624	0.7914010093082583	-0.229553	F	0.616238	0.01402	-0.005381	-0.035915	0.005953	0.00831	-0.012043	-0.976336	-0.708896	-0.974157	0.7809	-0.641096
cell_002720	donor_068	0.0684983373211788	-1.0315754924090423	-0.5372594690541549	-0.229553	F	0.221039	0.010914	-0.005381	-0.035915	0.005953	0.00831	-0.012043	0.983176	0.976283	-0.771223	1.419085	-0.033992
cell_002721	donor_068	-0.6036052256919509	0.8411902322018397	-0.0034359175611739746	-0.229553	F	-0.385966	0.055385	-0.005381	-0.035915	0.005953	0.00831	-0.012043	-1.321137	2.195308	0.357703	0.128744	1.861149
cell_002722	donor_068	-0.25452746737022386	-0.7440267702526655	0.586467583632549	-0.229553	F	-0.297799	0.011134	-0.005381	-0.035915	0.005953	0.00831	-0.012043	0.803722	0.281933	0.485074	-0.674217	-2.151884
cell_002723	donor_068	-0.11315668524884369	-0.03486036215646365	0.13725931411346062	-0.229553	F	-0.17551	0.021941	-0.005381	-0.035915	0.005953	0.00831	-0.012043	-0.454574	-0.726704	0.287826	0.17766	-1.066446
cell_002724	donor_068	-0.5491804972468451	-0.9139503183325638	0.3299105446134108	-0.229553	F	-1.261513	0.027366	-0.005381	-0.035915	0.005953	0.00831	-0.012043	-0.71546	-1.037601	0.658526	-0.029945	-0.688584
cell_002725	donor_068	2.390743143720127	-0.08684047382517154	-0.10008716308262523	-0.229553	F	0.293549	0.00539	-0.005381	-0.035915	0.005953	0.00831	-0.012043	1.521323	0.207753	0.560628	0.117173	1.623609
cell_002726	donor_068	-0.1941329607562058	-0.6119670684824157	-0.49371438326797734	-0.229553	F	1.057469	0.014628	-0.005381	-0.035915	0.005953	0.00831	-0.012043	-0.618434	-0.928355	0.830841	0.402831	2.882973
cell_002727	donor_068	1.639331088045281	-1.051974390092974	0.4024666546749414	-0.229553	F	-0.795306	0.010268	-0.005381	-0.035915	0.005953	0.00831	-0.012043	0.094681	0.686319	2.16023	0.536901	0.518649
cell_002728	donor_068	0.7744052996004549	1.862917607811364	-0.5891137540718886	-0.229553	F	-1.230323	0.015093	-0.005381	-0.035915	0.005953	0.00831	-0.012043	-1.400213	-1.876158	-1.082054	0.322534	-0.681038
cell_002729	donor_069	0.6910711232195865	-0.4671241293377985	1.1739573025399705	0.406132	F	-1.034597	0.028157	0.000586	-0.014475	-0.013065	-0.017966	0.004514	-0.245123	0.2422	-0.213138	0.597439	-0.720782
cell_002730	donor_069	-0.7891514766727603	0.5633668615361167	-0.22048631894680656	0.406132	F	-0.347274	0.03546	0.000586	-0.014475	-0.013065	-0.017966	0.004514	1.162286	-0.283815	0.72165	0.363593	0.609624
cell_002731	donor_069	0.10351931199639447	-0.6227314813298808	0.04330616403845336	0.406132	F	-0.001905	0.018759	0.000586	-0.014475	-0.013065	-0.017966	0.004514	-0.509238	1.757749	0.756551	1.343029	-0.459649
cell_002732	donor_069	-0.7970077802500153	0.013547051161150478	-1.210752398625243	0.406132	F	-2.847191	0.039355	0.000586	-0.014475	-0.013065	-0.017966	0.004514	0.150474	0.005817	-0.815552	-1.635482	-0.305842
cell_002733	donor_069	-1.2069913055832386	1.1136872043874275	-0.9003997857659825	0.406132	F	-0.700481	0.035305	0.000586	-0.014475	-0.013065	-0.017966	0.004514	-1.480458	-1.121573	0.041958	0.091146	0.362328
cell_002734	donor_069	-0.9319143019733368	-0.20871564857477712	0.2139566068358711	0.406132	F	-0.898175	0.025048	0.000586	-0.014475	-0.013065	-0.017966	0.004514	0.02844	2.439839	-2.256256	-0.8448	0.769287
cell_002735	donor_069	1.4660229995328473	0.7309186068671278	-0.03369719963223738	0.406132	F	0.863626	0.044141	0.000586	-0.014475	-0.013065	-0.017966	0.004514	0.832319	1.487596	0.092853	-0.128785	-1.675495
cell_002736	donor_069	0.14161783409401674	-0.8322268802153482	-0.023397781223133407	0.406132	F	0.482654	0.018557	0.000586	-0.014475	-0.013065	-0.017966	0.004514	0.008714	1.714014	-0.761034	-2.415436	1.205583
cell_002737	donor_069	-0.8830949554448446	0.020857943598406228	1.3951700172343178	0.406132	F	-0.762093	0.015829	0.000586	-0.014475	-0.013065	-0.017966	0.004514	0.112848	-0.127433	-2.223353	-0.863451	0.884863
cell_002738	donor_069	0.36506795197716146	-1.218378521209038	1.4919361687532282	0.406132	F	1.084141	0.038805	0.000586	-0.014475	-0.013065	-0.017966	0.004514	0.236147	-0.23143	-0.07446	1.227672	-1.312793
cell_002739	donor_069	0.7711567496245836	-0.36594368166460656	-1.3988137628521708	0.406132	F	-0.795348	0.005907	0.000586	-0.014475	-0.013065	-0.017966	0.004514	0.062767	-0.219587	-0.199505	1.482914	1.095507
cell_002740	donor_069	0.12977329469468543	-0.3995078731645963	-0.977612720252477	0.406132	F	-1.38174	0.018865	0.000586	-0.014475	-0.013065	-0.017966	0.004514	3.091493	-2.008712	-0.13741	-0.011207	-1.360891
cell_002741	donor_069	-0.807709045658017	0.10157408343880585	-1.0774944173208487	0.406132	F	0.407454	0.027341	0.000586	-0.014475	-0.013065	-0.017966	0.004514	0.112328	-0.124052	2.238496	0.37299	-1.552121
cell_002742	donor_069	-0.20348141834828953	1.292041642517915	-1.601532234624514	0.406132	F	1.085521	0.053608	0.000586	-0.014475	-0.013065	-0.017966	0.004514	1.409418	-0.950912	0.13344	-0.355121	1.048058
cell_002743	donor_069	1.2831793337516784	-0.5026098633999664	-0.19358753660871222	0.406132	F	0.790532	0.033048	0.000586	-0.014475	-0.013065	-0.017966	0.004514	0.732931	-0.268735	-1.69512	0.495613	0.644156
cell_002744	donor_069	-0.4581522311137327	0.4213929035767443	-0.3440634223665016	0.406132	F	0.43617	0.052215	0.000586	-0.014475	-0.013065	-0.017966	0.004514	-0.208229	-0.727851	0.405318	1.759322	-0.611334
cell_002745	donor_069	0.8208340533904164	0.6256999699770865	0.3764125234649711	0.406132	F	-0.368459	0.029903	0.000586	-0.014475	-0.013065	-0.017966	0.004514	-0.591743	-0.320065	0.108169	0.630095	0.328014
cell_002746	donor_069	-1.1732943827358515	0.2765227220348673	-0.5862809765702804	0.406132	F	0.772312	0.009786	0.000586	-0.014475	-0.013065	-0.017966	0.004514	0.739906	0.108725	-2.084717	-0.756904	-0.91474
cell_002747	donor_069	1.7874218544769478	0.7535727252947899	-0.5701361909952791	0.406132	F	0.873697	0.027148	0.000586	-0.014475	-0.013065	-0.017966	0.004514	-0.557798	1.823671	0.229523	-0.136356	-3.141352
cell_002748	donor_069	-1.6858532258535845	0.9725790375501816	0.7800604727565025	0.406132	F	-1.232935	0.019778	0.000586	-0.014475	-0.013065	-0.017966	0.004514	-1.449525	-0.541606	0.842912	1.045795	-1.547695
cell_002749	donor_069	-0.6115467326695618	-0.8528845811861515	-0.36009657626669445	0.406132	F	0.107071	0.013069	0.000586	-0.014475	-0.013065	-0.017966	0.004514	-0.162452	-0.500417	0.378129	0.67109	-0.944394
cell_002750	donor_069	0.13046570522072753	-0.27900609250212133	1.3158187977933298	0.406132	F	0.030427	0.026403	0.000586	-0.014475	-0.013065	-0.017966	0.004514	0.971132	1.31135	0.654779	1.633247	1.552938
cell_002751	donor_069	0.4425435699533542	-1.1310537976792312	2.55355879722434	0.406132	F	0.323758	0.072397	0.000586	-0.014475	-0.013065	-0.017966	0.004514	-1.228135	-1.077603	-0.97034	0.186582	1.812553
cell_002752	donor_069	0.15430512447173814	1.2919651660196747	1.2704521759023726	0.406132	F	-0.566398	0.045193	0.000586	-0.014475	-0.013065	-0.017966	0.004514	-0.877749	0.014226	1.000294	-0.903172	-0.170085
cell_002753	donor_069	0.7027481942631097	-1.6761204011817703	-0.44408541000525037	0.406132	F	0.852977	0.022007	0.000586	-0.014475	-0.013065	-0.017966	0.004514	-0.232633	-1.481124	1.153221	-0.416735	0.786194
cell_002754	donor_069	0.6845603654111968	1.7863148366914872	0.359681332120519	0.406132	F	1.599967	0.033747	0.000586	-0.014475	-0.013065	-0.017966	0.004514	0.323568	-2.041824	-0.936687	2.522575	0.571482
cell_002755	donor_069	0.26161271439070566	-0.41254501218495	-0.3845665704196508	0.406132	F	1.513082	0.059029	0.000586	-0.014475	-0.013065	-0.017966	0.004514	0.541639	-1.144331	-0.552516	-1.31657	0.210972
cell_002756	donor_069	-0.422062453925994	1.0433685588850243	0.4780707254283352	0.406132	F	0.342189	0.035352	0.000586	-0.014475	-0.013065	-0.017966	0.004514	-0.489141	0.884995	1.060672	-0.883451	0.375372
cell_002757	donor_069	-0.7939053776945544	-0.9418370635596478	-1.1734988428599176	0.406132	F	-1.074177	0.000416	0.000586	-0.014475	-0.013065	-0.017966	0.004514	0.376633	1.361529	1.271043	0.86948	-0.637365
cell_002758	donor_069	0.10744664904407955	0.5710110213127432	1.2926864045043738	0.406132	F	-0.347362	0.032465	0.000586	-0.014475	-0.013065	-0.017966	0.004514	0.037498	0.151617	0.868479	-0.952044	-0.181935
cell_002759	donor_069	-0.8962864954423252	0.012896579444908572	1.0798313696951314	0.406132	F	-0.38834	0.005288	0.000586	-0.014475	-0.013065	-0.017966	0.004514	-0.109723	-0.059066	1.044561	1.234538	-0.833271
cell_002760	donor_069	-0.3484176595747458	-0.15555689122779154	-0.018617553161695298	0.406132	F	0.25559	0.025267	0.000586	-0.014475	-0.013065	-0.017966	0.004514	-0.218346	-1.610838	0.150075	-0.681106	-0.288538
cell_002761	donor_069	0.2184533713030895	0.6612074532728911	-0.8941517035929476	0.406132	F	-0.949171	0.04061	0.000586	-0.014475	-0.013065	-0.017966	0.004514	-1.624159	-0.010275	0.479532	-1.483487	-1.473639
cell_002762	donor_069	0.34523525756817697	-0.5726612140990951	-0.02899768718196479	0.406132	F	0.669588	0.043517	0.000586	-0.014475	-0.013065	-0.017966	0.004514	-0.559784	1.223577	0.0797	0.8829	0.727255
cell_002763	donor_069	-0.11188451824921429	1.345325161565016	0.6276782003453718	0.406132	F	0.439185	0.05009	0.000586	-0.014475	-0.013065	-0.017966	0.004514	0.672192	1.432885	0.794602	0.760657	-0.377335
cell_002764	donor_069	-0.9639646513281117	2.2866972433682013	0.8382816386088033	0.406132	F	-1.134913	0.015464	0.000586	-0.014475	-0.013065	-0.017966	0.004514	1.285424	-0.27138	0.097065	-0.261074	-1.591354
cell_002765	donor_069	-0.5112472631939963	0.2055647749195346	0.5379918680483547	0.406132	F	0.267346	0.03609	0.000586	-0.014475	-0.013065	-0.017966	0.004514	0.809575	1.376472	0.086974	-0.955889	-1.286021
cell_002766	donor_069	0.422472511398006	-1.8370238878887384	0.8698092413424616	0.406132	F	0.307309	0.047621	0.000586	-0.014475	-0.013065	-0.017966	0.004514	-1.061531	0.511293	-0.154559	0.997668	0.942933
cell_002767	donor_069	-1.3575769941007458	0.7828189235518755	-1.398666786928752	0.406132	F	-1.706495	0.007938	0.000586	-0.014475	-0.013065	-0.017966	0.004514	0.413402	1.053721	0.335013	-0.244766	0.590647
cell_002768	donor_069	1.5741502177378017	0.7769153318708348	0.8579383610571467	0.406132	F	0.252695	0.047703	0.000586	-0.014475	-0.013065	-0.017966	0.004514	0.087127	-1.758265	0.220481	1.521368	-0.473196
cell_002769	donor_069	-0.5496501880800151	0.1987866471558234	0.05218154879511672	0.406132	F	-1.951881	0.031719	0.000586	-0.014475	-0.013065	-0.017966	0.004514	0.665614	1.35196	-0.464616	2.022267	0.942126
cell_002770	donor_069	1.3020169361119	-0.8734493191404047	0.36162693249320016	0.406132	F	-0.031886	0.018617	0.000586	-0.014475	-0.013065	-0.017966	0.004514	-1.348348	2.373458	-0.502555	-1.235019	-0.76637
cell_002771	donor_069	-1.6063081637115664	0.06519264864942234	0.08142950093500714	0.406132	F	-0.827712	0.054597	0.000586	-0.014475	-0.013065	-0.017966	0.004514	1.210743	0.664539	-2.006332	-0.942205	-0.384501
cell_002772	donor_069	0.08569729378784569	0.12469466086060388	0.656941952705031	0.406132	F	-0.317167	0.011107	0.000586	-0.014475	-0.013065	-0.017966	0.004514	0.49092	-0.443471	1.039712	-0.175765	-0.947296
cell_002773	donor_069	-0.6271971884818084	0.11249628078955069	-0.25374282995170067	0.406132	F	1.3098	0.014957	0.000586	-0.014475	-0.013065	-0.017966	0.004514	-1.236122	-0.475231	0.618842	-0.9144	0.901207
cell_002774	donor_069	0.24973172150168166	0.40552963335176906	0.6020073175633491	0.406132	F	1.404638	0.044875	0.000586	-0.014475	-0.013065	-0.017966	0.004514	0.405335	0.012672	1.695615	0.106191	-0.331083
cell_002775	donor_069	1.7913045850058926	-0.709844005399972	-0.7994791523964889	0.406132	F	0.27617	0.003051	0.000586	-0.014475	-0.013065	-0.017966	0.004514	-0.145638	0.354012	-1.250532	0.030685	1.068121
cell_002776	donor_069	-0.3855468497398251	-0.3030674049066631	-1.2152505542218024	0.406132	F	0.195152	0.001839	0.000586	-0.014475	-0.013065	-0.017966	0.004514	3.321795	-0.058065	-0.763775	-0.382658	-2.09247
cell_002777	donor_069	-0.8169425409128286	0.5780103976302738	-0.9339383384496247	0.406132	F	0.051824	0.031723	0.000586	-0.014475	-0.013065	-0.017966	0.004514	-1.148119	-0.031383	-0.799886	0.440898	-0.97498
cell_002778	donor_069	0.00940194070540882	-1.7818582093876831	0.9966467210711327	0.406132	F	-0.397002	0.035932	0.000586	-0.014475	-0.013065	-0.017966	0.004514	0.323255	0.783615	2.244934	-1.186669	-1.626318
cell_002779	donor_070	-2.677321925931839	-0.8385541385930497	-0.17939670940517777	0.971186	M	-0.228414	0.007043	-0.006595	0.013925	-0.00878	0.027098	0.008196	0.120837	0.271587	1.011376	0.094735	0.290364
cell_002780	donor_070	-2.0096894041605884	0.8854218748582977	-0.35351045924625313	0.971186	M	0.600533	0.014561	-0.006595	0.013925	-0.00878	0.027098	0.008196	-0.796437	0.699909	-0.041184	0.097956	2.00708
cell_002781	donor_070	-1.8349864876273678	-0.6935953411913426	-0.4498079706149189	0.971186	M	-0.770726	0.000539	-0.006595	0.013925	-0.00878	0.027098	0.008196	0.395738	-0.637015	-0.855309	0.46856	0.343317
cell_002782	donor_070	0.02767753108768949	0.13333586280995194	0.17514851993253702	0.971186	M	1.186514	0.009753	-0.006595	0.013925	-0.00878	0.027098	0.008196	-0.703127	0.223528	-0.176136	0.129182	0.466432
cell_002783	donor_070	-1.2043893462860513	1.7806732278434214	-1.2024263946964842	0.971186	M	-0.38106	0.036799	-0.006595	0.013925	-0.00878	0.027098	0.008196	-0.639341	-0.458472	2.005918	0.294915	0.04028
cell_002784	donor_070	0.3009954523983385	0.935759327460177	0.6563548449479456	0.971186	M	-0.899988	0.039141	-0.006595	0.013925	-0.00878	0.027098	0.008196	-1.756107	-1.6409	-0.515561	0.253317	-0.693099
cell_002785	donor_070	-1.4945810386180873	-0.4090355203111829	-1.1931750151149763	0.971186	M	-0.498078	0.026191	-0.006595	0.013925	-0.00878	0.027098	0.008196	0.79507	0.111272	-0.063175	0.863638	-0.024689
cell_002786	donor_070	-0.08129265218944297	-0.6878671077479038	1.0898591236440869	0.971186	M	0.764077	0.041767	-0.006595	0.013925	-0.00878	0.027098	0.008196	0.018284	-0.002096	0.487577	0.8789	1.168851
cell_002787	donor_070	-0.02676588673240316	0.3665224423621167	-0.12860838039703573	0.971186	M	0.355965	0.058357	-0.006595	0.013925	-0.00878	0.027098	0.008196	0.0898	1.165397	0.48403	0.34508	-0.405174
cell_002788	donor_070	-0.702341041003175	0.734121934043704	0.31559250988365967	0.971186	M	-0.182472	0.032868	-0.006595	0.013925	-0.00878	0.027098	0.008196	0.836608	-0.667656	0.555726	-0.39208	-0.078327
cell_002789	donor_070	0.7066526000404014	0.8150799376012147	-1.7724403757567366	0.971186	M	-0.532655	0.005846	-0.006595	0.013925	-0.00878	0.027098	0.008196	-0.195777	-1.592525	1.676648	0.940083	1.072171
cell_002790	donor_070	-0.42833324890346747	0.7137914342186747	-0.21744715208486426	0.971186	M	-0.107482	0.016833	-0.006595	0.013925	-0.00878	0.027098	0.008196	-1.486334	-1.175409	0.245543	-1.556737	0.677999
cell_002791	donor_070	0.5895652445165828	0.1386049283027485	0.09296356581848693	0.971186	M	1.249475	0.039257	-0.006595	0.013925	-0.00878	0.027098	0.008196	0.702884	1.04655	0.879115	-0.797334	-0.683135
cell_002792	donor_070	1.3232186668183719	2.0317455196387004	-0.26428249988358304	0.971186	M	0.807311	0.051613	-0.006595	0.013925	-0.00878	0.027098	0.008196	-0.378338	-0.115733	0.652342	-0.873228	-0.372562
cell_002793	donor_070	-0.8459742435699745	-0.6084685166762237	1.1379293238695294	0.971186	M	-0.895325	0.046128	-0.006595	0.013925	-0.00878	0.027098	0.008196	-0.864681	0.285737	1.21226	-1.239292	-0.005593
cell_002794	donor_070	-0.3552684099947064	0.011167647387839314	1.0262850924807665	0.971186	M	0.100789	0.047675	-0.006595	0.013925	-0.00878	0.027098	0.008196	-0.428859	1.437337	-1.22768	1.148108	-0.979769
cell_002795	donor_070	-1.3533268142341879	0.24734376068252237	-0.01477585302139327	0.971186	M	0.720556	0.000217	-0.006595	0.013925	-0.00878	0.027098	0.008196	0.210793	-1.11542	0.160184	-1.031524	0.487471
cell_002796	donor_070	-0.46053051410222473	1.6833225924506277	-0.7570369560396729	0.971186	M	-0.688623	0.04093	-0.006595	0.013925	-0.00878	0.027098	0.008196	-0.978289	0.086117	1.386366	0.567723	-0.209197
cell_002797	donor_070	0.29666955749457674	-0.2376903596673144	0.5832220198118768	0.971186	M	-0.603679	0.043414	-0.006595	0.013925	-0.00878	0.027098	0.008196	1.053891	0.083612	0.683721	-1.932145	0.523683
cell_002798	donor_070	-0.48997113057182523	0.06368798888922807	0.378353612354851	0.971186	M	0.196207	0.026328	-0.006595	0.013925	-0.00878	0.027098	0.008196	-0.934543	0.079237	-0.066951	-0.333638	-0.885916
cell_002799	donor_070	-0.9454998061481363	-0.2688728647843571	0.13493069849455555	0.971186	M	0.120176	0.01362	-0.006595	0.013925	-0.00878	0.027098	0.008196	1.162113	-1.221029	-0.769987	-1.666787	-0.009093
cell_002800	donor_070	0.6126241581756401	0.5840279939433803	0.5488850330977644	0.971186	M	-0.012863	0.01572	-0.006595	0.013925	-0.00878	0.027098	0.008196	-1.137275	1.859632	-0.027926	1.134548	0.455719
cell_002801	donor_070	0.8838179291069093	1.026216720753493	0.83971375645891	0.971186	M	0.517106	0.046691	-0.006595	0.013925	-0.00878	0.027098	0.008196	0.682128	0.61364	0.97991	-2.659968	0.111631
cell_002802	donor_070	0.09018877238504606	-0.5771443309848759	0.03466129706150242	0.971186	M	-1.247927	0.066823	-0.006595	0.013925	-0.00878	0.027098	0.008196	-0.283901	-1.288474	-0.702262	-0.638485	-0.009797
cell_002803	donor_070	1.0041566679469052	-0.4019596433228972	-0.1251364924260015	0.971186	M	-0.416293	0.089032	-0.006595	0.013925	-0.00878	0.027098	0.008196	1.074308	-1.057158	-1.100813	0.186897	0.658766
cell_002804	donor_070	-2.0333074306819365	0.606923200518007	0.07810933465973668	0.971186	M	-0.022875	0.034097	-0.006595	0.013925	-0.00878	0.027098	0.008196	-0.580545	-0.310927	0.382527	-0.78144	0.502955
cell_002805	donor_070	-1.2031636721907824	-0.5380406183548745	-3.4848198419617544	0.971186	M	-0.037935	0.049824	-0.006595	0.013925	-0.00878	0.027098	0.008196	2.454318	-1.185915	-2.050508	0.891139	-0.883461
cell_002806	donor_070	-0.46494157445057926	0.644042637852028	-0.3528255177203202	0.971186	M	1.902664	0.032022	-0.006595	0.013925	-0.00878	0.027098	0.008196	-1.335243	-0.391974	0.014601	-0.255364	-1.824968
cell_002807	donor_070	-1.5952975444651332	1.2079245640791667	0.007639485362283597	0.971186	M	1.676292	0.012209	-0.006595	0.013925	-0.00878	0.027098	0.008196	1.068588	0.462216	1.132447	-1.676315	-1.347539
cell_002808	donor_070	-0.45517921875950845	-0.3678487460989634	-1.478312372849767	0.971186	M	-0.459008	0.042108	-0.006595	0.013925	-0.00878	0.027098	0.008196	-1.128617	-1.619309	-0.567136	0.189271	1.110906
cell_002809	donor_070	0.593843264434496	0.38254300289407145	0.6770960999425032	0.971186	M	-1.820111	0.029536	-0.006595	0.013925	-0.00878	0.027098	0.008196	0.047246	0.05209	0.165465	1.983727	2.420976
cell_002810	donor_070	0.17347505243754505	-0.5996164739612878	0.8866381776549673	0.971186	M	1.394985	0.02093	-0.006595	0.013925	-0.00878	0.027098	0.008196	-0.533871	-0.621222	-0.125329	0.91325	-0.064201
cell_002811	donor_070	-1.4164950173155584	2.024319642649259	-0.2804853493644708	0.971186	M	0.313592	0.058252	-0.006595	0.013925	-0.00878	0.027098	0.008196	0.917856	0.598236	0.435784	1.376329	1.837926
cell_002812	donor_070	-0.9840453732628143	-0.29998668310502763	0.8832859579279421	0.971186	M	0.363755	0.02565	-0.006595	0.013925	-0.00878	0.027098	0.008196	-0.085184	2.405332	-0.348928	0.36023	1.744866
cell_002813	donor_070	0.14490670021306165	-1.3125370869000954	-0.275207791706893	0.971186	M	0.135347	0.008025	-0.006595	0.013925	-0.00878	0.027098	0.008196	-0.658326	0.967618	-0.603209	-0.807654	1.208223
cell_002814	donor_071	0.04058634380432098	0.5534740702866034	-0.742301332336582	0.406132	M	0.145392	0.02745	0.008639	0.025648	-0.014273	0.025291	-0.009786	-1.204433	0.421125	0.157142	1.572461	-0.130397
cell_002815	donor_071	-1.453565866325017	1.5300794056066631	1.0104551193994689	0.406132	M	0.003094	0.053208	0.008639	0.025648	-0.014273	0.025291	-0.009786	1.14811	1.186318	0.134806	0.122344	0.055873
cell_002816	donor_071	0.6314035099031151	-0.03611952386468157	-0.13046131500435076	0.406132	M	0.739652	0.056126	0.008639	0.025648	-0.014273	0.025291	-0.009786	-0.224117	-1.060782	-0.36203	1.207995	1.343228
cell_002817	donor_071	-1.0302061058714045	-0.18030618935513879	-1.9255574626533047	0.406132	M	1.352118	0.019893	0.008639	0.025648	-0.014273	0.025291	-0.009786	-0.564351	0.133312	-0.616953	-2.053069	0.070989
cell_002818	donor_071	-1.4770418943885233	-0.4212566791714034	1.1958270779502045	0.406132	M	-0.623778	0.062153	0.008639	0.025648	-0.014273	0.025291	-0.009786	0.611037	-1.974455	-0.529116	0.315492	-0.887296
cell_002819	donor_071	1.3035272770212678	0.3884210288348197	0.7090923911830048	0.406132	M	-1.182627	0.001314	0.008639	0.025648	-0.014273	0.025291	-0.009786	-0.639657	-2.547191	-2.048819	-1.166955	-0.465631
cell_002820	donor_071	1.962085123936399	1.0160236940386367	1.3150809733696411	0.406132	M	-0.132021	0.028856	0.008639	0.025648	-0.014273	0.025291	-0.009786	0.240682	1.508531	-0.117719	-0.337385	0.038586
cell_002821	donor_071	0.26011333208818377	-0.4794335723833681	-0.1349214988846886	0.406132	M	1.027793	0.023634	0.008639	0.025648	-0.014273	0.025291	-0.009786	0.708174	0.079086	0.071172	0.202834	0.490908
cell_002822	donor_071	2.092137864980519	0.7797102290278426	-0.30394884508109116	0.406132	M	0.43449	0.039303	0.008639	0.025648	-0.014273	0.025291	-0.009786	0.961589	-0.411567	-1.831044	-1.563321	0.318694
cell_002823	donor_071	-0.8318945975035483	0.7017772669274747	1.0712572359091543	0.406132	M	-1.078598	0.027382	0.008639	0.025648	-0.014273	0.025291	-0.009786	-3.394355	1.032872	0.780059	0.38637	-0.495844
cell_002824	donor_071	-2.465225660643785	-0.15797249380283154	0.06988169689404962	0.406132	M	0.094972	0.018401	0.008639	0.025648	-0.014273	0.025291	-0.009786	-0.517248	-0.056847	-0.10816	1.021476	-1.489886
cell_002825	donor_071	-0.8138799451647113	0.4357207457486032	1.5911948303067038	0.406132	M	0.744369	0.018084	0.008639	0.025648	-0.014273	0.025291	-0.009786	-0.088886	-0.752864	-0.977471	-1.868556	-1.925268
cell_002826	donor_071	-0.32329609885824306	1.0944015565327274	0.994463713532644	0.406132	M	0.980315	0.038771	0.008639	0.025648	-0.014273	0.025291	-0.009786	1.408323	-1.153907	-0.197033	0.705403	1.784794
cell_002827	donor_071	-0.08311855281722727	-0.8437390032175888	-0.9731822574188054	0.406132	M	-0.890004	0.022977	0.008639	0.025648	-0.014273	0.025291	-0.009786	-2.372859	-1.095476	-1.065904	-1.057027	-0.784151
cell_002828	donor_071	-0.5904776042747447	-0.8100813835528081	-0.3190140721753144	0.406132	M	-1.510639	0.022612	0.008639	0.025648	-0.014273	0.025291	-0.009786	-0.454365	0.781345	1.639748	0.201765	-0.028883
cell_002829	donor_071	-0.6623563649570137	1.4279548774971367	-0.6999128684505136	0.406132	M	-0.199826	0.046443	0.008639	0.025648	-0.014273	0.025291	-0.009786	1.242471	0.764017	1.288953	-0.41035	1.469986
cell_002830	donor_071	0.6494449345415815	-1.03645750182026	0.16586057118406114	0.406132	M	1.183259	1e-05	0.008639	0.025648	-0.014273	0.025291	-0.009786	-0.148595	0.285745	1.174269	0.748636	-0.347318
cell_002831	donor_071	-0.056804187736201314	0.1318517323838812	-0.3578515090534579	0.406132	M	1.515765	0.038596	0.008639	0.025648	-0.014273	0.025291	-0.009786	1.294266	0.880882	0.071168	2.203347	0.128541
cell_002832	donor_071	-0.6407683820366374	2.113054636554661	-0.2440129418378436	0.406132	M	0.97669	0.063201	0.008639	0.025648	-0.014273	0.025291	-0.009786	0.042313	-0.785692	-0.905984	2.321109	-0.564063
cell_002833	donor_071	-0.7850882549341895	0.8253298883729786	-0.2745488094387075	0.406132	M	-1.148514	0.058475	0.008639	0.025648	-0.014273	0.025291	-0.009786	-0.158814	1.180137	1.475168	0.70549	-2.048966
cell_002834	donor_071	-1.557586410024257	0.5949976011039614	-1.1112395502662105	0.406132	M	0.88358	0.0128	0.008639	0.025648	-0.014273	0.025291	-0.009786	-0.448441	-1.697035	0.313843	-0.247305	-1.414049
cell_002835	donor_071	0.45617508088792785	-0.045995922950532314	-0.1894367211254577	0.406132	M	-0.501903	0.015601	0.008639	0.025648	-0.014273	0.025291	-0.009786	-1.917495	0.120375	0.558614	-0.232802	-0.600898
cell_002836	donor_071	0.42058551551132556	-1.0632835765806183	-1.0830262597225822	0.406132	M	-1.234094	0.023056	0.008639	0.025648	-0.014273	0.025291	-0.009786	0.515574	0.709657	1.964307	1.063171	-1.455445
cell_002837	donor_071	1.2770330344860057	-0.5555282537094376	-0.5192338107437247	0.406132	M	-2.526944	0.030339	0.008639	0.025648	-0.014273	0.025291	-0.009786	1.26831	-0.303843	-0.149547	-0.798851	1.140732
cell_002838	donor_071	-0.09095941126783653	0.16992580407451252	1.8641147231993045	0.406132	M	0.267943	0.008464	0.008639	0.025648	-0.014273	0.025291	-0.009786	0.31125	-0.439428	-0.067794	-0.813247	-0.925561
cell_002839	donor_071	2.643437320507483	0.44394231904986764	-2.800841077030146	0.406132	M	-0.954152	0.003775	0.008639	0.025648	-0.014273	0.025291	-0.009786	-0.430872	1.571337	-0.249842	0.104603	-1.441943
cell_002840	donor_071	0.032500012298946446	0.3376768031739455	0.6516309234755192	0.406132	M	-0.326611	0.02115	0.008639	0.025648	-0.014273	0.025291	-0.009786	-0.06896	2.421023	0.195717	2.191049	-0.251916
cell_002841	donor_071	0.032767696020052646	2.569779860039519	-0.7252815599352772	0.406132	M	-2.633761	0.009523	0.008639	0.025648	-0.014273	0.025291	-0.009786	0.780934	0.814242	-0.404335	-0.568087	0.529899
cell_002842	donor_071	-0.03577192608462532	1.798121427392318	-1.1763530727847513	0.406132	M	-0.83669	0.037941	0.008639	0.025648	-0.014273	0.025291	-0.009786	-0.63842	-0.710565	-1.130131	-0.759415	-0.387444
cell_002843	donor_071	-0.5610582460248484	0.9573499121797916	0.29551716879674556	0.406132	M	-0.265569	0.074879	0.008639	0.025648	-0.014273	0.025291	-0.009786	1.891318	0.318791	-0.861458	0.846469	-0.613166
cell_002844	donor_071	-1.3561450391445544	-1.9038972702816384	0.7602477532672183	0.406132	M	0.102294	0.006366	0.008639	0.025648	-0.014273	0.025291	-0.009786	0.029881	1.281953	0.157862	0.397366	0.171416
cell_002845	donor_071	1.9926618915321848	-3.1831857384756974	-1.0988177528164904	0.406132	M	-0.183622	0.037228	0.008639	0.025648	-0.014273	0.025291	-0.009786	-1.31227	0.292815	0.222637	0.470661	-1.894624
cell_002846	donor_072	-0.29676866301787097	-0.6120395436546444	0.9743223145395301	-0.017658	M	-0.916469	0.033393	-0.026091	0.015348	0.017068	-0.053407	0.004778	-1.417652	-0.764822	1.754807	-0.921497	0.404299
cell_002847	donor_072	0.7018274198453525	-0.23769128054357425	-1.4798781291623788	-0.017658	M	1.330275	0.015157	-0.026091	0.015348	0.017068	-0.053407	0.004778	-1.508153	-0.4457	1.205602	0.113473	2.034964
cell_002848	donor_072	-1.5983236273812622	-0.11136664283520965	-0.8479868432381813	-0.017658	M	-0.568037	0.046335	-0.026091	0.015348	0.017068	-0.053407	0.004778	0.779386	-0.390792	1.033658	0.899067	0.247073
cell_002849	donor_072	0.15461436118153735	-1.483027905086889	-0.2957295592951954	-0.017658	M	0.701418	0.014329	-0.026091	0.015348	0.017068	-0.053407	0.004778	-0.221926	-1.612236	-0.572202	-0.692848	-0.375968
cell_002850	donor_072	0.8787401682630497	0.5182438531656399	0.6511446926612914	-0.017658	M	-0.769608	0.022623	-0.026091	0.015348	0.017068	-0.053407	0.004778	-1.41648	-1.769255	-0.831846	-0.023514	0.561791
cell_002851	donor_072	1.6151231413976554	-0.031124886628753404	1.4649611469876902	-0.017658	M	-0.753636	0.034233	-0.026091	0.015348	0.017068	-0.053407	0.004778	-0.560918	-0.379065	0.600795	-1.130957	-1.068974
cell_002852	donor_072	0.4507708709979692	-2.702015461099786	-0.6207537021715558	-0.017658	M	-0.539607	0.008876	-0.026091	0.015348	0.017068	-0.053407	0.004778	-1.197795	-0.980729	0.487741	0.517182	-0.147961
cell_002853	donor_072	-0.3505365337039857	0.5403639433288573	-0.377588689552016	-0.017658	M	1.573036	0.010409	-0.026091	0.015348	0.017068	-0.053407	0.004778	-1.092508	0.972773	-0.518099	1.471762	-0.226077
cell_002854	donor_072	-0.9867106539097118	0.25671678526876124	0.04503204905078509	-0.017658	M	0.906666	0.039513	-0.026091	0.015348	0.017068	-0.053407	0.004778	-1.916779	0.321952	0.373179	-0.230781	-0.654645
cell_002855	donor_072	-1.382617769983694	0.5030604139943076	-1.966905034261457	-0.017658	M	-0.061389	0.02138	-0.026091	0.015348	0.017068	-0.053407	0.004778	0.699345	0.499311	-1.093405	-0.786764	-0.175986
cell_002856	donor_072	0.4929866794302533	0.10085311134963335	0.23615985186532407	-0.017658	M	1.638663	0.022278	-0.026091	0.015348	0.017068	-0.053407	0.004778	0.606941	2.238285	-0.054958	1.265517	-1.453747
cell_002857	donor_072	0.35254861046864416	-1.3478777649819886	-0.33802975026153403	-0.017658	M	0.712995	0.014306	-0.026091	0.015348	0.017068	-0.053407	0.004778	1.737914	-0.322912	-0.538194	1.732817	0.208489
cell_002858	donor_072	-0.39730779476994865	0.4678540756021641	1.1903821041733949	-0.017658	M	0.714279	0.066969	-0.026091	0.015348	0.017068	-0.053407	0.004778	0.54107	0.629409	0.290769	0.299736	0.976365
cell_002859	donor_072	0.5100044051255127	-0.06000677702570854	0.4270145373574015	-0.017658	M	-0.830907	0.040536	-0.026091	0.015348	0.017068	-0.053407	0.004778	1.518417	0.571194	0.723196	-0.62628	0.398663
cell_002860	donor_072	1.7817803420889748	-0.1814782246391693	0.4802117508291989	-0.017658	M	2.322151	0.000392	-0.026091	0.015348	0.017068	-0.053407	0.004778	-0.08628	-1.7254	-0.040643	-0.448294	1.326307
cell_002861	donor_072	1.1572561143851592	-0.5928914103754186	1.0119528409449174	-0.017658	M	-1.137144	0.025544	-0.026091	0.015348	0.017068	-0.053407	0.004778	0.58964	-0.291552	-3.070277	-1.159941	-1.472283
cell_002862	donor_072	0.6511907407639277	1.9538372248338867	0.27425604839159673	-0.017658	M	-0.063708	0.028927	-0.026091	0.015348	0.017068	-0.053407	0.004778	-0.105024	0.127538	-0.883529	-0.186464	1.026095
cell_002863	donor_072	-0.34402230722848187	1.3282424871942684	1.6112010091775415	-0.017658	M	0.906284	0.058957	-0.026091	0.015348	0.017068	-0.053407	0.004778	0.841016	0.613306	-0.250897	1.19399	-0.649584
cell_002864	donor_072	-0.32388368300054027	0.04546365174702949	1.8215065097489926	-0.017658	M	3.279927	0.026518	-0.026091	0.015348	0.017068	-0.053407	0.004778	0.917874	1.160094	-1.005909	0.199022	0.949928
cell_002865	donor_072	-2.4527020910297925	-0.8417573216711749	2.6064232344137697	-0.017658	M	-1.081371	0.025421	-0.026091	0.015348	0.017068	-0.053407	0.004778	-1.696705	1.948271	0.18016	-1.769282	0.228317
cell_002866	donor_072	-0.1709565179185771	0.7416244784549337	-0.5580441211575577	-0.017658	M	-0.00695	0.017303	-0.026091	0.015348	0.017068	-0.053407	0.004778	0.331701	1.430137	-1.621055	0.000285	0.536505
cell_002867	donor_072	-0.7931749894345634	0.027957737449757124	-0.4036351178979253	-0.017658	M	-0.965545	0.008071	-0.026091	0.015348	0.017068	-0.053407	0.004778	3.215912	0.45873	0.165978	-1.407367	-0.051322
cell_002868	donor_072	0.130083881240396	-0.15410763278252146	0.7454820289082746	-0.017658	M	0.307015	0.032813	-0.026091	0.015348	0.017068	-0.053407	0.004778	0.383898	0.54079	1.268936	-0.380466	0.769865
cell_002869	donor_072	0.3664113232036326	-0.48122727293181444	0.9124698144574318	-0.017658	M	-0.877551	0.040022	-0.026091	0.015348	0.017068	-0.053407	0.004778	-0.725019	-2.139309	0.364247	-0.050786	-1.232737
cell_002870	donor_072	-2.935036796418444	0.5042390755370876	0.1862399001570462	-0.017658	M	0.386229	0.0359	-0.026091	0.015348	0.017068	-0.053407	0.004778	-0.32265	0.445693	-0.61443	1.292828	0.320245
cell_002871	donor_072	1.4525522303924516	0.9522998216079371	-0.5637086005038673	-0.017658	M	0.524329	0.062113	-0.026091	0.015348	0.017068	-0.053407	0.004778	0.609572	-0.070863	0.451812	-1.464377	1.912766
cell_002872	donor_072	1.5668365280849144	-0.728402516071359	0.9689147481684838	-0.017658	M	0.202816	0.00755	-0.026091	0.015348	0.017068	-0.053407	0.004778	-2.507297	-0.51609	1.121105	-0.010382	-0.044265
cell_002873	donor_072	0.27622778088288846	2.1684651515194613	0.5105733943561935	-0.017658	M	-0.157207	0.02502	-0.026091	0.015348	0.017068	-0.053407	0.004778	-1.227642	0.764572	0.124886	0.593581	1.367582
cell_002874	donor_072	0.6055734683365767	0.47266060747032973	0.6745194783652513	-0.017658	M	-0.843881	0.02608	-0.026091	0.015348	0.017068	-0.053407	0.004778	-0.377668	-0.958808	-0.606313	1.134498	1.217544
cell_002875	donor_072	-0.8274878396292108	-1.0180506438338732	-0.9383738720685894	-0.017658	M	0.638343	0.048355	-0.026091	0.015348	0.017068	-0.053407	0.004778	0.762828	0.38763	0.771552	-0.107292	-0.836144
cell_002876	donor_072	-1.342170984072773	-0.7063632060852599	0.01940321961895559	-0.017658	M	-0.515902	0.057492	-0.026091	0.015348	0.017068	-0.053407	0.004778	0.390361	-1.557288	-0.292558	0.296826	-0.096943
cell_002877	donor_072	0.6366710978817135	-0.6469193814622121	0.43436240136869747	-0.017658	M	-0.215496	0.024199	-0.026091	0.015348	0.017068	-0.053407	0.004778	-0.515054	0.576286	-1.668388	-1.005414	-0.058873
cell_002878	donor_072	-0.726087704852654	0.6036306285068728	-0.6595670479447217	-0.017658	M	0.616195	0.00179	-0.026091	0.015348	0.017068	-0.053407	0.004778	0.406039	-0.485393	1.41854	-1.051895	-0.220299
cell_002879	donor_072	-1.0525850843749527	-0.6905432273433485	2.164958414344179	-0.017658	M	-0.178121	0.019	-0.026091	0.015348	0.017068	-0.053407	0.004778	-0.348939	-0.495782	1.622714	-0.088007	-0.16669
cell_002880	donor_072	-0.7659224840879195	1.2604468148412682	-1.029499082800733	-0.017658	M	-0.39522	0.00817	-0.026091	0.015348	0.017068	-0.053407	0.004778	-0.512304	0.018969	-1.519742	0.328063	0.017778
cell_002881	donor_072	0.8679930371386436	0.04122802549408932	1.3031222620794696	-0.017658	M	-0.653548	0.043403	-0.026091	0.015348	0.017068	-0.053407	0.004778	-0.5617	0.513646	1.39774	-0.276315	-0.487318
cell_002882	donor_072	1.6054475115723759	-0.9260014319396936	-1.7618740521860285	-0.017658	M	-0.696414	0.015977	-0.026091	0.015348	0.017068	-0.053407	0.004778	-0.793674	-0.514067	1.414828	-0.972288	-0.699312
cell_002883	donor_072	0.5336249562940336	-0.4005174982670172	-0.9690611726295295	-0.017658	M	0.857643	0.020775	-0.026091	0.015348	0.017068	-0.053407	0.004778	0.513888	0.950274	0.503086	1.761709	-1.295424
cell_002884	donor_072	1.0970796307331736	0.3391253722265265	-1.4495356930678487	-0.017658	M	0.231278	0.024141	-0.026091	0.015348	0.017068	-0.053407	0.004778	0.214028	0.493166	-0.859368	1.375393	1.182256
cell_002885	donor_072	-1.1618574422125023	1.15720224186154	-0.6520011871588414	-0.017658	M	-0.726927	0.015676	-0.026091	0.015348	0.017068	-0.053407	0.004778	-1.094332	1.180929	-0.353216	-0.855743	-1.257578
cell_002886	donor_072	0.7650650109280285	-0.5068287049532566	-0.3473125070731934	-0.017658	M	-0.238971	0.05268	-0.026091	0.015348	0.017068	-0.053407	0.004778	-0.445825	0.086496	0.403138	1.922811	-1.843222
cell_002887	donor_072	-0.2075395583632171	-0.9776707653064378	0.8886097713274874	-0.017658	M	0.109282	0.022611	-0.026091	0.015348	0.017068	-0.053407	0.004778	-0.355447	1.099263	-1.837637	-1.074338	1.638113
cell_002888	donor_072	1.03499816420339	-0.884908336825318	0.5004628074729899	-0.017658	M	0.986048	0.036318	-0.026091	0.015348	0.017068	-0.053407	0.004778	1.940239	0.745698	-1.62961	-0.134757	-0.660148
cell_002889	donor_072	-0.7559869444380373	-1.4596602870847535	1.488087732518703	-0.017658	M	0.134751	0.033436	-0.026091	0.015348	0.017068	-0.053407	0.004778	0.944088	0.212532	1.377641	-0.511406	-0.327746
cell_002890	donor_072	-0.44099759217191314	-0.4337343918026755	-0.4958132006014847	-0.017658	M	-0.309676	0.025026	-0.026091	0.015348	0.017068	-0.053407	0.004778	-0.73939	-3.00222	0.323367	-0.991797	0.790686
cell_002891	donor_072	-1.0829370290291636	-0.1755918674875077	-0.9755793380467775	-0.017658	M	-1.644811	0.035357	-0.026091	0.015348	0.017068	-0.053407	0.004778	-0.414597	-0.314427	-0.671213	0.251788	-0.415494
cell_002892	donor_073	0.008481689774981685	-0.3490691387059978	-1.0017841850588904	-0.300185	M	0.604058	0.034922	0.011363	0.008203	-0.031353	0.002049	-0.004961	-0.235376	0.709723	0.831948	-0.638248	-0.881497
cell_002893	donor_073	-0.0713624861233039	0.8436264831336397	-0.6745106452704828	-0.300185	M	0.438845	0.014156	0.011363	0.008203	-0.031353	0.002049	-0.004961	-0.957704	-0.819824	0.065264	0.266765	-0.891748
cell_002894	donor_073	1.0752770110863465	1.4848656989751463	0.1511865906067985	-0.300185	M	2.276975	0.035778	0.011363	0.008203	-0.031353	0.002049	-0.004961	0.277226	0.774562	-0.572021	1.113142	0.893435
cell_002895	donor_073	-1.7103178779368817	0.9581679173106976	-0.033298374636981105	-0.300185	M	-1.432903	0.057169	0.011363	0.008203	-0.031353	0.002049	-0.004961	0.262606	-0.317244	0.33906	0.465795	-0.590154
cell_002896	donor_073	0.011996417931401927	-0.9790910604435703	-0.6822625808772549	-0.300185	M	-0.031625	0.000802	0.011363	0.008203	-0.031353	0.002049	-0.004961	-0.303152	-1.167871	-0.268499	-0.561004	-1.640301
cell_002897	donor_073	0.5499461023463658	-0.5775914060135328	1.2903308907533568	-0.300185	M	1.361519	0.048111	0.011363	0.008203	-0.031353	0.002049	-0.004961	0.799151	0.109044	-1.434158	0.689574	-0.013613
cell_002898	donor_073	-1.960425250790124	-0.9064211611361648	0.19114727812799268	-0.300185	M	-2.642676	0.008606	0.011363	0.008203	-0.031353	0.002049	-0.004961	0.172363	0.741737	0.104382	-0.108847	0.752839
cell_002899	donor_073	0.7120264471698827	0.9404775753375616	0.6410718927584915	-0.300185	M	0.497441	0.008094	0.011363	0.008203	-0.031353	0.002049	-0.004961	0.342699	0.707621	-0.763987	0.147601	-0.711689
cell_002900	donor_073	-2.1008127938797	-0.3621194257314002	0.5083428252219369	-0.300185	M	-1.503123	0.031976	0.011363	0.008203	-0.031353	0.002049	-0.004961	-0.841375	0.551793	0.169685	-1.862261	0.796075
cell_002901	donor_073	-1.3603761626456543	-2.104931281304771	-0.6758718868935496	-0.300185	M	-0.545785	0.052221	0.011363	0.008203	-0.031353	0.002049	-0.004961	-0.015091	3.490022	0.328874	-0.941851	0.747248
cell_002902	donor_073	0.7452099789301481	1.041918057560176	-0.5911744738353083	-0.300185	M	-0.227574	0.032755	0.011363	0.008203	-0.031353	0.002049	-0.004961	0.747805	0.213402	0.924967	0.846554	0.000962
cell_002903	donor_073	-0.4037050832185562	-0.7613832729112358	-1.8679080503950598	-0.300185	M	0.643356	0.041127	0.011363	0.008203	-0.031353	0.002049	-0.004961	1.193658	-1.067647	-0.445576	-0.264167	0.388936
cell_002904	donor_073	-0.7835528032853115	1.2542586899215686	0.012508121254587012	-0.300185	M	-1.095676	0.026591	0.011363	0.008203	-0.031353	0.002049	-0.004961	0.417651	-0.9624	0.703116	-0.861359	1.186414
cell_002905	donor_073	0.9268814807903261	2.7965168871192447	-0.14637071988265862	-0.300185	M	-0.482365	0.023112	0.011363	0.008203	-0.031353	0.002049	-0.004961	0.015332	0.244964	-0.179845	1.04486	0.050751
cell_002906	donor_073	0.7077504405710465	-0.011146576451456842	-1.2977373433545782	-0.300185	M	-1.824807	0.009393	0.011363	0.008203	-0.031353	0.002049	-0.004961	-2.062374	-0.441649	-0.262383	1.528931	0.055308
cell_002907	donor_073	0.3123676026529034	0.8446883498372629	-0.15550173915678914	-0.300185	M	0.835102	0.034854	0.011363	0.008203	-0.031353	0.002049	-0.004961	-0.047916	0.543819	0.128885	0.451665	-0.400943
cell_002908	donor_073	2.801699710727114	-0.24608072191193725	-0.2881513109848419	-0.300185	M	1.219924	0.017443	0.011363	0.008203	-0.031353	0.002049	-0.004961	0.282152	-0.06708	-0.88916	-0.097848	-2.156719
cell_002909	donor_073	1.5124089989671279	-0.5140880093928998	0.07998049436731232	-0.300185	M	-0.144105	0.020358	0.011363	0.008203	-0.031353	0.002049	-0.004961	-1.015261	-0.396541	-0.122218	-1.610635	-0.229853
cell_002910	donor_073	0.7144115702085343	0.3461538991636621	-1.059730011445491	-0.300185	M	1.585917	0.011619	0.011363	0.008203	-0.031353	0.002049	-0.004961	0.327029	-0.035096	2.241337	-0.274583	1.112696
cell_002911	donor_073	-0.27671037385767705	0.8561190314152409	-0.9129419481807434	-0.300185	M	0.72591	0.012074	0.011363	0.008203	-0.031353	0.002049	-0.004961	0.958162	-0.285136	0.798965	-0.784286	-1.095874
cell_002912	donor_073	-0.47432138455530176	-1.3262133125728182	-0.1458529924161938	-0.300185	M	0.121483	0.018434	0.011363	0.008203	-0.031353	0.002049	-0.004961	-0.398704	-1.172801	-0.418274	-0.345972	-0.01361
cell_002913	donor_073	-0.26166797872098624	1.1289671296651962	-0.06687550280676627	-0.300185	M	0.452163	0.037133	0.011363	0.008203	-0.031353	0.002049	-0.004961	0.765451	1.496722	-0.55761	-1.139811	0.094916
cell_002914	donor_073	-0.18761839310086464	-0.5552478193545602	0.4199146148206362	-0.300185	M	0.430187	0.026309	0.011363	0.008203	-0.031353	0.002049	-0.004961	0.345371	1.121543	-0.106923	0.359157	-0.052472
cell_002915	donor_073	0.07831514194078062	0.03287381431144434	0.20952644069792062	-0.300185	M	-1.681262	0.069096	0.011363	0.008203	-0.031353	0.002049	-0.004961	0.653878	-0.875335	1.067148	0.693775	1.023366
cell_002916	donor_073	-0.7936954663867802	-1.398638098348822	-1.1312012270621314	-0.300185	M	0.161467	0.029416	0.011363	0.008203	-0.031353	0.002049	-0.004961	-0.172015	-0.803256	0.055637	0.259428	-0.332166
cell_002917	donor_073	-0.14082331338259763	0.31198213386521984	0.12313913521480935	-0.300185	M	-1.591009	0.048054	0.011363	0.008203	-0.031353	0.002049	-0.004961	-1.22386	2.431514	1.035884	-0.269563	1.467399
cell_002918	donor_073	0.15304324508302264	0.8894973292108794	0.6668030283268822	-0.300185	M	0.380346	0.037542	0.011363	0.008203	-0.031353	0.002049	-0.004961	-0.836004	0.390737	1.824006	0.007529	0.237927
cell_002919	donor_073	1.1115088808849225	-0.06128152483286032	1.0426565247268413	-0.300185	M	-0.122508	0.003616	0.011363	0.008203	-0.031353	0.002049	-0.004961	-1.082453	1.893525	-0.310416	1.538789	-0.368982
cell_002920	donor_073	1.3939186944845392	0.9461942920302668	-0.4382403987667466	-0.300185	M	2.438049	0.067182	0.011363	0.008203	-0.031353	0.002049	-0.004961	0.240806	1.744892	0.469178	1.627798	-1.069142
cell_002921	donor_073	-0.5316837814006171	2.5200360437715887	0.6166247743332933	-0.300185	M	-0.575564	0.032281	0.011363	0.008203	-0.031353	0.002049	-0.004961	0.026712	0.763793	-1.762146	0.710713	1.115693
cell_002922	donor_073	1.6073937611210913	-0.11733466879197973	-0.18547308999901435	-0.300185	M	0.515061	0.026927	0.011363	0.008203	-0.031353	0.002049	-0.004961	0.890904	0.433053	-0.588558	0.936204	-0.691721
cell_002923	donor_073	-0.5420954109453859	1.5012551885517136	-1.6665767098889517	-0.300185	M	0.153222	0.038442	0.011363	0.008203	-0.031353	0.002049	-0.004961	-0.313612	0.665436	-1.591054	1.793284	-0.643438
cell_002924	donor_073	-0.20901172031075432	-0.9833110722007259	-0.7325111003900877	-0.300185	M	-0.019526	0.007237	0.011363	0.008203	-0.031353	0.002049	-0.004961	-0.048479	-1.181018	-0.113781	0.069663	-0.48715
cell_002925	donor_073	-0.17564983917624394	-0.28696509681551785	-1.523784559884836	-0.300185	M	0.155161	0.015604	0.011363	0.008203	-0.031353	0.002049	-0.004961	1.412838	-0.231685	-0.487286	1.705032	-1.211246
cell_002926	donor_073	-1.1025402475754578	2.3630865113422637	-1.5311353644160004	-0.300185	M	-0.534363	0.024027	0.011363	0.008203	-0.031353	0.002049	-0.004961	0.810894	-0.799952	0.74622	0.272989	-0.616874
cell_002927	donor_073	-0.7198767697485731	0.9577288063714576	-1.5925210262813003	-0.300185	M	-0.172871	0.01319	0.011363	0.008203	-0.031353	0.002049	-0.004961	-0.354438	0.692506	0.760195	1.062311	0.12212
cell_002928	donor_073	0.34986545078340714	1.2623195870512862	0.9276886088643977	-0.300185	M	-0.512523	0.010161	0.011363	0.008203	-0.031353	0.002049	-0.004961	1.676427	-0.123196	-0.500802	1.930874	0.619573
cell_002929	donor_073	1.367325943529355	-0.1791340932148741	-0.5276656897564489	-0.300185	M	-0.067573	0.065049	0.011363	0.008203	-0.031353	0.002049	-0.004961	-2.353697	0.299323	-1.789847	1.051715	-0.975535
cell_002930	donor_073	0.42750819337797735	0.3650991786156274	0.25026265313078544	-0.300185	M	2.627081	0.03714	0.011363	0.008203	-0.031353	0.002049	-0.004961	-2.120461	-1.105544	-0.200757	1.079287	-1.755035
cell_002931	donor_073	0.879334076019617	-0.9420114069229556	0.5673498140359667	-0.300185	M	-0.537528	0.023192	0.011363	0.008203	-0.031353	0.002049	-0.004961	-0.780942	-0.137355	0.252703	0.402339	-2.129164
cell_002932	donor_073	1.2756105607679016	0.9357554762391501	-0.41660874055166014	-0.300185	M	0.206927	0.060301	0.011363	0.008203	-0.031353	0.002049	-0.004961	-0.567182	-2.590756	1.203563	1.038186	-0.206766
cell_002933	donor_074	0.6035195018356162	-0.7016737217981732	-1.1116151398598504	-0.582712	F	-1.283803	0.059696	0.021843	0.006814	-0.062914	-0.01647	-0.005246	1.791053	-0.018018	0.943731	-2.063517	0.932407
cell_002934	donor_074	0.7261605887863457	1.0596725923658001	0.12211452399755744	-0.582712	F	-0.953546	0.033894	0.021843	0.006814	-0.062914	-0.01647	-0.005246	0.255445	0.019312	-0.365575	-0.473903	-0.821366
cell_002935	donor_074	-0.9947918202026095	1.360025067098015	0.3492804603823239	-0.582712	F	0.834757	0.04028	0.021843	0.006814	-0.062914	-0.01647	-0.005246	0.863195	-0.020938	2.018659	-0.198997	1.703708
cell_002936	donor_074	-0.53386242153907	2.097551219922352	-0.3910905908915871	-0.582712	F	-0.857388	0.003854	0.021843	0.006814	-0.062914	-0.01647	-0.005246	-0.054937	1.152134	1.114223	-0.148062	0.757811
cell_002937	donor_074	-1.12475416067231	0.46267712893723933	-0.10406267935959791	-0.582712	F	1.443504	0.052724	0.021843	0.006814	-0.062914	-0.01647	-0.005246	0.054232	0.986402	-0.260222	0.456932	-1.322963
cell_002938	donor_074	1.3456350712934873	0.06175365274082504	1.1055245093603865	-0.582712	F	-0.975227	0.032593	0.021843	0.006814	-0.062914	-0.01647	-0.005246	1.150485	1.050266	-0.091201	-0.955608	0.559107
cell_002939	donor_074	0.27816575759478895	-0.18747528689286513	0.17516987531596542	-0.582712	F	-0.45677	0.011225	0.021843	0.006814	-0.062914	-0.01647	-0.005246	0.639184	-2.975759	1.155835	0.275157	-1.049536
cell_002940	donor_074	1.2933179238240509	0.6179031143132534	1.4909972537026595	-0.582712	F	-0.160127	0.052981	0.021843	0.006814	-0.062914	-0.01647	-0.005246	-0.671755	-0.96784	-1.050806	-0.209735	0.674795
cell_002941	donor_074	-1.9796187817732702	-0.39983552917404896	-1.2797816444397463	-0.582712	F	-0.844401	0.009422	0.021843	0.006814	-0.062914	-0.01647	-0.005246	1.426167	0.417566	0.847069	0.802849	-1.623842
cell_002942	donor_074	-0.6708084615910299	1.1063777112160018	0.1098053422839481	-0.582712	F	-0.053283	0.020491	0.021843	0.006814	-0.062914	-0.01647	-0.005246	0.8288	-0.729899	-1.075255	-1.261333	-0.687555
cell_002943	donor_074	-0.1048912977782223	0.946380401096212	-0.5796480154904793	-0.582712	F	0.966179	0.005323	0.021843	0.006814	-0.062914	-0.01647	-0.005246	1.131104	-0.567506	-1.297032	0.358151	0.394083
cell_002944	donor_074	0.6403999819050534	-1.5353118133043617	1.2929691341136298	-0.582712	F	-0.101322	0.029531	0.021843	0.006814	-0.062914	-0.01647	-0.005246	0.046635	-1.073738	2.08748	-1.712093	0.318295
cell_002945	donor_074	1.1071549136139796	-0.8392692856836759	0.41478545943709516	-0.582712	F	-0.355353	0.030628	0.021843	0.006814	-0.062914	-0.01647	-0.005246	0.366476	-0.347871	0.406775	-1.275658	-2.487419
cell_002946	donor_074	-0.2884997335970797	-1.0231200109770446	-1.118118709578597	-0.582712	F	-0.831395	0.045912	0.021843	0.006814	-0.062914	-0.01647	-0.005246	0.694079	-0.211632	0.120864	1.246147	1.936712
cell_002947	donor_074	1.1181639755113817	0.8183563014712673	-0.9976994458668582	-0.582712	F	2.20444	0.021902	0.021843	0.006814	-0.062914	-0.01647	-0.005246	1.863804	-1.153285	0.122209	-2.401158	1.107894
cell_002948	donor_074	-1.3437214631012975	-1.6838799919021197	0.7792927020623995	-0.582712	F	-0.291781	0.038556	0.021843	0.006814	-0.062914	-0.01647	-0.005246	0.408457	0.020497	1.006774	-1.135857	-0.357652
cell_002949	donor_074	2.7227609099168584	0.14035431689723013	-0.12217064863471076	-0.582712	F	-0.223684	0.030013	0.021843	0.006814	-0.062914	-0.01647	-0.005246	-0.829278	-1.118018	0.059149	0.678479	-0.811468
cell_002950	donor_074	0.11908837361727534	0.5064806440595814	0.3065033096071188	-0.582712	F	-1.952674	0.05372	0.021843	0.006814	-0.062914	-0.01647	-0.005246	-0.23374	-1.201318	-1.825429	1.385228	-2.650396
cell_002951	donor_074	-1.326884253654587	1.2861099034456571	0.9806029377524262	-0.582712	F	0.040741	0.043372	0.021843	0.006814	-0.062914	-0.01647	-0.005246	1.670143	0.712403	1.285871	0.936683	0.734319
cell_002952	donor_074	1.1219463556055178	0.06871758675662293	-1.412201359382086	-0.582712	F	0.013939	0.01543	0.021843	0.006814	-0.062914	-0.01647	-0.005246	1.99379	0.064196	-0.524627	0.117349	-0.778821
cell_002953	donor_074	0.42694754350883213	1.112373100053918	-1.7173559024243474	-0.582712	F	-0.745835	0.042745	0.021843	0.006814	-0.062914	-0.01647	-0.005246	-0.971042	-1.034149	-0.035665	-1.070607	1.033875
cell_002954	donor_074	-0.03739616438184355	1.022762987604894	-0.50252934389824	-0.582712	F	-1.847909	0.013252	0.021843	0.006814	-0.062914	-0.01647	-0.005246	0.417847	-0.224962	-0.419188	0.14396	0.797769
cell_002955	donor_074	-1.5819981883365526	-2.258820157927753	-0.9483656328234756	-0.582712	F	-0.380222	0.03916	0.021843	0.006814	-0.062914	-0.01647	-0.005246	0.225042	1.676148	-0.392503	-0.682891	-0.201373
cell_002956	donor_074	-0.05239935665037296	0.8334112943385454	-0.37233298357527755	-0.582712	F	-1.232724	0.011433	0.021843	0.006814	-0.062914	-0.01647	-0.005246	-0.68483	0.730325	-0.405319	0.282791	-0.837395
cell_002957	donor_074	-1.2231122718011502	1.4849820709843977	0.9038626060353889	-0.582712	F	1.511038	0.027959	0.021843	0.006814	-0.062914	-0.01647	-0.005246	-0.405942	0.109351	-0.082306	-0.598173	-2.067712
cell_002958	donor_074	-0.34349602509593036	-0.34444535394388764	-0.2734361746233919	-0.582712	F	-0.708438	0.023184	0.021843	0.006814	-0.062914	-0.01647	-0.005246	0.866485	-1.309681	0.574038	-1.23973	-0.229854
cell_002959	donor_074	-2.1844114837163024	-1.788410265504748	-0.6588014794515911	-0.582712	F	0.570076	0.061404	0.021843	0.006814	-0.062914	-0.01647	-0.005246	0.309395	-1.458823	-0.731204	-0.645399	0.06072
cell_002960	donor_074	-0.7831077587111751	0.2072626793576508	-0.4907064495067166	-0.582712	F	-0.716693	0.049475	0.021843	0.006814	-0.062914	-0.01647	-0.005246	0.311678	1.312273	1.814039	0.184767	-1.642856
cell_002961	donor_074	0.06017300775165119	-1.2547784887316478	0.3182463478476259	-0.582712	F	1.076949	0.041076	0.021843	0.006814	-0.062914	-0.01647	-0.005246	1.874237	0.353119	0.222991	0.022332	1.237064
cell_002962	donor_074	-0.9185277839091618	0.06353551994896804	-1.5127540487116475	-0.582712	F	0.553224	0.032023	0.021843	0.006814	-0.062914	-0.01647	-0.005246	1.577415	-0.067727	-0.235602	1.443756	2.220073
cell_002963	donor_074	0.17336131221187834	-0.17309751481179333	-0.6506161374012789	-0.582712	F	-0.285132	0.017351	0.021843	0.006814	-0.062914	-0.01647	-0.005246	-2.359187	0.265601	-1.403629	-1.142029	-0.747749
cell_002964	donor_074	-1.1767384398329308	0.4285553560778018	-0.3077676154175112	-0.582712	F	-0.833735	0.056431	0.021843	0.006814	-0.062914	-0.01647	-0.005246	0.465544	-0.977148	0.091205	-0.445359	1.53874
cell_002965	donor_074	0.6344103245087118	-0.5765884603774186	-0.6741895229110552	-0.582712	F	-0.447859	0.024321	0.021843	0.006814	-0.062914	-0.01647	-0.005246	0.699189	0.25997	0.744268	0.984101	0.15488
cell_002966	donor_074	1.2867681854291364	-0.1632819792592366	-2.9454633375376256	-0.582712	F	0.377118	0.032662	0.021843	0.006814	-0.062914	-0.01647	-0.005246	0.362269	-0.362344	-0.135661	1.161993	-1.898071
cell_002967	donor_074	0.555257173621342	-0.12060039211690377	-0.3883781478171838	-0.582712	F	-0.119111	0.000998	0.021843	0.006814	-0.062914	-0.01647	-0.005246	-0.535781	1.232863	0.978819	0.465609	0.163826
cell_002968	donor_074	1.482086090151416	0.17355679290829304	1.4168731149031122	-0.582712	F	-0.861404	0.004841	0.021843	0.006814	-0.062914	-0.01647	-0.005246	1.119957	-0.44985	0.137764	-0.306531	-0.536724
cell_002969	donor_074	-0.6028851106434459	-2.14498859207051	1.1024705210947454	-0.582712	F	1.320643	0.003471	0.021843	0.006814	-0.062914	-0.01647	-0.005246	1.982802	-2.015777	-0.898757	0.821967	0.645859
cell_002970	donor_074	1.404854277065822	0.09870502328581165	0.259580369895245	-0.582712	F	-0.467502	0.041923	0.021843	0.006814	-0.062914	-0.01647	-0.005246	1.35316	0.312685	1.084642	-1.651457	0.651659
cell_002971	donor_074	-0.6607206515537557	-1.2652962320334733	0.9080072961159358	-0.582712	F	0.290516	0.010329	0.021843	0.006814	-0.062914	-0.01647	-0.005246	1.269379	-1.210906	-0.088675	1.300364	0.297963
cell_002972	donor_074	2.840301292098877	-1.6467389129186454	-1.334247563483601	-0.582712	F	-1.398764	0.020511	0.021843	0.006814	-0.062914	-0.01647	-0.005246	-0.152883	-0.052383	0.270307	-1.177036	1.239834
cell_002973	donor_074	-0.12786130368284931	-0.15074287696653216	-1.1919951288246815	-0.582712	F	-1.171186	0.028373	0.021843	0.006814	-0.062914	-0.01647	-0.005246	-0.626385	0.936147	-0.627539	1.348818	1.194609
cell_002974	donor_075	-1.3138372646797036	-1.215466391448529	-0.9846435705068817	1.889398	M	0.105211	0.021173	0.019421	0.011627	-0.001964	0.007732	-0.064585	0.407521	0.87193	1.889901	1.18738	0.187847
cell_002975	donor_075	-0.8143215820832371	1.1386516682256043	0.18858181625362846	1.889398	M	1.299751	0.046084	0.019421	0.011627	-0.001964	0.007732	-0.064585	1.083727	-0.624364	-0.114672	-2.415749	0.698925
cell_002976	donor_075	2.608681919128383	0.5846189170563187	-0.9131948641597589	1.889398	M	0.48228	0.063051	0.019421	0.011627	-0.001964	0.007732	-0.064585	2.017085	-0.538657	-0.871268	1.398105	-0.331806
cell_002977	donor_075	0.3932186031701906	-0.49563151612983203	-0.5180261907402418	1.889398	M	-1.210149	0.03837	0.019421	0.011627	-0.001964	0.007732	-0.064585	-0.555239	-0.299295	-0.557576	-0.592448	0.522176
cell_002978	donor_075	0.5182697648970518	0.3522316744360228	0.11419086452526857	1.889398	M	0.071517	0.015548	0.019421	0.011627	-0.001964	0.007732	-0.064585	0.238135	0.584964	-0.651004	0.86314	-1.174764
cell_002979	donor_075	0.03672096315217138	-0.1057551016788936	-0.4399347689431575	1.889398	M	1.001181	0.011151	0.019421	0.011627	-0.001964	0.007732	-0.064585	1.449682	0.208166	1.448836	0.01285	0.151224
cell_002980	donor_075	0.6067739986817159	0.5992850033557401	3.371549056334017	1.889398	M	1.466254	0.057288	0.019421	0.011627	-0.001964	0.007732	-0.064585	-1.354624	-1.184083	-0.380354	-2.084914	1.73359
cell_002981	donor_075	0.3719422875224928	2.2158581414479825	-0.1317729439887775	1.889398	M	-0.162571	0.024328	0.019421	0.011627	-0.001964	0.007732	-0.064585	-1.140017	-1.284214	-0.140783	-0.133839	-0.15816
cell_002982	donor_075	-1.7469431313333639	0.8804010633198326	-0.19684995688361603	1.889398	M	0.755116	0.034031	0.019421	0.011627	-0.001964	0.007732	-0.064585	-0.663895	-1.43458	0.43436	0.329542	3.254974
cell_002983	donor_075	-0.00014862627811835445	-0.5542146561240303	0.3226662039983943	1.889398	M	0.281116	0.059206	0.019421	0.011627	-0.001964	0.007732	-0.064585	-0.107414	0.738269	0.15502	0.696791	0.614354
cell_002984	donor_075	0.021373922704325317	1.1964910800472763	0.36457996709373053	1.889398	M	-0.284456	0.041268	0.019421	0.011627	-0.001964	0.007732	-0.064585	-0.595557	0.614703	-1.518225	-0.234707	-0.592319
cell_002985	donor_075	-0.4933862698147657	0.5065586190061285	1.084986326830628	1.889398	M	-0.844549	0.034225	0.019421	0.011627	-0.001964	0.007732	-0.064585	-0.267761	-0.525863	-1.128314	0.197413	-0.962973
cell_002986	donor_075	0.5265235098999564	1.1174187886138136	-0.6393373064598765	1.889398	M	-1.625999	0.06527	0.019421	0.011627	-0.001964	0.007732	-0.064585	3.043636	0.26437	0.979936	-0.312333	0.371755
cell_002987	donor_075	-0.14666516463649348	0.19551370803799115	2.2234999672687015	1.889398	M	0.402201	0.027272	0.019421	0.011627	-0.001964	0.007732	-0.064585	-0.018373	-0.159625	0.007082	1.229831	1.430074
cell_002988	donor_075	0.3207050399690619	-0.5010852976961366	-2.679622856235301	1.889398	M	0.068312	0.048652	0.019421	0.011627	-0.001964	0.007732	-0.064585	1.130987	-0.01114	-0.424307	-1.166885	0.564374
cell_002989	donor_075	0.2892878781911221	-0.19171837915590212	-1.0353458020378885	1.889398	M	0.983039	0.041719	0.019421	0.011627	-0.001964	0.007732	-0.064585	0.091512	0.169342	-0.904005	-0.822862	0.743294
cell_002990	donor_075	-0.17018878927622547	-0.6519014499740079	0.1798685728790722	1.889398	M	0.702482	0.012843	0.019421	0.011627	-0.001964	0.007732	-0.064585	-0.549712	-0.695414	-0.32115	0.166037	0.731131
cell_002991	donor_075	0.9404474509770099	-1.042679748723142	-0.06423384107611534	1.889398	M	-0.176022	0.004169	0.019421	0.011627	-0.001964	0.007732	-0.064585	-0.427603	-0.695512	-0.219391	1.204888	0.367858
cell_002992	donor_075	1.5928084248918783	0.973056968123472	0.5545713285482399	1.889398	M	-0.488823	0.0315	0.019421	0.011627	-0.001964	0.007732	-0.064585	-2.616231	0.157286	-0.489721	1.30405	-0.994721
cell_002993	donor_075	0.8169547684617149	-0.7420054556794694	0.4897934655817911	1.889398	M	-0.643337	0.02358	0.019421	0.011627	-0.001964	0.007732	-0.064585	-0.043292	0.494055	-1.042098	1.166797	0.587156
cell_002994	donor_075	1.4184757234341758	1.1451360608541294	-0.31899811007575685	1.889398	M	1.485453	0.001818	0.019421	0.011627	-0.001964	0.007732	-0.064585	-0.097219	0.891729	-0.268027	-0.513017	-0.027232
cell_002995	donor_075	0.1666100808757225	3.275405987921829	-0.07429107459137348	1.889398	M	1.204971	0.00908	0.019421	0.011627	-0.001964	0.007732	-0.064585	-1.467312	-0.965127	-0.30861	-0.956882	-1.192944
cell_002996	donor_075	-0.43550031386781235	0.8241837484523266	1.1945331644785668	1.889398	M	0.074268	0.031941	0.019421	0.011627	-0.001964	0.007732	-0.064585	1.108962	1.661838	0.141097	0.30233	-0.523212
cell_002997	donor_075	-0.137570635326932	-0.7952868123465111	-1.7274809862913842	1.889398	M	0.743365	0.041347	0.019421	0.011627	-0.001964	0.007732	-0.064585	3.04058	-0.951331	0.951837	-0.033932	-0.045822
cell_002998	donor_075	-0.1708944398972611	0.6911746168224342	0.9178379329984163	1.889398	M	0.929335	0.029465	0.019421	0.011627	-0.001964	0.007732	-0.064585	1.115922	-0.866982	0.677341	-0.139179	-0.041577
cell_002999	donor_075	0.005111379573122764	-0.7469941880636768	-1.2254053327310022	1.889398	M	-2.395927	0.055996	0.019421	0.011627	-0.001964	0.007732	-0.064585	0.280643	-0.693493	-0.67874	-0.862801	2.35593
cell_003000	donor_075	1.001397016666051	0.9517289706216813	0.9725428379099487	1.889398	M	-0.292064	0.040572	0.019421	0.011627	-0.001964	0.007732	-0.064585	-1.635682	0.359516	1.544613	0.291414	0.511713
cell_003001	donor_075	-0.9212499893662889	0.3417935410655056	1.4564660458613352	1.889398	M	0.698546	0.018936	0.019421	0.011627	-0.001964	0.007732	-0.064585	0.938068	-0.452279	-0.130592	0.423743	-0.090306
cell_003002	donor_075	0.81268944411828	-0.5253380997084076	-0.41636935954903315	1.889398	M	1.052072	0.024168	0.019421	0.011627	-0.001964	0.007732	-0.064585	-0.738006	0.397263	-0.620755	-0.206141	-0.949904
cell_003003	donor_075	0.669057205567753	-1.9613577365775912	0.2775787262909496	1.889398	M	0.425287	0.033271	0.019421	0.011627	-0.001964	0.007732	-0.064585	0.864141	0.192632	0.991973	0.474907	1.191909
cell_003004	donor_075	-0.6598593222721979	1.4731323620310708	1.0118608009946382	1.889398	M	0.415551	0.054451	0.019421	0.011627	-0.001964	0.007732	-0.064585	0.913164	-0.946658	-0.863673	-1.424135	-0.288787
cell_003005	donor_075	0.1400132710176052	2.2732000926687954	0.23961943542904543	1.889398	M	-0.706214	0.045044	0.019421	0.011627	-0.001964	0.007732	-0.064585	0.373183	-0.771005	1.533018	-2.321338	-1.304155
cell_003006	donor_075	-2.644727009844037	1.95333767021193	1.2380139584114807	1.889398	M	-0.544213	0.035323	0.019421	0.011627	-0.001964	0.007732	-0.064585	-0.64321	0.709753	-0.252286	2.454022	0.620566
cell_003007	donor_075	0.9626244714761824	0.5592001105056857	-0.27426438718219376	1.889398	M	1.494726	0.024736	0.019421	0.011627	-0.001964	0.007732	-0.064585	0.061248	0.804925	0.539724	0.753779	0.358632
cell_003008	donor_075	1.0026480270858258	-0.1791566741810276	1.472820910020104	1.889398	M	-0.098288	0.069626	0.019421	0.011627	-0.001964	0.007732	-0.064585	1.534014	1.374165	-0.405302	-0.76934	0.08627
cell_003009	donor_075	0.04875644012753939	-0.765585255379455	-0.013328620410315229	1.889398	M	0.251806	0.002639	0.019421	0.011627	-0.001964	0.007732	-0.064585	0.991458	-0.394218	-0.20027	0.16399	0.068428
cell_003010	donor_075	-0.5919148173414235	1.3402673174410182	0.9708804112755346	1.889398	M	-0.472905	0.032201	0.019421	0.011627	-0.001964	0.007732	-0.064585	-0.071774	-0.93037	-0.061701	0.837259	1.064656
cell_003011	donor_075	0.3532691390212026	0.33154735160957305	0.5055925674876475	1.889398	M	-2.15746	0.029801	0.019421	0.011627	-0.001964	0.007732	-0.064585	1.704371	0.173867	-0.75377	0.354463	-1.064307
cell_003012	donor_075	0.4246058238699771	2.028711052047194	0.8539385067749988	1.889398	M	2.108283	0.045633	0.019421	0.011627	-0.001964	0.007732	-0.064585	0.765183	-0.324863	-2.15785	0.177968	-0.326347
cell_003013	donor_075	-1.1569761863094443	-0.5424395263579469	-2.3745316633663514	1.889398	M	1.775004	0.085749	0.019421	0.011627	-0.001964	0.007732	-0.064585	-0.45167	-1.716849	-0.475089	0.006464	-0.820008
cell_003014	donor_075	-0.2130481699811351	1.494853383981642	-1.8696308249248503	1.889398	M	0.498433	0.033552	0.019421	0.011627	-0.001964	0.007732	-0.064585	0.201686	0.832693	0.993181	0.547375	1.127755
cell_003015	donor_075	0.5130053139474936	-0.8002862818750398	0.014246505379790652	1.889398	M	0.714857	0.011844	0.019421	0.011627	-0.001964	0.007732	-0.064585	0.858748	0.454261	0.451069	1.441951	-1.030689
cell_003016	donor_075	-0.49717761368090446	-0.664331711983118	-0.898322065249796	1.889398	M	1.156588	0.048222	0.019421	0.011627	-0.001964	0.007732	-0.064585	-0.245646	1.253755	0.51921	0.675265	0.608162
cell_003017	donor_075	-0.7233213728650186	0.666182924988417	-0.44653202682468385	1.889398	M	-0.370511	0.029047	0.019421	0.011627	-0.001964	0.007732	-0.064585	-0.949938	0.295965	0.081414	-0.836468	-0.158763
cell_003018	donor_075	-0.3435783091667868	-1.0300218245281412	0.7684936699004078	1.889398	M	-0.280784	0.008352	0.019421	0.011627	-0.001964	0.007732	-0.064585	0.913011	0.232534	-0.001664	0.18533	0.767489
cell_003019	donor_075	1.8143805864639697	1.2700872547123503	-0.7681015353853139	1.889398	M	0.01225	0.0194	0.019421	0.011627	-0.001964	0.007732	-0.064585	-1.333798	-1.017103	-0.846003	-0.203087	0.363896
cell_003020	donor_076	0.23672164286020736	-0.470601802069316	-0.7813595950900066	-0.865238	M	-0.696922	0.039165	-0.002687	0.019767	-0.00075	0.039986	-0.023123	0.860739	-0.430164	0.677261	1.850487	0.06269
cell_003021	donor_076	-1.2342836564093689	1.0183465970406247	0.3220871274805833	-0.865238	M	0.473164	0.083957	-0.002687	0.019767	-0.00075	0.039986	-0.023123	-1.370621	-0.782482	-0.157046	0.823732	0.32429
cell_003022	donor_076	1.501928043269588	-1.164111913430613	2.734693655951621	-0.865238	M	2.331516	0.009129	-0.002687	0.019767	-0.00075	0.039986	-0.023123	0.370318	0.893945	1.850005	1.497917	0.105194
cell_003023	donor_076	0.2528087101182548	-0.03730959582577388	0.0063741066018772954	-0.865238	M	0.09122	0.007161	-0.002687	0.019767	-0.00075	0.039986	-0.023123	1.077406	-0.55481	-2.841581	-1.590095	-0.012365
cell_003024	donor_076	0.6862254564153757	1.3082510625828065	0.030359067477217342	-0.865238	M	-1.441597	0.035148	-0.002687	0.019767	-0.00075	0.039986	-0.023123	0.755931	-1.380581	0.000889	-0.157448	0.08232
cell_003025	donor_076	1.02692062119511	0.6094330415635719	-0.3763080341652111	-0.865238	M	0.595815	0.005362	-0.002687	0.019767	-0.00075	0.039986	-0.023123	-1.198475	-1.288017	-0.250207	-0.249558	-0.040463
cell_003026	donor_076	0.04476472072430317	-1.5869943644676348	1.351454820796682	-0.865238	M	0.27752	0.01601	-0.002687	0.019767	-0.00075	0.039986	-0.023123	-1.22847	0.452121	0.219431	1.363623	0.059359
cell_003027	donor_076	-0.8530157995975554	-0.573370103350374	0.7071647023109805	-0.865238	M	-0.408313	0.01065	-0.002687	0.019767	-0.00075	0.039986	-0.023123	0.621205	0.833112	0.211747	-0.537022	-0.681805
cell_003028	donor_076	-1.9195966145280625	1.7908557645812562	0.19858191346158374	-0.865238	M	-1.328413	0.006976	-0.002687	0.019767	-0.00075	0.039986	-0.023123	1.108542	-1.609521	0.488606	0.39643	2.991497
cell_003029	donor_076	0.10564923662043667	0.5239931654497113	-1.9889236934963155	-0.865238	M	-2.634854	0.010644	-0.002687	0.019767	-0.00075	0.039986	-0.023123	-0.920242	0.065892	0.052907	-0.273209	-0.493929
cell_003030	donor_076	0.41852980156473646	-0.41221624321122047	-0.09164585178119512	-0.865238	M	-0.3804	0.029386	-0.002687	0.019767	-0.00075	0.039986	-0.023123	0.584028	-0.74083	-0.033036	1.25593	1.613879
cell_003031	donor_076	0.19985761394251766	1.6485524532475855	-1.2132878159328278	-0.865238	M	-0.557615	0.008039	-0.002687	0.019767	-0.00075	0.039986	-0.023123	-0.055076	1.724267	-2.605258	0.263597	-0.748739
cell_003032	donor_076	0.4037981497836128	-0.683006489777183	1.98729061278798	-0.865238	M	1.432428	0.022024	-0.002687	0.019767	-0.00075	0.039986	-0.023123	-0.779068	0.293698	-1.008226	0.555985	0.799817
cell_003033	donor_076	0.34038605678020734	0.05795869534477282	-0.5509129797385567	-0.865238	M	0.020009	0.057444	-0.002687	0.019767	-0.00075	0.039986	-0.023123	0.296041	0.319779	0.321699	0.541247	1.848042
cell_003034	donor_076	-0.19468773861870584	-0.6517991305508293	1.1657028865349435	-0.865238	M	1.201809	0.016694	-0.002687	0.019767	-0.00075	0.039986	-0.023123	1.136001	-1.179324	-0.927891	0.171824	-0.837578
cell_003035	donor_076	-1.225541891882202	-0.6000816092640684	-1.1702744812012469	-0.865238	M	-1.822363	0.038858	-0.002687	0.019767	-0.00075	0.039986	-0.023123	-1.375111	1.571439	-0.111185	0.688819	-0.441448
cell_003036	donor_076	-1.0582241974721938	1.5272273392701072	-0.056865513769333395	-0.865238	M	0.037349	0.030676	-0.002687	0.019767	-0.00075	0.039986	-0.023123	0.229194	0.539994	0.359698	1.879037	-0.513182
cell_003037	donor_076	-0.19906109098031768	-0.12955045107643942	-0.12422018446321123	-0.865238	M	-0.280725	0.0272	-0.002687	0.019767	-0.00075	0.039986	-0.023123	0.806139	-0.495871	0.477437	-1.447497	1.797402
cell_003038	donor_076	-0.9109176159964913	0.9766165253597988	-0.36922454119852816	-0.865238	M	-0.472588	0.020216	-0.002687	0.019767	-0.00075	0.039986	-0.023123	0.88382	-1.317087	1.8984	-0.821111	1.498521
cell_003039	donor_076	-0.25341392651829525	0.5288553248494529	2.0034984781596834	-0.865238	M	1.334201	0.045199	-0.002687	0.019767	-0.00075	0.039986	-0.023123	-0.24757	0.320716	2.552667	-0.377243	0.960666
cell_003040	donor_076	-1.967317205903223	-0.3172958563850664	-0.9499207630223898	-0.865238	M	-1.223123	0.032937	-0.002687	0.019767	-0.00075	0.039986	-0.023123	1.21671	0.331736	0.055467	0.39	2.187156
cell_003041	donor_076	1.092214376229174	1.0106753256312384	1.070649710821766	-0.865238	M	-1.29938	0.033661	-0.002687	0.019767	-0.00075	0.039986	-0.023123	-0.066392	-0.383511	-1.344593	-2.144387	-1.159622
cell_003042	donor_076	-0.1682359731640214	1.390350261632336	1.627409164639599	-0.865238	M	-0.475806	0.024692	-0.002687	0.019767	-0.00075	0.039986	-0.023123	-1.391768	-0.224415	1.552559	-0.018318	0.798075
cell_003043	donor_076	-0.9176723564674273	-0.16794357140908334	-0.3448219646631446	-0.865238	M	1.412338	0.077643	-0.002687	0.019767	-0.00075	0.039986	-0.023123	0.454314	-0.073161	-0.455334	-1.982564	2.2209
cell_003044	donor_076	-0.5688364962166585	-0.4124752468564211	-0.3845299358686474	-0.865238	M	-1.392605	0.038503	-0.002687	0.019767	-0.00075	0.039986	-0.023123	1.728746	-0.794378	-1.279379	-0.556929	0.967131
cell_003045	donor_076	-1.9960251947595353	1.4389327970984842	-1.2178370493829038	-0.865238	M	0.189169	0.030979	-0.002687	0.019767	-0.00075	0.039986	-0.023123	1.091601	1.845151	-1.040279	-1.952189	0.984069
cell_003046	donor_076	0.3681146781225634	0.5215874054315854	-0.006547960986654923	-0.865238	M	-0.765095	0.001299	-0.002687	0.019767	-0.00075	0.039986	-0.023123	-0.614849	-0.252428	1.23842	-0.288322	-0.820242
cell_003047	donor_076	0.13594092266979757	-2.113328440956281	-0.32703478981616674	-0.865238	M	0.118633	0.042475	-0.002687	0.019767	-0.00075	0.039986	-0.023123	-0.152854	-0.511805	1.143744	-0.589154	-1.346654
cell_003048	donor_076	1.9060620647587911	-0.3878099833850326	0.14411914857903638	-0.865238	M	-0.022185	0.028546	-0.002687	0.019767	-0.00075	0.039986	-0.023123	3.752901	-1.546193	-1.011097	1.024149	1.277199
cell_003049	donor_076	-0.2504269121452165	1.1657797887993138	-0.21566840214714683	-0.865238	M	0.522899	0.015328	-0.002687	0.019767	-0.00075	0.039986	-0.023123	0.787221	1.191743	-1.78347	1.127308	0.710684
cell_003050	donor_076	0.17951374683657287	-0.2720717383758593	1.142492170072702	-0.865238	M	-1.126639	0.04444	-0.002687	0.019767	-0.00075	0.039986	-0.023123	-1.608578	1.366369	-1.297097	-1.067119	0.490883
cell_003051	donor_076	0.1471734013975538	-0.06836047982749899	-1.3466356181780625	-0.865238	M	0.073323	0.043714	-0.002687	0.019767	-0.00075	0.039986	-0.023123	-0.975808	-1.531966	-3.549909	1.063637	1.539735
cell_003052	donor_076	-1.2096717639090013	-1.711168990309654	-1.391148984957722	-0.865238	M	-0.332691	0.044119	-0.002687	0.019767	-0.00075	0.039986	-0.023123	-0.695092	1.846235	-1.19045	0.675762	-1.14474
cell_003053	donor_076	-1.3477681576242562	-0.8997782006186078	0.20588606615116423	-0.865238	M	-2.706607	0.0324	-0.002687	0.019767	-0.00075	0.039986	-0.023123	0.746639	1.328568	-1.474318	0.629915	-0.376991
cell_003054	donor_076	-0.07488698052801362	0.9341033416982927	-0.8568150848429203	-0.865238	M	-1.871802	0.027695	-0.002687	0.019767	-0.00075	0.039986	-0.023123	0.445365	2.432158	-0.389883	-0.01635	-0.149448
cell_003055	donor_076	-0.702096158186661	-0.16025597715973788	0.8003466399560023	-0.865238	M	-0.676365	0.040312	-0.002687	0.019767	-0.00075	0.039986	-0.023123	-1.687856	-1.806362	0.161146	0.092483	0.672459
cell_003056	donor_076	1.0947024131571048	-0.11573970927885145	-0.9191090737510991	-0.865238	M	1.063533	0.022058	-0.002687	0.019767	-0.00075	0.039986	-0.023123	-0.702338	-2.072604	-0.113671	-1.879308	0.044327
cell_003057	donor_076	-0.5703979955708806	1.2068247282988633	0.7540981528044957	-0.865238	M	-0.444637	0.031894	-0.002687	0.019767	-0.00075	0.039986	-0.023123	-0.206506	0.09201	0.537655	-0.394284	-0.009971
cell_003058	donor_076	-1.3840910537414948	0.41236711886836364	-0.5557776053945919	-0.865238	M	0.224986	0.047983	-0.002687	0.019767	-0.00075	0.039986	-0.023123	1.270805	0.966322	0.143001	-1.508141	0.619918
cell_003059	donor_076	0.7700848448951112	2.30804610793828	1.2370181999538432	-0.865238	M	2.560064	0.050972	-0.002687	0.019767	-0.00075	0.039986	-0.023123	1.304449	-1.231825	-1.277454	-1.115156	-0.379079
cell_003060	donor_076	-1.3631047494919024	0.1795459657097112	1.542579010177762	-0.865238	M	-1.085346	0.064199	-0.002687	0.019767	-0.00075	0.039986	-0.023123	0.929879	1.221427	0.028111	0.369433	1.289401
cell_003061	donor_076	-0.38627340855411185	1.2284446234272053	1.018021747672551	-0.865238	M	-0.866089	0.019999	-0.002687	0.019767	-0.00075	0.039986	-0.023123	-1.991679	2.223185	-0.765687	-0.379983	-1.168583
cell_003062	donor_076	-1.0804243943536138	-0.9951556956601973	0.18056455253377995	-0.865238	M	0.898375	0.038407	-0.002687	0.019767	-0.00075	0.039986	-0.023123	-0.77029	-1.31506	-0.283992	-1.678904	-0.857216
cell_003063	donor_076	-1.20301571354669	0.9835980300284776	-0.3206803379386708	-0.865238	M	-0.83985	0.055823	-0.002687	0.019767	-0.00075	0.039986	-0.023123	1.006724	0.15954	-0.411422	1.240675	-0.33658
cell_003064	donor_076	0.5411281941921412	1.5049405645067844	0.13092364436662068	-0.865238	M	0.902455	0.031886	-0.002687	0.019767	-0.00075	0.039986	-0.023123	0.743806	-0.084662	-0.158587	-1.652912	0.647935
cell_003065	donor_076	-0.3209596202091119	-0.8824549913821036	0.35830494934689056	-0.865238	M	0.401492	0.005974	-0.002687	0.019767	-0.00075	0.039986	-0.023123	0.637756	0.000336	0.027729	-0.268996	0.385173
cell_003066	donor_076	0.4532265668860019	-0.5809760205568857	0.5277252727647586	-0.865238	M	0.278265	0.02187	-0.002687	0.019767	-0.00075	0.039986	-0.023123	0.080936	1.477597	0.329117	0.159814	1.507862
cell_003067	donor_076	-0.2074603198982283	-0.15628655130721053	-0.14661875806102773	-0.865238	M	0.938165	0.00036	-0.002687	0.019767	-0.00075	0.039986	-0.023123	0.720737	-0.794746	0.415054	-0.613523	1.318602
cell_003068	donor_076	-0.41884984189648045	-0.7128042022462178	0.27976927192766265	-0.865238	M	-0.299541	0.058558	-0.002687	0.019767	-0.00075	0.039986	-0.023123	-0.440545	1.286861	-1.085879	0.416243	-0.431262
cell_003069	donor_076	0.8140996010341995	1.3077379458209053	-0.7215135947902948	-0.865238	M	-1.819539	0.036121	-0.002687	0.019767	-0.00075	0.039986	-0.023123	-1.202885	-0.697726	1.169264	-1.634133	0.703375
cell_003070	donor_077	-0.9013659694192842	1.1134796140949195	-1.7075132820038061	1.465608	F	-0.576573	0.033884	0.007763	0.003932	-0.000246	-0.015581	-0.017279	-0.304949	-1.173961	0.667957	-0.039573	-0.240897
cell_003071	donor_077	0.12592259580569526	0.24547856212659144	-0.9079190859290913	1.465608	F	1.006982	0.01457	0.007763	0.003932	-0.000246	-0.015581	-0.017279	1.043549	0.057193	-0.221471	1.079615	0.412409
cell_003072	donor_077	0.436189727186815	-0.043979214595496766	0.143417630793549	1.465608	F	2.737453	0.08002	0.007763	0.003932	-0.000246	-0.015581	-0.017279	-0.576221	-1.661876	0.119007	0.364719	0.23331
cell_003073	donor_077	0.1694741435271287	0.06802246726524214	-0.11077311095303734	1.465608	F	-1.540147	0.023018	0.007763	0.003932	-0.000246	-0.015581	-0.017279	-1.294481	0.645637	0.215339	-0.154689	1.467534
cell_003074	donor_077	-0.23982175484506296	-0.527734566078044	0.2437253160377974	1.465608	F	-2.166703	0.08403	0.007763	0.003932	-0.000246	-0.015581	-0.017279	1.147707	0.708541	0.871136	0.340689	0.103804
cell_003075	donor_077	1.3557527825128188	0.3711167951217035	2.0764471826458406	1.465608	F	-0.372613	0.05851	0.007763	0.003932	-0.000246	-0.015581	-0.017279	0.908809	-0.910423	0.238612	-1.720948	-0.506309
cell_003076	donor_077	-0.34004104098655386	1.4152478928438323	2.3240931053809613	1.465608	F	-0.410239	0.006683	0.007763	0.003932	-0.000246	-0.015581	-0.017279	0.31884	1.047469	1.707053	0.440404	2.068583
cell_003077	donor_077	-0.7514573028475217	0.24369490551397496	-0.5296028877684308	1.465608	F	0.056189	0.032687	0.007763	0.003932	-0.000246	-0.015581	-0.017279	-0.354619	0.660927	0.819446	2.421141	-0.340617
cell_003078	donor_077	-1.0590978860405822	-1.0686877793930913	-0.21849982061758538	1.465608	F	-0.290012	0.035833	0.007763	0.003932	-0.000246	-0.015581	-0.017279	0.08872	-1.444271	1.716204	-0.842503	0.124086
cell_003079	donor_077	-0.10940398649945623	0.24451302063696526	0.503322151723456	1.465608	F	-0.989042	0.002891	0.007763	0.003932	-0.000246	-0.015581	-0.017279	-1.606	1.426985	0.448584	-1.08517	-1.250031
cell_003080	donor_077	-0.379399793034761	-0.633877733904044	0.14978017623471793	1.465608	F	0.119203	0.026757	0.007763	0.003932	-0.000246	-0.015581	-0.017279	1.036998	0.375377	-1.557955	0.197285	-0.95489
cell_003081	donor_077	-0.2678846421955562	0.6437965068318617	-0.12511483559233993	1.465608	F	-0.710655	0.030342	0.007763	0.003932	-0.000246	-0.015581	-0.017279	-1.486172	-0.605384	1.649616	-0.144319	0.757094
cell_003082	donor_077	-0.0564751969641955	0.9414757296139207	0.5490433412977229	1.465608	F	0.01055	0.002843	0.007763	0.003932	-0.000246	-0.015581	-0.017279	-0.699225	0.019506	1.776617	0.502736	-0.089424
cell_003083	donor_077	-0.6111734582624727	0.02950619051323791	-0.834759216390165	1.465608	F	-0.220034	0.050801	0.007763	0.003932	-0.000246	-0.015581	-0.017279	0.649401	1.130145	-1.159022	2.337463	0.12763
cell_003084	donor_077	-0.03835389842418127	-0.24157557778236735	0.21081298607221538	1.465608	F	-2.593985	0.001514	0.007763	0.003932	-0.000246	-0.015581	-0.017279	-1.882903	-0.445777	-1.332102	-1.306512	0.656297
cell_003085	donor_077	0.03135419353949787	-1.032493720886212	1.4820540047963022	1.465608	F	-0.725219	0.015127	0.007763	0.003932	-0.000246	-0.015581	-0.017279	0.333822	-0.115826	-0.163456	0.516924	1.050456
cell_003086	donor_077	-0.4362019500079061	1.6702361270974808	-0.5043785400720752	1.465608	F	1.999951	0.02025	0.007763	0.003932	-0.000246	-0.015581	-0.017279	-0.321749	-0.984828	-0.087551	-2.110249	-0.525938
cell_003087	donor_077	-0.5513924045522822	0.24410709542074555	-0.5845594450852344	1.465608	F	0.147244	0.001724	0.007763	0.003932	-0.000246	-0.015581	-0.017279	0.102957	-2.281195	-0.233087	-1.72586	-0.385282
cell_003088	donor_077	-0.4482833090241687	0.7048562930260706	-1.0365640702297754	1.465608	F	0.70156	0.001072	0.007763	0.003932	-0.000246	-0.015581	-0.017279	-0.657734	0.835749	0.13035	0.549651	-1.49727
cell_003089	donor_077	1.9320730301182754	-0.5829993663284784	0.6210887765956407	1.465608	F	0.463258	0.024376	0.007763	0.003932	-0.000246	-0.015581	-0.017279	0.464871	2.822043	-0.416264	-0.438029	-1.667404
cell_003090	donor_077	0.9694125185104713	-0.9229176842726488	1.0428308820250083	1.465608	F	0.077592	0.055607	0.007763	0.003932	-0.000246	-0.015581	-0.017279	0.377804	0.91228	-0.731907	0.917185	0.093501
cell_003091	donor_077	3.2832184205445487	0.7982519560459529	-0.9765089300406756	1.465608	F	0.819284	0.013439	0.007763	0.003932	-0.000246	-0.015581	-0.017279	-0.796503	2.11765	-1.777142	-0.537298	-0.589697
cell_003092	donor_077	1.270790285970432	0.8192116867755156	1.2661505777823359	1.465608	F	-2.796417	0.013832	0.007763	0.003932	-0.000246	-0.015581	-0.017279	0.85234	-0.147337	-1.07085	-0.574705	-0.096001
cell_003093	donor_077	-1.0047919119712037	0.5101438714490775	-2.108461416341237	1.465608	F	0.627728	0.012354	0.007763	0.003932	-0.000246	-0.015581	-0.017279	-0.467981	-0.357792	0.319572	2.415537	1.714948
cell_003094	donor_077	-2.708765749133836	-1.7955129167639536	0.8192657140103453	1.465608	F	0.365837	0.037242	0.007763	0.003932	-0.000246	-0.015581	-0.017279	0.805251	0.088405	-0.635937	0.046165	-2.677114
cell_003095	donor_077	-0.392089731315885	0.19896040950958882	0.7196102116109293	1.465608	F	-0.241511	0.012969	0.007763	0.003932	-0.000246	-0.015581	-0.017279	-0.820908	-0.765809	0.17681	0.375792	1.236769
cell_003096	donor_077	-0.49041653086677733	-0.30157513378710815	1.6983622253058326	1.465608	F	0.494097	0.023558	0.007763	0.003932	-0.000246	-0.015581	-0.017279	3.798728	0.338724	0.046777	0.826284	-0.833863
cell_003097	donor_077	-0.3665307939595237	0.1868911466840986	-0.14337779033142473	1.465608	F	-0.506978	0.049592	0.007763	0.003932	-0.000246	-0.015581	-0.017279	-0.301114	-0.444722	-0.429561	-0.081074	-0.33824
cell_003098	donor_077	1.5514394667894253	-0.01626668032209655	-0.02189253112416512	1.465608	F	0.425587	0.030705	0.007763	0.003932	-0.000246	-0.015581	-0.017279	-0.241302	0.376536	-1.29362	0.207832	0.238796
cell_003099	donor_077	0.9800865996105874	1.1198766661810304	0.20309908599658286	1.465608	F	-0.74321	0.006843	0.007763	0.003932	-0.000246	-0.015581	-0.017279	-0.055035	1.424494	-1.23514	1.186231	0.089169
cell_003100	donor_078	0.349508035246048	0.8991605902491702	0.7119914702557891	1.818766	M	-1.140807	0.052147	0.021006	-0.010963	-0.011922	0.014485	0.012399	0.379949	1.752191	0.248101	0.145836	0.31124
cell_003101	donor_078	0.4547938715943119	0.07483018049564676	-1.2897342379846972	1.818766	M	2.905845	0.040853	0.021006	-0.010963	-0.011922	0.014485	0.012399	0.297143	-2.703774	0.76487	-1.040305	0.932956
cell_003102	donor_078	1.1539960417074524	-1.376976704618538	-1.2295682981047376	1.818766	M	0.300106	0.001805	0.021006	-0.010963	-0.011922	0.014485	0.012399	0.250118	-0.653129	0.709809	-0.65842	0.765921
cell_003103	donor_078	-0.06710310812430981	-0.24797889241501833	0.6160491974732277	1.818766	M	0.306149	0.011535	0.021006	-0.010963	-0.011922	0.014485	0.012399	-0.208847	-0.885445	0.642924	0.372395	1.373642
cell_003104	donor_078	1.2662309238156666	0.9736121998792868	1.3043864215111995	1.818766	M	1.528594	0.018121	0.021006	-0.010963	-0.011922	0.014485	0.012399	-1.049037	-1.094471	0.442054	-1.563376	1.942003
cell_003105	donor_078	-0.13383678841406596	-0.029740971149590494	-0.010069002296160761	1.818766	M	0.356083	0.058514	0.021006	-0.010963	-0.011922	0.014485	0.012399	-0.588243	-0.754658	0.226198	-1.41329	1.648103
cell_003106	donor_078	-0.47592730113792125	0.5715313604133986	1.1656000799359651	1.818766	M	-0.320145	0.019725	0.021006	-0.010963	-0.011922	0.014485	0.012399	0.43659	0.233126	-1.432599	2.042956	-0.218692
cell_003107	donor_078	-1.1905866842104313	-0.19480042806211229	0.9027539140112834	1.818766	M	-0.284522	0.027569	0.021006	-0.010963	-0.011922	0.014485	0.012399	0.52792	-0.549861	1.408882	0.345585	-0.902771
cell_003108	donor_078	-0.5408634912062525	-0.35244435088038933	1.5706310208443937	1.818766	M	-1.742031	0.011342	0.021006	-0.010963	-0.011922	0.014485	0.012399	-0.347426	0.555009	-0.19485	-0.736464	0.567502
cell_003109	donor_078	1.314569177782524	-0.6814375672419839	0.11330198087440675	1.818766	M	-0.866932	0.004012	0.021006	-0.010963	-0.011922	0.014485	0.012399	0.873487	0.73503	-1.244486	0.259759	-0.676903
cell_003110	donor_078	1.1770294280680949	0.6091075359408632	-0.7123338744120522	1.818766	M	-0.625486	0.037553	0.021006	-0.010963	-0.011922	0.014485	0.012399	-1.590744	-0.82625	-0.300792	-0.836834	-1.129447
cell_003111	donor_078	-1.5567844812804523	-0.7567065803190104	-0.023557641658563645	1.818766	M	-0.595606	0.038428	0.021006	-0.010963	-0.011922	0.014485	0.012399	0.193347	-0.072017	-0.422404	-0.748586	2.335533
cell_003112	donor_078	1.5439299650274463	0.4765075415737309	0.5495117513769602	1.818766	M	-1.669179	0.017428	0.021006	-0.010963	-0.011922	0.014485	0.012399	-0.630355	-0.523785	2.329576	0.403978	0.04624
cell_003113	donor_078	-0.7101537021001377	1.10017271479206	-0.6873200608319067	1.818766	M	2.185276	0.012192	0.021006	-0.010963	-0.011922	0.014485	0.012399	-1.392748	-1.368379	0.889741	-1.407923	-0.047793
cell_003114	donor_078	0.8261578800306272	1.290092829795472	1.3504995410156038	1.818766	M	-0.64135	0.027449	0.021006	-0.010963	-0.011922	0.014485	0.012399	0.880438	-0.134921	-0.99525	-0.392975	-0.077528
cell_003115	donor_078	-0.4069134235973098	-0.10581018581983372	-0.3738419762615221	1.818766	M	-0.081795	0.030165	0.021006	-0.010963	-0.011922	0.014485	0.012399	-1.880717	-1.725627	0.578022	0.128821	0.315694
cell_003116	donor_078	-0.06388205267186794	-1.6548319968028997	-0.34239347129403624	1.818766	M	-1.688901	0.002392	0.021006	-0.010963	-0.011922	0.014485	0.012399	0.761634	-1.042772	0.510203	-2.023046	-1.106466
cell_003117	donor_078	1.0819402061809147	0.48962490622771204	0.17373272794668435	1.818766	M	-0.916612	0.009177	0.021006	-0.010963	-0.011922	0.014485	0.012399	0.514514	0.128992	0.223113	0.95758	-0.182485
cell_003118	donor_078	-0.7080008978787955	2.5231256032297833	-0.03461969817152987	1.818766	M	0.357092	0.030487	0.021006	-0.010963	-0.011922	0.014485	0.012399	-1.125811	1.065473	0.393652	0.05211	-1.328404
cell_003119	donor_078	0.13453647764965748	0.5927571108139753	-1.2741944852621152	1.818766	M	-0.309381	0.046192	0.021006	-0.010963	-0.011922	0.014485	0.012399	1.854541	-1.029547	1.44395	-0.909243	0.416594
cell_003120	donor_078	0.9171026623582507	-0.27139507970621346	1.1142636718425145	1.818766	M	0.377652	0.012052	0.021006	-0.010963	-0.011922	0.014485	0.012399	-0.105931	-0.428608	-0.734822	0.495918	0.745357
cell_003121	donor_078	-1.3759283125678246	1.1979599792880329	0.32409133330333906	1.818766	M	-1.07049	0.027457	0.021006	-0.010963	-0.011922	0.014485	0.012399	-1.008686	-0.012464	-1.742258	-0.899093	0.687902
cell_003122	donor_078	0.8064804645465464	1.6232054713392339	0.8703804347667806	1.818766	M	-0.836616	0.036344	0.021006	-0.010963	-0.011922	0.014485	0.012399	-1.137023	1.484807	-0.535796	-1.108501	-0.328562
cell_003123	donor_078	0.23828913925536413	0.435483253874003	-0.486707260981883	1.818766	M	-0.518542	0.055219	0.021006	-0.010963	-0.011922	0.014485	0.012399	0.084059	-0.256905	0.134143	-0.629402	-1.213842
cell_003124	donor_078	0.16341909386638326	3.2606866906492753	-0.32606458476140837	1.818766	M	-0.497894	0.040933	0.021006	-0.010963	-0.011922	0.014485	0.012399	1.452768	0.014943	1.368565	0.706275	0.060168
cell_003125	donor_078	-0.6650765760555306	0.6770161166324846	1.5824505093503805	1.818766	M	-2.515911	0.004053	0.021006	-0.010963	-0.011922	0.014485	0.012399	0.66263	-0.921732	0.661385	0.257631	0.068964
cell_003126	donor_078	-0.516226148469906	0.9392044447849698	0.7031450209348586	1.818766	M	0.646084	0.040041	0.021006	-0.010963	-0.011922	0.014485	0.012399	-0.689131	-1.295553	0.04054	0.267561	2.025524
cell_003127	donor_078	0.05704066899885204	1.0974998123999065	1.4648821836444128	1.818766	M	-0.695677	0.042785	0.021006	-0.010963	-0.011922	0.014485	0.012399	-1.239785	1.739105	0.548975	-0.175583	1.275187
cell_003128	donor_078	-1.2762453530107223	0.2659271496801085	-0.6632640816897198	1.818766	M	0.807688	0.038603	0.021006	-0.010963	-0.011922	0.014485	0.012399	0.375971	-1.045277	1.592778	0.700441	-0.975134
cell_003129	donor_078	-1.5747385474630686	-0.3505612252606556	0.3892160716731028	1.818766	M	0.847153	0.051868	0.021006	-0.010963	-0.011922	0.014485	0.012399	1.385372	-2.182687	1.222641	0.358394	0.871123
cell_003130	donor_079	0.7095022356990358	1.2047790012003028	-1.0779824289315718	-0.582712	M	0.994511	0.031989	-0.040873	0.000542	-0.00926	0.007269	0.028774	1.423128	0.408875	-0.43768	0.464275	-0.60703
cell_003131	donor_079	-0.25207269959630857	0.3084240023709648	1.1841442506070254	-0.582712	M	0.084637	0.030112	-0.040873	0.000542	-0.00926	0.007269	0.028774	-0.429407	1.915812	0.432042	-0.234575	-1.434943
cell_003132	donor_079	-0.603564965459792	-0.7929984625436675	-0.7910750958101987	-0.582712	M	0.493991	0.055311	-0.040873	0.000542	-0.00926	0.007269	0.028774	0.833539	1.357782	-0.822282	2.111463	-0.675775
cell_003133	donor_079	-0.6301213903027486	-0.2960221008419907	-0.6107955507042377	-0.582712	M	0.4644	0.029514	-0.040873	0.000542	-0.00926	0.007269	0.028774	-0.868968	-0.797937	1.199587	0.984453	-0.80996
cell_003134	donor_079	-1.0799620225352116	-0.06347650941392971	0.8156365515006166	-0.582712	M	-0.173741	0.038766	-0.040873	0.000542	-0.00926	0.007269	0.028774	1.431874	-0.598696	0.408279	0.502798	0.384263
cell_003135	donor_079	1.3159713127245667	0.4662957742470473	0.7207945015665094	-0.582712	M	-0.457344	0.013521	-0.040873	0.000542	-0.00926	0.007269	0.028774	0.02259	-2.564699	1.127914	-0.156428	0.164954
cell_003136	donor_079	0.799478276883478	1.7635340027695163	0.5561785157682576	-0.582712	M	0.817932	0.017458	-0.040873	0.000542	-0.00926	0.007269	0.028774	0.68166	-0.36671	0.666437	-0.59311	0.222745
cell_003137	donor_079	0.3224284356122842	-1.8903491688222989	-0.16672720929580676	-0.582712	M	1.387525	0.018418	-0.040873	0.000542	-0.00926	0.007269	0.028774	-1.292781	0.732067	-1.849721	0.285858	-1.913534
cell_003138	donor_079	1.6867446115535223	0.3545826157506887	-0.2174602783529681	-0.582712	M	-0.988705	0.001897	-0.040873	0.000542	-0.00926	0.007269	0.028774	-0.734465	1.408113	-0.318642	0.668647	1.450821
cell_003139	donor_079	1.2980071759495018	-0.586246785037957	0.29861584347685904	-0.582712	M	-0.507178	0.044963	-0.040873	0.000542	-0.00926	0.007269	0.028774	-0.913576	-0.391536	-0.407342	-1.64953	0.157956
cell_003140	donor_079	0.8490574420399578	-0.44172164184612817	1.2099773700578813	-0.582712	M	0.271441	0.001655	-0.040873	0.000542	-0.00926	0.007269	0.028774	-1.003474	-0.198227	-0.517246	0.959291	-0.702692
cell_003141	donor_079	0.5187464727527776	-0.010805993216029845	0.03230390702930689	-0.582712	M	0.117124	0.054246	-0.040873	0.000542	-0.00926	0.007269	0.028774	-0.192462	0.294225	-0.61605	-2.089871	1.31255
cell_003142	donor_079	-0.6918150727169234	-1.000327916037133	-0.1326447979943128	-0.582712	M	0.607229	0.030293	-0.040873	0.000542	-0.00926	0.007269	0.028774	0.516554	-0.591294	1.030631	0.423828	0.168637
cell_003143	donor_079	-0.7868712142865057	-0.35874290302086975	-0.4123297955882163	-0.582712	M	0.539741	0.018601	-0.040873	0.000542	-0.00926	0.007269	0.028774	-2.043788	-0.729249	0.477696	-0.34391	1.059944
cell_003144	donor_079	1.2762559967977216	0.11040699799305796	-0.1584593616148651	-0.582712	M	0.175188	0.01998	-0.040873	0.000542	-0.00926	0.007269	0.028774	-0.655367	1.155904	0.896849	0.9158	1.023801
cell_003145	donor_079	0.07729701094832438	-0.9473165930282001	-0.51337399725345	-0.582712	M	0.053886	0.004651	-0.040873	0.000542	-0.00926	0.007269	0.028774	1.006809	0.596724	-1.515317	-0.648764	-1.091242
cell_003146	donor_079	-0.11300525005797447	0.3144737991005661	-2.400268423336535	-0.582712	M	1.455861	0.037404	-0.040873	0.000542	-0.00926	0.007269	0.028774	0.071793	0.320967	-1.235794	0.205593	2.263831
cell_003147	donor_079	0.5978313232302466	-1.6250874668519393	-0.46160463894363024	-0.582712	M	0.847271	0.038423	-0.040873	0.000542	-0.00926	0.007269	0.028774	-0.20713	0.558941	0.599182	1.648565	-0.239585
cell_003148	donor_079	0.4884975101730438	0.12343273106579802	-1.3963962002903172	-0.582712	M	-0.2934	0.057777	-0.040873	0.000542	-0.00926	0.007269	0.028774	1.01532	-1.242151	-0.143942	-1.193571	0.764445
cell_003149	donor_079	0.5588553541175039	-0.8546721553626313	0.6105284511269116	-0.582712	M	-0.970186	0.022825	-0.040873	0.000542	-0.00926	0.007269	0.028774	0.659407	-0.488422	1.455581	-1.119044	0.773369
cell_003150	donor_079	0.3477546166973278	-0.5025592760521338	-1.6328064161834042	-0.582712	M	-0.419209	0.016167	-0.040873	0.000542	-0.00926	0.007269	0.028774	-1.976973	-0.430172	-1.665195	0.300514	0.455325
cell_003151	donor_079	0.7504180446643325	0.031259168075788595	0.23796781094747324	-0.582712	M	1.291753	0.027327	-0.040873	0.000542	-0.00926	0.007269	0.028774	0.228234	-0.208562	0.462692	1.041934	-0.796942
cell_003152	donor_079	-2.3099804005861224	-0.9753782549432033	-0.15032766839282383	-0.582712	M	0.054509	0.027964	-0.040873	0.000542	-0.00926	0.007269	0.028774	0.338849	1.796395	-1.592998	0.26773	-0.59458
cell_003153	donor_079	0.11284632671748043	-1.6079586245197564	-0.5747962235021409	-0.582712	M	2.17547	0.051577	-0.040873	0.000542	-0.00926	0.007269	0.028774	1.238395	-1.091416	-0.318919	-0.514769	0.966546
cell_003154	donor_079	-0.45400209536968544	0.5338170314988075	0.5772417464643135	-0.582712	M	-0.304276	0.043728	-0.040873	0.000542	-0.00926	0.007269	0.028774	1.668997	-0.544202	-1.450782	0.284648	-0.206263
cell_003155	donor_079	-0.05890739264137968	0.5483892284983649	0.9326730715441218	-0.582712	M	0.804854	0.010429	-0.040873	0.000542	-0.00926	0.007269	0.028774	1.209979	0.92752	2.411822	0.197625	-0.417882
cell_003156	donor_079	0.43884185818638793	-0.056701416106858436	-0.37081903136027294	-0.582712	M	-1.651086	0.014145	-0.040873	0.000542	-0.00926	0.007269	0.028774	0.359977	-1.387294	0.91506	0.440333	2.327043
cell_003157	donor_079	-1.6919887045192392	-0.5494872948092062	-0.477368747034756	-0.582712	M	1.29623	0.038049	-0.040873	0.000542	-0.00926	0.007269	0.028774	0.378681	0.753675	-0.977914	0.504024	-0.020677
cell_003158	donor_079	0.43145683474122326	-0.5554991504340873	-0.34207123142868406	-0.582712	M	-0.578655	0.087257	-0.040873	0.000542	-0.00926	0.007269	0.028774	-0.130744	1.302938	-0.297611	0.079501	0.117939
cell_003159	donor_079	0.4047363609713032	-0.02818610967082526	-0.007473107839241015	-0.582712	M	1.619787	0.002143	-0.040873	0.000542	-0.00926	0.007269	0.028774	-2.123958	-1.271968	-1.091676	-0.70472	1.717834
cell_003160	donor_079	2.1876560650960655	-0.8733313960660463	0.9130091716232381	-0.582712	M	-0.216949	0.02811	-0.040873	0.000542	-0.00926	0.007269	0.028774	-0.675747	0.071652	1.3044	-0.092416	-1.077432
cell_003161	donor_079	0.07439063888014348	-0.18764564634837666	0.5999870558134616	-0.582712	M	0.499464	0.005119	-0.040873	0.000542	-0.00926	0.007269	0.028774	0.512481	-1.383287	-0.202399	0.542491	1.147037
cell_003162	donor_080	0.13162068832110094	-0.6142293538420698	-0.04753305623271928	-1.289029	M	-1.370322	0.065341	-0.009357	-0.026709	0.018049	-0.016795	0.009765	-1.277179	-1.07973	0.303721	-0.537868	0.149425
cell_003163	donor_080	-1.3030748357697262	-0.9078598133325225	-1.213639675573084	-1.289029	M	-0.805752	0.015156	-0.009357	-0.026709	0.018049	-0.016795	0.009765	-0.369058	0.215767	1.627905	0.854428	-0.583763
cell_003164	donor_080	1.871186936277281	-1.0114074526534005	-0.6032863077771072	-1.289029	M	0.583084	0.045959	-0.009357	-0.026709	0.018049	-0.016795	0.009765	1.477032	-0.746783	0.508863	1.054655	-1.010316
cell_003165	donor_080	0.4578042308945117	-0.8849064262044531	-1.0319915662351122	-1.289029	M	-1.045258	0.021584	-0.009357	-0.026709	0.018049	-0.016795	0.009765	-0.550982	-0.010391	-0.310171	-0.517218	-1.237479
cell_003166	donor_080	0.12057969386209294	0.6131218735184536	-1.3392718882704642	-1.289029	M	-1.027666	0.040516	-0.009357	-0.026709	0.018049	-0.016795	0.009765	1.784735	1.006126	-1.454646	1.754416	-0.413387
cell_003167	donor_080	-0.8098000882623952	1.0028492179731405	-1.1284266114082555	-1.289029	M	-0.020232	0.011576	-0.009357	-0.026709	0.018049	-0.016795	0.009765	0.023989	-0.966812	1.626972	1.974796	2.02326
cell_003168	donor_080	-1.0905690036863354	-0.41662358965738505	-0.5712563179692952	-1.289029	M	1.747856	0.041665	-0.009357	-0.026709	0.018049	-0.016795	0.009765	1.508679	-0.860982	0.701489	-0.293473	-0.391067
cell_003169	donor_080	1.6996584081205983	-0.11139336209575694	-0.15417473955711897	-1.289029	M	0.443488	0.039754	-0.009357	-0.026709	0.018049	-0.016795	0.009765	1.492451	-0.065722	-1.172918	0.691019	-1.278659
cell_003170	donor_080	-0.48119654891452324	0.05387394596495402	-0.44090823725114536	-1.289029	M	0.363361	0.054497	-0.009357	-0.026709	0.018049	-0.016795	0.009765	1.857065	2.301285	0.373421	-0.88705	1.568275
cell_003171	donor_080	0.4502196564904381	-1.0454898307647948	-0.19958703658082474	-1.289029	M	1.036278	0.041416	-0.009357	-0.026709	0.018049	-0.016795	0.009765	-1.143355	-0.668442	0.205671	-0.522244	1.552202
cell_003172	donor_080	-0.5380418252519525	0.5944440526675793	0.34698900553284123	-1.289029	M	-2.293958	0.04268	-0.009357	-0.026709	0.018049	-0.016795	0.009765	0.328271	-0.677468	-0.298176	-0.080691	0.301143
cell_003173	donor_080	-0.9439232245946064	-0.6840564216062923	-0.30737323501765984	-1.289029	M	0.166096	0.038756	-0.009357	-0.026709	0.018049	-0.016795	0.009765	0.275875	-0.161662	0.387185	-1.830683	-0.428669
cell_003174	donor_080	-0.2842737020087795	0.7167505038615337	0.18044201612805758	-1.289029	M	-0.016602	0.023355	-0.009357	-0.026709	0.018049	-0.016795	0.009765	1.316299	0.082818	-1.46277	-0.695004	-1.396638
cell_003175	donor_080	0.3985536515240792	-0.22547862436007612	-0.5308254600128529	-1.289029	M	-0.078326	0.011049	-0.009357	-0.026709	0.018049	-0.016795	0.009765	1.266984	-1.264456	-0.701617	0.80146	-0.727168
cell_003176	donor_080	0.8303984249086354	1.5786326948659126	0.5769853895279821	-1.289029	M	0.843663	0.026951	-0.009357	-0.026709	0.018049	-0.016795	0.009765	-0.969719	-1.492962	0.456802	-1.427214	0.365546
cell_003177	donor_080	-0.0035838721991656493	0.31828552128791876	-0.7639399340999972	-1.289029	M	-1.13193	0.012713	-0.009357	-0.026709	0.018049	-0.016795	0.009765	-0.971637	0.692096	-1.430897	0.077964	0.188961
cell_003178	donor_080	-0.3154970650014182	-0.4787517659085345	-1.2647585183070509	-1.289029	M	0.047128	0.06652	-0.009357	-0.026709	0.018049	-0.016795	0.009765	-0.098468	0.455808	-1.374201	0.178275	-0.314687
cell_003179	donor_080	-0.0713384743097962	-0.8628818130997084	-0.313593626232159	-1.289029	M	-1.649202	0.009804	-0.009357	-0.026709	0.018049	-0.016795	0.009765	1.497892	0.573099	-0.043449	-1.964275	-2.007621
cell_003180	donor_080	-1.0271394016191826	1.3383867754404746	-1.0475986157059751	-1.289029	M	-0.678038	0.007278	-0.009357	-0.026709	0.018049	-0.016795	0.009765	0.243482	1.518208	-1.406274	0.210592	0.554895
cell_003181	donor_080	-0.2897209644638556	-0.35773594316358026	-0.22124963941360842	-1.289029	M	1.160036	0.080715	-0.009357	-0.026709	0.018049	-0.016795	0.009765	-1.601934	-0.415764	1.538725	-0.407961	-0.780999
cell_003182	donor_080	0.36302999354040555	-0.13164112269691766	0.26716686742834256	-1.289029	M	-0.050412	0.012894	-0.009357	-0.026709	0.018049	-0.016795	0.009765	-0.443482	0.961856	-1.482422	-0.304458	-1.237721
cell_003183	donor_080	-0.8597266588150924	-0.14272958457088183	-1.6827878126922375	-1.289029	M	-1.051908	0.026275	-0.009357	-0.026709	0.018049	-0.016795	0.009765	0.046313	-2.875799	-0.560189	-1.071031	0.906003
cell_003184	donor_080	0.4539156712711609	-2.163143821512339	-1.6904825603956488	-1.289029	M	0.372667	0.032602	-0.009357	-0.026709	0.018049	-0.016795	0.009765	0.167057	-0.539352	-0.511895	-0.053808	-1.507052
cell_003185	donor_080	0.22735009331868652	0.329671388042221	-0.9481477425545741	-1.289029	M	-0.002563	0.007826	-0.009357	-0.026709	0.018049	-0.016795	0.009765	-0.235434	0.303158	1.211229	-0.53087	-1.085288
cell_003186	donor_080	-0.45626080273453495	0.7769438401031725	0.0988730187374691	-1.289029	M	-0.133224	0.051382	-0.009357	-0.026709	0.018049	-0.016795	0.009765	-2.117773	0.440191	0.387025	-1.009641	0.595207
cell_003187	donor_080	0.39040803041010885	-0.8536302607108944	0.2930120416259073	-1.289029	M	0.637924	0.035154	-0.009357	-0.026709	0.018049	-0.016795	0.009765	0.071477	0.244067	-1.561359	-0.133138	-0.967855
cell_003188	donor_080	-0.5246885687012867	-1.2590984058897525	0.09570425191117277	-1.289029	M	2.578206	0.025522	-0.009357	-0.026709	0.018049	-0.016795	0.009765	-0.644649	-2.006055	0.578468	1.664782	0.669467
cell_003189	donor_080	0.03446705949122053	0.647623701052272	-0.6323791651965254	-1.289029	M	-0.371387	0.035122	-0.009357	-0.026709	0.018049	-0.016795	0.009765	-1.001801	-0.348801	-0.192624	-0.262061	0.544147
cell_003190	donor_080	-0.3690851440589412	-0.35532367520813063	2.1998476274949375	-1.289029	M	-1.833606	0.010783	-0.009357	-0.026709	0.018049	-0.016795	0.009765	-0.492862	0.571553	-0.683282	1.350824	0.598349
cell_003191	donor_080	0.7588244250628503	-0.8110817184683975	-0.6405298061178835	-1.289029	M	-1.422032	0.073959	-0.009357	-0.026709	0.018049	-0.016795	0.009765	1.160938	0.064672	-0.492911	0.51361	-1.16342
cell_003192	donor_080	-1.7189892308864607	-0.6377295896350866	0.7975114684648313	-1.289029	M	0.871029	0.026138	-0.009357	-0.026709	0.018049	-0.016795	0.009765	1.674704	0.720387	0.356305	-0.37492	0.495832
cell_003193	donor_080	1.8989191697859122	-0.3133673377637556	-0.6069568563748515	-1.289029	M	-0.615288	0.047475	-0.009357	-0.026709	0.018049	-0.016795	0.009765	-1.297243	-0.099447	-0.7883	-2.121503	-1.42314
cell_003194	donor_080	0.96866241248301	0.9486261670948283	-0.17725576455955797	-1.289029	M	0.536963	0.003148	-0.009357	-0.026709	0.018049	-0.016795	0.009765	0.196948	-0.251029	1.234436	-0.678394	-0.830964
cell_003195	donor_080	0.4519443658063095	0.1479028941443181	-0.34748441804687685	-1.289029	M	-0.373846	0.039956	-0.009357	-0.026709	0.018049	-0.016795	0.009765	0.440192	-1.842313	0.016443	-0.127399	-0.151683
cell_003196	donor_080	1.4570120089214957	0.6079442508017671	1.3166622810701911	-1.289029	M	-0.536301	0.044675	-0.009357	-0.026709	0.018049	-0.016795	0.009765	-0.495542	-0.485204	-0.5705	1.341629	-0.034485
cell_003197	donor_080	0.6262495332431844	0.44539512979464885	1.019654457779381	-1.289029	M	0.419432	0.041368	-0.009357	-0.026709	0.018049	-0.016795	0.009765	0.949674	1.053218	-0.827923	0.038249	-0.176883
cell_003198	donor_080	0.7000429664107876	-1.5107052465070072	-2.3479565081100944	-1.289029	M	-0.957825	0.041093	-0.009357	-0.026709	0.018049	-0.016795	0.009765	1.023127	-0.170186	0.310995	0.174383	0.488528
cell_003199	donor_080	-0.3737263472918726	-1.3904447375843472	3.4534404506778436	-1.289029	M	2.015108	0.036095	-0.009357	-0.026709	0.018049	-0.016795	0.009765	-0.122791	2.435348	0.455853	0.308503	-0.54564
cell_003200	donor_080	1.3004044754119104	0.24912165086031512	-2.0945236958534195	-1.289029	M	-0.912439	0.019733	-0.009357	-0.026709	0.018049	-0.016795	0.009765	-1.122148	0.341139	-0.618027	1.467276	0.891561
cell_003201	donor_080	0.023507617493955194	-0.2992362281617025	0.41693451695191647	-1.289029	M	-0.231904	0.0415	-0.009357	-0.026709	0.018049	-0.016795	0.009765	0.898655	1.675651	-1.216584	-1.832512	0.169789
cell_003202	donor_080	-0.7524901525751023	1.6725895406732145	0.22082798335702	-1.289029	M	-0.337458	0.004341	-0.009357	-0.026709	0.018049	-0.016795	0.009765	0.417425	0.060016	0.809743	0.84159	0.556539
cell_003203	donor_080	-0.41954309325570815	0.8775893282406283	-1.0521457867879713	-1.289029	M	0.398881	0.025431	-0.009357	-0.026709	0.018049	-0.016795	0.009765	-0.239009	0.193211	1.131244	-0.384999	-0.74041
cell_003204	donor_081	0.4328180154197038	-0.3726817946164139	0.21451744693051703	0.900554	M	-0.285391	0.02716	0.01301	0.012358	-0.008205	0.016217	-0.038061	-0.08654	-1.170995	0.805176	-0.680282	-0.153744
cell_003205	donor_081	0.2642996372333413	1.1974446032621913	0.21815898983202345	0.900554	M	0.988343	0.021962	0.01301	0.012358	-0.008205	0.016217	-0.038061	-1.923223	-0.746248	0.558281	-1.698933	-0.073104
cell_003206	donor_081	1.1236636536224656	1.485130432889014	0.40157854340889365	0.900554	M	0.150734	0.047636	0.01301	0.012358	-0.008205	0.016217	-0.038061	-0.466422	-0.325907	-0.065242	1.989643	0.583368
cell_003207	donor_081	-1.4576052802656418	0.6313448343028207	2.295941442510018	0.900554	M	1.244578	0.033488	0.01301	0.012358	-0.008205	0.016217	-0.038061	0.771551	0.035154	-0.722342	-0.248291	-0.72586
cell_003208	donor_081	-0.9892558449536675	0.5416361422867922	0.7034677374654412	0.900554	M	0.257807	0.036242	0.01301	0.012358	-0.008205	0.016217	-0.038061	1.546416	0.988151	0.10039	-0.978526	-0.423351
cell_003209	donor_081	-0.7235904017839573	-0.11861828197842791	-0.21946791800232743	0.900554	M	-0.356798	0.027582	0.01301	0.012358	-0.008205	0.016217	-0.038061	0.917965	-0.427783	-0.419088	-0.614972	1.775408
cell_003210	donor_081	-0.996260289465469	0.0020269810603266926	-1.2562459384768225	0.900554	M	-0.672481	0.036619	0.01301	0.012358	-0.008205	0.016217	-0.038061	-0.099828	0.664347	0.726628	0.794297	-0.107426
cell_003211	donor_081	-0.658256584989858	-1.072067031723313	2.595087354308028	0.900554	M	0.157417	0.028865	0.01301	0.012358	-0.008205	0.016217	-0.038061	-2.012419	0.951321	-0.720169	-0.109452	-0.490691
cell_003212	donor_081	-0.6489439998047714	-2.636677779283054	0.9100662834933687	0.900554	M	-0.762304	0.05888	0.01301	0.012358	-0.008205	0.016217	-0.038061	1.103268	-1.580484	-0.323274	0.362332	2.112518
cell_003213	donor_081	0.8224519379173025	-0.27171758094849524	0.2332323838978528	0.900554	M	0.505853	0.036292	0.01301	0.012358	-0.008205	0.016217	-0.038061	-0.744823	1.809306	1.236642	-0.992471	-1.130412
cell_003214	donor_081	-0.5054039381034351	-1.8869619602556895	-0.1259001385432491	0.900554	M	-1.010538	0.060184	0.01301	0.012358	-0.008205	0.016217	-0.038061	0.221549	-0.120342	-0.311951	0.103519	-0.269517
cell_003215	donor_081	0.449380830150176	-0.07513807297828869	0.6115309323790241	0.900554	M	-0.197845	0.058327	0.01301	0.012358	-0.008205	0.016217	-0.038061	0.737231	-0.387263	-1.819364	0.523673	0.295788
cell_003216	donor_081	-1.06824014826694	-1.2587768815659783	0.15128221682247414	0.900554	M	0.853021	0.012881	0.01301	0.012358	-0.008205	0.016217	-0.038061	0.810448	0.213745	0.420135	-0.614748	0.38274
cell_003217	donor_081	2.2178939136240428	0.27507412206105253	-1.4201959399169553	0.900554	M	1.551401	0.030929	0.01301	0.012358	-0.008205	0.016217	-0.038061	-0.505336	1.74908	-0.78732	-0.545123	0.316293
cell_003218	donor_081	1.860749903828084	0.6163834940335534	-1.5092851642781446	0.900554	M	0.191118	0.037304	0.01301	0.012358	-0.008205	0.016217	-0.038061	-2.111765	0.891957	0.98042	-0.236743	0.07622
cell_003219	donor_081	-0.19989269032602866	0.7173138943983187	-1.7584046588350348	0.900554	M	-0.139442	0.053263	0.01301	0.012358	-0.008205	0.016217	-0.038061	0.469469	0.708884	0.815531	1.882498	-0.279508
cell_003220	donor_081	-1.4296900340687673	-0.4318281679087752	-1.2205914489535092	0.900554	M	0.454434	0.02619	0.01301	0.012358	-0.008205	0.016217	-0.038061	1.571205	0.045144	-1.314365	1.416205	-0.524735
cell_003221	donor_081	0.21362338425598285	0.0769059236171779	0.8487845085398608	0.900554	M	-0.634104	0.037429	0.01301	0.012358	-0.008205	0.016217	-0.038061	0.19502	1.170398	-1.973417	0.415638	-2.123916
cell_003222	donor_081	-0.6016441812074707	-0.049252527144911865	0.883463640404985	0.900554	M	-1.685692	0.033972	0.01301	0.012358	-0.008205	0.016217	-0.038061	1.059713	-1.778369	0.065658	1.304685	-1.159155
cell_003223	donor_081	0.11285704329428776	-1.5736795963744306	0.9053865734641637	0.900554	M	1.209919	0.033886	0.01301	0.012358	-0.008205	0.016217	-0.038061	-1.055043	0.961449	-0.124804	0.652998	-1.13697
cell_003224	donor_081	-0.40278292980668196	-2.2240288771119925	-0.3682050030574847	0.900554	M	0.057107	0.001619	0.01301	0.012358	-0.008205	0.016217	-0.038061	0.154274	-0.479933	-1.358731	1.48349	1.442659
cell_003225	donor_081	1.7167055465247099	-0.04480335920978864	0.415767584985611	0.900554	M	-0.492677	0.029568	0.01301	0.012358	-0.008205	0.016217	-0.038061	1.167979	0.376212	0.617746	0.642665	-0.451983
cell_003226	donor_081	-0.4144884370962715	0.6277764997274546	0.5055568424710929	0.900554	M	2.18771	0.065066	0.01301	0.012358	-0.008205	0.016217	-0.038061	-0.839309	-1.679375	-0.095703	-2.436931	-0.472694
cell_003227	donor_081	-1.076299972672574	-0.5524103384671837	0.2514829449080116	0.900554	M	-0.146783	0.030613	0.01301	0.012358	-0.008205	0.016217	-0.038061	1.106904	-0.100053	0.915217	-0.429177	1.438082
cell_003228	donor_081	0.0474295346396558	0.5419803684120508	0.6359354345623542	0.900554	M	-0.276046	0.027375	0.01301	0.012358	-0.008205	0.016217	-0.038061	0.87255	0.445524	-0.679237	-0.946115	-1.318608
cell_003229	donor_081	-1.0768278173787171	0.27572356951018134	0.5274307886485917	0.900554	M	-0.514777	0.01251	0.01301	0.012358	-0.008205	0.016217	-0.038061	-0.200365	0.041315	-0.26466	0.902913	-0.57796
cell_003230	donor_081	-0.40683370165706995	0.24944709662135756	0.1326423042115596	0.900554	M	-0.272998	0.029158	0.01301	0.012358	-0.008205	0.016217	-0.038061	-1.982049	1.801114	-1.565369	-0.626213	0.139536
cell_003231	donor_081	0.9646460182124605	0.47269247381535623	0.2309666063967755	0.900554	M	1.117529	0.037103	0.01301	0.012358	-0.008205	0.016217	-0.038061	0.344766	-0.838346	0.734709	-0.94585	0.592029
cell_003232	donor_081	-0.498069165207075	1.3323703680973775	-0.23219781734389602	0.900554	M	-0.04077	0.016192	0.01301	0.012358	-0.008205	0.016217	-0.038061	0.911939	0.659794	-1.131215	-1.938623	1.011914
cell_003233	donor_081	-0.29374198509668276	1.312791152263378	-0.4010963366627455	0.900554	M	-0.949388	0.011469	0.01301	0.012358	-0.008205	0.016217	-0.038061	0.037497	0.026621	0.270176	-1.207993	-0.099351
cell_003234	donor_081	-0.04464741398968293	0.11265260094998372	1.1360878270785917	0.900554	M	0.589317	0.041981	0.01301	0.012358	-0.008205	0.016217	-0.038061	-1.136284	0.212255	-1.033868	-1.074892	0.760098
cell_003235	donor_081	-1.4445936874118686	1.8166323525828547	-2.287981576488173	0.900554	M	0.170688	0.068133	0.01301	0.012358	-0.008205	0.016217	-0.038061	-0.023317	-0.868416	0.002185	0.948017	-0.499955
cell_003236	donor_081	-0.24282440835669467	-0.3627329900664984	0.9028816506466312	0.900554	M	0.014214	0.033413	0.01301	0.012358	-0.008205	0.016217	-0.038061	-1.883275	-2.21699	1.868244	-0.614399	-0.674272
cell_003237	donor_081	0.8843670159935143	-1.0729832634709922	0.48031035844148107	0.900554	M	0.176777	0.025721	0.01301	0.012358	-0.008205	0.016217	-0.038061	-0.843356	-0.983807	-0.014438	-1.423816	1.571907
cell_003238	donor_081	-0.31380248240302844	-1.8670332242140457	0.5319182415273573	0.900554	M	-1.306408	0.03744	0.01301	0.012358	-0.008205	0.016217	-0.038061	-0.147247	-0.404409	0.558279	0.876127	0.550466
cell_003239	donor_081	-1.4747796623423974	-0.42856792401790283	0.38250557630979215	0.900554	M	-0.698123	0.048079	0.01301	0.012358	-0.008205	0.016217	-0.038061	2.259762	1.552187	1.072298	-0.072077	0.927622
cell_003240	donor_081	0.23306551620654398	-1.344240870492347	1.5491779407656796	0.900554	M	0.675812	0.032881	0.01301	0.012358	-0.008205	0.016217	-0.038061	1.366762	1.566301	0.393578	-0.706052	-0.895839
cell_003241	donor_081	0.3582679079761933	0.20196767793445866	1.0740434557738003	0.900554	M	-0.040893	0.017522	0.01301	0.012358	-0.008205	0.016217	-0.038061	0.693598	-0.604118	0.562124	-1.270303	-0.639201
cell_003242	donor_081	2.460674379814316	1.2123177801518694	-0.33056661917158303	0.900554	M	2.006874	0.021972	0.01301	0.012358	-0.008205	0.016217	-0.038061	1.650991	0.285838	-1.108758	-0.03792	0.208436
cell_003243	donor_081	-0.08652667924397102	-1.7868926922076733	-0.10557012718214685	0.900554	M	-1.256464	0.008261	0.01301	0.012358	-0.008205	0.016217	-0.038061	0.542274	-0.578955	2.118117	-0.26622	-1.640943
cell_003244	donor_082	-0.6621042777541893	-1.6440352137884247	-0.47584845609336723	-0.300185	M	0.227718	0.059211	0.028294	0.001027	0.002895	-0.000968	-0.015253	1.035688	0.292566	-1.340401	-0.439996	1.47432
cell_003245	donor_082	0.7555985240410269	0.8614471119279895	-0.2971302656480577	-0.300185	M	2.440818	0.042326	0.028294	0.001027	0.002895	-0.000968	-0.015253	0.597726	-0.737931	2.009786	1.650349	0.96825
cell_003246	donor_082	0.29366086158585036	-2.3058187099912617	1.2768953284456341	-0.300185	M	-0.160471	0.050124	0.028294	0.001027	0.002895	-0.000968	-0.015253	1.031321	-1.123406	-1.40863	0.587838	-0.955347
cell_003247	donor_082	-1.1412099871353278	-1.400860822304353	-0.14066132945975474	-0.300185	M	0.022465	0.020449	0.028294	0.001027	0.002895	-0.000968	-0.015253	-0.282214	-0.237697	-1.952342	-0.902097	1.102584
cell_003248	donor_082	0.15063026600082094	1.7536347119102216	-0.02377324105156243	-0.300185	M	1.979375	0.053224	0.028294	0.001027	0.002895	-0.000968	-0.015253	1.463248	1.728925	0.133508	-1.099642	-0.957398
cell_003249	donor_082	0.07389000633064041	-1.1075616333662208	0.760083328717522	-0.300185	M	-0.833342	0.046832	0.028294	0.001027	0.002895	-0.000968	-0.015253	0.124477	0.581329	0.555766	-0.47114	-0.073019
cell_003250	donor_082	-0.6241953291832307	0.17024216151427082	0.5407830392308792	-0.300185	M	-0.830711	0.024657	0.028294	0.001027	0.002895	-0.000968	-0.015253	1.899073	0.739522	-1.980379	-1.392497	0.614542
cell_003251	donor_082	-1.3014710982242048	-2.0152290699102386	0.18231632607716666	-0.300185	M	0.350882	0.017741	0.028294	0.001027	0.002895	-0.000968	-0.015253	0.258101	1.606037	0.279235	0.164549	-1.600399
cell_003252	donor_082	-0.5714448813209079	-0.6196939606017506	1.785126070689734	-0.300185	M	-0.222974	0.028127	0.028294	0.001027	0.002895	-0.000968	-0.015253	-1.325052	-0.824353	-1.177721	0.558241	-0.701763
cell_003253	donor_082	-1.2591171476367022	-0.862380513607924	0.40164443824085244	-0.300185	M	-0.664459	0.047981	0.028294	0.001027	0.002895	-0.000968	-0.015253	-1.427162	2.260734	-1.308172	0.462662	-1.645162
cell_003254	donor_082	0.3801320246119774	-0.3604099745582099	0.38073209879178577	-0.300185	M	0.266938	0.017755	0.028294	0.001027	0.002895	-0.000968	-0.015253	0.730568	0.529659	-0.788359	1.215846	0.150528
cell_003255	donor_082	0.6897747293893801	0.7112440026670328	0.8405520703872574	-0.300185	M	0.823865	0.00696	0.028294	0.001027	0.002895	-0.000968	-0.015253	-0.816551	0.236832	-1.286639	0.489718	0.337479
cell_003256	donor_082	-0.22190643856010955	0.22542358813822555	2.3503146616995507	-0.300185	M	0.226042	0.053233	0.028294	0.001027	0.002895	-0.000968	-0.015253	-0.423762	2.149377	1.400582	-1.102259	0.826159
cell_003257	donor_082	0.042003613842822	-0.027983690005858347	-0.4848899258090843	-0.300185	M	0.537299	0.003017	0.028294	0.001027	0.002895	-0.000968	-0.015253	-0.167519	0.462622	-1.778742	-1.361704	-0.424884
cell_003258	donor_082	1.1091748609779342	0.5615105179930091	-0.5114013913896606	-0.300185	M	-1.286841	0.022241	0.028294	0.001027	0.002895	-0.000968	-0.015253	-1.672798	-1.385004	-0.694103	-1.987914	0.434155
cell_003259	donor_082	-0.2392471156358746	0.5485041091243295	0.9796036925971263	-0.300185	M	2.25006	0.020271	0.028294	0.001027	0.002895	-0.000968	-0.015253	1.484488	-0.143274	-0.437479	0.440419	-0.252689
cell_003260	donor_082	-1.5569314341725953	0.045190563982739136	0.8565721759406896	-0.300185	M	0.355497	0.038233	0.028294	0.001027	0.002895	-0.000968	-0.015253	-2.014565	1.519115	-0.322107	0.027901	-1.524868
cell_003261	donor_082	-0.8653643444094277	0.8855663008129461	-0.3188067725694889	-0.300185	M	-0.808372	0.057489	0.028294	0.001027	0.002895	-0.000968	-0.015253	0.232308	-1.13782	-0.848146	1.661859	-0.14819
cell_003262	donor_082	1.035752963013733	0.1389012187511129	0.1967914852259824	-0.300185	M	1.079258	0.054091	0.028294	0.001027	0.002895	-0.000968	-0.015253	-0.976037	-0.003865	-1.407078	1.17885	1.207501
cell_003263	donor_082	0.602337097186098	-0.2655773576818017	0.15987228850376484	-0.300185	M	-0.210695	0.011677	0.028294	0.001027	0.002895	-0.000968	-0.015253	-2.504276	-0.983391	-0.025791	-0.148537	-0.62502
cell_003264	donor_082	-0.6218861098180722	0.21320742714680815	-0.43400824333207344	-0.300185	M	0.87286	0.033606	0.028294	0.001027	0.002895	-0.000968	-0.015253	-0.786288	0.411487	0.728989	0.049452	1.900914
cell_003265	donor_082	0.06943385074874162	1.5527202911894997	-0.25117895821958824	-0.300185	M	-0.087025	0.021794	0.028294	0.001027	0.002895	-0.000968	-0.015253	0.287481	-0.376967	-0.508351	-0.591874	-0.168177
cell_003266	donor_082	-1.3823888359903835	0.40137459777201756	-0.09219534236910637	-0.300185	M	-1.052747	0.025228	0.028294	0.001027	0.002895	-0.000968	-0.015253	1.009414	1.229421	-0.592597	0.398986	1.919392
cell_003267	donor_082	1.3436234457491265	0.04365324440715158	1.8465938138200657	-0.300185	M	0.214133	0.026723	0.028294	0.001027	0.002895	-0.000968	-0.015253	-1.223159	1.311643	-0.094605	-0.337804	-0.203142
cell_003268	donor_082	-0.6842880137581051	-0.8123826844804519	0.05876026914543832	-0.300185	M	1.941663	0.060282	0.028294	0.001027	0.002895	-0.000968	-0.015253	1.463791	-0.942437	0.646874	-0.449585	-0.140855
cell_003269	donor_082	-1.4411439392024217	-1.7842122923053716	-0.8454765741989164	-0.300185	M	0.158645	0.046453	0.028294	0.001027	0.002895	-0.000968	-0.015253	1.63616	1.115925	-0.752459	0.484063	0.382735
cell_003270	donor_082	0.7363113887202576	1.1849637965802422	-0.44138923558458193	-0.300185	M	0.584619	0.020493	0.028294	0.001027	0.002895	-0.000968	-0.015253	-0.063305	-0.219403	-0.655931	-1.119124	-1.039238
cell_003271	donor_082	-0.11161688355017864	0.36954535991561954	-0.48741092879151243	-0.300185	M	1.347448	0.044323	0.028294	0.001027	0.002895	-0.000968	-0.015253	1.763322	0.775617	1.135994	-1.044029	0.378896
cell_003272	donor_082	1.0725276820473453	-1.468766195970763	0.7660506443362585	-0.300185	M	-0.546965	0.030556	0.028294	0.001027	0.002895	-0.000968	-0.015253	-0.838082	-0.825923	0.891731	0.511392	0.657237
cell_003273	donor_082	1.289311806679292	-0.3613574224491505	0.3987276069868821	-0.300185	M	0.784317	0.017703	0.028294	0.001027	0.002895	-0.000968	-0.015253	0.491464	-0.443918	-0.091273	1.20893	0.731766
cell_003274	donor_082	0.4553197569315482	0.7844520948570112	0.23635450088355262	-0.300185	M	0.344287	0.026475	0.028294	0.001027	0.002895	-0.000968	-0.015253	-0.900033	1.882165	0.28763	-0.033685	-1.555547
cell_003275	donor_082	-0.2521926253376376	0.3088946715631503	-0.4664626490631005	-0.300185	M	-0.493769	0.014415	0.028294	0.001027	0.002895	-0.000968	-0.015253	0.089377	0.555895	-1.096612	-0.80874	0.426935
cell_003276	donor_082	0.3046175226227479	-0.33642474877740436	1.2938675177496366	-0.300185	M	-0.094415	0.003013	0.028294	0.001027	0.002895	-0.000968	-0.015253	1.294178	0.554034	0.445542	1.602589	1.333171
cell_003277	donor_082	0.0785210866814193	1.2196538181322947	0.15579411699206366	-0.300185	M	0.798085	0.015681	0.028294	0.001027	0.002895	-0.000968	-0.015253	-0.554859	-1.268036	1.147616	0.660025	0.002539
cell_003278	donor_083	-0.82240545442686	-1.7430667699099627	0.09415591529354213	0.688659	F	0.509125	0.00882	0.018256	0.007897	0.005457	-0.005814	0.029956	1.38473	0.252664	0.226164	-0.614783	1.162721
cell_003279	donor_083	-2.4897074800922177	-0.5432126734938569	0.5086727916599698	0.688659	F	-1.757575	0.031547	0.018256	0.007897	0.005457	-0.005814	0.029956	-1.133709	0.245373	1.029149	-0.135467	0.456821
cell_003280	donor_083	-0.2233078633087629	0.4848199637232385	1.8959964507424645	0.688659	F	0.318856	0.05098	0.018256	0.007897	0.005457	-0.005814	0.029956	-0.372293	-2.233728	0.453454	0.028052	0.761935
cell_003281	donor_083	-0.424957828433533	-1.0407610332927117	0.746377492433293	0.688659	F	-0.046086	0.025942	0.018256	0.007897	0.005457	-0.005814	0.029956	0.426155	0.197821	1.303374	-1.066654	1.602104
cell_003282	donor_083	-2.9255702650557316	-0.7697881763485991	2.299754142120018	0.688659	F	-0.053546	0.03419	0.018256	0.007897	0.005457	-0.005814	0.029956	0.19047	-1.118408	-0.88047	0.074338	-2.04972
cell_003283	donor_083	-0.06483848651745848	0.9414378301802511	0.7643408697622637	0.688659	F	1.206941	0.035809	0.018256	0.007897	0.005457	-0.005814	0.029956	0.182601	-0.370281	0.994043	1.10821	0.670311
cell_003284	donor_083	0.39006153207987904	-0.8977483346646977	-1.5367705389811996	0.688659	F	-0.024238	0.030932	0.018256	0.007897	0.005457	-0.005814	0.029956	-0.203278	-0.305547	0.412817	-0.665994	0.16378
cell_003285	donor_083	0.8664562411145111	-0.44963037409937623	0.7742940501797182	0.688659	F	-2.272508	0.006286	0.018256	0.007897	0.005457	-0.005814	0.029956	0.601488	0.265922	0.017347	0.620424	-0.602318
cell_003286	donor_083	0.19786201937745324	0.18617848652690144	0.09337134302077063	0.688659	F	-0.80738	0.052641	0.018256	0.007897	0.005457	-0.005814	0.029956	0.01653	-1.555468	0.224061	-1.205864	-0.635949
cell_003287	donor_083	0.3468904829321205	1.4687390859132778	-0.43082679329499374	0.688659	F	-1.360005	0.051075	0.018256	0.007897	0.005457	-0.005814	0.029956	0.316837	-0.819382	-0.035348	-0.008651	1.497971
cell_003288	donor_083	-1.5869613459332206	0.542371723235485	-1.028046659824279	0.688659	F	0.153602	0.027271	0.018256	0.007897	0.005457	-0.005814	0.029956	-0.550911	1.816858	0.026294	0.311595	-1.27441
cell_003289	donor_083	1.042079495418467	0.2714690410800083	0.47157554863679785	0.688659	F	-0.024161	0.024668	0.018256	0.007897	0.005457	-0.005814	0.029956	-1.316234	-0.753458	0.149187	0.848836	1.2178
cell_003290	donor_083	0.6407441242549781	1.8953546456829256	-0.02610564578142299	0.688659	F	0.424214	0.046196	0.018256	0.007897	0.005457	-0.005814	0.029956	-0.895106	0.535656	0.773922	-0.115627	-0.660269
cell_003291	donor_083	-0.35282728859605916	0.9265116186694461	0.49245615581014995	0.688659	F	1.465157	0.020726	0.018256	0.007897	0.005457	-0.005814	0.029956	-0.100039	-0.073514	-1.574718	-0.766075	0.015171
cell_003292	donor_083	-0.28279399993372406	0.049629412697671585	-1.7687577056061239	0.688659	F	0.901351	0.015917	0.018256	0.007897	0.005457	-0.005814	0.029956	-0.113541	0.411957	-0.946813	-0.378019	0.443591
cell_003293	donor_083	0.7275134773532861	1.5905211316996284	1.7175163480234348	0.688659	F	1.235949	0.046534	0.018256	0.007897	0.005457	-0.005814	0.029956	-1.220802	-1.434727	1.237688	1.260608	-0.639422
cell_003294	donor_083	0.7453284740192201	0.6096138721210516	0.8386330440727354	0.688659	F	1.656863	0.015902	0.018256	0.007897	0.005457	-0.005814	0.029956	-0.175722	-0.908179	0.333701	-0.729764	1.136638
cell_003295	donor_083	-1.3738589551641358	-0.16742691737274334	0.0325356036222077	0.688659	F	-0.277276	0.033707	0.018256	0.007897	0.005457	-0.005814	0.029956	-1.534164	0.628798	0.483113	-3.014401	1.433497
cell_003296	donor_083	0.7140931424073551	-0.9085130902257315	-0.21083589031371705	0.688659	F	1.552735	0.055619	0.018256	0.007897	0.005457	-0.005814	0.029956	0.051568	-0.634572	-1.991905	0.276541	-1.604754
cell_003297	donor_083	-0.052021597309932194	0.4700452989045666	1.3164663919605435	0.688659	F	0.810648	0.017319	0.018256	0.007897	0.005457	-0.005814	0.029956	0.086787	0.540281	0.497965	-0.444238	0.664592
cell_003298	donor_083	0.6695224816964912	-0.07191563856692662	0.4729475789261781	0.688659	F	0.423514	0.024746	0.018256	0.007897	0.005457	-0.005814	0.029956	-2.242649	0.389767	-0.548123	3.053602	0.295196
cell_003299	donor_083	0.7061917865376293	0.5048557343883556	-0.05348204374175968	0.688659	F	1.244853	0.018055	0.018256	0.007897	0.005457	-0.005814	0.029956	-2.123802	0.374893	-0.22728	1.17702	-0.471561
cell_003300	donor_083	0.8218167914303706	0.6133743464516058	-0.6582742014518329	0.688659	F	0.419488	0.049735	0.018256	0.007897	0.005457	-0.005814	0.029956	-0.240757	-0.828965	0.498192	0.456851	-0.47684
cell_003301	donor_083	-1.1413193978982248	0.5695376677840948	-0.10119449421839825	0.688659	F	0.1005	0.004695	0.018256	0.007897	0.005457	-0.005814	0.029956	0.092077	-0.159444	-1.825748	1.24059	-1.064781
cell_003302	donor_083	0.32778262952179754	0.5516056853118003	-0.6231590220745378	0.688659	F	0.031343	0.039036	0.018256	0.007897	0.005457	-0.005814	0.029956	1.415922	-0.396983	-0.650316	0.06433	1.155931
cell_003303	donor_083	0.698371465132472	0.1372394502274617	-0.3664893003046113	0.688659	F	-0.194655	0.0692	0.018256	0.007897	0.005457	-0.005814	0.029956	-0.096267	0.126785	0.192718	-0.569435	-1.689647
cell_003304	donor_083	1.844474479165586	-0.7922059340364034	-0.1670876003194624	0.688659	F	-1.302654	0.007851	0.018256	0.007897	0.005457	-0.005814	0.029956	-1.717798	0.919507	-0.075461	-1.941479	2.291184
cell_003305	donor_083	-0.7714044408148907	0.6813327881848267	-0.2517261882191854	0.688659	F	0.768967	0.043952	0.018256	0.007897	0.005457	-0.005814	0.029956	-0.347577	-0.273783	1.039054	-1.272363	2.261572
cell_003306	donor_083	-1.386331419095053	-0.6728226156985766	0.9353216271699502	0.688659	F	1.251967	0.014896	0.018256	0.007897	0.005457	-0.005814	0.029956	0.674267	0.42502	1.594166	-0.595292	-1.453075
cell_003307	donor_083	0.16390110688903006	0.5476274674779452	0.8531405639146012	0.688659	F	0.235756	0.041986	0.018256	0.007897	0.005457	-0.005814	0.029956	1.073765	-0.561783	1.088937	0.530092	-1.626447
cell_003308	donor_083	0.9948187884634734	0.1119197671804204	-0.7416244721430625	0.688659	F	-1.010623	0.040019	0.018256	0.007897	0.005457	-0.005814	0.029956	-0.80869	-1.582939	-0.028486	-1.971481	0.99913
cell_003309	donor_083	-1.0708970399828643	0.8378152007167097	-0.9691494836447485	0.688659	F	0.035971	0.020664	0.018256	0.007897	0.005457	-0.005814	0.029956	1.659471	0.398785	0.392609	-0.515495	-0.395035
cell_003310	donor_083	-2.196341646703955	0.007197377392029093	0.17868189056938188	0.688659	F	0.225999	0.020186	0.018256	0.007897	0.005457	-0.005814	0.029956	-0.495752	-0.695527	-0.682161	-1.155803	0.944245
cell_003311	donor_083	-0.3621322871878988	-1.0585412263297502	-0.09916522258978781	0.688659	F	-0.289566	0.028994	0.018256	0.007897	0.005457	-0.005814	0.029956	0.31403	-0.152492	-0.766655	-0.027613	-1.70483
cell_003312	donor_083	-0.5024039351914572	0.20481320000823408	2.097932945720361	0.688659	F	0.906261	0.040843	0.018256	0.007897	0.005457	-0.005814	0.029956	-0.608173	0.136178	1.343514	-2.209351	-0.191114
cell_003313	donor_083	-1.7627084076861728	1.9820327027052749	1.0745506083390912	0.688659	F	-0.252871	0.045238	0.018256	0.007897	0.005457	-0.005814	0.029956	-0.342212	0.629065	-0.042061	-0.0924	-2.435611
cell_003314	donor_083	0.6422122301247041	1.4268008157277012	-1.7760301139125312	0.688659	F	-1.284187	0.014174	0.018256	0.007897	0.005457	-0.005814	0.029956	-1.07724	1.759913	-1.174638	0.207733	-0.39174
cell_003315	donor_083	0.9849670131550847	-3.4249197822293973	-1.961689460578806	0.688659	F	-1.578467	0.009516	0.018256	0.007897	0.005457	-0.005814	0.029956	-0.253116	-0.8269	0.215951	-1.23241	0.146185
cell_003316	donor_083	0.15284226605805942	-0.5005457315109321	0.20922682721042915	0.688659	F	1.9946	0.025562	0.018256	0.007897	0.005457	-0.005814	0.029956	0.724072	1.371419	-0.183341	-0.552317	-0.286396
cell_003317	donor_083	0.38682208690994346	5.896981502390966e-5	0.15015486186080337	0.688659	F	0.037715	0.015867	0.018256	0.007897	0.005457	-0.005814	0.029956	-0.00574	-0.6192	0.058834	1.325121	-0.016471
cell_003318	donor_083	-0.38773511107833647	1.3835558726146702	-1.4998166920645757	0.688659	F	0.391005	0.008475	0.018256	0.007897	0.005457	-0.005814	0.029956	0.061986	-0.371184	0.290303	-1.127873	0.253746
cell_003319	donor_083	0.20883786582627265	-0.92191354316487	-0.80450443564686	0.688659	F	1.650779	0.025961	0.018256	0.007897	0.005457	-0.005814	0.029956	0.580584	-0.250707	-1.401656	-0.126192	-0.383351
cell_003320	donor_083	-0.9397003930668834	0.3491690100220518	0.511716751027516	0.688659	F	0.783018	0.055541	0.018256	0.007897	0.005457	-0.005814	0.029956	-0.884401	-1.423964	1.122069	1.176083	0.813237
cell_003321	donor_083	0.4004773501014902	-0.23533499744950312	1.2148874091261415	0.688659	F	1.206681	0.052	0.018256	0.007897	0.005457	-0.005814	0.029956	-1.470875	1.132759	0.84572	-0.996976	-0.927792
cell_003322	donor_084	0.16540527596078863	1.2247393721814412	-0.29462187906671927	0.547396	M	0.542773	0.014304	-0.015165	0.009889	-0.012873	0.027921	0.009387	-0.939279	-0.652968	-0.652818	0.30755	-0.365019
cell_003323	donor_084	0.7227334243204119	-1.5057555213333234	-0.1285479324839869	0.547396	M	0.406344	0.010836	-0.015165	0.009889	-0.012873	0.027921	0.009387	-2.708359	-2.376208	1.202604	0.237792	1.225914
cell_003324	donor_084	1.5778962353347046	0.14261653337288022	0.23051681103807514	0.547396	M	0.945345	0.034418	-0.015165	0.009889	-0.012873	0.027921	0.009387	0.431795	0.631434	0.654422	-0.240911	-1.99798
cell_003325	donor_084	0.32216129523395837	-0.5081851940265416	-0.24092818089903792	0.547396	M	-0.577677	0.016114	-0.015165	0.009889	-0.012873	0.027921	0.009387	0.823242	-0.694128	0.161751	0.601409	0.710424
cell_003326	donor_084	-2.4948365122588765	0.5053948344282113	1.5004243692443546	0.547396	M	-0.256724	0.005536	-0.015165	0.009889	-0.012873	0.027921	0.009387	1.552531	0.386581	0.542704	-0.836813	-1.652636
cell_003327	donor_084	-1.6246867552760909	2.888160676838243	1.3547414874759567	0.547396	M	-0.398781	0.025333	-0.015165	0.009889	-0.012873	0.027921	0.009387	-0.225006	2.5506	1.04314	0.085915	-0.298408
cell_003328	donor_084	1.05456966065939	-0.8419631974421211	-2.124487167587144	0.547396	M	-0.453566	0.016161	-0.015165	0.009889	-0.012873	0.027921	0.009387	-1.031107	-0.467156	-2.433735	-0.48776	-0.082534
cell_003329	donor_084	-1.0146536171211942	-0.4635308280445418	-1.105063102997073	0.547396	M	-0.785513	0.015684	-0.015165	0.009889	-0.012873	0.027921	0.009387	-2.380628	0.73238	-0.972351	-0.738731	0.30838
cell_003330	donor_084	0.6646241492401536	-0.6313322112712746	-1.423240649828029	0.547396	M	-0.13928	0.04054	-0.015165	0.009889	-0.012873	0.027921	0.009387	0.921091	0.016778	0.404633	1.129878	0.759497
cell_003331	donor_084	0.9087800680113534	0.2894491998553043	-0.07780129412554321	0.547396	M	0.051684	0.007996	-0.015165	0.009889	-0.012873	0.027921	0.009387	1.936053	1.675192	-0.7351	1.26681	-1.037602
cell_003332	donor_084	-2.015054678690648	0.3178914165229503	-1.138082258634879	0.547396	M	-1.295447	0.002693	-0.015165	0.009889	-0.012873	0.027921	0.009387	-0.539022	2.470823	0.536444	-0.937644	-1.414732
cell_003333	donor_084	-0.2687484338202706	-0.5888586480763845	-0.00024326479968582332	0.547396	M	0.1436	0.0089	-0.015165	0.009889	-0.012873	0.027921	0.009387	-0.890895	-0.119212	0.287452	0.046587	-0.772396
cell_003334	donor_084	0.24506552044638397	-1.2570732095043706	0.3901177907296195	0.547396	M	0.737353	0.03917	-0.015165	0.009889	-0.012873	0.027921	0.009387	-0.898542	-1.151739	0.395458	0.230067	1.344884
cell_003335	donor_084	0.4542880403966566	0.6182888649937586	1.1226926937759967	0.547396	M	-1.22811	0.017626	-0.015165	0.009889	-0.012873	0.027921	0.009387	-0.428251	1.690111	-0.417968	0.383063	0.212548
cell_003336	donor_084	0.30182842479245314	-0.2719086958195419	1.5257341952436745	0.547396	M	1.244934	0.036977	-0.015165	0.009889	-0.012873	0.027921	0.009387	1.609312	0.321221	0.940819	0.48074	2.131283
cell_003337	donor_084	-1.3990250148731866	0.3346978095982077	0.037813928466777516	0.547396	M	-0.170043	0.030017	-0.015165	0.009889	-0.012873	0.027921	0.009387	0.989124	-0.813912	-2.293355	-0.110416	-1.160608
cell_003338	donor_084	1.1679628275515106	-0.43844263151028817	-1.2666909893455554	0.547396	M	-0.626477	0.043059	-0.015165	0.009889	-0.012873	0.027921	0.009387	0.87585	-1.102038	0.330059	-1.004771	0.091937
cell_003339	donor_084	0.07160339450073158	0.6349213453347566	0.4089027495606622	0.547396	M	0.85118	0.0137	-0.015165	0.009889	-0.012873	0.027921	0.009387	1.948233	-0.550541	-0.240348	0.422489	-2.899862
cell_003340	donor_084	0.7038411236069322	-0.21441151197181887	2.0678106354144177	0.547396	M	-0.211394	0.004896	-0.015165	0.009889	-0.012873	0.027921	0.009387	-1.345866	-0.659683	-1.536269	0.082705	-0.394662
cell_003341	donor_084	0.7828363628658196	0.4210480482657157	-0.8392864291717624	0.547396	M	0.370547	0.020933	-0.015165	0.009889	-0.012873	0.027921	0.009387	1.856127	-0.09858	-0.25527	0.624875	0.442495
cell_003342	donor_084	0.39063734428852165	0.46861757085835953	-2.003218229369778	0.547396	M	-1.025022	0.030738	-0.015165	0.009889	-0.012873	0.027921	0.009387	-0.564884	0.304441	0.403471	-0.145454	-1.952037
cell_003343	donor_084	0.016607912949871254	0.5073413221577998	-0.25238551850742447	0.547396	M	-0.592596	0.011096	-0.015165	0.009889	-0.012873	0.027921	0.009387	1.578114	0.211673	-0.577418	1.953663	-2.282118
cell_003344	donor_084	-0.10157089439796374	0.6114544255216905	-1.5908696771691417	0.547396	M	-0.702604	0.045948	-0.015165	0.009889	-0.012873	0.027921	0.009387	0.162137	3.215825	0.224785	-1.092048	-0.268102
cell_003345	donor_084	-1.261787407702909	0.7110597057050796	-0.5770958977788854	0.547396	M	0.278746	0.034609	-0.015165	0.009889	-0.012873	0.027921	0.009387	-0.446069	0.008392	1.316679	1.246309	-0.332633
cell_003346	donor_084	-1.4310770457899162	2.1216603676746626	-1.726950673335547	0.547396	M	0.815529	0.063954	-0.015165	0.009889	-0.012873	0.027921	0.009387	0.144828	-1.798988	1.305612	-1.145926	-0.950242
cell_003347	donor_084	0.6261657094030405	0.4715326587105339	-0.0838855873494661	0.547396	M	-0.060376	0.040425	-0.015165	0.009889	-0.012873	0.027921	0.009387	0.881353	0.914164	-0.789522	-0.110997	-1.285807
cell_003348	donor_084	-1.3625882403183496	-1.0954525910229596	-0.6656088038482556	0.547396	M	-1.034291	0.040449	-0.015165	0.009889	-0.012873	0.027921	0.009387	-0.867086	0.59759	0.717561	-0.728206	0.731447
cell_003349	donor_084	0.02010032416082888	-0.03824405803737997	2.1011832954370373	0.547396	M	0.416453	0.070731	-0.015165	0.009889	-0.012873	0.027921	0.009387	0.893705	1.45968	0.767694	0.322375	1.415928
cell_003350	donor_084	-1.9761871311819819	1.06241549802491	-0.08445445738654268	0.547396	M	0.982942	0.059141	-0.015165	0.009889	-0.012873	0.027921	0.009387	-1.43225	-0.41699	1.493757	-0.290892	-0.42625
cell_003351	donor_084	-0.8479270109762904	-1.3888609823260067	0.3729088257233251	0.547396	M	0.84694	0.031631	-0.015165	0.009889	-0.012873	0.027921	0.009387	0.205639	-0.205537	0.421803	-0.742554	0.651493
cell_003352	donor_084	2.3913274703594043	0.17661266883084112	-0.8789942499456339	0.547396	M	-1.159192	0.02995	-0.015165	0.009889	-0.012873	0.027921	0.009387	2.004991	0.116128	1.326822	3.182267	0.66074
cell_003353	donor_084	-0.4511254629088004	-0.09175339614381121	0.04129233709094308	0.547396	M	0.561831	0.019846	-0.015165	0.009889	-0.012873	0.027921	0.009387	1.188135	1.563165	1.483797	-0.150112	-0.359121
cell_003354	donor_084	-0.710002056002189	0.22233727252526647	-0.5622901375104283	0.547396	M	0.795924	0.05426	-0.015165	0.009889	-0.012873	0.027921	0.009387	1.345393	-0.559201	-0.492543	-1.501916	-1.129586
cell_003355	donor_084	1.431871026022701	0.7155927257309912	1.104154014376646	0.547396	M	0.448789	0.036296	-0.015165	0.009889	-0.012873	0.027921	0.009387	0.528086	-1.750109	-1.390358	0.451338	0.522856
cell_003356	donor_084	-1.2154577746105317	0.3278996991047035	-1.2593457778784618	0.547396	M	-0.304749	0.014893	-0.015165	0.009889	-0.012873	0.027921	0.009387	-0.803154	1.055676	0.08588	-2.22578	-1.163273
cell_003357	donor_084	-1.023358664573961	2.0023537067909514	0.6892208549957004	0.547396	M	0.718199	0.027044	-0.015165	0.009889	-0.012873	0.027921	0.009387	-1.014943	-0.589592	1.485921	1.225388	-1.399503
cell_003358	donor_084	-0.3820893697570464	-0.2904956978688946	0.024205290014774748	0.547396	M	0.325809	0.015866	-0.015165	0.009889	-0.012873	0.027921	0.009387	0.583774	1.557613	1.512301	0.696714	-0.627359
cell_003359	donor_084	-1.9437929786678836	-0.42948600007203025	-0.01122876300526227	0.547396	M	-1.033103	0.000793	-0.015165	0.009889	-0.012873	0.027921	0.009387	-0.950978	0.456182	-1.233681	-0.47406	-0.481642
cell_003360	donor_084	-0.9766954763650019	-2.434395005405962	0.09960389824676996	0.547396	M	0.011024	0.015672	-0.015165	0.009889	-0.012873	0.027921	0.009387	-0.619391	-1.475784	0.203684	-0.124795	-0.949614
cell_003361	donor_084	1.0074660903041293	-0.815010404620433	-1.0830074097501534	0.547396	M	-0.417076	0.021222	-0.015165	0.009889	-0.012873	0.027921	0.009387	0.35588	0.063044	0.376129	1.162633	0.488453
cell_003362	donor_084	-1.01446593593041	1.339527820061276	0.5863242309752741	0.547396	M	0.249132	0.014793	-0.015165	0.009889	-0.012873	0.027921	0.009387	0.463871	0.994755	0.659267	1.102786	-0.189463
cell_003363	donor_084	0.17959470432770985	-0.8322203214021031	1.1878719360613827	0.547396	M	0.938738	0.047967	-0.015165	0.009889	-0.012873	0.027921	0.009387	-0.059555	-1.327057	-0.051772	-0.313079	-0.075703
cell_003364	donor_084	-0.6806061470053069	-0.31087338853105567	0.8148287748367153	0.547396	M	0.499269	0.023582	-0.015165	0.009889	-0.012873	0.027921	0.009387	1.598189	-1.108476	0.736791	-0.152567	1.740754
cell_003365	donor_084	0.6553011006132032	0.465497080425281	-0.02041202884404147	0.547396	M	-2.032143	0.027696	-0.015165	0.009889	-0.012873	0.027921	0.009387	-0.887922	1.754821	-0.632649	0.524494	0.507879
cell_003366	donor_085	0.04510110328175714	1.9338372163425768	-0.04759814186355486	-0.158921	M	-0.716806	0.019628	-0.007513	-0.008518	0.021059	-0.003875	-0.013802	0.160191	0.451887	-1.276441	0.423082	1.828173
cell_003367	donor_085	-0.466512904943625	0.28875131795091113	-1.4583305899703347	-0.158921	M	0.760815	0.063642	-0.007513	-0.008518	0.021059	-0.003875	-0.013802	1.680124	-0.891571	-0.113134	1.080901	0.080798
cell_003368	donor_085	0.2452396029431211	0.17414064854080902	-0.9398912769116348	-0.158921	M	-0.375552	0.044064	-0.007513	-0.008518	0.021059	-0.003875	-0.013802	1.35266	-1.699441	0.206156	-0.240643	0.927778
cell_003369	donor_085	1.351913552746736	-0.1132288736988558	0.9614851033359311	-0.158921	M	-0.559515	0.007426	-0.007513	-0.008518	0.021059	-0.003875	-0.013802	-0.20585	-1.426833	0.61887	0.822892	0.855498
cell_003370	donor_085	-0.563776804947774	-0.7252438842486381	0.5573813828345784	-0.158921	M	1.457581	0.016623	-0.007513	-0.008518	0.021059	-0.003875	-0.013802	1.274392	1.251718	-2.413118	0.240164	-1.450685
cell_003371	donor_085	-1.2630094581477251	-1.711080232120231	0.16430656875741237	-0.158921	M	-0.967734	0.007651	-0.007513	-0.008518	0.021059	-0.003875	-0.013802	-2.044861	-0.067951	-1.43846	0.540306	0.677548
cell_003372	donor_085	-0.22801509473368192	-0.6832617651374153	-0.9205099747777308	-0.158921	M	-0.58439	0.034615	-0.007513	-0.008518	0.021059	-0.003875	-0.013802	-1.26348	-0.914152	-0.742188	-1.065675	-0.76375
cell_003373	donor_085	-0.3106190948002445	-0.8054656217454659	0.9910999179874976	-0.158921	M	0.549009	0.047545	-0.007513	-0.008518	0.021059	-0.003875	-0.013802	-0.712779	0.177373	1.502754	0.215716	-1.165372
cell_003374	donor_085	-0.9735061172615569	0.994631799929106	0.33761863111767343	-0.158921	M	0.596271	0.045469	-0.007513	-0.008518	0.021059	-0.003875	-0.013802	-0.091838	-0.590201	-1.02545	2.173855	-0.360141
cell_003375	donor_085	-0.7938650815673572	0.8614302218642551	0.12096953726031799	-0.158921	M	0.772919	0.001036	-0.007513	-0.008518	0.021059	-0.003875	-0.013802	0.427174	-0.945983	0.381616	0.114136	0.900316
cell_003376	donor_085	0.20448081568523954	0.9178776651585624	-0.7190342979651747	-0.158921	M	0.78042	0.012987	-0.007513	-0.008518	0.021059	-0.003875	-0.013802	1.267012	-0.741032	-0.498651	-0.131631	-0.078769
cell_003377	donor_085	2.1516981400444655	-1.4393373535392562	0.9742157429762643	-0.158921	M	2.08293	0.038266	-0.007513	-0.008518	0.021059	-0.003875	-0.013802	-0.863144	-0.959869	0.342445	-0.458348	-0.222493
cell_003378	donor_085	0.16524822134026285	2.1682521951442184	0.3256884305279734	-0.158921	M	1.21668	0.020507	-0.007513	-0.008518	0.021059	-0.003875	-0.013802	-1.128418	-1.420935	-0.820202	0.150961	-0.682125
cell_003379	donor_085	-1.224616275822305	1.1064226597032594	1.1200860305517055	-0.158921	M	-1.415265	0.033229	-0.007513	-0.008518	0.021059	-0.003875	-0.013802	0.468399	0.267321	-0.07606	1.065103	-0.578882
cell_003380	donor_085	-0.8039952337922915	-0.8108488987913892	-0.7004982054589696	-0.158921	M	2.406277	0.012335	-0.007513	-0.008518	0.021059	-0.003875	-0.013802	-1.330215	-0.500871	1.890211	-0.952993	-2.080552
cell_003381	donor_085	-0.2917119865073886	0.20531281578907984	1.7885403134335631	-0.158921	M	0.345992	0.008224	-0.007513	-0.008518	0.021059	-0.003875	-0.013802	1.5195	0.666433	0.530144	-0.932982	-0.360477
cell_003382	donor_085	0.6780286937097462	0.5867054943528627	-0.2635834102736634	-0.158921	M	-0.862066	0.04336	-0.007513	-0.008518	0.021059	-0.003875	-0.013802	0.539346	-0.050671	-0.818483	-0.294379	0.828009
cell_003383	donor_085	1.226296178197446	0.6843621215813522	-0.5043733243681875	-0.158921	M	0.75671	0.044985	-0.007513	-0.008518	0.021059	-0.003875	-0.013802	0.01892	0.987621	-0.434993	0.036357	-0.130503
cell_003384	donor_085	0.16991185811448017	0.35786905782528516	-0.4877216015898817	-0.158921	M	-0.545317	0.007305	-0.007513	-0.008518	0.021059	-0.003875	-0.013802	-0.846782	-0.861123	-1.585726	0.444172	-1.088715
cell_003385	donor_085	1.129287394640714	0.7791101658287132	0.5303320055948487	-0.158921	M	0.730605	0.054607	-0.007513	-0.008518	0.021059	-0.003875	-0.013802	0.813502	-1.21004	-1.066479	-1.148114	-0.237896
cell_003386	donor_085	0.276780018495228	0.0715867434016656	0.683018393387503	-0.158921	M	-1.472573	0.034089	-0.007513	-0.008518	0.021059	-0.003875	-0.013802	-1.793245	0.519538	-1.091134	1.21807	2.224555
cell_003387	donor_085	1.1991460137838008	-1.0918501776810061	0.6131659626714763	-0.158921	M	-0.657776	0.029341	-0.007513	-0.008518	0.021059	-0.003875	-0.013802	-0.886255	1.408675	0.129968	0.087874	-1.756084
cell_003388	donor_085	1.255583579260177	0.8912957498098942	-0.42448510913619475	-0.158921	M	1.820218	0.054534	-0.007513	-0.008518	0.021059	-0.003875	-0.013802	-0.377783	1.18617	-0.309062	-0.242425	0.193153
cell_003389	donor_085	-0.19972603673896408	-1.3311804393624693	-1.2108442533774921	-0.158921	M	1.90199	0.031195	-0.007513	-0.008518	0.021059	-0.003875	-0.013802	-2.562662	0.167069	-0.318321	-0.317864	1.871556
cell_003390	donor_085	0.827049695689393	-1.5238635253055564	-0.22778110321535214	-0.158921	M	1.07285	0.028107	-0.007513	-0.008518	0.021059	-0.003875	-0.013802	1.241573	0.26727	1.273919	0.061754	-0.07776
cell_003391	donor_085	-0.2353109778721188	-1.4294506130448366	1.1332281054776734	-0.158921	M	1.484074	0.030183	-0.007513	-0.008518	0.021059	-0.003875	-0.013802	1.09487	1.377099	-0.868418	-1.200653	-2.400007
cell_003392	donor_085	0.6344655212961887	1.1603559624879605	1.6502162500974698	-0.158921	M	-0.763823	0.070918	-0.007513	-0.008518	0.021059	-0.003875	-0.013802	-0.761367	0.343086	-0.344551	0.814673	1.274937
cell_003393	donor_085	1.3649443962589698	0.4159600374416436	0.40555715456983216	-0.158921	M	-1.247318	0.039476	-0.007513	-0.008518	0.021059	-0.003875	-0.013802	0.081304	0.274682	0.406278	-0.08072	1.497349
cell_003394	donor_085	0.3913620499892405	-0.009688152851510298	-1.2557592768750887	-0.158921	M	0.72885	0.013686	-0.007513	-0.008518	0.021059	-0.003875	-0.013802	0.385551	0.803118	-0.464333	1.413105	-0.376654
cell_003395	donor_085	-1.2097947924546881	-0.44675360670773917	-0.28085635422684724	-0.158921	M	1.303833	0.027118	-0.007513	-0.008518	0.021059	-0.003875	-0.013802	-0.891256	0.385648	-0.337969	-1.936877	0.486097
cell_003396	donor_085	-1.899073597924886	1.539481250820772	0.5937805477240872	-0.158921	M	1.27822	0.055416	-0.007513	-0.008518	0.021059	-0.003875	-0.013802	0.400359	-0.332405	-1.542666	-0.108179	0.345659
cell_003397	donor_085	-0.13320127530188344	-1.2595302762820286	0.7572770654016677	-0.158921	M	-1.269686	0.006421	-0.007513	-0.008518	0.021059	-0.003875	-0.013802	1.187548	-0.92758	0.213976	0.736653	-0.414658
cell_003398	donor_085	-1.2263160745811343	0.8451005299704816	0.25697782735022656	-0.158921	M	0.727535	0.044005	-0.007513	-0.008518	0.021059	-0.003875	-0.013802	-0.378417	-0.745333	-0.800767	-0.758883	-0.777495
cell_003399	donor_085	-1.7878082811111355	0.3425307655138263	1.80932064308977	-0.158921	M	0.353812	0.022769	-0.007513	-0.008518	0.021059	-0.003875	-0.013802	-0.319738	1.036772	-0.287144	0.955445	1.609551
cell_003400	donor_085	-0.4524860882641099	0.8199357734710838	1.6869868011097766	-0.158921	M	-0.451868	0.099328	-0.007513	-0.008518	0.021059	-0.003875	-0.013802	1.758712	0.556691	-0.613383	-0.457055	0.769335
cell_003401	donor_085	-1.4060868801792104	-2.35767470413209	1.5450041365595328	-0.158921	M	0.922411	0.049715	-0.007513	-0.008518	0.021059	-0.003875	-0.013802	1.386072	-0.739935	-0.633657	2.435458	0.392279
cell_003402	donor_085	1.1233193431700559	-0.13327158901676023	-1.3950457222718302	-0.158921	M	2.265855	0.021257	-0.007513	-0.008518	0.021059	-0.003875	-0.013802	0.612939	-0.541823	-0.805394	2.612573	-0.084174
cell_003403	donor_085	0.6312635462768904	0.4748728072143094	0.7714927568218212	-0.158921	M	-0.1413	0.024078	-0.007513	-0.008518	0.021059	-0.003875	-0.013802	1.212339	-1.512412	-0.434654	-0.69493	-1.021751
cell_003404	donor_085	-1.1719597205372334	0.8949566530953119	-0.8101430543174429	-0.158921	M	0.930942	0.048078	-0.007513	-0.008518	0.021059	-0.003875	-0.013802	-0.955316	-1.303965	0.458643	0.104357	-0.350528
cell_003405	donor_085	1.7384173789625814	-1.2905180511417562	-1.1474213957303798	-0.158921	M	-1.281419	0.030033	-0.007513	-0.008518	0.021059	-0.003875	-0.013802	0.174422	1.435335	0.262959	0.657426	0.599746
cell_003406	donor_085	-2.439034752397986	0.08840302101323845	0.41436027934987485	-0.158921	M	-0.17305	0.055757	-0.007513	-0.008518	0.021059	-0.003875	-0.013802	-1.469492	0.140442	-0.083264	-1.289646	0.719088
cell_003407	donor_085	-0.47239597238834624	0.6924555984675509	1.2896251208518588	-0.158921	M	0.079735	0.018663	-0.007513	-0.008518	0.021059	-0.003875	-0.013802	-1.830134	-0.101786	1.677566	1.69865	-1.205113
cell_003408	donor_085	-2.0035054529508014	-0.9415097979385476	-0.016044055954254427	-0.158921	M	0.031445	0.008187	-0.007513	-0.008518	0.021059	-0.003875	-0.013802	-0.23801	0.556168	0.150147	-1.494531	1.134775
cell_003409	donor_085	0.3420876915522308	1.055208162908188	-0.08512752406277116	-0.158921	M	-0.593762	0.01067	-0.007513	-0.008518	0.021059	-0.003875	-0.013802	-0.807498	0.169906	-0.529305	2.791866	0.426603
cell_003410	donor_085	0.6935581673627436	-0.5393347099997107	0.8530052501211439	-0.158921	M	0.153738	0.010331	-0.007513	-0.008518	0.021059	-0.003875	-0.013802	0.256231	0.025666	1.571668	-0.426015	0.674763
cell_003411	donor_085	-0.6008472204316339	-0.38442156442823394	0.3091406387457839	-0.158921	M	0.765519	0.024621	-0.007513	-0.008518	0.021059	-0.003875	-0.013802	-0.174166	-0.03713	-1.189619	0.506812	-0.14245
cell_003412	donor_086	-0.25247291207116485	-0.19589518391332314	-0.2589919196778311	1.606871	M	-0.569887	0.018972	0.031566	0.004628	-0.020618	0.03331	0.00614	-0.318438	1.422775	-1.185061	-0.241458	-1.470492
cell_003413	donor_086	1.2255894337836064	0.9482313556790961	-0.13584641529258126	1.606871	M	1.524054	0.054392	0.031566	0.004628	-0.020618	0.03331	0.00614	0.571088	-0.965839	-0.854715	-1.752238	-2.344697
cell_003414	donor_086	-0.57289813071525	0.7996035539629123	-0.16207739162122617	1.606871	M	0.307426	0.044904	0.031566	0.004628	-0.020618	0.03331	0.00614	0.364427	0.66492	0.383147	-0.655472	1.538334
cell_003415	donor_086	-1.9380849879207749	-1.00998014201836	-0.03414712110592279	1.606871	M	-0.06102	0.015781	0.031566	0.004628	-0.020618	0.03331	0.00614	-1.123364	1.858196	1.045889	0.563351	1.292272
cell_003416	donor_086	-0.41344909294550625	1.0181291203900544	1.4830162125705872	1.606871	M	0.287912	0.070674	0.031566	0.004628	-0.020618	0.03331	0.00614	-1.297144	-1.067715	-0.173183	0.032612	0.278915
cell_003417	donor_086	-0.48480365376896584	0.8155514479297331	-0.6328407107639135	1.606871	M	0.780988	0.040135	0.031566	0.004628	-0.020618	0.03331	0.00614	2.798139	-1.540109	-0.145695	1.531032	-1.612709
cell_003418	donor_086	0.41632670829064006	-1.1786890307726083	1.244098644813414	1.606871	M	2.788163	0.017019	0.031566	0.004628	-0.020618	0.03331	0.00614	0.488959	1.492422	-1.03836	-0.11463	-0.177515
cell_003419	donor_086	-0.2220888442641525	1.6621853729377152	0.4711904597935843	1.606871	M	-0.442474	0.008886	0.031566	0.004628	-0.020618	0.03331	0.00614	-0.759058	-1.172679	0.128642	0.592586	-1.831843
cell_003420	donor_086	1.1779840554855108	-0.32779682879485195	-0.07165175555485215	1.606871	M	1.451561	0.001116	0.031566	0.004628	-0.020618	0.03331	0.00614	-0.697718	-0.063185	0.630977	0.712298	0.4556
cell_003421	donor_086	0.9019395762782297	-0.28587338214253	0.8987321427170492	1.606871	M	-0.835152	0.052553	0.031566	0.004628	-0.020618	0.03331	0.00614	-0.536665	0.231559	-0.796462	0.03851	-0.50611
cell_003422	donor_086	-0.32367535647035633	-1.805873191857864	-0.5689269399647415	1.606871	M	-0.02207	0.003765	0.031566	0.004628	-0.020618	0.03331	0.00614	0.850221	-0.044872	1.742949	-1.22443	0.257999
cell_003423	donor_086	0.7305254323154973	0.13650369910771679	0.3504407361206725	1.606871	M	-1.530145	0.057444	0.031566	0.004628	-0.020618	0.03331	0.00614	0.237473	-0.069144	0.152922	0.668356	1.005586
cell_003424	donor_086	0.26710253637380216	1.512668640314441	-0.14214814795521194	1.606871	M	2.031608	0.036257	0.031566	0.004628	-0.020618	0.03331	0.00614	0.291584	0.774394	-0.630916	1.078844	0.636944
cell_003425	donor_086	2.096053303901443	1.0862624182888263	0.2591413135046882	1.606871	M	0.161671	0.022879	0.031566	0.004628	-0.020618	0.03331	0.00614	0.06444	0.044668	0.352517	-0.239392	0.918697
cell_003426	donor_086	1.3872769457437917	0.6528456423464091	-0.12719096290376375	1.606871	M	-0.093802	0.034112	0.031566	0.004628	-0.020618	0.03331	0.00614	0.974741	-0.176218	0.329152	-0.468641	1.355249
cell_003427	donor_086	0.8894063169713654	1.4767661282879367	0.17440951214901995	1.606871	M	-1.345945	0.014098	0.031566	0.004628	-0.020618	0.03331	0.00614	1.681372	0.919423	0.618709	-0.793691	-1.00304
cell_003428	donor_086	-0.21682146127288518	-0.9701855202296897	0.626443016344296	1.606871	M	-0.283362	0.017249	0.031566	0.004628	-0.020618	0.03331	0.00614	-0.071129	0.261349	-0.622676	0.159415	2.008959
cell_003429	donor_086	0.29999341929879303	-0.8073050100871647	-0.17275114051379808	1.606871	M	0.18988	0.041715	0.031566	0.004628	-0.020618	0.03331	0.00614	-1.806579	-0.587327	0.919091	0.620533	0.867648
cell_003430	donor_086	0.7468184756564035	-0.343536196935564	1.0054221179693594	1.606871	M	-0.770453	0.063262	0.031566	0.004628	-0.020618	0.03331	0.00614	-0.329233	2.109734	-2.207066	0.548583	1.421194
cell_003431	donor_086	0.04192154182680113	-0.5736699510326527	-2.5080320925944433	1.606871	M	-3.339106	0.01111	0.031566	0.004628	-0.020618	0.03331	0.00614	0.556928	-1.114684	0.866383	-2.226027	-0.554476
cell_003432	donor_086	-2.7457019040606854	-0.34649330404862905	-0.26547399544554895	1.606871	M	-1.209698	0.006882	0.031566	0.004628	-0.020618	0.03331	0.00614	2.365503	0.041888	1.30009	-1.185967	-0.476508
cell_003433	donor_086	0.8794478442267102	-0.7896556318521621	0.11717171635390165	1.606871	M	1.241658	0.035197	0.031566	0.004628	-0.020618	0.03331	0.00614	0.661538	-0.145003	-2.308149	-0.205602	-1.016489
cell_003434	donor_086	-0.13752554559989627	-1.1209101205567336	-0.9740325566836754	1.606871	M	-0.221064	0.058202	0.031566	0.004628	-0.020618	0.03331	0.00614	-1.039746	0.284053	1.42199	1.269056	0.533794
cell_003435	donor_086	-0.6116678667520439	1.451684223345756	-0.15083590095773547	1.606871	M	0.263917	0.00757	0.031566	0.004628	-0.020618	0.03331	0.00614	-1.790406	1.040186	0.219273	0.559499	-0.742582
cell_003436	donor_086	-0.4292703484807361	1.4097284591174433	-0.4893848443713227	1.606871	M	0.451608	0.020207	0.031566	0.004628	-0.020618	0.03331	0.00614	-3.591926	-1.831275	1.27343	-0.618429	1.541495
cell_003437	donor_086	1.6461532564719186	-0.17094620152949472	-0.1645992941144249	1.606871	M	-0.198964	0.039432	0.031566	0.004628	-0.020618	0.03331	0.00614	-1.198343	0.845049	0.620567	1.491778	0.481474
cell_003438	donor_086	0.5823195700984061	-0.46232792571525144	-1.2146098414428088	1.606871	M	0.477236	0.010878	0.031566	0.004628	-0.020618	0.03331	0.00614	-1.84843	0.373429	-0.612665	0.120385	0.059928
cell_003439	donor_086	-0.44931075838948886	-0.222967527910129	-0.07964185324845174	1.606871	M	-0.620487	0.038508	0.031566	0.004628	-0.020618	0.03331	0.00614	-0.494358	0.58378	1.231866	0.711893	-0.059424
cell_003440	donor_086	-0.6785054688859965	-1.152522349740368	1.3189923097039271	1.606871	M	-0.965919	0.034505	0.031566	0.004628	-0.020618	0.03331	0.00614	-1.461614	0.197655	-0.131728	0.790875	0.800523
cell_003441	donor_086	0.8700151928570462	-0.1420005633576644	0.06228103558738055	1.606871	M	-1.364785	0.038519	0.031566	0.004628	-0.020618	0.03331	0.00614	1.621391	-1.40872	0.178292	-0.484878	0.314158
cell_003442	donor_086	0.5797174536313064	0.2448447771867053	0.46695485054198843	1.606871	M	1.543838	0.03524	0.031566	0.004628	-0.020618	0.03331	0.00614	-0.606838	0.31626	-0.159939	0.243632	-0.628758
cell_003443	donor_086	-1.4360704926866716	0.046397065118894826	-0.00046681771306540415	1.606871	M	1.332411	0.028214	0.031566	0.004628	-0.020618	0.03331	0.00614	-0.02314	-0.233785	0.958354	-2.168517	0.753062
cell_003444	donor_086	0.5019729781606405	0.9081521034551042	-0.3061064986640044	1.606871	M	-0.185956	0.048129	0.031566	0.004628	-0.020618	0.03331	0.00614	0.465546	1.31943	0.221851	0.855937	-0.576526
cell_003445	donor_086	-0.054898860467022415	0.2147047910321341	-0.9733340334506034	1.606871	M	-0.556945	0.043633	0.031566	0.004628	-0.020618	0.03331	0.00614	-1.107671	1.567331	0.602906	-0.818466	-0.596107
cell_003446	donor_086	-0.1400776907883118	1.017777856805158	-1.0302144147512426	1.606871	M	-1.268897	0.024369	0.031566	0.004628	-0.020618	0.03331	0.00614	0.254265	-0.439143	0.852303	-0.045042	-1.162025
cell_003447	donor_086	-0.2060083819842422	1.1447408357555497	1.2527305172173149	1.606871	M	-0.651204	0.013556	0.031566	0.004628	-0.020618	0.03331	0.00614	1.905706	-1.009098	-0.589421	-0.244447	-0.969274
cell_003448	donor_086	-1.0037849943091954	-0.6740992574432407	-0.14014943550136683	1.606871	M	-0.255109	0.016285	0.031566	0.004628	-0.020618	0.03331	0.00614	0.039897	1.537235	0.899441	0.700878	0.123847
cell_003449	donor_086	-0.2519651898654471	2.0533546155132845	-0.10054510938087806	1.606871	M	-0.192925	0.040194	0.031566	0.004628	-0.020618	0.03331	0.00614	-0.064969	-0.884965	2.025805	1.149864	-1.125866
cell_003450	donor_086	1.0836287828204747	-0.7232259239615735	0.7151760187491155	1.606871	M	-0.390366	0.063331	0.031566	0.004628	-0.020618	0.03331	0.00614	1.343922	0.454211	-0.143223	0.03131	-0.35397
cell_003451	donor_086	2.3111461832050844	-0.12173320695001802	0.9283672137497789	1.606871	M	-0.561052	0.013323	0.031566	0.004628	-0.020618	0.03331	0.00614	0.088127	0.29816	-1.69919	1.608948	0.406567
cell_003452	donor_086	-0.6893674088932035	-0.04888168624343582	-0.5946984231276399	1.606871	M	-0.225957	0.003753	0.031566	0.004628	-0.020618	0.03331	0.00614	0.568367	-0.995459	-1.557573	-1.030437	-2.566818
cell_003453	donor_086	0.15642131472608997	0.04611649384620064	1.238827919578963	1.606871	M	1.403389	0.042123	0.031566	0.004628	-0.020618	0.03331	0.00614	-1.042534	-1.19944	-0.929993	-0.382915	-0.161973
cell_003454	donor_086	0.6604831923268881	-0.7240175522972876	0.04360129656711261	1.606871	M	-0.713083	0.051249	0.031566	0.004628	-0.020618	0.03331	0.00614	0.79394	0.00597	1.698296	0.945824	1.434797
cell_003455	donor_086	1.0522939207960376	1.7023655117402263	-0.10471149410926743	1.606871	M	-0.520972	0.000937	0.031566	0.004628	-0.020618	0.03331	0.00614	0.87273	0.673459	-1.733869	-0.625337	-0.959043
cell_003456	donor_086	-0.19073198208778858	0.24106305535689093	-0.958138087218335	1.606871	M	-0.438851	0.006837	0.031566	0.004628	-0.020618	0.03331	0.00614	0.116807	-1.590592	0.560727	0.932356	1.795817
cell_003457	donor_087	-0.17401701851468288	-0.3224367897330525	-0.03636113581775606	0.335501	F	0.11921	0.004541	-0.03305	0.023999	-0.012716	-0.004502	0.040721	-0.745097	-0.095838	-0.198861	0.243559	0.550954
cell_003458	donor_087	-0.8160302730307954	-0.9002206994460126	-0.4275974211895071	0.335501	F	-0.684792	0.03639	-0.03305	0.023999	-0.012716	-0.004502	0.040721	-0.349946	1.029307	0.386439	-0.49254	-0.237832
cell_003459	donor_087	1.0914669179896	-1.3106654662819872	-1.4465464990703794	0.335501	F	-0.529051	0.03022	-0.03305	0.023999	-0.012716	-0.004502	0.040721	0.387531	0.82276	-2.578878	-0.034163	-1.26794
cell_003460	donor_087	1.1698217003306595	-1.154634274763008	-0.4755625861325642	0.335501	F	0.477724	0.032326	-0.03305	0.023999	-0.012716	-0.004502	0.040721	-0.17714	-0.565638	0.287282	0.496817	0.395451
cell_003461	donor_087	-0.16788954487765478	2.902418087253201	-1.9965176590295144	0.335501	F	0.426668	0.012605	-0.03305	0.023999	-0.012716	-0.004502	0.040721	-1.668373	0.137553	0.306777	-0.971243	2.613645
cell_003462	donor_087	0.15349142034615035	1.0730897739959162	1.7095719620323073	0.335501	F	1.273785	0.004309	-0.03305	0.023999	-0.012716	-0.004502	0.040721	0.164413	1.198985	-0.362055	0.017743	-0.369845
cell_003463	donor_087	-0.13208578194350087	0.3385747913146754	-0.6523848914191928	0.335501	F	0.478617	0.050711	-0.03305	0.023999	-0.012716	-0.004502	0.040721	2.520541	-0.364281	-0.942252	0.409868	1.194213
cell_003464	donor_087	-1.0168993567581697	-1.0882055828170534	0.06654684578967471	0.335501	F	-0.957325	0.03894	-0.03305	0.023999	-0.012716	-0.004502	0.040721	-0.368018	-1.398841	1.278985	1.448671	-0.110308
cell_003465	donor_087	-0.5207772061562698	1.3235324804787931	-1.6389217515186871	0.335501	F	-0.663832	0.024652	-0.03305	0.023999	-0.012716	-0.004502	0.040721	-0.816387	2.500004	-0.964872	-1.317664	0.574495
cell_003466	donor_087	0.5732015509970492	-1.438338287050451	0.6828242429607183	0.335501	F	0.017611	0.02142	-0.03305	0.023999	-0.012716	-0.004502	0.040721	-0.7445	-0.052294	3.216549	0.577793	-0.338974
cell_003467	donor_087	-1.1307862684063013	1.102869223485181	-0.4764609915100724	0.335501	F	0.581911	0.032948	-0.03305	0.023999	-0.012716	-0.004502	0.040721	1.338726	0.975993	-0.496568	0.952405	0.85318
cell_003468	donor_087	-0.5614101482551959	0.219755984336521	-0.34637225355320606	0.335501	F	3.364554	0.048076	-0.03305	0.023999	-0.012716	-0.004502	0.040721	-1.199103	-0.602305	-0.212347	-1.190269	0.660898
cell_003469	donor_087	-0.3829866191063265	-0.45420658753341475	1.6575220729152687	0.335501	F	-2.5294	0.012512	-0.03305	0.023999	-0.012716	-0.004502	0.040721	-1.043661	1.407795	0.293421	0.399522	0.260136
cell_003470	donor_087	0.7998180628424624	-0.9093903886519412	-0.9165405604732064	0.335501	F	-1.274565	0.042239	-0.03305	0.023999	-0.012716	-0.004502	0.040721	-0.465489	-1.175628	0.521061	-1.055458	-0.239982
cell_003471	donor_087	-0.8179356581649817	-0.008439384582359594	0.5448580161965307	0.335501	F	-0.996259	0.019477	-0.03305	0.023999	-0.012716	-0.004502	0.040721	-0.780507	-1.07537	-0.258022	0.982537	2.337309
cell_003472	donor_087	1.3564996800911582	0.817408762038984	-0.4522355991589983	0.335501	F	-0.766258	0.032055	-0.03305	0.023999	-0.012716	-0.004502	0.040721	-0.493558	0.428146	0.721563	-1.410021	0.220046
cell_003473	donor_087	-1.7316149981504	-0.16404558226288185	-1.772374223156658	0.335501	F	1.769822	0.048506	-0.03305	0.023999	-0.012716	-0.004502	0.040721	-1.339789	-0.023698	1.998266	-0.324016	-0.039368
cell_003474	donor_087	1.0875185842875696	0.6294437798582976	0.3759477369082535	0.335501	F	-0.191575	0.03602	-0.03305	0.023999	-0.012716	-0.004502	0.040721	-0.051246	-0.109538	-0.421243	0.593508	0.191543
cell_003475	donor_087	-1.4635618954665435	1.1308194834941725	0.636302860324553	0.335501	F	0.51499	0.009976	-0.03305	0.023999	-0.012716	-0.004502	0.040721	-1.053478	-0.239894	0.510906	0.230401	1.197851
cell_003476	donor_087	0.02115210568760734	-0.6902759795526093	-0.9962723557948279	0.335501	F	-0.383022	0.043256	-0.03305	0.023999	-0.012716	-0.004502	0.040721	-1.166397	-0.192825	-0.02896	0.352406	0.424975
cell_003477	donor_087	0.3301556472859097	-1.267807672617999	0.9968741218700353	0.335501	F	0.1495	0.021924	-0.03305	0.023999	-0.012716	-0.004502	0.040721	-0.535937	-0.687276	1.104292	-0.790289	-0.84814
cell_003478	donor_087	-0.4449445139729337	-0.7173698157009526	0.9916542272939585	0.335501	F	-0.274182	0.013554	-0.03305	0.023999	-0.012716	-0.004502	0.040721	1.628983	-1.053964	-1.323914	-0.170268	0.442785
cell_003479	donor_087	0.724608267380267	0.4333184409304093	-1.5324459384127547	0.335501	F	0.55085	0.013988	-0.03305	0.023999	-0.012716	-0.004502	0.040721	-0.237237	0.723348	0.587791	0.161675	0.087807
cell_003480	donor_087	0.31466647239685547	-3.336966722512968	-1.1655938078033712	0.335501	F	0.333093	0.0156	-0.03305	0.023999	-0.012716	-0.004502	0.040721	-0.871441	-1.409475	-0.35317	-0.026445	0.3187
cell_003481	donor_087	-0.5707424812243663	-0.15159570983929935	0.5378584106475314	0.335501	F	1.220294	0.012006	-0.03305	0.023999	-0.012716	-0.004502	0.040721	-1.082369	-0.428061	-0.474398	-0.614702	1.853461
cell_003482	donor_087	-0.3248711264960964	1.803528037830296	0.8867799753692315	0.335501	F	-0.545105	0.020996	-0.03305	0.023999	-0.012716	-0.004502	0.040721	0.554695	1.920125	2.031013	0.603267	-1.507448
cell_003483	donor_087	1.7773493583252489	-0.5448597062828778	-0.16819303613381914	0.335501	F	-0.005383	0.026549	-0.03305	0.023999	-0.012716	-0.004502	0.040721	-0.559877	-0.324753	-0.053989	-0.862558	0.049002
cell_003484	donor_087	0.20393905776656626	0.30960842566096836	0.14198034925806843	0.335501	F	-0.497772	0.038972	-0.03305	0.023999	-0.012716	-0.004502	0.040721	-0.93465	-0.678797	0.975122	1.280813	1.289705
cell_003485	donor_087	-0.512638843826767	0.5461780827508321	-1.2295335951862152	0.335501	F	0.559537	0.021933	-0.03305	0.023999	-0.012716	-0.004502	0.040721	0.652205	0.595468	-0.468142	0.39668	0.035142
cell_003486	donor_087	0.41806648090832105	-0.8433875967152834	-0.0248906467090807	0.335501	F	-0.327515	0.051263	-0.03305	0.023999	-0.012716	-0.004502	0.040721	2.055752	0.686959	-1.458403	-0.53259	0.186109
cell_003487	donor_087	-2.4742206157284863	0.11863325198882717	-0.4976459489483897	0.335501	F	0.800355	0.063079	-0.03305	0.023999	-0.012716	-0.004502	0.040721	0.44877	-1.686932	-1.071463	-1.701184	-0.518866
cell_003488	donor_087	-0.14363557232383137	-1.0285458223067017	-0.08081939439639593	0.335501	F	-0.661749	0.014463	-0.03305	0.023999	-0.012716	-0.004502	0.040721	-0.410546	0.302408	1.462004	-0.790719	0.565579
cell_003489	donor_087	-0.5139736127827585	-0.4930637081144772	-0.1091998175459028	0.335501	F	1.126772	0.036969	-0.03305	0.023999	-0.012716	-0.004502	0.040721	0.077464	0.467634	0.401192	0.196501	0.091953
cell_003490	donor_087	0.7145566478034472	1.1238053244684458	-0.16586397873196987	0.335501	F	0.060705	0.0263	-0.03305	0.023999	-0.012716	-0.004502	0.040721	0.986575	-2.168798	-0.588693	0.463105	1.058859
cell_003491	donor_087	1.382557847550403	0.8053470595702287	0.9315917936235234	0.335501	F	0.531247	0.043359	-0.03305	0.023999	-0.012716	-0.004502	0.040721	-0.062153	-0.735092	0.772559	-0.91765	-0.550009
cell_003492	donor_087	1.0901850822342067	-1.0514280054587728	-0.05507594423961798	0.335501	F	0.450157	0.011989	-0.03305	0.023999	-0.012716	-0.004502	0.040721	-0.143178	-0.716848	-0.107482	-2.247458	-3.214576
cell_003493	donor_087	0.13974139208296998	0.28682232131446056	-0.37103761690319675	0.335501	F	0.732439	0.033537	-0.03305	0.023999	-0.012716	-0.004502	0.040721	0.145288	-0.128993	1.159736	-0.673906	-0.526929
cell_003494	donor_087	-0.33219700045692346	0.7877796765350005	0.5166177772495089	0.335501	F	-1.899278	0.006066	-0.03305	0.023999	-0.012716	-0.004502	0.040721	0.101743	-0.97504	0.375405	-0.120135	-0.677576
cell_003495	donor_087	-2.8220920387410517	0.26193072625411606	0.899705528393314	0.335501	F	0.051785	0.027182	-0.03305	0.023999	-0.012716	-0.004502	0.040721	0.880193	1.017425	-1.049072	0.289822	-0.662395
cell_003496	donor_087	-1.9541578422233368	1.3800142774379593	0.12180026722575646	0.335501	F	1.682224	0.008165	-0.03305	0.023999	-0.012716	-0.004502	0.040721	1.237445	-0.739886	-1.017711	0.84678	-0.035846
cell_003497	donor_087	0.21066638621816017	0.11603465432328605	1.2854648864406926	0.335501	F	-1.00368	0.027389	-0.03305	0.023999	-0.012716	-0.004502	0.040721	0.715556	0.311042	0.547478	-0.534464	0.137166
cell_003498	donor_087	-1.1789193760897805	-0.6368443728590518	0.394745506316531	0.335501	F	0.397433	0.01545	-0.03305	0.023999	-0.012716	-0.004502	0.040721	1.000125	1.738291	-0.239212	-0.038643	-0.069131
cell_003499	donor_087	0.9146232625448493	-1.1341201165022994	0.5876009745366935	0.335501	F	-0.919287	0.03515	-0.03305	0.023999	-0.012716	-0.004502	0.040721	-0.661015	-0.084366	-0.906327	-0.58552	0.784555
cell_003500	donor_087	-0.3858851280262974	-1.3935547637220886	-0.003063598020529063	0.335501	F	0.06791	0.02735	-0.03305	0.023999	-0.012716	-0.004502	0.040721	-0.692535	-0.450148	0.127965	0.807459	0.960089
cell_003501	donor_087	-0.39043739102467473	-1.2585956210086577	-0.14822997953044023	0.335501	F	0.928141	0.024924	-0.03305	0.023999	-0.012716	-0.004502	0.040721	-1.708006	0.191547	-0.177475	-0.538373	1.804186
cell_003502	donor_087	2.6237243776743138	-0.4455579410175432	0.08014593861707098	0.335501	F	0.567748	0.031471	-0.03305	0.023999	-0.012716	-0.004502	0.040721	0.279182	-2.574994	1.234399	-0.866672	-2.049423
cell_003503	donor_087	1.0526317122267372	-0.1620296259423767	1.0367490246834372	0.335501	F	1.051006	0.02181	-0.03305	0.023999	-0.012716	-0.004502	0.040721	-2.427438	0.119098	-0.664037	0.376129	0.079976
cell_003504	donor_087	-0.9967136921795715	-0.758953721191947	-0.29146643551016455	0.335501	F	-0.01538	0.006393	-0.03305	0.023999	-0.012716	-0.004502	0.040721	0.647251	-0.22317	-2.665415	0.021831	-0.797769
cell_003505	donor_087	-2.4153075410097475	0.5478773282621414	-1.5885862156351325	0.335501	F	0.065664	0.013226	-0.03305	0.023999	-0.012716	-0.004502	0.040721	-0.324999	0.303831	2.312253	-0.002764	-2.151951
cell_003506	donor_087	0.3786439230402552	0.21015164564748434	1.6288962748722957	0.335501	F	0.997966	0.03598	-0.03305	0.023999	-0.012716	-0.004502	0.040721	0.959727	-0.977207	-0.302571	-1.297229	-0.007971
cell_003507	donor_088	1.3909552142883266	0.45240897411349695	-1.3198245953410823	-0.370816	M	0.279098	0.004078	0.022579	-0.023411	0.014675	0.026005	0.030866	-0.319161	-0.474817	0.374099	-0.138353	0.514464
cell_003508	donor_088	-1.126258729800138	-1.9606629609084945	-0.5746467091975136	-0.370816	M	-0.653084	0.011874	0.022579	-0.023411	0.014675	0.026005	0.030866	-0.053425	0.075296	0.462712	-0.875527	0.397208
cell_003509	donor_088	-0.9515707382684123	0.6873661784137661	-0.400061296361206	-0.370816	M	0.362528	0.008242	0.022579	-0.023411	0.014675	0.026005	0.030866	0.176669	1.167972	0.311466	-0.655929	0.255782
cell_003510	donor_088	1.6126653106321402	0.8175301646359202	1.7659299508872257	-0.370816	M	1.652462	0.057207	0.022579	-0.023411	0.014675	0.026005	0.030866	-0.624809	1.242322	0.737499	0.188112	1.194005
cell_003511	donor_088	-0.6234188568023994	1.2134999802763091	-0.3583336366769949	-0.370816	M	-1.268524	0.061224	0.022579	-0.023411	0.014675	0.026005	0.030866	0.371512	-0.505097	-1.046756	-2.565484	0.291511
cell_003512	donor_088	-0.6480733792248516	0.021988151625496895	-0.11103912718697666	-0.370816	M	-0.27556	0.048399	0.022579	-0.023411	0.014675	0.026005	0.030866	-2.463228	-1.440666	-2.314173	0.45357	0.301498
cell_003513	donor_088	0.21614123595146592	0.04675467355553116	-1.2210163352408892	-0.370816	M	1.372343	0.028318	0.022579	-0.023411	0.014675	0.026005	0.030866	-0.222721	1.769973	-0.147222	0.42953	0.247094
cell_003514	donor_088	0.1344661665592067	1.1169960670502852	0.5504089167504677	-0.370816	M	-0.876933	0.015264	0.022579	-0.023411	0.014675	0.026005	0.030866	-1.368091	-0.651298	0.010999	-0.402305	-1.417609
cell_003515	donor_088	-0.47271601804489616	-0.919418681796121	-1.4222833599172482	-0.370816	M	-1.023859	0.055467	0.022579	-0.023411	0.014675	0.026005	0.030866	-0.515533	0.805484	1.877957	0.997596	-1.437456
cell_003516	donor_088	-0.7025512393126904	-1.4107434270312889	-1.1392659027831715	-0.370816	M	-1.304775	0.009487	0.022579	-0.023411	0.014675	0.026005	0.030866	-0.397714	1.302184	-0.765159	-1.222649	-1.391605
cell_003517	donor_088	-0.7838208843654237	0.9183821819767638	-0.1073608821101245	-0.370816	M	-0.75834	0.077052	0.022579	-0.023411	0.014675	0.026005	0.030866	-1.22356	0.694928	-1.253887	2.240768	-0.960896
cell_003518	donor_088	0.24119923104208113	0.7635209278751729	0.015315291268312528	-0.370816	M	0.698128	0.044776	0.022579	-0.023411	0.014675	0.026005	0.030866	-0.243883	-1.481386	-1.286023	1.095994	-0.45795
cell_003519	donor_088	-0.41077094157375027	0.5050711301318578	-0.15137633508556636	-0.370816	M	0.515481	0.018144	0.022579	-0.023411	0.014675	0.026005	0.030866	0.255753	1.961009	0.467364	0.39848	-1.187567
cell_003520	donor_088	1.958480989949857	-2.5505881893137747	-1.2137202682067507	-0.370816	M	0.610454	0.028658	0.022579	-0.023411	0.014675	0.026005	0.030866	-0.293714	-1.601354	1.663538	-0.472585	-0.594898
cell_003521	donor_088	0.08863793657845218	0.195067655915841	-0.3790057252001208	-0.370816	M	-1.57981	0.018985	0.022579	-0.023411	0.014675	0.026005	0.030866	-0.487417	0.879735	1.132935	1.299807	0.471943
cell_003522	donor_088	-0.08541422598663172	-0.7539528280554273	-0.02430082086991233	-0.370816	M	-0.193537	0.038873	0.022579	-0.023411	0.014675	0.026005	0.030866	1.356051	0.389671	1.21602	1.270335	-0.945783
cell_003523	donor_088	-0.9821264778697254	0.09308561702979795	-1.1843839610808604	-0.370816	M	1.526045	0.044567	0.022579	-0.023411	0.014675	0.026005	0.030866	1.092813	1.50698	4.008677	2.760962	-1.97417
cell_003524	donor_088	0.6604033014103321	-0.4727535187307581	-0.5400139708729726	-0.370816	M	-0.141178	0.06326	0.022579	-0.023411	0.014675	0.026005	0.030866	-0.439772	-2.301951	-1.278693	1.078015	-1.005053
cell_003525	donor_088	0.7243277462263896	-0.19637122267189297	0.5236768686608297	-0.370816	M	1.040833	0.040468	0.022579	-0.023411	0.014675	0.026005	0.030866	-4.027385	0.789681	-3.554102	-0.498436	0.621539
cell_003526	donor_088	-0.9495224788288988	-0.9097712122502135	0.2867463813936379	-0.370816	M	-2.143052	0.070309	0.022579	-0.023411	0.014675	0.026005	0.030866	1.115308	0.209952	0.709828	-1.275558	-0.160052
cell_003527	donor_088	-0.7169150789509889	-0.4660209410342777	0.013387271927819067	-0.370816	M	0.928366	0.01908	0.022579	-0.023411	0.014675	0.026005	0.030866	-0.377241	-0.371786	-0.543608	-0.352136	0.962112
cell_003528	donor_088	0.44015278179738576	-0.37627380007706446	-1.0827726972118152	-0.370816	M	-0.497611	0.02545	0.022579	-0.023411	0.014675	0.026005	0.030866	0.382683	0.787327	-0.111406	0.052221	0.843561
cell_003529	donor_088	0.6648955140251105	0.3298491041757585	1.422166725579842	-0.370816	M	0.482304	0.065747	0.022579	-0.023411	0.014675	0.026005	0.030866	0.904442	-0.883856	0.849944	0.090864	0.623425
cell_003530	donor_088	-1.0656269826729616	-0.05596907884182842	-0.4428409164254593	-0.370816	M	-2.48033	0.021986	0.022579	-0.023411	0.014675	0.026005	0.030866	-0.07363	0.784279	0.286286	1.39023	0.637383
cell_003531	donor_088	0.2903211279443227	-0.08346315889742674	1.539139516347202	-0.370816	M	-0.307812	0.015257	0.022579	-0.023411	0.014675	0.026005	0.030866	-1.614752	-0.239301	1.328786	0.252858	-0.753424
cell_003532	donor_088	0.1196056701184108	-0.43940272374771305	-0.09649912053721565	-0.370816	M	-0.300678	0.041779	0.022579	-0.023411	0.014675	0.026005	0.030866	1.379433	-0.307369	-0.449087	-0.481563	-0.135154
cell_003533	donor_088	0.3504604143988492	-0.3552730131020424	-1.0529675305021422	-0.370816	M	-0.008317	0.031287	0.022579	-0.023411	0.014675	0.026005	0.030866	0.394159	0.180489	0.047381	-0.337288	-0.675852
cell_003534	donor_088	1.5408803473067219	-0.5937310782888924	-0.8026908520027289	-0.370816	M	-0.412721	0.02838	0.022579	-0.023411	0.014675	0.026005	0.030866	1.789321	-1.51983	-0.75098	-0.829391	-2.248816
cell_003535	donor_088	-1.3110395817515454	1.516728310125333	0.5737312023639614	-0.370816	M	-0.936213	0.025322	0.022579	-0.023411	0.014675	0.026005	0.030866	0.182271	1.461023	1.436962	0.798397	-1.210076
cell_003536	donor_088	1.0320925475184655	0.05182788016598482	-1.1035555911115726	-0.370816	M	-1.045197	0.024354	0.022579	-0.023411	0.014675	0.026005	0.030866	1.135256	-0.054888	1.047477	-0.993142	-0.741105
cell_003537	donor_088	1.526304343871822	1.5748975062414372	-0.14201384780148602	-0.370816	M	-0.36685	0.054069	0.022579	-0.023411	0.014675	0.026005	0.030866	-0.901891	0.177638	0.605809	0.945626	-0.02389
cell_003538	donor_088	-1.384000212987526	0.5628511474982738	-1.5693075283379996	-0.370816	M	0.396143	0.017838	0.022579	-0.023411	0.014675	0.026005	0.030866	-2.087777	-1.426021	0.579214	0.888019	-1.067045
cell_003539	donor_088	1.9460237730298275	-0.022229302008435835	2.294375460827143	-0.370816	M	0.466753	0.025167	0.022579	-0.023411	0.014675	0.026005	0.030866	-0.603904	-0.379537	-0.616225	-0.379027	-0.69834
cell_003540	donor_088	0.26383110665941784	1.3158446831910313	1.5662670420234057	-0.370816	M	0.130783	0.034146	0.022579	-0.023411	0.014675	0.026005	0.030866	0.043179	0.318733	-0.362463	2.149441	1.969413
cell_003541	donor_088	1.1551614113938014	0.4352340098271738	0.487783791342586	-0.370816	M	0.34439	0.040961	0.022579	-0.023411	0.014675	0.026005	0.030866	-3.206806	-0.097283	1.004906	-0.38293	0.67923
cell_003542	donor_088	-0.36965250343340944	0.31285874054801727	0.517981717363107	-0.370816	M	0.165015	0.028512	0.022579	-0.023411	0.014675	0.026005	0.030866	-0.79202	0.526246	-0.996364	-0.52369	1.620049
cell_003543	donor_088	-0.45488304805602703	1.5157479795549726	0.07130592338280113	-0.370816	M	0.027908	0.043734	0.022579	-0.023411	0.014675	0.026005	0.030866	1.408083	0.757891	-0.82583	0.04793	1.51931
cell_003544	donor_088	1.7421838842419144	-0.4205903994809682	0.3732225584615894	-0.370816	M	1.305308	0.039234	0.022579	-0.023411	0.014675	0.026005	0.030866	-0.583236	-0.05093	1.003061	0.940877	0.909693
cell_003545	donor_088	0.39875345599726014	0.46584956900520275	-0.3235183335270065	-0.370816	M	-0.117366	0.005716	0.022579	-0.023411	0.014675	0.026005	0.030866	-0.450902	0.694737	-0.623645	0.58456	0.282282
cell_003546	donor_088	-1.2846006725840442	1.1404557578313526	-0.39050092862882296	-0.370816	M	-1.046854	0.029674	0.022579	-0.023411	0.014675	0.026005	0.030866	0.102739	-0.953918	-0.684327	-1.051194	-0.645807
cell_003547	donor_089	-0.09276485269820164	-0.7403508533305578	0.4059091100994117	1.041818	F	0.357441	0.057467	-0.043904	0.00399	-0.011638	-0.00379	-0.013998	0.197868	0.092748	0.341605	1.062017	-0.523865
cell_003548	donor_089	-0.7632066223539822	0.5953586363632932	0.9120972959972153	1.041818	F	0.52575	0.046502	-0.043904	0.00399	-0.011638	-0.00379	-0.013998	1.40721	0.396649	0.069185	-2.402111	-0.062583
cell_003549	donor_089	0.7352083511876161	-0.08321504181325617	0.5241623499586865	1.041818	F	-0.707578	0.026719	-0.043904	0.00399	-0.011638	-0.00379	-0.013998	1.401439	-1.461627	-1.090873	0.126598	0.342638
cell_003550	donor_089	-0.5189758774310979	-0.24485215511332833	-1.7496122801286778	1.041818	F	-0.848085	0.023413	-0.043904	0.00399	-0.011638	-0.00379	-0.013998	-0.012615	1.771495	-1.562842	-0.162703	-2.35841
cell_003551	donor_089	0.09516190553084415	-1.29380202000395	-1.8383872999709114	1.041818	F	0.61711	0.010781	-0.043904	0.00399	-0.011638	-0.00379	-0.013998	-1.031142	-0.771644	-0.954547	1.761769	0.288061
cell_003552	donor_089	1.0224042357073895	0.04539585282103818	-1.348708024384524	1.041818	F	-0.436915	0.056779	-0.043904	0.00399	-0.011638	-0.00379	-0.013998	1.389231	-0.305468	0.275308	0.006672	-0.050412
cell_003553	donor_089	0.8378269039726524	1.4027020657250937	-0.15045812275325401	1.041818	F	-1.083282	0.027744	-0.043904	0.00399	-0.011638	-0.00379	-0.013998	0.610441	0.314326	0.397883	0.315315	-0.45931
cell_003554	donor_089	-1.2462778322800185	-0.17483621067266022	-3.5388091119878062	1.041818	F	-1.890746	0.04681	-0.043904	0.00399	-0.011638	-0.00379	-0.013998	0.01349	-0.489583	-0.025158	0.561931	0.844612
cell_003555	donor_089	-0.6342342445423341	-0.7432287493229258	1.7435436710502865	1.041818	F	0.217954	0.037174	-0.043904	0.00399	-0.011638	-0.00379	-0.013998	0.399051	0.154472	0.756625	0.094221	-0.208639
cell_003556	donor_089	-0.5979120383418134	0.3404202987277123	-0.7666639920182797	1.041818	F	2.236865	0.00961	-0.043904	0.00399	-0.011638	-0.00379	-0.013998	-0.670381	-0.749733	-1.012957	0.798625	-0.969146
cell_003557	donor_089	1.2520680571986054	-0.7816723413162423	0.714634679170805	1.041818	F	2.334449	0.018825	-0.043904	0.00399	-0.011638	-0.00379	-0.013998	1.132939	1.1523	1.115855	0.132226	0.650705
cell_003558	donor_089	-0.30052045974476616	-1.0546754072593836	-0.5105203474928478	1.041818	F	0.71899	0.011129	-0.043904	0.00399	-0.011638	-0.00379	-0.013998	0.19792	0.352536	-0.992353	0.528167	-0.466023
cell_003559	donor_089	0.2736609024793564	0.03894865435084808	-1.3673540203517487	1.041818	F	0.073702	0.069693	-0.043904	0.00399	-0.011638	-0.00379	-0.013998	1.269107	-0.909182	2.372595	1.176854	1.691986
cell_003560	donor_089	0.027047308926460418	-1.1243305558701626	1.180961454346978	1.041818	F	-0.712888	0.029608	-0.043904	0.00399	-0.011638	-0.00379	-0.013998	0.087743	1.460747	-0.107396	1.633974	-1.461865
cell_003561	donor_089	0.6969706205115394	-0.3634299818411041	0.6518211184695342	1.041818	F	0.364056	0.031296	-0.043904	0.00399	-0.011638	-0.00379	-0.013998	0.654411	1.05607	-0.391844	-0.030909	0.965879
cell_003562	donor_089	0.27415856232082647	-1.574451230916984	-0.560692399626959	1.041818	F	0.372263	0.045187	-0.043904	0.00399	-0.011638	-0.00379	-0.013998	-1.345324	0.343788	-0.090285	-0.994139	0.474075
cell_003563	donor_089	1.1063799868444435	-0.18878248793875765	0.13978305992202122	1.041818	F	1.151232	0.028774	-0.043904	0.00399	-0.011638	-0.00379	-0.013998	-0.812891	-0.107957	-0.895531	-0.641793	-2.37375
cell_003564	donor_089	-0.2885227008480343	-0.04110026766734604	1.0648327609595967	1.041818	F	0.305975	0.002023	-0.043904	0.00399	-0.011638	-0.00379	-0.013998	1.414543	1.08617	-0.557257	-0.399897	3.475429
cell_003565	donor_089	-1.0350551526641258	0.7677670050164431	-0.17976585030299852	1.041818	F	0.237296	0.044361	-0.043904	0.00399	-0.011638	-0.00379	-0.013998	0.161604	0.722672	-0.126574	-0.476693	-0.317286
cell_003566	donor_089	-0.14526778806130472	1.174632594423684	0.22979505807428627	1.041818	F	0.30742	0.044036	-0.043904	0.00399	-0.011638	-0.00379	-0.013998	0.241293	-0.904512	-0.090166	0.751813	0.040666
cell_003567	donor_089	0.4851704913677665	-1.3951838781255756	-1.4656660463175732	1.041818	F	0.571275	0.023035	-0.043904	0.00399	-0.011638	-0.00379	-0.013998	0.46354	-0.398756	-0.209687	-1.415509	-2.031069
cell_003568	donor_089	-0.028340351698311932	0.3375891106131022	0.4178174091339011	1.041818	F	0.812499	0.033616	-0.043904	0.00399	-0.011638	-0.00379	-0.013998	-0.021544	0.342007	0.353525	0.76558	1.352602
cell_003569	donor_089	0.18480764917970519	1.4657755840157265	-1.264813495479453	1.041818	F	1.371957	0.032467	-0.043904	0.00399	-0.011638	-0.00379	-0.013998	-0.711165	0.105297	-1.445205	-0.092262	-0.07995
cell_003570	donor_089	-1.0594471099697682	0.3754317512186335	-0.5357360820248586	1.041818	F	0.324945	0.022555	-0.043904	0.00399	-0.011638	-0.00379	-0.013998	0.499349	-1.370511	0.601706	1.648294	0.510718
cell_003571	donor_089	-0.30964862446210556	-0.4362157250206672	0.8812822662926355	1.041818	F	0.903913	0.032322	-0.043904	0.00399	-0.011638	-0.00379	-0.013998	0.539655	1.161989	0.316197	-0.346258	-1.181173
cell_003572	donor_089	0.10239808138279517	-1.2884415142586896	0.4813542755386143	1.041818	F	0.354703	0.002279	-0.043904	0.00399	-0.011638	-0.00379	-0.013998	-0.138079	0.147434	-0.387609	-1.239884	-1.13538
cell_003573	donor_089	1.8160578039752406	1.5845026793617538	1.1223455640412336	1.041818	F	-0.091728	0.014609	-0.043904	0.00399	-0.011638	-0.00379	-0.013998	-0.52373	-0.095584	-2.013926	-0.12458	-1.358119
cell_003574	donor_089	0.6587987330184493	-0.6364014466049084	-0.38903122886243363	1.041818	F	-0.094515	0.016846	-0.043904	0.00399	-0.011638	-0.00379	-0.013998	-0.005261	-0.198829	2.516133	-0.903986	-1.398164
cell_003575	donor_089	-0.13220215913110567	0.04406304944271825	0.13993312420076756	1.041818	F	-2.073903	0.056495	-0.043904	0.00399	-0.011638	-0.00379	-0.013998	0.554039	-1.135238	-0.058418	-0.07592	1.391206
cell_003576	donor_089	1.1458308139360034	-0.4644381504883716	-0.04115252355896276	1.041818	F	0.162743	0.047186	-0.043904	0.00399	-0.011638	-0.00379	-0.013998	3.015815	-0.699532	-1.537733	0.06081	-0.817582
cell_003577	donor_089	0.2710894917613047	-0.8571406643204578	-0.08060740222245621	1.041818	F	-1.377577	0.043809	-0.043904	0.00399	-0.011638	-0.00379	-0.013998	0.509669	-0.351793	-0.639659	1.517856	-2.029191
cell_003578	donor_089	-0.001262356860196016	-0.15964213840300906	-2.594797427760754	1.041818	F	0.430762	0.045468	-0.043904	0.00399	-0.011638	-0.00379	-0.013998	0.369082	-0.408899	-0.762899	0.816141	0.132154
cell_003579	donor_089	-0.29091630608498725	-1.34419118170611	0.9184276463729827	1.041818	F	-0.40316	0.05237	-0.043904	0.00399	-0.011638	-0.00379	-0.013998	-0.227968	-0.593571	1.833017	-0.251754	-0.68226
cell_003580	donor_089	-1.5863058642061365	-0.524081328378477	1.1204690071640018	1.041818	F	-0.60815	0.04611	-0.043904	0.00399	-0.011638	-0.00379	-0.013998	0.283288	-0.879676	0.795847	1.405712	1.079925
cell_003581	donor_089	0.20946264466394487	0.3506578230862368	0.6171375497177404	1.041818	F	1.07118	0.03558	-0.043904	0.00399	-0.011638	-0.00379	-0.013998	0.481077	1.244378	1.053806	-0.870926	0.592939
cell_003582	donor_089	-0.348451335340419	1.582406183404793	0.043829056911637	1.041818	F	0.113086	0.031353	-0.043904	0.00399	-0.011638	-0.00379	-0.013998	0.440953	-0.204138	0.612788	0.407737	0.341111
cell_003583	donor_089	0.7239678263752679	0.8040807471129409	-1.0472573739554676	1.041818	F	0.887548	0.028137	-0.043904	0.00399	-0.011638	-0.00379	-0.013998	-0.433545	-0.379098	-1.929598	1.002278	-1.83858
cell_003584	donor_089	0.6407903493512082	-0.09070038155326315	-0.9595950152000937	1.041818	F	1.0687	0.034351	-0.043904	0.00399	-0.011638	-0.00379	-0.013998	0.768511	-0.165048	-1.018564	2.270786	-0.24442
cell_003585	donor_089	0.5760259482862493	-1.3565555466073622	2.6410758475377984	1.041818	F	-0.256139	0.022432	-0.043904	0.00399	-0.011638	-0.00379	-0.013998	-1.314694	-0.520728	-0.379248	-0.519384	0.364692
cell_003586	donor_089	0.5072900487113989	0.0029016832160618953	-1.554040439439159	1.041818	F	-0.972001	0.01018	-0.043904	0.00399	-0.011638	-0.00379	-0.013998	-0.294861	-0.694668	0.458275	-1.903396	0.901669
cell_003587	donor_089	0.619248684823826	-0.35697625114023956	-0.16555955030655198	1.041818	F	-1.200143	0.010358	-0.043904	0.00399	-0.011638	-0.00379	-0.013998	-0.544894	2.2141	1.235508	-0.322887	-0.500197
cell_003588	donor_089	-0.6296319393762828	1.8911159699434468	-0.9735195291822268	1.041818	F	0.793689	0.03072	-0.043904	0.00399	-0.011638	-0.00379	-0.013998	0.370397	0.244461	-0.656598	0.598674	1.280004
cell_003589	donor_090	0.647038194462151	-0.5863970865539356	0.06865996623450578	-1.35966	F	0.92337	0.053311	0.008294	-0.001182	0.032748	-0.011708	-0.01673	-0.226378	1.691547	-0.748862	0.682333	-0.031426
cell_003590	donor_090	-0.12513784457474902	0.0019016098821254105	1.3039271259390424	-1.35966	F	0.293215	0.024018	0.008294	-0.001182	0.032748	-0.011708	-0.01673	-0.665182	-0.187373	-0.604673	0.16881	-0.370176
cell_003591	donor_090	-0.031984420869615574	-0.07531384619513833	0.44482187088475245	-1.35966	F	0.668234	0.009874	0.008294	-0.001182	0.032748	-0.011708	-0.01673	0.541189	-0.558733	0.753408	-1.083476	0.23365
cell_003592	donor_090	0.700660871532373	-2.3518780193058544	0.7206254746295626	-1.35966	F	0.080871	0.030905	0.008294	-0.001182	0.032748	-0.011708	-0.01673	0.822127	0.388777	-1.673118	1.504057	0.340639
cell_003593	donor_090	-0.37679538037947996	1.3059230997638989	-1.2057060331863343	-1.35966	F	-1.874769	0.02104	0.008294	-0.001182	0.032748	-0.011708	-0.01673	-0.122656	0.987968	-1.007999	0.599167	-1.365251
cell_003594	donor_090	0.8824460853685777	1.0039116402300752	-0.7107380083430085	-1.35966	F	-1.572835	0.031411	0.008294	-0.001182	0.032748	-0.011708	-0.01673	-1.144012	-0.115196	-0.705173	0.465102	-1.689979
cell_003595	donor_090	-0.13149700870865025	0.7847926189441791	-1.9464081598948066	-1.35966	F	0.80972	0.021782	0.008294	-0.001182	0.032748	-0.011708	-0.01673	-1.403663	2.268273	-2.042166	1.008145	-0.329675
cell_003596	donor_090	0.7469794500265527	1.089435776065513	-0.5772917718929346	-1.35966	F	1.918217	0.021748	0.008294	-0.001182	0.032748	-0.011708	-0.01673	0.709539	-0.237243	1.447708	0.663322	-0.016344
cell_003597	donor_090	-1.4204196348852514	-0.0921193541551479	0.42358547945116065	-1.35966	F	-0.817043	0.013278	0.008294	-0.001182	0.032748	-0.011708	-0.01673	0.098522	-0.243921	-0.602567	0.811238	-1.276022
cell_003598	donor_090	-0.6899000364733828	-0.6879334873247894	1.83774610911758	-1.35966	F	1.128849	0.021041	0.008294	-0.001182	0.032748	-0.011708	-0.01673	1.28562	-0.610852	0.717976	2.5744	0.454004
cell_003599	donor_090	0.8650449469814168	-1.5643801849613843	-0.28639824708690215	-1.35966	F	0.357011	0.070368	0.008294	-0.001182	0.032748	-0.011708	-0.01673	0.218994	-0.732891	0.138667	-0.675956	0.637972
cell_003600	donor_090	0.6764628189940096	-1.1321869440656671	-0.4790762752724799	-1.35966	F	-0.7723	0.024595	0.008294	-0.001182	0.032748	-0.011708	-0.01673	-0.446295	-0.012454	0.73231	-0.860255	-0.248957
cell_003601	donor_090	-0.1945021262378148	-0.1647616321767367	0.5624671549005177	-1.35966	F	-1.385529	0.027878	0.008294	-0.001182	0.032748	-0.011708	-0.01673	1.162255	-0.96575	-1.178281	-3.285843	0.097975
cell_003602	donor_090	0.6401979870672838	-1.511991491653712	0.4068548149342548	-1.35966	F	0.359272	0.040398	0.008294	-0.001182	0.032748	-0.011708	-0.01673	0.515762	-1.546799	0.32248	0.532965	-0.613423
cell_003603	donor_090	0.339254854571914	-0.47409407066382714	0.36294952782800927	-1.35966	F	-1.02983	0.001444	0.008294	-0.001182	0.032748	-0.011708	-0.01673	0.189909	-0.741841	0.248586	0.832132	0.669747
cell_003604	donor_090	-0.2763228418664575	-0.7305027272183101	-0.22669569074047421	-1.35966	F	0.914186	0.031406	0.008294	-0.001182	0.032748	-0.011708	-0.01673	-0.343993	1.047198	1.443644	-0.525241	-0.626993
cell_003605	donor_090	0.6408034961237595	-0.48513632922520916	-0.06588543799999928	-1.35966	F	-0.972751	0.046523	0.008294	-0.001182	0.032748	-0.011708	-0.01673	0.354845	0.407351	1.347351	0.002702	-1.149536
cell_003606	donor_090	-1.3722682012503937	-0.11051737357572704	0.5895449424386978	-1.35966	F	1.206851	0.035171	0.008294	-0.001182	0.032748	-0.011708	-0.01673	-1.129613	-0.951752	-0.11204	0.006727	-0.109791
cell_003607	donor_090	0.6526345654797765	-1.8855632046699569	-0.04162732068005548	-1.35966	F	2.462007	0.017506	0.008294	-0.001182	0.032748	-0.011708	-0.01673	0.200875	0.7739	0.784691	0.223516	1.445496
cell_003608	donor_090	-0.16186367085436615	0.3364714316729702	0.11684001070702416	-1.35966	F	1.178412	0.023281	0.008294	-0.001182	0.032748	-0.011708	-0.01673	-1.736971	1.674856	1.130854	-1.54591	-0.852837
cell_003609	donor_090	0.7557653925423727	-0.41709378759653853	-0.397121754042046	-1.35966	F	-0.297745	0.01345	0.008294	-0.001182	0.032748	-0.011708	-0.01673	1.974365	1.128053	-0.535439	0.179018	0.218911
cell_003610	donor_090	0.06464690995825392	0.10778759833887784	-0.5005280988538652	-1.35966	F	-0.107486	0.026187	0.008294	-0.001182	0.032748	-0.011708	-0.01673	0.358157	-2.431883	-0.786523	-1.19088	-0.146017
cell_003611	donor_090	0.3283442356254924	-1.4456318519445932	-0.3847925674907807	-1.35966	F	-0.636917	0.01126	0.008294	-0.001182	0.032748	-0.011708	-0.01673	-1.03017	1.183454	0.985551	-0.594784	0.099553
cell_003612	donor_090	-0.3759565478292043	-0.28431581381469634	-1.220910264815858	-1.35966	F	-0.291145	0.048945	0.008294	-0.001182	0.032748	-0.011708	-0.01673	-0.724321	-0.16362	0.89069	1.523537	-0.168623
cell_003613	donor_090	0.5655423509551669	0.4198521736662407	0.4498404836456347	-1.35966	F	-0.28532	0.026129	0.008294	-0.001182	0.032748	-0.011708	-0.01673	-0.886368	-0.437907	-0.553074	0.826989	-0.230677
cell_003614	donor_090	1.4013367881156598	0.822239325809981	0.22226032663356857	-1.35966	F	0.531929	0.041306	0.008294	-0.001182	0.032748	-0.011708	-0.01673	-0.585341	1.619421	-0.105593	0.703964	0.186361
cell_003615	donor_090	-2.072946409831929	0.8183048355364079	0.8398535358734377	-1.35966	F	0.440857	0.017709	0.008294	-0.001182	0.032748	-0.011708	-0.01673	0.887291	-0.230389	-1.139553	0.077804	-0.640321
cell_003616	donor_090	0.08692654508935331	-1.1331845891958454	-0.16849410376265395	-1.35966	F	-0.980483	0.001987	0.008294	-0.001182	0.032748	-0.011708	-0.01673	-0.045248	0.349605	1.333087	-1.439366	0.443504
cell_003617	donor_090	-0.4060821524134909	0.4519420864284718	-0.7895800632008301	-1.35966	F	-0.203903	0.012211	0.008294	-0.001182	0.032748	-0.011708	-0.01673	0.150456	1.643634	0.15444	-0.304983	0.385071
cell_003618	donor_090	0.15246111827537534	0.8214314771458696	0.25621334432109183	-1.35966	F	2.816918	0.006385	0.008294	-0.001182	0.032748	-0.011708	-0.01673	1.421561	-1.136366	0.142408	0.598177	-1.672068
cell_003619	donor_090	0.30874587486171007	0.205013011394423	0.3223093408772678	-1.35966	F	-0.723409	0.082974	0.008294	-0.001182	0.032748	-0.011708	-0.01673	0.50889	1.589732	1.23155	-1.80491	-1.64941
cell_003620	donor_090	0.7990665222347834	-0.8520962546994033	-0.002005128142374919	-1.35966	F	0.440808	0.023576	0.008294	-0.001182	0.032748	-0.011708	-0.01673	0.361176	0.622728	-0.726631	-1.376437	-1.521774
cell_003621	donor_090	-0.32149162928309066	0.6037732038892799	0.7250938360764851	-1.35966	F	-0.898047	0.009891	0.008294	-0.001182	0.032748	-0.011708	-0.01673	-0.034515	-0.355986	-0.05469	-0.130834	-0.429321
cell_003622	donor_090	-0.49793528020240574	-0.4170479573313411	-0.3356209888639191	-1.35966	F	-0.608161	0.022918	0.008294	-0.001182	0.032748	-0.011708	-0.01673	0.792227	0.78475	0.132712	-0.980631	1.772704
cell_003623	donor_090	1.500680199030529	-0.2959200770697805	-0.1495883761024103	-1.35966	F	0.066256	0.001566	0.008294	-0.001182	0.032748	-0.011708	-0.01673	0.02971	-0.094566	0.373386	0.141675	0.120403
cell_003624	donor_090	0.08706709905599269	-0.9041083719060925	-1.6045364875083268	-1.35966	F	0.860163	0.043966	0.008294	-0.001182	0.032748	-0.011708	-0.01673	1.173995	-0.519283	-1.540254	0.754278	0.273499
cell_003625	donor_090	-0.06419782266327922	-1.1644932990005772	0.7379594207957462	-1.35966	F	1.403325	0.032071	0.008294	-0.001182	0.032748	-0.011708	-0.01673	1.857529	-0.729857	-0.447149	0.720652	0.994661
cell_003626	donor_090	1.6028216447348007	0.22886144996126626	0.9134600611017505	-1.35966	F	0.17402	0.024969	0.008294	-0.001182	0.032748	-0.011708	-0.01673	0.245759	0.126145	0.106936	-0.99188	-0.83823
cell_003627	donor_090	-0.4724728437536217	-0.7685739756819387	-1.236865642686295	-1.35966	F	0.062515	0.022031	0.008294	-0.001182	0.032748	-0.011708	-0.01673	0.176898	0.603283	-1.916862	-0.393232	-1.670795
cell_003628	donor_090	-1.2839546380231428	-0.2385987861858814	0.021991227790926392	-1.35966	F	0.606678	0.033949	0.008294	-0.001182	0.032748	-0.011708	-0.01673	-1.080928	-0.910349	0.190112	0.691414	-0.374097
cell_003629	donor_090	0.1446080212644985	-1.0421318854060626	0.7011698777615712	-1.35966	F	1.10215	0.030257	0.008294	-0.001182	0.032748	-0.011708	-0.01673	-0.846199	-1.529199	-0.579201	-0.744126	2.091096
cell_003630	donor_090	0.31630635473043384	1.7056997772799198	1.2702460102629904	-1.35966	F	-0.171209	0.035692	0.008294	-0.001182	0.032748	-0.011708	-0.01673	0.796736	-0.080751	1.154396	1.709511	-1.113518
cell_003631	donor_090	1.5182331359224666	0.3551072273991802	-0.522471634022172	-1.35966	F	-1.575489	0.059537	0.008294	-0.001182	0.032748	-0.011708	-0.01673	1.849814	0.949861	-1.523486	0.314781	0.709357
cell_003632	donor_090	1.4427580074616109	1.1783309993252185	0.6700364561852605	-1.35966	F	0.110612	0.04005	0.008294	-0.001182	0.032748	-0.011708	-0.01673	0.67059	-0.636165	-0.888401	-1.720732	0.766257
cell_003633	donor_090	0.4386365733696237	2.5917198650008486	-2.230509221710669	-1.35966	F	-0.220545	0.043654	0.008294	-0.001182	0.032748	-0.011708	-0.01673	0.233906	0.287029	2.570598	-0.75932	0.775651
cell_003634	donor_090	-1.6440598696198536	0.1326080644058259	0.21826582151734789	-1.35966	F	-2.492182	0.009702	0.008294	-0.001182	0.032748	-0.011708	-0.01673	0.631119	2.009493	-1.499092	0.777843	1.296425
cell_003635	donor_090	-0.6539558490399852	-0.19241454754450954	-0.9739949981958832	-1.35966	F	-1.958731	0.073727	0.008294	-0.001182	0.032748	-0.011708	-0.01673	0.796553	1.726877	0.769607	-0.749712	-0.59252
cell_003636	donor_090	1.2861833206429631	-0.1883783753083663	0.638313104514924	-1.35966	F	-0.994623	0.01998	0.008294	-0.001182	0.032748	-0.011708	-0.01673	2.845314	1.943148	-0.117986	0.379865	0.841477
cell_003637	donor_090	0.05515355910828767	1.7963069942493728	1.2415641398047923	-1.35966	F	-1.152703	0.036236	0.008294	-0.001182	0.032748	-0.011708	-0.01673	-1.206119	-1.14669	-1.290117	0.545262	-2.863811
cell_003638	donor_090	-0.4538485955538013	1.2618356983675474	-0.1416029711023663	-1.35966	F	0.155857	0.065253	0.008294	-0.001182	0.032748	-0.011708	-0.01673	0.560324	0.009219	0.701828	0.728871	-0.148312
cell_003639	donor_091	-0.13942314395340244	-0.8138372149757425	-0.5774998600204758	-1.147765	F	-1.812356	0.02007	0.001635	0.022921	-0.004929	-0.008817	-0.004916	0.358213	0.722503	-0.027123	0.351279	0.827586
cell_003640	donor_091	0.34355542153657115	1.6241854096316997	-1.1944936470976673	-1.147765	F	-0.359581	0.015333	0.001635	0.022921	-0.004929	-0.008817	-0.004916	0.112487	0.746062	-1.182987	2.96926	-2.42095
cell_003641	donor_091	-0.40358100404551156	1.2800649790877316	-2.6612795975258963	-1.147765	F	-2.02565	0.031271	0.001635	0.022921	-0.004929	-0.008817	-0.004916	1.696884	-0.782775	-0.917285	-0.507644	1.00361
cell_003642	donor_091	-0.6797129115883233	-0.5434014725281007	0.9122190903738691	-1.147765	F	0.22158	0.04906	0.001635	0.022921	-0.004929	-0.008817	-0.004916	-0.053181	1.224082	-0.123158	0.232838	-1.254094
cell_003643	donor_091	-0.8865356078209188	-1.1583759663228321	0.049446586375329074	-1.147765	F	1.453697	0.003468	0.001635	0.022921	-0.004929	-0.008817	-0.004916	0.471682	0.984251	1.315907	0.983067	-0.557137
cell_003644	donor_091	2.4375014556372907	-0.13589514196500443	0.6273496251438033	-1.147765	F	1.970639	0.00711	0.001635	0.022921	-0.004929	-0.008817	-0.004916	-0.671148	1.121802	-0.087007	0.180229	-0.2806
cell_003645	donor_091	-0.7593192454709188	-1.885273643220914	1.123458917652196	-1.147765	F	-0.07851	0.040743	0.001635	0.022921	-0.004929	-0.008817	-0.004916	-1.149237	-0.265239	0.283443	0.46713	0.659591
cell_003646	donor_091	-1.9310658266021958	0.48757780036596077	-2.7173279045318153	-1.147765	F	1.254772	0.017676	0.001635	0.022921	-0.004929	-0.008817	-0.004916	-0.350525	1.308711	-0.513399	0.764116	0.316766
cell_003647	donor_091	-0.08380313704004186	0.7299699592712374	0.18093058039176144	-1.147765	F	0.966067	0.025111	0.001635	0.022921	-0.004929	-0.008817	-0.004916	0.375792	0.556441	-0.29044	0.445349	0.908146
cell_003648	donor_091	1.4721329818001094	0.11038099539824434	0.7630533293927282	-1.147765	F	-2.25681	0.019072	0.001635	0.022921	-0.004929	-0.008817	-0.004916	-0.008277	-0.1757	0.676517	1.454459	0.162738
cell_003649	donor_091	0.40493414790466176	-1.6521191180471373	-0.3069212631569511	-1.147765	F	0.550337	0.019272	0.001635	0.022921	-0.004929	-0.008817	-0.004916	-0.066918	0.924353	0.268283	-0.885983	1.099026
cell_003650	donor_091	-0.709466137375474	0.024110536087533455	0.44735420074460586	-1.147765	F	1.948058	0.070687	0.001635	0.022921	-0.004929	-0.008817	-0.004916	0.957031	2.008441	-0.770031	0.088032	-0.162544
cell_003651	donor_091	0.5548835225490782	1.0905198843993302	-0.6536734746675446	-1.147765	F	0.466093	0.007371	0.001635	0.022921	-0.004929	-0.008817	-0.004916	-0.743271	-0.050078	-0.732119	0.563475	1.122698
cell_003652	donor_091	-0.17677469421786138	0.9086342345722054	2.625230470415041	-1.147765	F	-0.620904	0.056401	0.001635	0.022921	-0.004929	-0.008817	-0.004916	-0.038961	-0.055187	0.411707	2.369469	0.269425
cell_003653	donor_091	-0.8835026946534666	-0.10130120239854304	-0.4258056531461327	-1.147765	F	0.934307	0.031436	0.001635	0.022921	-0.004929	-0.008817	-0.004916	-0.345294	-0.135851	0.503895	-0.290312	-1.923612
cell_003654	donor_091	-0.3460976490775122	-0.9680521462826067	-0.41627166141876204	-1.147765	F	-0.163849	0.018105	0.001635	0.022921	-0.004929	-0.008817	-0.004916	0.922032	0.230315	-0.612472	1.244481	-0.621532
cell_003655	donor_091	-0.37693782500801726	-1.1139702371640445	-1.7161521124616321	-1.147765	F	-1.506693	0.019379	0.001635	0.022921	-0.004929	-0.008817	-0.004916	-0.220463	-0.406619	0.338037	0.212675	-0.583778
cell_003656	donor_091	0.5776418407576643	-0.41288691229022273	-0.07530239567111129	-1.147765	F	-0.280238	0.011151	0.001635	0.022921	-0.004929	-0.008817	-0.004916	1.825561	-2.236158	-0.515436	-0.051664	1.177539
cell_003657	donor_091	0.9731298374613061	-0.44151215609010697	-1.6964835652171018	-1.147765	F	-0.140271	0.006108	0.001635	0.022921	-0.004929	-0.008817	-0.004916	0.593311	0.198747	-0.665259	0.090545	0.493773
cell_003658	donor_091	-1.3839510675867075	0.19512594648983114	-0.27560364774777796	-1.147765	F	0.290667	0.012541	0.001635	0.022921	-0.004929	-0.008817	-0.004916	1.013616	-0.666578	-0.469377	-0.726833	-0.710052
cell_003659	donor_091	-0.5666783808968621	1.2146884385523158	0.4801982800583108	-1.147765	F	1.151266	0.062667	0.001635	0.022921	-0.004929	-0.008817	-0.004916	0.439945	0.182545	0.793253	-0.363431	1.947797
cell_003660	donor_091	0.05771093582074323	0.3587394816483153	0.025956279933679143	-1.147765	F	1.048016	0.044907	0.001635	0.022921	-0.004929	-0.008817	-0.004916	0.056173	0.778583	1.215695	-0.307553	0.703826
cell_003661	donor_091	0.21042459863934737	-0.7733015903975131	0.20412914869479498	-1.147765	F	-0.360852	0.044605	0.001635	0.022921	-0.004929	-0.008817	-0.004916	2.050331	-0.286916	-0.01289	-0.787339	-0.583645
cell_003662	donor_091	-0.3597632121310438	-0.06725588329487764	-0.9671709353559435	-1.147765	F	1.341055	0.039709	0.001635	0.022921	-0.004929	-0.008817	-0.004916	-0.859269	-0.04778	-0.52038	-0.761764	0.461647
cell_003663	donor_091	-1.227670704648047	-0.11027997515015409	-0.35985259138894354	-1.147765	F	-0.580099	0.021027	0.001635	0.022921	-0.004929	-0.008817	-0.004916	-0.915714	0.920869	0.527013	-0.486988	-0.922016
cell_003664	donor_091	-1.8290614022048046	-0.02904454705674507	-3.2250819415410823	-1.147765	F	-0.651136	0.026553	0.001635	0.022921	-0.004929	-0.008817	-0.004916	-0.403706	-0.777424	0.825515	0.506498	0.947593
cell_003665	donor_091	-0.5153895562260241	-0.9011211406221835	-1.120499189384275	-1.147765	F	0.007316	0.045739	0.001635	0.022921	-0.004929	-0.008817	-0.004916	1.210382	-0.083545	0.875813	-1.166391	1.059087
cell_003666	donor_091	0.17794319491242522	0.35199159214022063	-0.6132189668371167	-1.147765	F	0.263374	0.007804	0.001635	0.022921	-0.004929	-0.008817	-0.004916	-0.539719	0.161481	-0.29611	2.153064	-1.215357
cell_003667	donor_091	-0.27256829668484744	-0.05100099582292462	-0.5970764871657371	-1.147765	F	-0.055855	0.005972	0.001635	0.022921	-0.004929	-0.008817	-0.004916	1.285333	1.310961	-0.998717	0.800681	-0.695627
cell_003668	donor_091	-0.2870651967471225	1.958590267361265	0.0670994460567385	-1.147765	F	0.352918	0.044003	0.001635	0.022921	-0.004929	-0.008817	-0.004916	-0.909849	-0.961286	0.066309	-0.723001	-1.183845
cell_003669	donor_091	-0.206399089734573	-0.07916282658692093	-1.9063885224504606	-1.147765	F	0.660413	0.03289	0.001635	0.022921	-0.004929	-0.008817	-0.004916	0.038638	0.96222	0.303361	0.027151	0.620403
cell_003670	donor_091	0.5070660669324724	-0.2997153195415963	1.7495565290893775	-1.147765	F	-1.154469	0.041132	0.001635	0.022921	-0.004929	-0.008817	-0.004916	-0.349992	2.62936	0.998405	0.645525	0.349752
cell_003671	donor_091	-0.2648485846143557	0.07177526878381692	-0.35820470451751607	-1.147765	F	0.441591	0.047449	0.001635	0.022921	-0.004929	-0.008817	-0.004916	0.200985	0.951731	1.220724	1.517645	-0.009423
cell_003672	donor_091	0.5137041319014619	-0.4437045804102648	-0.8216450883248294	-1.147765	F	0.890889	0.040307	0.001635	0.022921	-0.004929	-0.008817	-0.004916	-0.734338	-1.292923	-0.885608	0.208457	-0.992579
cell_003673	donor_091	0.47148522122617303	-0.9104091475625148	0.6793995217188552	-1.147765	F	-0.524744	0.043025	0.001635	0.022921	-0.004929	-0.008817	-0.004916	0.227666	-2.384764	1.580032	0.575926	-1.547047
cell_003674	donor_091	0.29588565129270405	1.3556653848837272	-2.0827597005961094	-1.147765	F	0.350743	0.02691	0.001635	0.022921	-0.004929	-0.008817	-0.004916	0.698766	1.361297	1.269317	-0.055325	-0.776921
cell_003675	donor_091	-0.2610204820020735	-1.542457391152263	0.952902882609438	-1.147765	F	-0.240418	0.013103	0.001635	0.022921	-0.004929	-0.008817	-0.004916	-1.512864	-1.642482	-1.849323	-1.372765	-1.741168
cell_003676	donor_091	1.1295814802006363	-0.7777385029925394	0.781948411841572	-1.147765	F	-0.782631	0.06155	0.001635	0.022921	-0.004929	-0.008817	-0.004916	1.256057	1.107712	0.043845	-0.750236	0.515035
cell_003677	donor_091	-0.09670300950880208	-0.29308737597033674	0.36151161174427937	-1.147765	F	-0.855952	0.047812	0.001635	0.022921	-0.004929	-0.008817	-0.004916	0.147201	1.703814	0.415704	-1.235788	-0.817607
cell_003678	donor_091	1.2449463032463763	-1.3362345341392952	0.044144811548407936	-1.147765	F	1.368194	0.030491	0.001635	0.022921	-0.004929	-0.008817	-0.004916	-1.529677	-0.479215	2.695654	-0.030655	0.169948
cell_003679	donor_091	-0.40622836475713564	-0.7941416438295892	-0.5532146114501384	-1.147765	F	-1.022661	0.050141	0.001635	0.022921	-0.004929	-0.008817	-0.004916	0.299771	0.991347	-0.31951	0.07731	-0.393224
cell_003680	donor_091	1.4599371208657328	-1.558778588358136	0.8995424403766756	-1.147765	F	-1.232863	0.048651	0.001635	0.022921	-0.004929	-0.008817	-0.004916	-0.657219	-0.047327	-0.641899	-0.343343	-0.088079
cell_003681	donor_091	0.18219018417822258	0.09904318581889866	0.6509522269727992	-1.147765	F	0.879646	0.016436	0.001635	0.022921	-0.004929	-0.008817	-0.004916	0.771016	-0.276972	-0.032859	0.262391	-1.404842
cell_003682	donor_091	0.4409852346927687	1.4508632967744637	1.0732405425436606	-1.147765	F	-0.574729	0.037776	0.001635	0.022921	-0.004929	-0.008817	-0.004916	0.704575	0.193173	0.98116	0.532807	-0.321754
cell_003683	donor_091	0.07603359607452363	1.1243268242246456	-0.021258570004771573	-1.147765	F	0.431361	0.02631	0.001635	0.022921	-0.004929	-0.008817	-0.004916	-1.151904	2.055762	-0.866638	-1.957251	-0.118812
cell_003684	donor_092	-2.597874936296663	-0.32878009544607895	-0.3521851267535039	0.618027	F	-1.021766	0.000879	-0.006193	-0.036555	-0.000139	-0.020877	-0.006839	1.301691	1.021729	0.039246	-1.532556	2.413194
cell_003685	donor_092	0.45960428201089987	-0.30848116614127574	-0.9545730166561933	0.618027	F	-0.815378	0.041689	-0.006193	-0.036555	-0.000139	-0.020877	-0.006839	-0.248546	1.726633	1.400169	-0.03279	0.703611
cell_003686	donor_092	0.7890751597657566	1.401467215079084	-0.7815702109427086	0.618027	F	2.023311	0.067296	-0.006193	-0.036555	-0.000139	-0.020877	-0.006839	1.355749	-0.517746	0.217665	0.15898	-0.5665
cell_003687	donor_092	-0.44748160267260195	0.08070209112351497	0.21822913002406502	0.618027	F	-1.456901	0.020238	-0.006193	-0.036555	-0.000139	-0.020877	-0.006839	0.56066	0.907226	0.556593	0.432234	2.399519
cell_003688	donor_092	0.2402110289344775	0.8691676968900339	0.16855138445421394	0.618027	F	-1.231992	0.025438	-0.006193	-0.036555	-0.000139	-0.020877	-0.006839	-1.380283	1.11595	-0.263256	-1.340741	-0.48678
cell_003689	donor_092	0.9171420257597029	0.5273941328208924	-0.07659969690174148	0.618027	F	-0.420292	0.043213	-0.006193	-0.036555	-0.000139	-0.020877	-0.006839	0.076155	-1.216958	0.126216	-0.50962	-1.332763
cell_003690	donor_092	1.0842068937161593	-1.1406455098212118	-1.1354304317626975	0.618027	F	0.679257	0.045795	-0.006193	-0.036555	-0.000139	-0.020877	-0.006839	-0.01289	0.088452	-0.667058	-0.640313	-0.361396
cell_003691	donor_092	0.4276039666332371	-1.4561209377035467	-0.8336966734115021	0.618027	F	0.840177	0.037381	-0.006193	-0.036555	-0.000139	-0.020877	-0.006839	-1.217753	1.137523	-0.149432	0.460653	0.497015
cell_003692	donor_092	1.5108867074706815	-0.2785694925145355	1.1422201376452417	0.618027	F	0.182876	0.023791	-0.006193	-0.036555	-0.000139	-0.020877	-0.006839	0.555156	0.285506	-1.24041	2.315938	-0.04716
cell_003693	donor_092	-1.3448806109365616	1.6715642009153258	0.7466217847229689	0.618027	F	-0.960648	0.005986	-0.006193	-0.036555	-0.000139	-0.020877	-0.006839	-0.510978	0.163121	-0.874948	0.096069	-0.61846
cell_003694	donor_092	0.640778661005264	-1.2851372631190479	0.59517447093329	0.618027	F	0.02802	0.00647	-0.006193	-0.036555	-0.000139	-0.020877	-0.006839	-0.577708	-0.150054	0.636038	-0.340581	-0.829122
cell_003695	donor_092	-1.4126868889270023	0.6047933745285442	0.40467155549683637	0.618027	F	1.509165	0.031885	-0.006193	-0.036555	-0.000139	-0.020877	-0.006839	-1.287794	1.479057	1.276102	-0.826797	0.047965
cell_003696	donor_092	0.44218668087293794	-0.9371208859938026	-0.13255883855275483	0.618027	F	-0.472646	0.038455	-0.006193	-0.036555	-0.000139	-0.020877	-0.006839	0.376529	1.938853	0.179522	-1.278176	-0.004886
cell_003697	donor_092	-0.5105658735427064	-1.695572231154769	-0.6666863290638856	0.618027	F	0.218526	0.019174	-0.006193	-0.036555	-0.000139	-0.020877	-0.006839	1.123208	2.385201	-0.439607	-0.661952	-0.164924
cell_003698	donor_092	0.22763538352739285	0.8340142258092904	2.1362009426852895	0.618027	F	-0.320786	0.052815	-0.006193	-0.036555	-0.000139	-0.020877	-0.006839	-1.677699	-0.494009	0.638364	0.25556	0.520666
cell_003699	donor_092	-0.8146627171015106	0.6403310096626369	-1.1664797645466705	0.618027	F	0.898407	0.039026	-0.006193	-0.036555	-0.000139	-0.020877	-0.006839	-0.330253	-0.79278	1.560401	-1.568443	-1.246078
cell_003700	donor_092	-1.827336768916326	-0.4756469774211193	0.8913211370797046	0.618027	F	-0.702924	0.004577	-0.006193	-0.036555	-0.000139	-0.020877	-0.006839	-0.942136	0.561799	1.629755	-0.20908	0.046802
cell_003701	donor_092	-0.40329293319346776	-0.36473360773794317	1.4317521021278818	0.618027	F	-0.799411	0.027014	-0.006193	-0.036555	-0.000139	-0.020877	-0.006839	-0.388797	-0.249277	-0.83782	0.197715	-0.270411
cell_003702	donor_092	-1.942691199917569	-0.8577597505457001	0.014585912075484365	0.618027	F	0.475173	0.051522	-0.006193	-0.036555	-0.000139	-0.020877	-0.006839	0.485148	0.7618	-0.224555	-1.218118	-1.860589
cell_003703	donor_092	0.8441888050729616	1.2377132167088445	-0.8933598964898635	0.618027	F	0.429514	0.020048	-0.006193	-0.036555	-0.000139	-0.020877	-0.006839	0.357788	1.312329	0.036801	-0.857342	-0.628807
cell_003704	donor_092	0.842868848175335	-1.5293475776978205	-0.6515775374388496	0.618027	F	-0.198803	0.012925	-0.006193	-0.036555	-0.000139	-0.020877	-0.006839	-1.933712	-0.160072	1.456045	-0.534512	-0.573132
cell_003705	donor_092	1.7842697366472535	0.9824675985184064	0.19432428698789664	0.618027	F	-2.118141	0.023466	-0.006193	-0.036555	-0.000139	-0.020877	-0.006839	0.421345	0.716273	-1.032379	0.472635	-0.852708
cell_003706	donor_092	0.46222294794340313	-1.63906503050611	-1.1876142377303878	0.618027	F	-0.363349	0.008256	-0.006193	-0.036555	-0.000139	-0.020877	-0.006839	0.381159	0.275984	0.694398	0.111596	-0.631255
cell_003707	donor_092	0.5174571719567109	-1.4153831857882666	0.8428166537196125	0.618027	F	1.442124	0.022223	-0.006193	-0.036555	-0.000139	-0.020877	-0.006839	-0.108777	1.108286	-0.311528	0.657036	-1.586956
cell_003708	donor_092	0.707327540748934	-0.8515446903364065	1.3810672462913045	0.618027	F	-0.507021	0.024963	-0.006193	-0.036555	-0.000139	-0.020877	-0.006839	0.990169	1.243479	-2.856721	-0.316884	0.890352
cell_003709	donor_092	-0.4700349450540717	-0.20731668651564106	-0.5865161077914831	0.618027	F	0.699615	0.036536	-0.006193	-0.036555	-0.000139	-0.020877	-0.006839	-0.835806	0.405649	-2.193356	1.470025	-0.423843
cell_003710	donor_092	0.1550930488670684	-0.49777721688027876	-0.6936963316992114	0.618027	F	0.697414	0.046962	-0.006193	-0.036555	-0.000139	-0.020877	-0.006839	1.629547	0.401623	0.669103	0.620386	-1.234218
cell_003711	donor_092	-1.4434145436539396	-1.20082734451393	-1.584709149821165	0.618027	F	0.620579	0.039279	-0.006193	-0.036555	-0.000139	-0.020877	-0.006839	0.200934	0.447739	-1.518022	-0.66035	-1.367584
cell_003712	donor_092	-0.2545659044091262	-0.9135510520380713	-0.023297530853646095	0.618027	F	1.843894	0.050402	-0.006193	-0.036555	-0.000139	-0.020877	-0.006839	0.163152	-0.432883	-0.333077	-1.090781	0.882014
cell_003713	donor_092	0.3116376616039689	-0.40220594651123864	-1.3001545018801186	0.618027	F	-1.327562	0.043879	-0.006193	-0.036555	-0.000139	-0.020877	-0.006839	-1.30461	0.350378	0.674512	1.630264	-0.933245
cell_003714	donor_092	-0.525787724569585	1.2096971255887576	-0.3306842006491384	0.618027	F	-0.257725	0.031231	-0.006193	-0.036555	-0.000139	-0.020877	-0.006839	0.206065	-1.034664	-0.228814	-0.889068	-0.323166
cell_003715	donor_093	0.39602054692257876	0.8760526752513095	0.040120204312808265	0.194237	M	0.458577	0.007021	-0.016784	0.029283	-0.022622	0.011096	0.00046	-0.261224	0.980143	0.044374	0.636872	-1.000987
cell_003716	donor_093	0.009314927058483058	0.9689242971538513	-0.6532694863709975	0.194237	M	0.191583	0.016323	-0.016784	0.029283	-0.022622	0.011096	0.00046	1.518604	-0.886499	0.213334	-0.176151	-0.268007
cell_003717	donor_093	1.4000001646164624	0.8086157939422464	-0.39056232959622755	0.194237	M	0.26819	0.011909	-0.016784	0.029283	-0.022622	0.011096	0.00046	-0.382416	1.269644	1.218797	-0.694308	-0.406677
cell_003718	donor_093	-1.29750425535809	0.5891549644895666	-0.5810438325594047	0.194237	M	-0.012855	0.032649	-0.016784	0.029283	-0.022622	0.011096	0.00046	1.057939	0.487229	-0.383671	0.455941	0.050245
cell_003719	donor_093	0.5136983947872185	1.0489117111025013	0.42791859620572864	0.194237	M	1.162922	0.02526	-0.016784	0.029283	-0.022622	0.011096	0.00046	0.280321	0.276708	0.363233	0.778014	-0.935357
cell_003720	donor_093	0.6875738522492097	-0.1982459138596557	-0.12639697543876838	0.194237	M	-0.474884	0.042288	-0.016784	0.029283	-0.022622	0.011096	0.00046	2.787345	-0.295568	0.568762	0.181259	1.589803
cell_003721	donor_093	-1.1290361167724365	0.5625342759978247	0.8669536137830568	0.194237	M	0.075799	0.00649	-0.016784	0.029283	-0.022622	0.011096	0.00046	0.786112	1.248129	-0.002736	2.535312	0.73882
cell_003722	donor_093	0.11460230322709272	-0.09425075404067143	-0.584427993227047	0.194237	M	-1.102027	0.041897	-0.016784	0.029283	-0.022622	0.011096	0.00046	-0.594185	-0.057901	-0.314474	-0.969869	-1.222227
cell_003723	donor_093	0.6241408751906617	1.2413254830685563	-0.1226365270352997	0.194237	M	-0.315567	0.045699	-0.016784	0.029283	-0.022622	0.011096	0.00046	0.420424	-0.700266	-0.075964	1.762626	0.481199
cell_003724	donor_093	0.8799731405851834	-0.6061695236299696	-0.8597219867159085	0.194237	M	-0.316233	0.002883	-0.016784	0.029283	-0.022622	0.011096	0.00046	0.212316	-0.328745	1.01431	-0.169418	0.23485
cell_003725	donor_093	-0.9422638503269548	0.25752724426234463	0.8714744673970185	0.194237	M	0.449499	0.029508	-0.016784	0.029283	-0.022622	0.011096	0.00046	1.158915	-0.839811	-0.76392	0.955338	-0.138859
cell_003726	donor_093	-0.35687291222900475	1.1341326790442476	1.004760657399822	0.194237	M	-0.895016	0.02907	-0.016784	0.029283	-0.022622	0.011096	0.00046	0.081046	0.765795	0.684649	-0.171917	0.321859
cell_003727	donor_093	1.1390369023782532	-1.0240235953132788	0.14241191644905693	0.194237	M	-0.000822	0.060935	-0.016784	0.029283	-0.022622	0.011096	0.00046	1.467153	-0.61113	0.341394	-0.326546	-0.775953
cell_003728	donor_093	0.5921352816602736	1.9848931903147826	-0.1762946065746831	0.194237	M	-0.094574	0.017723	-0.016784	0.029283	-0.022622	0.011096	0.00046	0.195126	-0.680706	0.345991	0.8442	1.624613
cell_003729	donor_093	-0.5696144346464035	0.49226711506401283	-0.19403490447737173	0.194237	M	-1.180089	0.01664	-0.016784	0.029283	-0.022622	0.011096	0.00046	0.446722	0.769808	-0.692631	0.736905	-1.162636
cell_003730	donor_093	-0.24464237242818082	-0.24482371267160155	0.2446621615955343	0.194237	M	-0.298991	0.042909	-0.016784	0.029283	-0.022622	0.011096	0.00046	-0.682869	0.726288	0.663154	0.103139	-0.977296
cell_003731	donor_093	-1.6405410608244821	0.5201976883884424	0.6040191511187795	0.194237	M	-1.45252	0.028308	-0.016784	0.029283	-0.022622	0.011096	0.00046	-0.594948	-1.944357	-0.495092	1.18943	0.895949
cell_003732	donor_093	0.8349051743161497	0.1690171092473737	0.15291388055816185	0.194237	M	0.310269	0.030355	-0.016784	0.029283	-0.022622	0.011096	0.00046	0.187338	1.430261	-0.255397	-0.214318	-1.617819
cell_003733	donor_093	-0.9919808116416072	0.6794352572916948	0.22931406940617471	0.194237	M	0.764637	0.019398	-0.016784	0.029283	-0.022622	0.011096	0.00046	-0.112743	0.243187	0.387758	2.933918	0.60588
cell_003734	donor_093	0.48411805177211653	-0.9825721434110508	0.41214566195729485	0.194237	M	1.326919	0.006994	-0.016784	0.029283	-0.022622	0.011096	0.00046	-0.571325	-1.734116	-0.764287	-0.489627	-1.007343
cell_003735	donor_093	-1.3760820554137252	-0.6738723755464849	-1.9104999557300861	0.194237	M	0.885976	0.022648	-0.016784	0.029283	-0.022622	0.011096	0.00046	-1.310484	0.360811	-0.422156	-1.311135	2.829081
cell_003736	donor_093	-0.6947885087238238	0.238021495283473	-2.037853491778726	0.194237	M	-0.140983	0.060747	-0.016784	0.029283	-0.022622	0.011096	0.00046	-0.168567	-0.340187	0.375157	-1.25576	0.015768
cell_003737	donor_093	-0.09402582774214191	1.2490489623142786	0.2790419680490001	0.194237	M	-1.186558	0.035256	-0.016784	0.029283	-0.022622	0.011096	0.00046	-0.464797	-0.74287	-0.500227	1.336628	-1.251394
cell_003738	donor_093	1.5614123495859105	-1.6251452924913106	0.16691262231720114	0.194237	M	0.878057	0.001309	-0.016784	0.029283	-0.022622	0.011096	0.00046	-0.49904	-1.947324	0.611226	0.484901	-1.094957
cell_003739	donor_093	0.8549687292407971	-1.3194629785747076	0.584670823598601	0.194237	M	-1.199746	0.02468	-0.016784	0.029283	-0.022622	0.011096	0.00046	0.347976	0.664485	-0.103492	-0.177721	1.173752
cell_003740	donor_093	-1.2075876562852235	-0.7401433502555855	-0.7291323885707678	0.194237	M	0.591071	0.006982	-0.016784	0.029283	-0.022622	0.011096	0.00046	-1.67096	0.300328	-0.32539	-0.648585	-1.248842
cell_003741	donor_093	-0.49389518345087785	-0.5681393192600374	-0.5919932526868213	0.194237	M	-0.968016	0.025006	-0.016784	0.029283	-0.022622	0.011096	0.00046	-0.528613	1.803052	0.172998	0.288674	0.284398
cell_003742	donor_093	-1.170371507113666	1.0471118359465275	-1.0012912876887858	0.194237	M	-0.986803	0.064216	-0.016784	0.029283	-0.022622	0.011096	0.00046	0.274544	0.425402	-0.301942	0.121054	1.517913
cell_003743	donor_093	0.3115230204741193	0.22498778699587874	-1.0031666528944274	0.194237	M	-0.323702	0.018876	-0.016784	0.029283	-0.022622	0.011096	0.00046	0.905145	-1.069515	0.559182	0.175273	0.112326
cell_003744	donor_093	0.21951404449143153	0.2729888442799192	1.3733086766806222	0.194237	M	-0.890998	0.039451	-0.016784	0.029283	-0.022622	0.011096	0.00046	-0.1263	0.229461	-0.92303	0.088295	-0.53414
cell_003745	donor_093	1.0739720711910994	-0.6144986765409204	-0.9662212584530666	0.194237	M	-1.084855	0.017336	-0.016784	0.029283	-0.022622	0.011096	0.00046	0.144341	1.350219	-0.069727	-1.024002	0.515121
cell_003746	donor_093	1.2291090328354914	0.32242006746031765	0.6355356688173128	0.194237	M	0.91429	0.034152	-0.016784	0.029283	-0.022622	0.011096	0.00046	0.265171	0.677529	-1.144741	-0.406708	-0.223012
cell_003747	donor_093	-1.1893625861584713	-0.33537745164774885	0.8759107288353177	0.194237	M	-1.637174	0.040537	-0.016784	0.029283	-0.022622	0.011096	0.00046	-0.322394	0.111857	-0.043775	-1.192703	1.221793
cell_003748	donor_093	-0.8662690572297903	-0.07922903372545495	1.6099869603443757	0.194237	M	1.465643	0.043457	-0.016784	0.029283	-0.022622	0.011096	0.00046	1.120089	-2.384126	1.047995	-1.334838	0.559166
cell_003749	donor_093	-1.4721323240909643	1.042993733841015	-0.819394204876014	0.194237	M	2.476448	0.033417	-0.016784	0.029283	-0.022622	0.011096	0.00046	0.19807	-2.481391	0.248632	0.708544	0.20903
cell_003750	donor_093	-0.2766568561825636	1.4240862579384446	-0.33080103488232576	0.194237	M	1.353652	0.005732	-0.016784	0.029283	-0.022622	0.011096	0.00046	0.358465	0.340786	-0.090888	-0.084022	1.816792
cell_003751	donor_093	-0.8280386990581228	0.2040674200061468	0.9792619297163254	0.194237	M	-1.126387	0.051563	-0.016784	0.029283	-0.022622	0.011096	0.00046	2.439189	0.876464	-2.077316	-0.13858	1.294547
cell_003752	donor_093	1.0142254651802318	1.713607740914481	0.29356758808541095	0.194237	M	-0.047348	0.036014	-0.016784	0.029283	-0.022622	0.011096	0.00046	-0.417345	0.204415	1.1771	0.639111	0.618633
cell_003753	donor_094	0.9957758830285944	-1.1952428713546672	1.8197971356219012	-0.93587	M	-0.051433	0.049456	0.012385	-0.016471	-0.006032	-0.024642	0.026808	0.501637	-0.841857	-0.103504	0.051857	-1.461216
cell_003754	donor_094	-0.07106423853712564	-0.44670967899619257	-0.5920829840011086	-0.93587	M	2.153254	0.028348	0.012385	-0.016471	-0.006032	-0.024642	0.026808	-1.087366	0.783648	-0.273383	-0.231649	0.2359
cell_003755	donor_094	-0.37581284245764596	-0.43151667996060367	-0.9587712266535379	-0.93587	M	-1.033706	0.01263	0.012385	-0.016471	-0.006032	-0.024642	0.026808	-0.093595	-0.505718	-1.066146	-1.842911	2.15971
cell_003756	donor_094	-0.23423637176912196	1.1643964937462485	0.41323154350502983	-0.93587	M	1.177295	0.015984	0.012385	-0.016471	-0.006032	-0.024642	0.026808	0.2322	-0.755984	-0.633842	0.993181	0.25929
cell_003757	donor_094	1.337945515208528	0.7612852120639406	-0.6258213071542221	-0.93587	M	-1.364995	0.000288	0.012385	-0.016471	-0.006032	-0.024642	0.026808	0.342227	0.639633	-0.759053	0.128646	-0.956956
cell_003758	donor_094	1.5744440309923342	-0.40526282543157677	1.446308881998182	-0.93587	M	-0.559731	0.031471	0.012385	-0.016471	-0.006032	-0.024642	0.026808	1.569114	-0.631555	-0.04678	-0.739508	1.40739
cell_003759	donor_094	-0.6405322010939233	-1.6393758567143604	-1.1910912854251663	-0.93587	M	0.478943	0.037743	0.012385	-0.016471	-0.006032	-0.024642	0.026808	-0.902615	0.736005	0.810726	-0.113532	0.889769
cell_003760	donor_094	-0.15982597697971823	-0.29160388897618816	1.0461404149137015	-0.93587	M	-2.035434	0.033003	0.012385	-0.016471	-0.006032	-0.024642	0.026808	-0.989722	-0.318071	-0.134737	1.693865	-0.131306
cell_003761	donor_094	-0.0076147980122658965	0.1397800235086518	-0.15986404862963247	-0.93587	M	0.824341	0.019988	0.012385	-0.016471	-0.006032	-0.024642	0.026808	-0.528602	0.200656	1.068921	-0.611887	0.456781
cell_003762	donor_094	0.9785788027206038	0.05224266970900059	2.020251812433693	-0.93587	M	-0.380856	0.049392	0.012385	-0.016471	-0.006032	-0.024642	0.026808	1.737975	-0.240473	1.409613	1.715708	-0.93182
cell_003763	donor_094	0.5687344467726966	0.4165586810108036	0.03720358165449665	-0.93587	M	2.778195	0.035751	0.012385	-0.016471	-0.006032	-0.024642	0.026808	0.031855	-1.780153	0.589079	1.418845	-0.956605
cell_003764	donor_094	0.5925078267298403	-0.3767266269017085	0.5878950283909682	-0.93587	M	0.650186	0.051304	0.012385	-0.016471	-0.006032	-0.024642	0.026808	-1.949903	-0.596032	2.444934	0.859815	0.530794
cell_003765	donor_094	-0.7595012508619914	1.0850700230546313	-1.8377953613627236	-0.93587	M	0.102828	0.037843	0.012385	-0.016471	-0.006032	-0.024642	0.026808	-1.404194	0.248017	0.592791	-2.321436	0.720335
cell_003766	donor_094	0.2684428563845646	1.691102838845889	-0.10061605029781366	-0.93587	M	0.268174	0.028653	0.012385	-0.016471	-0.006032	-0.024642	0.026808	-2.305742	0.230961	-1.858392	1.016529	0.923586
cell_003767	donor_094	-1.0736335286191605	0.1999278839771379	0.33262687361684706	-0.93587	M	-0.144938	0.036408	0.012385	-0.016471	-0.006032	-0.024642	0.026808	-1.742823	0.910734	-0.882358	-0.151079	-0.006321
cell_003768	donor_094	1.582813853123654	-0.38978895161760646	0.36299039669951766	-0.93587	M	-0.655428	0.047878	0.012385	-0.016471	-0.006032	-0.024642	0.026808	1.308546	-0.665948	1.515453	1.450797	-1.076859
cell_003769	donor_094	-0.9223217672469142	0.24946822151825557	0.8855093166622685	-0.93587	M	-0.175797	0.007214	0.012385	-0.016471	-0.006032	-0.024642	0.026808	0.355306	0.186289	1.069514	-0.562317	-1.058335
cell_003770	donor_094	-0.8738035455352757	0.7980105217767779	0.40035025201190066	-0.93587	M	0.296719	0.029184	0.012385	-0.016471	-0.006032	-0.024642	0.026808	-0.518586	-0.678709	1.034429	0.460619	0.356677
cell_003771	donor_094	-0.6629955207169255	-1.663972209797663	-1.802045563506348	-0.93587	M	-2.08849	7.8e-05	0.012385	-0.016471	-0.006032	-0.024642	0.026808	-0.584509	1.702551	-1.594477	0.219066	-1.062448
cell_003772	donor_094	-0.3464997162220347	0.1440706825033647	0.7075884962509975	-0.93587	M	1.321099	0.022466	0.012385	-0.016471	-0.006032	-0.024642	0.026808	1.723425	0.577899	0.528485	-0.276665	-0.898307
cell_003773	donor_094	-1.2640506035662715	0.9426784525505467	-1.453740940460121	-0.93587	M	-0.233034	0.00815	0.012385	-0.016471	-0.006032	-0.024642	0.026808	-0.650854	-0.103249	-0.965198	0.167068	-1.475177
cell_003774	donor_094	0.17193149614831765	-0.14450157599720392	-2.814848404688016	-0.93587	M	1.090292	0.028427	0.012385	-0.016471	-0.006032	-0.024642	0.026808	0.106538	-0.657955	-0.604773	-0.009958	2.051438
cell_003775	donor_094	-0.7486757162477119	-1.8024962986104314	0.06840184450802743	-0.93587	M	1.049414	0.015318	0.012385	-0.016471	-0.006032	-0.024642	0.026808	0.427455	0.274249	0.996699	0.781764	0.883406
cell_003776	donor_094	0.327337395037797	0.2329275784845984	-1.0135790653818713	-0.93587	M	0.15344	0.025186	0.012385	-0.016471	-0.006032	-0.024642	0.026808	-0.400246	-0.319978	-0.687102	-0.632409	1.744869
cell_003777	donor_094	-0.10632977705070283	-0.3980691795646605	0.4850939588151947	-0.93587	M	-0.814667	0.039252	0.012385	-0.016471	-0.006032	-0.024642	0.026808	-0.222242	0.492908	0.159123	0.960141	0.247263
cell_003778	donor_094	0.6871721686438369	-0.41982158711244116	-0.6739120128319805	-0.93587	M	0.214227	0.043555	0.012385	-0.016471	-0.006032	-0.024642	0.026808	0.852395	-1.624338	-1.183225	-1.397861	-0.110853
cell_003779	donor_094	-0.27116030483185194	-1.4067489637880908	-1.3241418459143461	-0.93587	M	-1.390212	0.013415	0.012385	-0.016471	-0.006032	-0.024642	0.026808	0.715589	-0.497242	-1.204741	0.657937	1.050875
cell_003780	donor_094	1.160383862417882	0.558193951571028	-0.49530107168712134	-0.93587	M	0.460233	0.036715	0.012385	-0.016471	-0.006032	-0.024642	0.026808	0.366964	0.710752	-0.692237	0.61664	-0.834987
cell_003781	donor_094	-1.2601530456875698	-0.8556102533015637	0.6307057867125123	-0.93587	M	0.394298	0.053152	0.012385	-0.016471	-0.006032	-0.024642	0.026808	-1.838954	-0.16302	-0.296391	-0.113542	1.258231
cell_003782	donor_094	-0.5907252228106338	-0.22179728734248058	-0.8875044827452082	-0.93587	M	-0.703263	0.012923	0.012385	-0.016471	-0.006032	-0.024642	0.026808	-0.885973	-0.106102	1.001746	1.67519	0.91477
cell_003783	donor_094	1.0344992103878985	-0.4454136405963126	0.3670396625251518	-0.93587	M	0.984254	0.040412	0.012385	-0.016471	-0.006032	-0.024642	0.026808	0.450224	-0.565217	0.418919	0.360686	-0.164003
cell_003784	donor_094	-0.22922226580381438	-2.385544837450527	-2.0402348862578465	-0.93587	M	0.109876	0.023295	0.012385	-0.016471	-0.006032	-0.024642	0.026808	1.062487	0.266504	-0.411735	0.728185	0.385891
cell_003785	donor_094	0.9905853827831013	-1.916977197920656	0.1085052634276633	-0.93587	M	-0.678895	0.036355	0.012385	-0.016471	-0.006032	-0.024642	0.026808	0.741568	0.748822	-1.456192	0.142918	-0.416579
cell_003786	donor_094	1.6156240294943445	-0.28404327230641346	-0.27969629725703915	-0.93587	M	-2.712875	0.06706	0.012385	-0.016471	-0.006032	-0.024642	0.026808	1.626629	0.597892	1.292865	-0.459833	0.125772
cell_003787	donor_094	-0.24163240835767869	2.0971757794995622	0.9553517820744187	-0.93587	M	-0.638076	0.069595	0.012385	-0.016471	-0.006032	-0.024642	0.026808	0.284739	-0.767917	1.023027	-0.17811	0.255622
cell_003788	donor_094	-1.261123148834722	-1.178604553458286	1.1313681790482626	-0.93587	M	0.964226	0.029368	0.012385	-0.016471	-0.006032	-0.024642	0.026808	0.174644	-0.955179	1.716095	-0.049506	0.004082
cell_003789	donor_094	1.3968928565628806	1.5359788856753984	0.9875615058858563	-0.93587	M	-1.199052	0.011962	0.012385	-0.016471	-0.006032	-0.024642	0.026808	-1.348713	0.901451	0.115934	0.16605	0.806681
cell_003790	donor_094	-0.7156273329669921	0.57122665702013	1.1112259710966945	-0.93587	M	-0.870822	0.031146	0.012385	-0.016471	-0.006032	-0.024642	0.026808	0.572666	-0.435745	-0.049833	1.013146	0.005893
cell_003791	donor_094	0.4601898222836961	0.5963795827791428	0.3146911114816782	-0.93587	M	0.645193	0.045551	0.012385	-0.016471	-0.006032	-0.024642	0.026808	-0.153094	-2.064338	-0.625588	-0.240465	-1.423935
cell_003792	donor_094	-1.5157625698938262	-0.05834363372308753	0.8127605972642142	-0.93587	M	2.364321	0.026926	0.012385	-0.016471	-0.006032	-0.024642	0.026808	-0.838858	0.005227	-0.046283	0.349719	0.941786
cell_003793	donor_094	-1.442491692296073	0.4293117833153755	-0.07017804229776364	-0.93587	M	-0.190065	0.027303	0.012385	-0.016471	-0.006032	-0.024642	0.026808	-0.704135	-0.622794	-0.077327	0.665077	-0.05715
cell_003794	donor_094	-1.176721583246665	-0.727037221041918	1.6607700127541893	-0.93587	M	0.724131	0.023373	0.012385	-0.016471	-0.006032	-0.024642	0.026808	-0.231883	0.415269	-0.696104	2.400858	0.126091
cell_003795	donor_094	-0.5287538191013683	0.32953914711107735	0.6862111266941517	-0.93587	M	1.329442	0.045182	0.012385	-0.016471	-0.006032	-0.024642	0.026808	0.296291	-0.621459	0.106031	-0.320545	1.719091
cell_003796	donor_095	0.012409896662101216	0.3662194256099322	0.35957418640974426	1.748135	F	0.99583	0.028151	0.001193	0.003848	0.013506	-0.014272	-0.000359	0.326668	-0.996794	0.388198	0.419906	-0.119802
cell_003797	donor_095	0.4418257869686778	-1.2066452607028344	-0.2775390662280533	1.748135	F	0.26912	0.008829	0.001193	0.003848	0.013506	-0.014272	-0.000359	-0.03681	0.410984	2.327544	1.093201	0.186911
cell_003798	donor_095	-0.08154134465121171	-0.7544994472397034	-0.8035369663666595	1.748135	F	0.01802	0.048316	0.001193	0.003848	0.013506	-0.014272	-0.000359	-0.960771	0.13334	1.499727	-1.663249	-0.288492
cell_003799	donor_095	0.6598755027177924	-1.4557276409528184	0.04497406386065406	1.748135	F	0.148385	0.029905	0.001193	0.003848	0.013506	-0.014272	-0.000359	0.67423	-0.190488	-0.106638	-0.118686	0.420026
cell_003800	donor_095	-0.7970977237372631	0.31709479852824635	-0.07912648904030238	1.748135	F	0.409479	0.039413	0.001193	0.003848	0.013506	-0.014272	-0.000359	0.84611	0.638954	0.492466	-0.612106	-0.789801
cell_003801	donor_095	1.4456273629029461	-0.4417412352684455	0.8047901472806467	1.748135	F	-0.97297	0.017426	0.001193	0.003848	0.013506	-0.014272	-0.000359	1.939644	1.051459	-1.376175	0.330595	0.560582
cell_003802	donor_095	-0.902361289049926	-0.4565511843959679	-0.31868504546855975	1.748135	F	-1.610342	0.040435	0.001193	0.003848	0.013506	-0.014272	-0.000359	-1.372163	-0.562399	0.134173	-0.002011	0.322775
cell_003803	donor_095	-0.11795554131231602	-0.5799756022798808	-0.893696896223321	1.748135	F	0.383313	0.051828	0.001193	0.003848	0.013506	-0.014272	-0.000359	0.722279	2.070199	-0.368748	0.263471	-0.848048
cell_003804	donor_095	-0.14893801328558215	0.6677011541822115	-1.3632993488034728	1.748135	F	-1.047746	0.034909	0.001193	0.003848	0.013506	-0.014272	-0.000359	0.578116	-0.41695	0.100809	0.857367	1.022583
cell_003805	donor_095	0.7905213882404305	1.6420393163210185	0.437191923430592	1.748135	F	-0.743525	0.054129	0.001193	0.003848	0.013506	-0.014272	-0.000359	-1.047475	1.592473	0.273849	0.57969	1.242449
cell_003806	donor_095	2.046129405172297	-0.4876115243751999	1.0467571230082784	1.748135	F	0.24833	0.03066	0.001193	0.003848	0.013506	-0.014272	-0.000359	0.461677	0.553382	0.360078	0.236982	-0.570156
cell_003807	donor_095	-1.3192382180698246	-0.19802196470068434	2.022184409934017	1.748135	F	-1.331386	0.008362	0.001193	0.003848	0.013506	-0.014272	-0.000359	-1.686874	-2.741877	-1.033882	-0.325874	1.600977
cell_003808	donor_095	0.931038787962036	0.6435738229462515	0.48008452878380203	1.748135	F	-0.577008	0.006696	0.001193	0.003848	0.013506	-0.014272	-0.000359	0.261211	-1.153523	0.500812	-0.090291	-0.366865
cell_003809	donor_095	0.12176185551844176	0.48483041362513557	-0.025692241926247084	1.748135	F	0.689249	0.007355	0.001193	0.003848	0.013506	-0.014272	-0.000359	-1.293164	0.833878	0.765216	0.555626	2.42827
cell_003810	donor_095	1.1677443683229796	2.0815948872432313	-0.04124309420375799	1.748135	F	0.628349	0.053713	0.001193	0.003848	0.013506	-0.014272	-0.000359	1.722514	-0.399912	-0.386063	-2.323535	1.088052
cell_003811	donor_095	0.09702159976624232	1.037025884215187	-0.395285879866994	1.748135	F	-0.622071	0.038026	0.001193	0.003848	0.013506	-0.014272	-0.000359	-1.219921	-0.429202	1.754614	-0.08035	-0.64992
cell_003812	donor_095	-0.03237135416225395	0.2983599417542511	-0.3425027958308293	1.748135	F	0.794073	0.021995	0.001193	0.003848	0.013506	-0.014272	-0.000359	-1.758364	-0.989829	-0.726465	-1.748294	0.377794
cell_003813	donor_095	0.5988878657990813	0.47619967969600613	1.855827972582059	1.748135	F	1.127644	0.036404	0.001193	0.003848	0.013506	-0.014272	-0.000359	-0.48066	0.139793	0.831666	0.176815	-1.780078
cell_003814	donor_095	0.1716690997232165	-2.103993179471819	-0.25975687018557914	1.748135	F	-0.363714	0.032182	0.001193	0.003848	0.013506	-0.014272	-0.000359	0.856658	-1.307065	0.185611	-0.902366	1.515154
cell_003815	donor_095	-0.4083568092443205	0.9216666600313808	0.6843243032450165	1.748135	F	-0.673379	0.047873	0.001193	0.003848	0.013506	-0.014272	-0.000359	-0.593466	1.011542	0.132968	-0.680726	-0.792505
cell_003816	donor_095	-0.36613938896921405	-0.2579948256243932	0.3491900479038185	1.748135	F	0.327242	0.017204	0.001193	0.003848	0.013506	-0.014272	-0.000359	-0.509142	-0.642775	-0.684395	-1.360279	1.329493
cell_003817	donor_095	-0.09930973921641484	1.6273941498057993	-0.028782742456956605	1.748135	F	-0.642638	0.049387	0.001193	0.003848	0.013506	-0.014272	-0.000359	0.991549	-2.24048	1.349107	0.671134	1.299883
cell_003818	donor_095	0.5774285025900799	-1.3903092925244225	0.8252274399413975	1.748135	F	-0.932221	0.007942	0.001193	0.003848	0.013506	-0.014272	-0.000359	-0.153766	-1.66201	-0.175003	-0.334646	1.113178
cell_003819	donor_095	-1.1033243773435675	-0.05636586037184661	1.863742651968645	1.748135	F	1.381648	0.053184	0.001193	0.003848	0.013506	-0.014272	-0.000359	1.14348	-0.135128	0.0236	-1.810774	-1.42382
cell_003820	donor_095	-0.5147372296060587	-1.078522933465383	-0.5498318901428122	1.748135	F	1.43863	0.01474	0.001193	0.003848	0.013506	-0.014272	-0.000359	-0.072015	-1.454885	-0.300717	1.190894	-0.488516
cell_003821	donor_095	1.1321707850202574	3.212882500744946	-1.1244342484636503	1.748135	F	-1.18122	0.051188	0.001193	0.003848	0.013506	-0.014272	-0.000359	-1.53214	-0.134368	0.101959	-1.310818	-1.481407
cell_003822	donor_095	-0.029250541262424348	-0.661316885399212	1.555962905171382	1.748135	F	0.833095	0.046269	0.001193	0.003848	0.013506	-0.014272	-0.000359	0.487167	-0.869819	1.052982	0.200181	1.500962
cell_003823	donor_095	-0.1473704669839666	-0.13078538986689062	0.36858487588804134	1.748135	F	2.192921	0.037391	0.001193	0.003848	0.013506	-0.014272	-0.000359	0.220258	-0.772082	-0.505238	2.118962	-2.527443
cell_003824	donor_095	-0.10147328929379404	1.3277828725353713	-2.1006162292253534	1.748135	F	-0.252114	0.018154	0.001193	0.003848	0.013506	-0.014272	-0.000359	-1.409069	-0.377794	0.809556	0.113007	-1.054424
cell_003825	donor_095	0.37173437175967133	-0.7455412958912448	0.6749730300746124	1.748135	F	-0.616008	0.056507	0.001193	0.003848	0.013506	-0.014272	-0.000359	0.514222	1.042857	-1.208749	0.796037	-0.629399
cell_003826	donor_095	-0.29403546748378867	0.6763357265228981	-1.3649428892235662	1.748135	F	-0.09677	0.035363	0.001193	0.003848	0.013506	-0.014272	-0.000359	0.386696	0.765137	1.31751	0.037735	0.421785
cell_003827	donor_095	-1.1771801242190856	-0.7497275840040838	-2.0431776095466647	1.748135	F	0.949646	0.026726	0.001193	0.003848	0.013506	-0.014272	-0.000359	-0.385536	-0.329318	-1.662346	0.031246	0.689227
cell_003828	donor_095	1.0560862881484832	-0.6162073130696781	1.9582607833301302	1.748135	F	-1.804996	0.024587	0.001193	0.003848	0.013506	-0.014272	-0.000359	-0.908421	0.55687	-0.748354	2.009771	1.578031
cell_003829	donor_095	-0.025102442843568537	0.2401003111450566	0.6862776575543651	1.748135	F	0.771027	0.045278	0.001193	0.003848	0.013506	-0.014272	-0.000359	2.065158	-0.570259	1.046961	-0.03934	0.612817
cell_003830	donor_095	0.9462267035502752	-1.1114044705165147	-0.1562936225611147	1.748135	F	0.852332	0.053512	0.001193	0.003848	0.013506	-0.014272	-0.000359	2.067792	0.782163	1.523516	0.539674	1.601238
cell_003831	donor_095	-1.4294791161103468	-1.650465702631695	0.7712895458652543	1.748135	F	-2.502042	0.006041	0.001193	0.003848	0.013506	-0.014272	-0.000359	1.445152	0.970228	0.175816	-0.370246	1.81814
cell_003832	donor_095	-0.23192656413498436	0.692842361335983	0.2844369787821342	1.748135	F	0.329512	0.036584	0.001193	0.003848	0.013506	-0.014272	-0.000359	-1.111115	-0.095934	-1.093192	-0.689143	-0.285457
cell_003833	donor_095	1.4211453122274393	-1.6289172218871173	0.4221810975985446	1.748135	F	1.323636	0.007983	0.001193	0.003848	0.013506	-0.014272	-0.000359	-0.302147	-0.159966	-0.446443	1.025012	-0.248771
cell_003834	donor_095	0.12500213888673234	-0.6403195132346355	1.0390212158462733	1.748135	F	0.184009	0.051337	0.001193	0.003848	0.013506	-0.014272	-0.000359	-0.472024	0.124808	-1.151533	0.679899	-1.103899
cell_003835	donor_095	-0.5323176159535852	1.3664188469596574	-0.16608844238480341	1.748135	F	-1.46477	0.011632	0.001193	0.003848	0.013506	-0.014272	-0.000359	-1.777201	3.194662	-0.752295	0.67428	-0.677332
cell_003836	donor_095	-0.39570120185975344	0.5359591878840848	-0.8120790996215943	1.748135	F	-0.3437	0.002774	0.001193	0.003848	0.013506	-0.014272	-0.000359	1.095561	2.174937	1.01796	0.680576	-0.862685
cell_003837	donor_095	-0.19091670482183806	1.7326081690963135	0.2680143995315964	1.748135	F	0.497034	0.052213	0.001193	0.003848	0.013506	-0.014272	-0.000359	0.08335	-0.06743	-1.145437	-2.088967	-0.43018
cell_003838	donor_095	-0.5531476546696389	0.7510491155428254	1.2103996990979735	1.748135	F	0.044641	0.044291	0.001193	0.003848	0.013506	-0.014272	-0.000359	-1.585503	0.311956	-0.351484	1.41073	-0.169805
cell_003839	donor_095	-2.7863554964767068	2.988093301357619	-0.45091443200195414	1.748135	F	-0.820196	0.052718	0.001193	0.003848	0.013506	-0.014272	-0.000359	-1.474957	1.985712	0.671568	-1.372823	-0.31258
cell_003840	donor_095	-1.8078992226261754	-1.0860971941193405	0.13860716329055608	1.748135	F	0.371119	0.067727	0.001193	0.003848	0.013506	-0.014272	-0.000359	1.071535	0.389861	-0.393319	-1.186062	0.170386
cell_003841	donor_095	-0.9343043201482135	-0.7722147559940201	1.762247977714024	1.748135	F	-1.475909	0.005621	0.001193	0.003848	0.013506	-0.014272	-0.000359	1.391457	0.151785	1.014333	0.988095	1.180856
cell_003842	donor_095	1.1598018218605797	-0.12404735312263353	-0.06971723423483085	1.748135	F	-0.44631	0.056967	0.001193	0.003848	0.013506	-0.014272	-0.000359	1.613237	0.118568	1.522767	-0.125471	-2.171659
cell_003843	donor_096	-1.162500759243239	0.9989197635652283	1.1122233018979528	-0.158921	F	0.914778	0.028375	-0.013728	-0.004237	0.033134	-0.026136	0.000304	-1.083334	0.613923	-0.538053	-0.408523	-0.416994
cell_003844	donor_096	0.25386726028374024	-0.7128723647012654	0.19700739434777903	-0.158921	F	2.49529	0.005332	-0.013728	-0.004237	0.033134	-0.026136	0.000304	-0.155862	2.071762	0.757871	1.731194	-0.138483
cell_003845	donor_096	-0.7939112156282707	0.9711791557204447	-0.3016199550522452	-0.158921	F	2.082801	0.013376	-0.013728	-0.004237	0.033134	-0.026136	0.000304	1.225121	1.19197	-1.485185	-0.359688	-1.621745
cell_003846	donor_096	-0.07302164324157585	0.02018598545680012	-0.45691228766442926	-0.158921	F	0.533456	0.039654	-0.013728	-0.004237	0.033134	-0.026136	0.000304	-0.456964	1.067167	1.380509	-1.088345	-0.834671
cell_003847	donor_096	-2.0788889884831234	-0.2966363252164493	0.6751141491398317	-0.158921	F	0.123202	0.04378	-0.013728	-0.004237	0.033134	-0.026136	0.000304	-0.197814	1.005132	0.521104	-1.502335	0.432927
cell_003848	donor_096	1.3829339041620596	0.4479260346373399	0.05841486023013913	-0.158921	F	1.444862	0.014789	-0.013728	-0.004237	0.033134	-0.026136	0.000304	0.916904	-0.130533	0.487396	-0.549788	-0.535277
cell_003849	donor_096	0.16929535407017254	-0.5392735694395249	0.0023819233086076323	-0.158921	F	-2.267909	0.024651	-0.013728	-0.004237	0.033134	-0.026136	0.000304	1.613673	-0.21338	0.426372	-0.668317	0.75361
cell_003850	donor_096	1.0232620527488263	0.6739012966174497	0.11547556928192179	-0.158921	F	1.770947	0.046941	-0.013728	-0.004237	0.033134	-0.026136	0.000304	1.324592	1.669241	-0.0945	-0.042598	0.80896
cell_003851	donor_096	-1.3194511719318114	1.2505486173297136	0.08068539106507851	-0.158921	F	0.302952	0.025173	-0.013728	-0.004237	0.033134	-0.026136	0.000304	1.14145	0.24423	-1.184468	-0.976562	-0.430365
cell_003852	donor_096	-0.5759178805047662	-0.10251381404839865	-0.7324312330616193	-0.158921	F	-0.099265	0.028248	-0.013728	-0.004237	0.033134	-0.026136	0.000304	-1.201454	-1.358236	0.461758	-0.857238	-0.292219
cell_003853	donor_096	0.4926435177585681	0.61949149859039	0.9883834825919792	-0.158921	F	1.47629	0.024514	-0.013728	-0.004237	0.033134	-0.026136	0.000304	0.700558	0.82463	0.71411	0.44291	-0.101912
cell_003854	donor_096	0.43503895645673385	0.3552586014042574	-0.3211096719856213	-0.158921	F	-0.589351	0.013375	-0.013728	-0.004237	0.033134	-0.026136	0.000304	-0.971404	-0.543979	-1.330275	-1.759132	0.692242
cell_003855	donor_096	1.4170968862121973	-0.012396559417734121	-0.5869980900925357	-0.158921	F	-0.450943	0.041745	-0.013728	-0.004237	0.033134	-0.026136	0.000304	0.033432	0.14319	0.263722	-0.557648	-0.512642
cell_003856	donor_096	0.31455458095261785	-0.17494606335120133	-0.3809058976605733	-0.158921	F	-0.42021	0.027955	-0.013728	-0.004237	0.033134	-0.026136	0.000304	0.512004	-0.050547	-1.898304	-1.137841	-1.152686
cell_003857	donor_096	-0.08706256637760065	0.4244599990503003	-1.635254984933309	-0.158921	F	1.4307	0.044519	-0.013728	-0.004237	0.033134	-0.026136	0.000304	0.821945	-0.745568	-0.062345	1.127401	0.694351
cell_003858	donor_096	-1.111831006284116	-2.124074759469946	-0.1163914841063607	-0.158921	F	-0.638857	0.073297	-0.013728	-0.004237	0.033134	-0.026136	0.000304	-1.22282	-0.238218	0.397171	-1.362501	-1.28785
cell_003859	donor_096	-1.6492594450485958	-0.2829263285149393	0.3108818464880282	-0.158921	F	0.572001	0.011076	-0.013728	-0.004237	0.033134	-0.026136	0.000304	0.275917	-0.212321	1.839187	0.320939	1.296838
cell_003860	donor_096	1.0415858140819465	-1.2769643251998974	-0.5537654948974621	-0.158921	F	0.531562	0.014731	-0.013728	-0.004237	0.033134	-0.026136	0.000304	-1.07485	-0.013632	-1.221056	0.423579	0.036983
cell_003861	donor_096	-2.2608729773506564	0.8620756282716882	-0.5597675107522428	-0.158921	F	0.099404	0.025615	-0.013728	-0.004237	0.033134	-0.026136	0.000304	0.079448	-0.122132	-0.650287	-0.07206	-0.921537
cell_003862	donor_096	-0.6675055217568909	1.637175143295439	0.04791461106928623	-0.158921	F	0.366657	0.042544	-0.013728	-0.004237	0.033134	-0.026136	0.000304	-1.570662	-0.646771	0.017443	-0.577152	0.906228
cell_003863	donor_096	-0.27100700445715603	-0.2093620870941806	0.9603534705323653	-0.158921	F	1.625295	0.012184	-0.013728	-0.004237	0.033134	-0.026136	0.000304	-2.380964	0.741011	0.415001	1.125907	0.162697
cell_003864	donor_096	-0.12620387870103408	0.19282557630232394	0.9428115777617633	-0.158921	F	0.017049	0.015535	-0.013728	-0.004237	0.033134	-0.026136	0.000304	0.261802	-0.90147	0.336367	0.982699	1.186184
cell_003865	donor_096	0.9952929300178677	0.972360256748426	-0.9932028424877452	-0.158921	F	-0.488183	0.029689	-0.013728	-0.004237	0.033134	-0.026136	0.000304	-0.987842	-0.807902	0.926839	-0.580424	-1.115284
cell_003866	donor_096	-0.7331733112515672	0.7122006836790995	0.7702603272515184	-0.158921	F	-0.102837	0.006943	-0.013728	-0.004237	0.033134	-0.026136	0.000304	0.03138	-0.310859	-0.129838	2.098237	-0.356642
cell_003867	donor_096	-2.1512479538371507	-0.742651254729843	2.5927084596283696	-0.158921	F	1.005202	0.010786	-0.013728	-0.004237	0.033134	-0.026136	0.000304	2.653452	0.235983	0.087301	0.307243	-0.289982
cell_003868	donor_096	-1.8523472922434414	-0.5878201178230802	-0.49771681292863357	-0.158921	F	-0.712701	0.075109	-0.013728	-0.004237	0.033134	-0.026136	0.000304	-0.698139	-0.320009	1.585416	0.429136	-1.664936
cell_003869	donor_096	0.4195729357771862	-0.6364433976883055	-1.0354478107027547	-0.158921	F	-1.23123	0.043647	-0.013728	-0.004237	0.033134	-0.026136	0.000304	0.063865	-0.691632	-1.3911	-0.591164	1.001329
cell_003870	donor_096	0.9126148703439314	-0.6553203615500865	0.021509247436291425	-0.158921	F	0.006656	0.003897	-0.013728	-0.004237	0.033134	-0.026136	0.000304	-1.355968	-1.106508	-0.030314	-0.391234	-0.456108
cell_003871	donor_096	0.5047781763071737	0.24499134824871857	0.4812248938255102	-0.158921	F	0.285415	0.040992	-0.013728	-0.004237	0.033134	-0.026136	0.000304	-0.74951	0.753291	-0.047211	-1.096532	-0.204414
cell_003872	donor_096	0.18808748916911383	-0.27211316923015866	-0.7169693797204086	-0.158921	F	-0.136848	0.021714	-0.013728	-0.004237	0.033134	-0.026136	0.000304	0.875217	0.876363	-0.86537	0.571888	-0.34188
cell_003873	donor_096	-1.5468152802219564	-0.1998689933769575	-1.462007082958155	-0.158921	F	0.991919	0.04696	-0.013728	-0.004237	0.033134	-0.026136	0.000304	0.019207	0.332255	1.597482	0.446909	0.046811
cell_003874	donor_096	1.1451857559199832	0.8803954750033607	1.005676635230454	-0.158921	F	0.533789	0.058876	-0.013728	-0.004237	0.033134	-0.026136	0.000304	0.436278	0.584685	-0.564358	0.394209	0.966599
cell_003875	donor_096	0.1570659759117121	-0.36917738680312784	-1.6808465587856036	-0.158921	F	0.083261	0.021929	-0.013728	-0.004237	0.033134	-0.026136	0.000304	0.335827	0.907498	-0.579712	1.267242	-1.69193
cell_003876	donor_096	-1.023877808732358	0.5131740251709931	0.08521641445663075	-0.158921	F	-0.586622	0.008029	-0.013728	-0.004237	0.033134	-0.026136	0.000304	-0.459092	1.505417	0.265797	-1.07955	0.982217
cell_003877	donor_096	0.6384897741749188	1.0677215534203828	-0.669048888062855	-0.158921	F	-0.497997	0.006107	-0.013728	-0.004237	0.033134	-0.026136	0.000304	0.832054	-0.433888	0.118071	-0.059618	-1.082496
cell_003878	donor_096	-0.9987344283802714	-0.32722488843572844	1.0007298170968413	-0.158921	F	-0.803371	0.039778	-0.013728	-0.004237	0.033134	-0.026136	0.000304	-0.745778	-0.620888	1.254136	-1.293666	0.210927
cell_003879	donor_096	-0.0381142833915397	0.883832154768013	1.3939896604724786	-0.158921	F	0.570554	0.007996	-0.013728	-0.004237	0.033134	-0.026136	0.000304	-0.176571	-0.463814	0.944316	0.042655	1.099577
cell_003880	donor_096	1.13006957835394	0.47828770369898466	0.09396888098498458	-0.158921	F	0.563548	0.008385	-0.013728	-0.004237	0.033134	-0.026136	0.000304	1.88017	0.815146	1.341113	0.340396	-1.523872
cell_003881	donor_096	1.1554443700884962	0.23314216576519375	1.3010986389190227	-0.158921	F	-0.268946	0.049163	-0.013728	-0.004237	0.033134	-0.026136	0.000304	0.463413	-0.297793	-0.984441	-0.335938	-0.350911
cell_003882	donor_096	1.5477852336924414	-0.20656541741583168	-0.19723114939028427	-0.158921	F	-2.406094	0.011214	-0.013728	-0.004237	0.033134	-0.026136	0.000304	-0.391952	0.878068	0.93162	-1.529426	-0.356929
cell_003883	donor_096	0.43005413310979107	-0.8943795442904917	0.31399371234884343	-0.158921	F	-0.220111	0.004661	-0.013728	-0.004237	0.033134	-0.026136	0.000304	-0.757767	-0.54232	-0.283054	-1.078691	-1.351584
cell_003884	donor_096	2.0134904669159366	-1.345134329943255	1.312284384867659	-0.158921	F	-1.68461	0.047956	-0.013728	-0.004237	0.033134	-0.026136	0.000304	-0.920486	-0.282383	-1.766325	1.234975	-2.066286
cell_003885	donor_096	0.24255140446723908	-1.2712091939266605	0.6600379138266429	-0.158921	F	1.473117	0.030585	-0.013728	-0.004237	0.033134	-0.026136	0.000304	0.280898	0.471252	0.624028	0.102234	0.233643
cell_003886	donor_096	-0.1902075154466984	0.6812671518087393	-0.2596182303944142	-0.158921	F	-0.188259	0.02037	-0.013728	-0.004237	0.033134	-0.026136	0.000304	-1.228912	0.444104	-1.704358	0.791117	-1.145533
cell_003887	donor_096	0.8673028141754633	0.03768135384590066	1.0887235883425932	-0.158921	F	-0.016805	0.060934	-0.013728	-0.004237	0.033134	-0.026136	0.000304	0.368916	1.083016	0.885817	-1.236385	1.687056
cell_003888	donor_096	1.7795989715890275	-0.36554975963752084	0.4303824377500023	-0.158921	F	0.082942	0.042256	-0.013728	-0.004237	0.033134	-0.026136	0.000304	0.385662	-1.931394	-0.131251	0.493914	-0.623872
cell_003889	donor_096	0.7353743810051578	2.0064951073588118	-0.6808931403717987	-0.158921	F	-1.320754	0.092011	-0.013728	-0.004237	0.033134	-0.026136	0.000304	0.183122	1.057196	0.21662	-1.155498	0.598839
cell_003890	donor_096	-0.6327041414050549	1.2101266995673299	-0.007982501584281782	-0.158921	F	-0.112044	0.016735	-0.013728	-0.004237	0.033134	-0.026136	0.000304	0.839402	-0.338712	1.176802	-2.219971	-1.179083
cell_003891	donor_097	1.9616112352240807	0.3717609963765623	0.20294892770011044	-1.006502	F	0.775775	0.011223	-0.019446	0.023462	-0.034757	-0.006455	0.005121	1.309667	-0.480764	1.130768	-1.20252	-1.051504
cell_003892	donor_097	0.49274291109878154	-1.7548026557774892	-0.6654513574401528	-1.006502	F	0.195313	0.016756	-0.019446	0.023462	-0.034757	-0.006455	0.005121	-0.793259	-0.846475	0.384441	-2.384345	-1.258142
cell_003893	donor_097	-2.198551928582598	3.192630724959873	0.07175198186165234	-1.006502	F	-2.009857	0.016788	-0.019446	0.023462	-0.034757	-0.006455	0.005121	-0.65727	-0.278839	-0.897507	0.044671	-1.009163
cell_003894	donor_097	-0.47328205165350123	-0.024853085271154193	-0.5152995712240928	-1.006502	F	-0.987058	0.031381	-0.019446	0.023462	-0.034757	-0.006455	0.005121	0.470642	0.065477	-0.083821	-0.139357	-0.337225
cell_003895	donor_097	-1.3735577821615492	-0.06738941446635294	-0.9145416395972353	-1.006502	F	-0.749193	0.020021	-0.019446	0.023462	-0.034757	-0.006455	0.005121	-0.24405	-2.238656	1.419951	-0.305256	-0.433768
cell_003896	donor_097	0.5237286434623237	1.4238735949116204	-0.8148684526774055	-1.006502	F	-1.252491	0.034543	-0.019446	0.023462	-0.034757	-0.006455	0.005121	0.544587	1.812126	-0.120177	1.046372	0.932619
cell_003897	donor_097	0.1296682727540451	-1.1853836596249225	0.5597563396905089	-1.006502	F	0.598181	0.038522	-0.019446	0.023462	-0.034757	-0.006455	0.005121	-0.270128	-0.663298	0.795177	1.010581	1.344721
cell_003898	donor_097	0.6287635590926673	-1.173696243017871	0.10934097832158438	-1.006502	F	-0.242546	0.027918	-0.019446	0.023462	-0.034757	-0.006455	0.005121	0.202177	-1.326971	-0.919039	1.045538	-0.934637
cell_003899	donor_097	0.7348035209516046	0.8400562685286462	-0.12911680404934683	-1.006502	F	-0.400846	0.007675	-0.019446	0.023462	-0.034757	-0.006455	0.005121	-1.134311	0.336928	0.33198	1.414362	-0.158168
cell_003900	donor_097	0.2497142260639097	-1.6883726653531732	-0.09558930320914863	-1.006502	F	-0.528847	0.02413	-0.019446	0.023462	-0.034757	-0.006455	0.005121	-0.299881	-0.912518	0.403217	-1.309625	0.497003
cell_003901	donor_097	1.3149715110102582	0.08671130411830624	-1.351089735161688	-1.006502	F	1.34809	0.010541	-0.019446	0.023462	-0.034757	-0.006455	0.005121	0.060725	-1.063887	0.00966	-0.153177	0.314568
cell_003902	donor_097	0.7839781888272339	0.5698009486184822	-0.6113693743389569	-1.006502	F	-1.318024	0.004352	-0.019446	0.023462	-0.034757	-0.006455	0.005121	-1.284321	-1.487607	0.369199	-0.56425	0.12326
cell_003903	donor_097	0.7661939329441338	0.36468071059680374	-1.0063923333171274	-1.006502	F	-0.996225	0.00428	-0.019446	0.023462	-0.034757	-0.006455	0.005121	0.630917	0.356934	-2.620581	1.546133	0.641089
cell_003904	donor_097	-0.24248665181044357	-0.6145145667125266	0.9063673188727304	-1.006502	F	-2.21613	0.035563	-0.019446	0.023462	-0.034757	-0.006455	0.005121	0.075938	-1.84422	1.158227	0.191483	0.829144
cell_003905	donor_097	1.0351230607106068	0.5491653828058325	1.1739166541331223	-1.006502	F	1.491396	0.008161	-0.019446	0.023462	-0.034757	-0.006455	0.005121	0.579845	2.439284	0.022795	0.581582	0.491667
cell_003906	donor_097	-0.7528479389491622	-1.60238896413427	1.4077743215257172	-1.006502	F	1.102156	0.001772	-0.019446	0.023462	-0.034757	-0.006455	0.005121	-0.13118	-1.803824	0.583177	-1.251968	-0.437751
cell_003907	donor_097	0.6828183585687531	-1.4109448535528903	-0.657707856830222	-1.006502	F	-1.082389	0.059991	-0.019446	0.023462	-0.034757	-0.006455	0.005121	0.732465	-0.988183	-1.340537	0.896182	-0.535872
cell_003908	donor_097	-1.1364452278238752	-1.386084031454308	0.35405113323471465	-1.006502	F	-0.043744	0.017713	-0.019446	0.023462	-0.034757	-0.006455	0.005121	0.701432	-1.337118	0.043691	0.448242	1.013323
cell_003909	donor_097	-0.5844968776851045	0.21902686053276035	-0.24131324749442198	-1.006502	F	-0.610452	0.070862	-0.019446	0.023462	-0.034757	-0.006455	0.005121	1.442765	-0.777912	-2.589854	2.471988	-0.974714
cell_003910	donor_097	0.22327326367299555	-0.45582177755743053	0.2532525108529921	-1.006502	F	-0.345441	0.054769	-0.019446	0.023462	-0.034757	-0.006455	0.005121	1.560471	2.002059	-2.6564	1.189714	-1.561165
cell_003911	donor_097	1.0896220385802258	0.19886743520276812	-0.0482514695668827	-1.006502	F	-2.619723	0.020169	-0.019446	0.023462	-0.034757	-0.006455	0.005121	0.276123	0.021032	0.050597	1.831265	-0.605124
cell_003912	donor_097	1.046644849206403	0.6313471088959182	0.1108290486797907	-1.006502	F	0.199135	0.017387	-0.019446	0.023462	-0.034757	-0.006455	0.005121	-1.679994	-0.50597	-0.961699	-0.738092	-0.809765
cell_003913	donor_097	0.1818711702097375	0.5261379441661633	-0.40552304075230416	-1.006502	F	-2.428175	0.030853	-0.019446	0.023462	-0.034757	-0.006455	0.005121	0.716118	0.211463	1.030152	0.184509	-0.306035
cell_003914	donor_097	0.40421283055656815	0.2274299661646669	0.788298573956337	-1.006502	F	-2.218212	0.037351	-0.019446	0.023462	-0.034757	-0.006455	0.005121	1.078048	1.872176	-1.287432	-0.828958	1.80148
cell_003915	donor_097	0.47094825578677896	0.6038944958483186	0.8012865733640533	-1.006502	F	-0.997615	0.045476	-0.019446	0.023462	-0.034757	-0.006455	0.005121	1.716523	-0.44035	0.537486	-2.752111	0.850236
cell_003916	donor_097	2.2924800302934907	-0.223573505116636	1.1469171801938483	-1.006502	F	-2.1835	0.049316	-0.019446	0.023462	-0.034757	-0.006455	0.005121	0.389432	0.771621	0.248688	-1.124859	1.468134
cell_003917	donor_097	-1.4209909278246133	0.8883731561449222	0.3916047171044044	-1.006502	F	1.154962	0.036702	-0.019446	0.023462	-0.034757	-0.006455	0.005121	0.385481	-0.729352	0.008649	-0.203429	0.389556
cell_003918	donor_097	-0.04804476376282934	0.040822323118692716	0.9747157690511228	-1.006502	F	-0.178157	0.000263	-0.019446	0.023462	-0.034757	-0.006455	0.005121	-0.755276	-0.489471	-0.788088	-0.442738	-0.809341
cell_003919	donor_097	-0.3529882450576274	-0.056867476254856685	1.1064362984110205	-1.006502	F	0.038617	0.035592	-0.019446	0.023462	-0.034757	-0.006455	0.005121	-1.142527	-0.3624	0.805632	0.829584	0.235415
cell_003920	donor_097	0.22830183017578057	0.9366841374076047	0.27775333955859133	-1.006502	F	-0.012561	0.024865	-0.019446	0.023462	-0.034757	-0.006455	0.005121	0.737446	0.712633	1.152948	0.801547	0.453453
cell_003921	donor_097	-0.20761984460061012	0.07305507686813192	-1.5957888855708433	-1.006502	F	-0.112266	0.059984	-0.019446	0.023462	-0.034757	-0.006455	0.005121	-1.295816	0.941695	0.077714	-1.149384	-1.612923
cell_003922	donor_097	-1.0320976366506012	1.008485428318857	0.6138542275599201	-1.006502	F	-0.313798	0.039475	-0.019446	0.023462	-0.034757	-0.006455	0.005121	1.643061	2.65285	0.519905	-0.646579	-0.664513
cell_003923	donor_097	-0.33379692289995944	0.4158462560475993	0.9021066768484853	-1.006502	F	0.074721	0.056605	-0.019446	0.023462	-0.034757	-0.006455	0.005121	-0.964616	0.749417	0.583058	0.8535	-0.13794
cell_003924	donor_097	0.561077510663567	-0.3276923648367421	-0.47026789025321764	-1.006502	F	-1.413025	0.040703	-0.019446	0.023462	-0.034757	-0.006455	0.005121	-0.428113	0.925351	-0.967009	1.352616	-0.284786
cell_003925	donor_097	-0.27035335798018234	0.6387973548334259	0.7237995918693648	-1.006502	F	-0.441001	0.056722	-0.019446	0.023462	-0.034757	-0.006455	0.005121	1.348794	-0.491956	1.208722	-1.368105	0.342534
cell_003926	donor_097	0.2696703490222104	-0.4235198738209941	-1.0186043997907734	-1.006502	F	1.538482	0.035908	-0.019446	0.023462	-0.034757	-0.006455	0.005121	0.386769	-0.125796	-1.410688	0.795259	-1.380748
cell_003927	donor_097	-0.6406858647251374	0.9198885598744423	-0.43509465182955975	-1.006502	F	-0.605315	0.043343	-0.019446	0.023462	-0.034757	-0.006455	0.005121	0.965233	2.476054	0.110563	-1.119125	0.110728
cell_003928	donor_097	-0.6454913093993846	-0.5553610764072865	0.5380469209770403	-1.006502	F	0.763047	0.024697	-0.019446	0.023462	-0.034757	-0.006455	0.005121	-1.059508	-0.894597	-1.159814	-1.077185	0.361807
cell_003929	donor_098	-0.8351004687989767	-0.19472033757305723	0.5685164852906598	0.547396	F	0.631146	0.026999	-0.007177	0.015706	-0.011902	-0.012951	-0.016869	-1.409033	0.094194	0.231321	0.438701	0.814555
cell_003930	donor_098	0.4442826466786581	0.8046474954727127	-1.089642751488151	0.547396	F	0.35417	0.023998	-0.007177	0.015706	-0.011902	-0.012951	-0.016869	-0.476481	0.223008	0.111409	0.190903	0.30215
cell_003931	donor_098	0.3926819064897753	1.1563816816435117	-0.5232376183242309	0.547396	F	0.789818	0.018938	-0.007177	0.015706	-0.011902	-0.012951	-0.016869	0.867721	0.07297	-1.216598	-1.180945	0.750467
cell_003932	donor_098	0.21431402948741127	0.2593411353906574	0.011383056341390911	0.547396	F	-0.108468	0.040168	-0.007177	0.015706	-0.011902	-0.012951	-0.016869	-0.241014	-0.276118	0.384635	-2.598269	-1.386909
cell_003933	donor_098	0.2553487722619728	-0.7126444787711074	-0.6952709720357493	0.547396	F	0.720804	0.014661	-0.007177	0.015706	-0.011902	-0.012951	-0.016869	3.477237	-0.947024	-0.242669	0.690929	0.478396
cell_003934	donor_098	-0.2704952470942526	0.1714374631543493	0.7538749100628241	0.547396	F	0.736923	0.004099	-0.007177	0.015706	-0.011902	-0.012951	-0.016869	-0.637114	-0.494855	1.030997	0.315487	0.474018
cell_003935	donor_098	0.2636756954938514	0.34347503438419424	-1.7676302155324513	0.547396	F	-0.128473	0.024908	-0.007177	0.015706	-0.011902	-0.012951	-0.016869	0.211225	-0.187453	-2.097153	1.232189	-0.933176
cell_003936	donor_098	-1.3666414668165938	-2.1198439827060755	0.3941820817550962	0.547396	F	0.031177	0.059658	-0.007177	0.015706	-0.011902	-0.012951	-0.016869	0.67419	0.646377	0.682036	-0.35601	-0.228715
cell_003937	donor_098	0.7835009214295745	-0.0610276255187832	-0.11602765681781017	0.547396	F	-0.695163	0.006138	-0.007177	0.015706	-0.011902	-0.012951	-0.016869	0.92134	-0.716643	-0.771635	1.195445	1.067746
cell_003938	donor_098	-1.7593965974034955	0.35134132264688656	-0.5086888137236261	0.547396	F	-0.553813	0.034415	-0.007177	0.015706	-0.011902	-0.012951	-0.016869	1.135994	-0.651941	-0.89521	1.401441	-0.198093
cell_003939	donor_098	0.7124264451226487	-2.0561721745911967	-0.04006107372531618	0.547396	F	-0.15584	0.064672	-0.007177	0.015706	-0.011902	-0.012951	-0.016869	0.271542	-0.491426	-0.929895	-1.576546	-0.050204
cell_003940	donor_098	-0.45456751831899556	-0.4124076445385763	-0.7343092307008341	0.547396	F	-0.785223	0.05046	-0.007177	0.015706	-0.011902	-0.012951	-0.016869	1.547486	-2.432347	-0.615004	-0.573343	-0.165422
cell_003941	donor_098	1.2887271595279175	-0.7223333286065913	-0.7379770967651127	0.547396	F	-1.644862	0.028149	-0.007177	0.015706	-0.011902	-0.012951	-0.016869	1.107116	-2.224616	-0.200609	0.492474	0.422852
cell_003942	donor_098	0.04169562687189414	-1.0628139389260416	-0.4055919871657188	0.547396	F	0.184428	0.036759	-0.007177	0.015706	-0.011902	-0.012951	-0.016869	0.62477	-1.556637	1.6388	0.242418	0.179998
cell_003943	donor_098	0.8990975299948624	1.3054012751703552	-1.6650280361036387	0.547396	F	-1.641564	0.022909	-0.007177	0.015706	-0.011902	-0.012951	-0.016869	-0.797462	0.839317	0.454934	-0.254158	-0.35395
cell_003944	donor_098	1.7285522474745625	0.0474343177350097	1.0947841168278567	0.547396	F	0.528276	0.007264	-0.007177	0.015706	-0.011902	-0.012951	-0.016869	-1.188601	-1.269483	-1.523067	2.038501	0.585326
cell_003945	donor_098	0.02206339312427862	-0.687896682274133	-0.9880172391662777	0.547396	F	-2.156306	0.011261	-0.007177	0.015706	-0.011902	-0.012951	-0.016869	0.37483	0.020538	0.309351	-1.39561	0.997296
cell_003946	donor_098	0.2778868905806827	0.11000741517717402	-0.4735634795548678	0.547396	F	-0.628416	0.042474	-0.007177	0.015706	-0.011902	-0.012951	-0.016869	-0.569865	-0.889037	0.941965	-0.553034	0.094941
cell_003947	donor_098	1.330004900718366	-0.29263849379828816	1.4151617082783676	0.547396	F	-1.012215	0.059473	-0.007177	0.015706	-0.011902	-0.012951	-0.016869	-0.816536	1.002967	0.25289	1.799273	0.621676
cell_003948	donor_098	-0.2898958255370997	-0.5350869622152405	0.8795619160539909	0.547396	F	-0.577662	0.05289	-0.007177	0.015706	-0.011902	-0.012951	-0.016869	-0.934579	-2.250412	0.631222	-0.264169	0.434812
cell_003949	donor_098	-0.023470810363489397	1.8570928100567103	-1.1127373924743134	0.547396	F	-1.524235	0.033887	-0.007177	0.015706	-0.011902	-0.012951	-0.016869	0.300562	-0.608472	-0.832255	-0.312191	0.383388
cell_003950	donor_098	0.8348882739488316	-0.47415519621867525	0.0351648016337041	0.547396	F	-1.551756	0.016617	-0.007177	0.015706	-0.011902	-0.012951	-0.016869	0.401893	-0.533622	0.194952	-0.563174	1.094952
cell_003951	donor_098	0.141618476811845	-1.5926501301111335	0.41783165700315184	0.547396	F	-0.880902	0.03377	-0.007177	0.015706	-0.011902	-0.012951	-0.016869	2.009657	-0.07518	0.095274	2.480214	0.878693
cell_003952	donor_098	-0.9922532015997331	-0.008762472640496075	-0.6642742280667856	0.547396	F	1.229984	0.034877	-0.007177	0.015706	-0.011902	-0.012951	-0.016869	-0.429447	1.252682	0.002674	1.427001	-0.189775
cell_003953	donor_098	-3.342167934434618	-1.3175321722461655	-0.5677476886486938	0.547396	F	0.550421	0.000606	-0.007177	0.015706	-0.011902	-0.012951	-0.016869	0.027047	-2.934486	0.329731	0.231212	0.226612
cell_003954	donor_098	0.1818137939444985	0.4421404891457857	0.07479684479761659	0.547396	F	-0.307837	0.021965	-0.007177	0.015706	-0.011902	-0.012951	-0.016869	1.868943	0.443136	2.715504	0.687604	0.311674
cell_003955	donor_098	1.5725963571699153	-1.6299491045718493	-0.43689901254520647	0.547396	F	0.965522	0.001857	-0.007177	0.015706	-0.011902	-0.012951	-0.016869	1.623366	1.272742	1.029729	0.14217	-1.224041
cell_003956	donor_098	1.200570318484272	2.191914335601118	-0.08131080491396747	0.547396	F	-1.13527	0.049541	-0.007177	0.015706	-0.011902	-0.012951	-0.016869	-1.715505	-1.07767	1.453004	0.200251	0.431876
cell_003957	donor_098	1.4373524218027969	-0.8589092391892648	-0.8030981214534599	0.547396	F	-1.577578	0.058073	-0.007177	0.015706	-0.011902	-0.012951	-0.016869	1.457422	-0.435457	0.826571	0.394249	0.023157
cell_003958	donor_098	-0.417088584251631	1.2228026664370188	0.5561391613538792	0.547396	F	0.434321	0.015103	-0.007177	0.015706	-0.011902	-0.012951	-0.016869	2.050097	-1.407068	-0.851809	-1.028094	-1.1978
cell_003959	donor_098	-2.156746598283181	0.4278032672824396	0.9816792075445813	0.547396	F	0.215309	0.0422	-0.007177	0.015706	-0.011902	-0.012951	-0.016869	-0.348246	-0.830338	0.307435	2.395695	-0.552631
cell_003960	donor_098	0.9743700923636199	0.4349515196576043	-0.4964356194987353	0.547396	F	-0.771211	0.03235	-0.007177	0.015706	-0.011902	-0.012951	-0.016869	-0.299845	0.884139	1.414671	1.299307	-0.245037
cell_003961	donor_098	0.16873534474015522	-1.3724889026563967	0.049804326626733675	0.547396	F	0.489449	0.008956	-0.007177	0.015706	-0.011902	-0.012951	-0.016869	1.280584	1.829706	-1.210155	0.175353	0.446791
cell_003962	donor_098	0.39610848676672183	-1.1494193395778816	-0.27916246988812626	0.547396	F	-1.605476	0.034686	-0.007177	0.015706	-0.011902	-0.012951	-0.016869	-0.31412	-0.297469	-0.829023	0.989389	1.33402
cell_003963	donor_098	-0.5202671610341855	-0.06807915004531088	2.5704318228294345	0.547396	F	-1.482621	0.023181	-0.007177	0.015706	-0.011902	-0.012951	-0.016869	-0.761246	0.244793	-0.18863	-2.208068	0.312747
cell_003964	donor_098	0.5979959344258322	0.31550758535904033	-0.14948539290818452	0.547396	F	0.017841	0.0084	-0.007177	0.015706	-0.011902	-0.012951	-0.016869	0.096279	0.421585	0.165231	-0.552219	1.006028
cell_003965	donor_098	-1.3789138993536902	0.41974068977389745	0.5873531503677145	0.547396	F	-0.772102	0.052467	-0.007177	0.015706	-0.011902	-0.012951	-0.016869	1.408999	-0.623827	0.637072	0.976826	0.974882
cell_003966	donor_099	-1.8527424530347456	-0.6034170162313662	2.717754252360151	0.194237	F	1.262285	0.006026	-0.013942	0.033951	0.010225	-0.002081	-0.030289	-0.46595	-0.630053	-0.319402	-0.406343	0.513046
cell_003967	donor_099	0.8167953145986744	-1.4839792516002666	-0.2444053005924028	0.194237	F	-0.840705	0.007355	-0.013942	0.033951	0.010225	-0.002081	-0.030289	0.435441	1.361186	-0.084232	0.281183	1.982289
cell_003968	donor_099	0.009118779925270494	0.4917311443632198	-0.6981975041087207	0.194237	F	-1.050433	0.050029	-0.013942	0.033951	0.010225	-0.002081	-0.030289	-0.320876	-0.077938	-0.6448	0.06192	1.301671
cell_003969	donor_099	2.071104734086409	-0.3691963379408287	-0.6029003729738506	0.194237	F	1.114669	0.059317	-0.013942	0.033951	0.010225	-0.002081	-0.030289	0.323511	0.749834	1.129786	0.076248	-0.865318
cell_003970	donor_099	0.22853404550317336	1.1679052856443446	2.4490665583881945	0.194237	F	1.211651	0.045271	-0.013942	0.033951	0.010225	-0.002081	-0.030289	1.54959	1.467245	0.181995	1.000841	-0.33809
cell_003971	donor_099	-1.198318217093056	0.7112614748479184	-0.1503454662091846	0.194237	F	0.001074	0.006465	-0.013942	0.033951	0.010225	-0.002081	-0.030289	-0.472578	-0.539099	-0.597897	0.915537	0.569407
cell_003972	donor_099	0.04031849305332782	1.1505487979470839	-0.43625346234150253	0.194237	F	0.376099	0.016836	-0.013942	0.033951	0.010225	-0.002081	-0.030289	1.918519	-0.310704	1.028207	1.395774	-0.527649
cell_003973	donor_099	0.10695338058746517	0.42469866336325135	1.2466270178932306	0.194237	F	-0.959819	0.022282	-0.013942	0.033951	0.010225	-0.002081	-0.030289	0.902932	-2.819725	-0.148342	1.401797	0.459987
cell_003974	donor_099	0.16564871804242925	2.0368953507129928	-0.1876318022180937	0.194237	F	1.74985	0.007085	-0.013942	0.033951	0.010225	-0.002081	-0.030289	-1.47608	0.332048	0.360999	-0.394352	-0.862742
cell_003975	donor_099	-0.6734935031471319	-1.527069602915249	-0.1256374948645791	0.194237	F	0.274436	0.013519	-0.013942	0.033951	0.010225	-0.002081	-0.030289	0.469453	-1.729963	1.323772	0.68802	-0.691694
cell_003976	donor_099	0.16057983586670543	0.7140240159213417	2.506356466609721	0.194237	F	-0.385934	0.035145	-0.013942	0.033951	0.010225	-0.002081	-0.030289	-3.040474	-0.876799	0.268993	0.855386	-0.492944
cell_003977	donor_099	0.6895476467202134	0.6428134182511871	-1.1186729774234465	0.194237	F	1.591745	0.048506	-0.013942	0.033951	0.010225	-0.002081	-0.030289	-1.637404	0.781646	0.582933	0.797574	-1.703949
cell_003978	donor_099	0.744154922315138	0.7190122383111444	-1.130802792066828	0.194237	F	-1.627855	0.042525	-0.013942	0.033951	0.010225	-0.002081	-0.030289	-1.422496	0.783184	1.157827	-0.389982	-0.414017
cell_003979	donor_099	-0.902387680653751	-0.5158825087132114	-0.08412443925865816	0.194237	F	-0.318481	0.048401	-0.013942	0.033951	0.010225	-0.002081	-0.030289	1.056829	0.275176	-0.344833	-0.217065	-2.328699
cell_003980	donor_099	-0.8533553368646627	0.8660161374883681	-0.14043703442397806	0.194237	F	-1.63863	0.023046	-0.013942	0.033951	0.010225	-0.002081	-0.030289	0.370473	0.970315	-0.953314	0.379321	-0.877797
cell_003981	donor_099	0.634275586233629	1.148497401887376	0.3554000433111439	0.194237	F	-0.061867	0.049252	-0.013942	0.033951	0.010225	-0.002081	-0.030289	0.619662	-0.68269	-0.597418	0.660742	0.55249
cell_003982	donor_099	0.629683876966861	0.00015010575830668932	-0.612091180008541	0.194237	F	0.814378	0.019925	-0.013942	0.033951	0.010225	-0.002081	-0.030289	1.270965	1.482368	-0.765199	1.47647	-0.259717
cell_003983	donor_099	0.28437315293349497	-0.957646179006213	0.09311952753328996	0.194237	F	-0.258945	0.023813	-0.013942	0.033951	0.010225	-0.002081	-0.030289	-0.168169	-1.118316	-0.301555	1.498092	-0.968406
cell_003984	donor_099	0.4514685812949713	-0.8334958306016623	-0.7144738381306951	0.194237	F	-0.232974	0.007838	-0.013942	0.033951	0.010225	-0.002081	-0.030289	-0.596007	-0.231144	-0.598881	-0.761029	0.245353
cell_003985	donor_099	-0.4880428467560721	-0.8551002260952647	0.539109168840386	0.194237	F	-0.969701	0.031877	-0.013942	0.033951	0.010225	-0.002081	-0.030289	-0.561035	0.755102	-0.497432	-0.186105	0.671725
cell_003986	donor_099	-1.0590191606836723	0.2271714418284593	0.0447320791097086	0.194237	F	1.371213	0.050007	-0.013942	0.033951	0.010225	-0.002081	-0.030289	0.448269	0.045443	0.114519	1.351533	-0.716391
cell_003987	donor_099	1.6498897976041549	-0.0062406065538245506	-0.03174972859097737	0.194237	F	-0.573665	0.013082	-0.013942	0.033951	0.010225	-0.002081	-0.030289	0.13491	0.359795	2.572043	1.490431	-0.173071
cell_003988	donor_099	0.7297352342887425	-0.2422088602923189	-0.35115074687267556	0.194237	F	1.038049	0.017367	-0.013942	0.033951	0.010225	-0.002081	-0.030289	-1.245013	1.184143	-0.120272	0.534001	-0.989009
cell_003989	donor_099	-0.8867761099716553	0.3283597654549098	1.0591068501369814	0.194237	F	-0.0217	0.014533	-0.013942	0.033951	0.010225	-0.002081	-0.030289	-0.070651	0.714903	1.215699	-0.142744	-0.030923
cell_003990	donor_099	-0.13489037354204425	-0.10574584687992994	-0.7179641560148401	0.194237	F	2.153495	0.034959	-0.013942	0.033951	0.010225	-0.002081	-0.030289	-0.704599	-1.090611	0.472395	-2.167798	-0.829984
cell_003991	donor_099	-0.5652152300241691	-1.054194483775286	0.2946042474766473	0.194237	F	-0.461733	0.035136	-0.013942	0.033951	0.010225	-0.002081	-0.030289	-2.19765	-0.969816	-0.104456	0.312973	-0.86795
cell_003992	donor_099	-0.21879525697561483	-0.48047058375981144	0.30697227733954363	0.194237	F	-0.441081	0.063842	-0.013942	0.033951	0.010225	-0.002081	-0.030289	0.055558	-1.724318	-0.453653	1.620423	-0.534972
cell_003993	donor_099	0.46260579373538246	0.35071382973102383	0.01674126271369592	0.194237	F	0.266204	0.02237	-0.013942	0.033951	0.010225	-0.002081	-0.030289	0.285339	0.812572	1.005491	1.081962	1.404738
cell_003994	donor_099	-0.5550385975069042	0.2468204909383512	-2.309687931381975	0.194237	F	1.649486	0.053328	-0.013942	0.033951	0.010225	-0.002081	-0.030289	-0.543739	0.934854	-3.046768	1.790747	-1.187032
cell_003995	donor_099	0.42989536845416737	-2.695124931079416	-0.4287167588052086	0.194237	F	-0.306281	0.049585	-0.013942	0.033951	0.010225	-0.002081	-0.030289	0.182076	0.012009	-0.562257	0.464602	-1.03884
cell_003996	donor_099	-0.07509172977108727	1.1573546656297438	0.743805870107901	0.194237	F	-0.555314	0.021419	-0.013942	0.033951	0.010225	-0.002081	-0.030289	0.742822	-0.718466	0.66522	1.461832	-0.228331
cell_003997	donor_099	0.8230170860315229	-0.5018427615141048	-0.6966363876140861	0.194237	F	-1.017587	0.038492	-0.013942	0.033951	0.010225	-0.002081	-0.030289	0.26278	0.417677	0.279174	-1.742781	-1.909698
cell_003998	donor_099	-0.08340531961017006	0.0359872570590558	0.8115378020885607	0.194237	F	0.234423	0.007717	-0.013942	0.033951	0.010225	-0.002081	-0.030289	-1.403011	0.459731	-0.229471	-0.06505	-1.827218
cell_003999	donor_099	1.2016550997134987	0.993647122041781	-0.3108468066138618	0.194237	F	-0.942716	0.009171	-0.013942	0.033951	0.010225	-0.002081	-0.030289	0.121571	-0.171445	-1.869824	-0.475967	-1.093961
cell_004000	donor_099	0.03386810051453713	1.4856130840269848	1.235956814620924	0.194237	F	0.913643	0.02103	-0.013942	0.033951	0.010225	-0.002081	-0.030289	-1.626635	-2.391414	1.647008	-1.158046	0.057787
cell_004001	donor_099	1.0350498055417576	0.4497805172820616	-0.3994632882515118	0.194237	F	1.253606	0.051669	-0.013942	0.033951	0.010225	-0.002081	-0.030289	0.290537	-0.528016	-0.279413	0.287318	-0.661587
cell_004002	donor_099	-1.3422327396990972	0.5135269772625952	2.2383232674265154	0.194237	F	-1.12913	0.040626	-0.013942	0.033951	0.010225	-0.002081	-0.030289	1.012932	2.889866	-1.991145	0.131051	1.732123
cell_004003	donor_099	0.24582821027309615	-0.18440865412946708	0.5494627266489284	0.194237	F	-1.488276	0.010329	-0.013942	0.033951	0.010225	-0.002081	-0.030289	-1.225109	1.300902	-1.044713	-2.055682	-1.834038
cell_004004	donor_099	0.2728554904271458	0.916593862600315	-0.7730994767605359	0.194237	F	-0.454501	0.047805	-0.013942	0.033951	0.010225	-0.002081	-0.030289	-0.064549	-1.795199	0.395949	-2.050086	-0.512357
cell_004005	donor_099	1.687072799863481	-0.7463235609709635	-0.18028123213225009	0.194237	F	-1.484485	0.046872	-0.013942	0.033951	0.010225	-0.002081	-0.030289	-2.358533	1.012547	0.196372	0.566781	0.237515
cell_004006	donor_099	-0.5589678775944714	0.780210453684344	1.8613963505723325	0.194237	F	-1.459442	0.039601	-0.013942	0.033951	0.010225	-0.002081	-0.030289	-0.702213	-0.044818	-0.770629	-0.330044	0.387214
cell_004007	donor_099	0.23532832663186132	-1.2195340567942985	0.31661516355489217	0.194237	F	-1.573853	0.073153	-0.013942	0.033951	0.010225	-0.002081	-0.030289	0.191237	-0.570768	-0.967174	0.137703	-1.448675
cell_004008	donor_099	1.7142235780425013	-1.1423682515403937	0.8810973407543427	0.194237	F	-0.278299	0.021968	-0.013942	0.033951	0.010225	-0.002081	-0.030289	1.563204	-0.397806	1.494187	0.006302	0.531811
cell_004009	donor_099	-0.15695099430606899	-0.6078004108246491	-0.06758591610906937	0.194237	F	0.966133	0.02886	-0.013942	0.033951	0.010225	-0.002081	-0.030289	1.492812	1.205449	-1.117913	0.490909	-0.750769
cell_004010	donor_100	-0.39384648759858976	-0.429818105750358	-0.28265874128052565	-1.500924	M	0.198298	0.040575	0.015385	0.017565	-0.049519	-0.007779	0.000498	-1.030909	-1.088727	-0.329576	0.871684	-0.214528
cell_004011	donor_100	-1.8641414806448013	-0.018618958534536056	-1.5478725302949254	-1.500924	M	0.306509	0.056572	0.015385	0.017565	-0.049519	-0.007779	0.000498	-0.927181	-1.143016	0.651588	-0.067478	0.855908
cell_004012	donor_100	0.4722008640996663	-0.24354429608161235	-0.5895505870649468	-1.500924	M	1.841137	0.038401	0.015385	0.017565	-0.049519	-0.007779	0.000498	1.520558	-0.195224	-0.152629	0.02723	-0.040104
cell_004013	donor_100	-1.07238926710445	0.20008254713529083	0.38683826285491285	-1.500924	M	-1.610159	0.014349	0.015385	0.017565	-0.049519	-0.007779	0.000498	1.068864	-0.6624	0.641075	0.657432	0.825877
cell_004014	donor_100	0.6665631276161232	-1.1644747133501165	-0.0839931295546181	-1.500924	M	-0.012142	0.013643	0.015385	0.017565	-0.049519	-0.007779	0.000498	0.504843	0.014348	-1.822767	-0.881515	0.067946
cell_004015	donor_100	0.617071142153659	-0.5937221132963061	-0.2864718654670492	-1.500924	M	-0.570206	0.009992	0.015385	0.017565	-0.049519	-0.007779	0.000498	0.632644	-0.927205	-1.692111	0.170865	-0.803578
cell_004016	donor_100	-0.9210780151048616	0.5612949074940401	-0.3259166073868655	-1.500924	M	0.680636	0.011427	0.015385	0.017565	-0.049519	-0.007779	0.000498	2.798473	-0.899897	0.356634	0.771399	0.082728
cell_004017	donor_100	-0.7307487076347602	-0.4705856733503413	-0.763637239996574	-1.500924	M	-0.519469	0.036306	0.015385	0.017565	-0.049519	-0.007779	0.000498	-1.460788	2.235502	-0.639247	0.386809	-0.572798
cell_004018	donor_100	0.6140646275260836	0.2668842780700084	-0.5517437349491571	-1.500924	M	1.514824	0.018194	0.015385	0.017565	-0.049519	-0.007779	0.000498	0.464424	0.726313	-0.504652	0.109037	0.449933
cell_004019	donor_100	1.4579395254851064	0.5695857398771931	-0.20091187392047907	-1.500924	M	0.111717	0.065577	0.015385	0.017565	-0.049519	-0.007779	0.000498	-0.019245	1.282283	0.026375	1.496984	1.220815
cell_004020	donor_100	-1.0168862683280766	-0.8491369637965719	1.076723396964205	-1.500924	M	0.715631	0.077013	0.015385	0.017565	-0.049519	-0.007779	0.000498	-1.736247	-0.061076	-0.427401	-0.412583	0.008776
cell_004021	donor_100	0.8912094854427435	0.2044787181482045	0.21513283619549753	-1.500924	M	-0.278637	0.013677	0.015385	0.017565	-0.049519	-0.007779	0.000498	-0.0954	-0.50677	0.517559	0.7588	0.350541
cell_004022	donor_100	-0.10059764417383488	1.5322906375530336	0.419860872774255	-1.500924	M	-1.275681	0.070679	0.015385	0.017565	-0.049519	-0.007779	0.000498	1.28261	-0.88778	-1.469519	1.877738	0.352897
cell_004023	donor_100	0.3250969806475697	-0.4198105469833288	-1.7711745594936157	-1.500924	M	-2.377255	0.017345	0.015385	0.017565	-0.049519	-0.007779	0.000498	-0.383306	0.696093	0.70747	0.925769	-0.148612
cell_004024	donor_100	-0.2975344653434845	-0.6472139105282049	-0.20355798288851887	-1.500924	M	-0.17064	0.042031	0.015385	0.017565	-0.049519	-0.007779	0.000498	0.182572	-0.867109	0.621804	0.554411	-0.376555
cell_004025	donor_100	-0.4709511309385016	0.09501901183938802	-0.5596686646399305	-1.500924	M	0.113174	0.034802	0.015385	0.017565	-0.049519	-0.007779	0.000498	-1.290501	0.869743	-0.560222	1.320155	0.605784
cell_004026	donor_100	-1.816878172538076	1.128919564135454	-0.8601724126598507	-1.500924	M	2.006575	0.049634	0.015385	0.017565	-0.049519	-0.007779	0.000498	0.030445	0.542275	-0.18913	-1.288698	-1.14852
cell_004027	donor_100	-1.4061229275706553	0.49273812798351996	-0.5060703467391053	-1.500924	M	-0.422341	0.024243	0.015385	0.017565	-0.049519	-0.007779	0.000498	0.71638	-1.110283	-0.197816	-1.409141	0.448029
cell_004028	donor_100	-0.8129671746680951	0.762010452704095	0.509673042122746	-1.500924	M	-0.625648	0.030291	0.015385	0.017565	-0.049519	-0.007779	0.000498	1.273343	1.823599	0.35213	0.07745	1.733115
cell_004029	donor_100	-0.22742240768973257	0.2864132630349599	0.14921740020945282	-1.500924	M	0.288461	0.046412	0.015385	0.017565	-0.049519	-0.007779	0.000498	-0.560875	-0.471527	0.386632	-0.17141	-1.141553
cell_004030	donor_100	-1.0293787269598225	0.6229032669029513	0.38152017415592476	-1.500924	M	0.508574	0.057849	0.015385	0.017565	-0.049519	-0.007779	0.000498	0.887374	-0.722739	0.879358	-0.261653	-0.200966
cell_004031	donor_100	0.09320310760540805	-2.3418925945950626	-0.5466214621563329	-1.500924	M	0.467066	0.016339	0.015385	0.017565	-0.049519	-0.007779	0.000498	0.663149	-0.375857	0.659825	-0.697231	-0.252553
cell_004032	donor_100	0.7239632104918498	-0.6522285109702607	-0.34010948561167903	-1.500924	M	0.466493	0.031622	0.015385	0.017565	-0.049519	-0.007779	0.000498	-0.77071	-1.059529	0.806313	1.081145	-0.503417
cell_004033	donor_100	-0.5604545365119621	1.9466164110762183	0.40609576065173325	-1.500924	M	-0.378046	0.012375	0.015385	0.017565	-0.049519	-0.007779	0.000498	1.273923	0.317766	0.402043	-1.864524	0.206469
cell_004034	donor_100	-1.2632468206005785	-0.30481188747440263	-0.7291123622120003	-1.500924	M	1.438637	0.030175	0.015385	0.017565	-0.049519	-0.007779	0.000498	1.884014	0.611302	-0.700654	1.808877	-0.948582
cell_004035	donor_100	0.22177713040190064	3.098906611581077	0.5018857244465456	-1.500924	M	2.413171	0.00179	0.015385	0.017565	-0.049519	-0.007779	0.000498	-0.481019	-0.994401	-0.643957	-1.360123	-0.292524
cell_004036	donor_100	1.979171874741603	0.44916796889420574	0.44398269733820767	-1.500924	M	-0.325604	0.011966	0.015385	0.017565	-0.049519	-0.007779	0.000498	-1.459502	-0.393201	0.25272	-1.112697	-0.467789
cell_004037	donor_100	-0.2039390415229186	0.4596535078032946	-0.4708929472677677	-1.500924	M	-0.67667	0.030559	0.015385	0.017565	-0.049519	-0.007779	0.000498	-1.758258	-1.391746	-0.771002	-1.5935	-0.034327
cell_004038	donor_100	0.75957499633245	2.0176480166856434	-2.3527590530466695	-1.500924	M	0.221668	0.006362	0.015385	0.017565	-0.049519	-0.007779	0.000498	-0.999414	-0.543427	-0.29867	0.173162	0.322811
cell_004039	donor_100	0.6595313842432828	1.607861568699823	2.51322789308418	-1.500924	M	1.10991	0.046655	0.015385	0.017565	-0.049519	-0.007779	0.000498	-0.288768	-0.572602	0.895032	0.693867	1.99378
cell_004040	donor_100	1.2892053237397785	-0.30075894296347394	0.7635500736696035	-1.500924	M	-1.048564	0.049916	0.015385	0.017565	-0.049519	-0.007779	0.000498	-1.12234	-0.009081	-0.130847	-1.339106	-0.255651
cell_004041	donor_100	0.2050258764237312	-0.9251389509424693	-1.6704535394003022	-1.500924	M	0.34518	0.052445	0.015385	0.017565	-0.049519	-0.007779	0.000498	-2.003341	-1.168547	-0.877934	1.098817	0.590958
cell_004042	donor_100	0.5840513394260297	0.49794607448525846	0.23222934085694605	-1.500924	M	-1.177236	0.008111	0.015385	0.017565	-0.049519	-0.007779	0.000498	-0.080101	0.206709	1.075876	-0.372678	-0.436493
